Time (s),PRESSURE_FORCE_X,PRESSURE_FORCE_Y,PRESSURE_FORCE_Z,TOTAL_FORCE_X,TOTAL_FORCE_Y,TOTAL_FORCE_Z,VISCOUS_FORCE_X,VISCOUS_FORCE_Y,VISCOUS_FORCE_Z
"                   1",-2.186824227382e+01,1.983182194671e+02,1.056171028199e+02,-2.172823646116e+01,2.472775259757e+02,1.060620089219e+02,1.400058126610e-01,4.895930650863e+01,4.449061020348e-01
"                   2",-6.365286072746e+01,3.725915622104e+02,1.899298675121e+02,-6.355360158677e+01,4.188080631385e+02,1.898736283523e+02,9.925914068405e-02,4.621650092817e+01,-5.623915987844e-02
"                   3",-4.977688149793e+01,2.842984328197e+02,1.890090984081e+02,-4.968464471951e+01,3.272100524866e+02,1.888922087774e+02,9.223677841653e-02,4.291161966688e+01,-1.168896306935e-01
"                   4",7.706226396833e-02,4.164694968821e+01,1.235752175269e+02,1.507598425947e-01,8.181689915045e+01,1.233672202468e+02,7.369757862641e-02,4.016994946224e+01,-2.079972800793e-01
"                   5",3.763010946185e+01,-8.847202945011e+01,6.335977411560e+01,3.768821847116e+01,-5.094696923898e+01,6.316462242740e+01,5.810900931136e-02,3.752506021113e+01,-1.951516881968e-01
"                   6",3.542444314312e+01,3.608746914707e+00,6.059962312771e+01,3.548759541871e+01,3.871191392520e+01,6.043089435979e+01,6.315227558386e-02,3.510316701050e+01,-1.687287679234e-01
"                   7",4.321197543630e+00,1.970349969959e+02,1.069412793414e+02,4.401813703923e+00,2.300708309611e+02,1.067772276065e+02,8.061616029238e-02,3.303583396517e+01,-1.640517349426e-01
"                   8",-2.403636590058e+01,3.085002562848e+02,1.575051627856e+02,-2.393195924032e+01,3.398213190654e+02,1.573022469208e+02,1.044066602550e-01,3.132106278056e+01,-2.029158647895e-01
"                   9",-2.804575309695e+01,2.745332862410e+02,1.754038636372e+02,-2.792442987866e+01,3.043834613353e+02,1.751372251676e+02,1.213232182829e-01,2.985017509433e+01,-2.666384695596e-01
"                  10",-1.240336205001e+01,1.747087213022e+02,1.571086234525e+02,-1.228371530993e+01,2.032634995666e+02,1.567899294590e+02,1.196467400775e-01,2.855477826439e+01,-3.186939934698e-01
"                  11",3.042032831365e+00,1.215425863319e+02,1.270408863946e+02,3.152996690500e+00,1.489293656951e+02,1.266827150523e+02,1.109638591351e-01,2.738677936320e+01,-3.581713423128e-01
"                  12",4.529967391423e+00,1.483858069904e+02,1.121644628243e+02,4.631231516503e+00,1.747342923643e+02,1.117753691408e+02,1.012641250799e-01,2.634848537390e+01,-3.890936834814e-01
"                  13",-5.669709338856e+00,2.078675654268e+02,1.193725562735e+02,-5.573834419022e+00,2.333301042800e+02,1.189564988210e+02,9.587491983368e-02,2.546253885327e+01,-4.160574524781e-01
"                  14",-1.666954541514e+01,2.418033425346e+02,1.368811892383e+02,-1.657365186089e+01,2.665112881173e+02,1.364437312752e+02,9.589355424447e-02,2.470794558269e+01,-4.374579631127e-01
"                  15",-1.922559595131e+01,2.330425287242e+02,1.494203799053e+02,-1.913117224793e+01,2.570940850336e+02,1.489666387835e+02,9.442370337629e-02,2.405155630942e+01,-4.537411217627e-01
"                  16",-1.288348294056e+01,2.060662918150e+02,1.508160553785e+02,-1.279286332445e+01,2.295213861089e+02,1.503533499041e+02,9.061961610943e-02,2.345509429389e+01,-4.627054743822e-01
"                  17",-4.583733758813e+00,1.903315856111e+02,1.458548749638e+02,-4.496166278043e+00,2.132347970364e+02,1.453900974370e+02,8.756748076999e-02,2.290321142531e+01,-4.647775267983e-01
"                  18",-1.018377698439e+00,1.950454489170e+02,1.422863695363e+02,-9.321958439923e-01,2.174460737454e+02,1.418223982853e+02,8.618185444690e-02,2.240062482837e+01,-4.639712509640e-01
"                  19",-2.780869175495e+00,2.114214016593e+02,1.440736598699e+02,-2.694549677600e+00,2.333730974994e+02,1.436103994245e+02,8.631949789500e-02,2.195169584011e+01,-4.632604454408e-01
"                  20",-6.588359138869e+00,2.248328791397e+02,1.497720827471e+02,-6.500800958963e+00,2.463864296147e+02,1.493085478799e+02,8.755817990664e-02,2.155355047496e+01,-4.635348672035e-01
"                  21",-8.677746958732e+00,2.269768253639e+02,1.553558557473e+02,-8.588809299058e+00,2.481755696443e+02,1.548925573921e+02,8.893765967398e-02,2.119874428039e+01,-4.632983551850e-01
"                  22",-8.285123534119e+00,2.215744974131e+02,1.581946376742e+02,-8.194342076468e+00,2.424498677068e+02,1.577328440522e+02,9.078145765094e-02,2.087537029368e+01,-4.617936219713e-01
"                  23",-6.394495376706e+00,2.152557487111e+02,1.585687379047e+02,-6.301668507563e+00,2.358364975708e+02,1.581113488093e+02,9.282686914289e-02,2.058074885976e+01,-4.573890953930e-01
"                  24",-4.998537725540e+00,2.112509786641e+02,1.585761236032e+02,-4.903641473610e+00,2.315629697436e+02,1.581239811613e+02,9.489625192973e-02,2.031199107953e+01,-4.521424419882e-01
"                  25",-5.042560486515e+00,2.104859304477e+02,1.597154684774e+02,-4.946128356419e+00,2.305573369393e+02,1.592689208253e+02,9.643213009623e-02,2.007140649164e+01,-4.465476521220e-01
"                  26",-6.140434865955e+00,2.109325560197e+02,1.621100197912e+02,-6.043205352368e+00,2.307896450370e+02,1.616683269623e+02,9.722951358697e-02,1.985708901726e+01,-4.416928289008e-01
"                  27",-7.040071098027e+00,2.107341600780e+02,1.647441923319e+02,-6.943422911066e+00,2.304001704443e+02,1.643068344229e+02,9.664818696096e-02,1.966601036636e+01,-4.373579089310e-01
"                  28",-7.189904942115e+00,2.104389970220e+02,1.666832737404e+02,-7.095239264198e+00,2.299332980109e+02,1.662499238148e+02,9.466567791707e-02,1.949430098891e+01,-4.333499256194e-01
"                  29",-6.674362708737e+00,2.111858983173e+02,1.678031363257e+02,-6.583161325261e+00,2.305253064114e+02,1.673745604595e+02,9.120138347596e-02,1.933940809408e+01,-4.285758662150e-01
"                  30",-5.928932874325e+00,2.136016631069e+02,1.686657155398e+02,-5.842105725890e+00,2.328012463834e+02,1.682435387758e+02,8.682714843548e-02,1.919958327645e+01,-4.221767639691e-01
"                  31",-5.328318788844e+00,2.173416107763e+02,1.698551252412e+02,-5.245971414302e+00,2.364150855673e+02,1.694415461036e+02,8.234737454185e-02,1.907347479104e+01,-4.135791375917e-01
"                  32",-4.961900459056e+00,2.217657047105e+02,1.714655574642e+02,-4.883192915393e+00,2.407264174607e+02,1.710628168976e+02,7.870754366348e-02,1.896071275017e+01,-4.027405665988e-01
"                  33",-4.663742787233e+00,2.261973989267e+02,1.731657991982e+02,-4.587886052308e+00,2.450573889109e+02,1.727761532644e+02,7.585673492437e-02,1.885998998423e+01,-3.896459337952e-01
"                  34",-4.227715426111e+00,2.308980340753e+02,1.747084003764e+02,-4.154251707484e+00,2.496684537248e+02,1.743337538339e+02,7.346371862731e-02,1.877041964958e+01,-3.746465424875e-01
"                  35",-3.781797501066e+00,2.352292331172e+02,1.761261065748e+02,-3.710566065560e+00,2.539187763658e+02,1.757678006863e+02,7.123143550539e-02,1.868954324866e+01,-3.583058884852e-01
"                  36",-3.388759434033e+00,2.391750059882e+02,1.775118244071e+02,-3.319744534936e+00,2.577933365515e+02,1.771716374081e+02,6.901489909636e-02,1.861833056329e+01,-3.401869989910e-01
"                  37",-2.957162604213e+00,2.438815405558e+02,1.789124933751e+02,-2.890164728926e+00,2.624368396124e+02,1.785923992105e+02,6.699787528671e-02,1.855529905661e+01,-3.200941645878e-01
"                  38",-2.377629072035e+00,2.493220339425e+02,1.803984657781e+02,-2.312124499899e+00,2.678229439691e+02,1.801001849013e+02,6.550457213617e-02,1.850091002662e+01,-2.982808768340e-01
"                  39",-1.660242505593e+00,2.554183054655e+02,1.819024721531e+02,-1.595516711638e+00,2.738707830083e+02,1.816267766871e+02,6.472579395553e-02,1.845247754278e+01,-2.756954659899e-01
"                  40",-6.477080124909e-01,2.604714165294e+02,1.833970718702e+02,-5.830214347660e-01,2.788815652679e+02,1.831443463079e+02,6.468657772492e-02,1.841014873859e+01,-2.527255623327e-01
"                  41",3.985680287781e-01,2.647115167925e+02,1.847948304330e+02,4.640200356151e-01,2.830842312559e+02,1.845649533037e+02,6.545200683708e-02,1.837271446341e+01,-2.298771293116e-01
"                  42",9.635303191239e-01,2.687484910137e+02,1.861078371297e+02,1.030258501080e+00,2.870888197445e+02,1.859004667272e+02,6.672818195635e-02,1.834032873083e+01,-2.073704024371e-01
"                  43",9.899082232603e-01,2.728752653493e+02,1.873343025226e+02,1.057990754083e+00,2.911882335853e+02,1.871487000518e+02,6.808253082241e-02,1.831296823606e+01,-1.856024707348e-01
"                  44",7.373494680861e-01,2.773681425039e+02,1.884910628623e+02,8.063682374823e-01,2.956579172989e+02,1.883262664760e+02,6.901876939626e-02,1.828977479499e+01,-1.647963862813e-01
"                  45",6.075833419601e-01,2.814211821151e+02,1.895894231660e+02,6.773831443285e-01,2.996910168795e+02,1.894443135200e+02,6.979980236844e-02,1.826983476443e+01,-1.451096460057e-01
"                  46",4.052679786564e-01,2.854585008119e+02,1.904578764812e+02,4.756983157967e-01,3.037126060458e+02,1.903308889633e+02,7.043033714024e-02,1.825410523388e+01,-1.269875179056e-01
"                  47",-2.140781144158e-02,2.890020495897e+02,1.910646130521e+02,4.936927700785e-02,3.072439229825e+02,1.909536589398e+02,7.077708844943e-02,1.824187339281e+01,-1.109541122875e-01
"                  48",-7.213232285101e-01,2.905404228399e+02,1.915844011507e+02,-6.503735071261e-01,3.087732117676e+02,1.914879084595e+02,7.094972138395e-02,1.823278892770e+01,-9.649269114771e-02
"                  49",-2.118934117362e+00,2.902786900198e+02,1.921087065943e+02,-2.048080704495e+00,3.085043558705e+02,1.920250730752e+02,7.085341286741e-02,1.822566585075e+01,-8.363351917559e-02
"                  50",-3.894515554528e+00,2.889060500692e+02,1.926623898355e+02,-3.824291965351e+00,3.071265363672e+02,1.925898824310e+02,7.022358917707e-02,1.822048629798e+01,-7.250740454056e-02
"                  51",-5.460120931055e+00,2.874145261015e+02,1.931940488199e+02,-5.391133796762e+00,3.056322320187e+02,1.931305224287e+02,6.898713429320e-02,1.821770591722e+01,-6.352639124889e-02
"                  52",-6.470402593876e+00,2.861259475895e+02,1.936704063683e+02,-6.403108875768e+00,3.043423719693e+02,1.936134910212e+02,6.729371810824e-02,1.821642437981e+01,-5.691534711902e-02
"                  53",-6.913830764878e+00,2.854912712694e+02,1.940618447935e+02,-6.848274851767e+00,3.037068816435e+02,1.940090683587e+02,6.555591311110e-02,1.821561037411e+01,-5.277643479697e-02
"                  54",-7.135341449222e+00,2.853291419556e+02,1.943254392392e+02,-7.071394222865e+00,3.035452824416e+02,1.942744558476e+02,6.394722635700e-02,1.821614048596e+01,-5.098339159106e-02
"                  55",-7.191402622380e+00,2.851905867151e+02,1.944260016778e+02,-7.128948120654e+00,3.034079721340e+02,1.943741476832e+02,6.245450172673e-02,1.821738541889e+01,-5.185399456400e-02
"                  56",-7.134947378899e+00,2.846530846111e+02,1.944572915011e+02,-7.073785543538e+00,3.028729861687e+02,1.944023201264e+02,6.116183536100e-02,1.821990155754e+01,-5.497137473298e-02
"                  57",-7.164061608479e+00,2.839525159501e+02,1.944465980265e+02,-7.103782208936e+00,3.021745610684e+02,1.943859774054e+02,6.027939954284e-02,1.822204511835e+01,-6.062062112756e-02
"                  58",-7.318688673938e+00,2.833671864614e+02,1.943938069535e+02,-7.259001174569e+00,3.015926514342e+02,1.943261852999e+02,5.968749936929e-02,1.822546497285e+01,-6.762165365155e-02
"                  59",-7.752897551030e+00,2.835288609863e+02,1.941851778444e+02,-7.693758477659e+00,3.017579043213e+02,1.941092564388e+02,5.913907337119e-02,1.822904333508e+01,-7.592140557836e-02
"                  60",-8.577499988885e+00,2.842609037284e+02,1.937713802156e+02,-8.519433231045e+00,3.024950443726e+02,1.936858415429e+02,5.806675784001e-02,1.823414064416e+01,-8.553867268550e-02
"                  61",-9.737012198048e+00,2.846755167790e+02,1.932138501657e+02,-9.680585797805e+00,3.029153872789e+02,1.931172827723e+02,5.642640024327e-02,1.823987049994e+01,-9.656739343406e-02
"                  62",-1.103480835356e+01,2.843170293767e+02,1.925006489233e+02,-1.098050510484e+01,3.025632938336e+02,1.923921845168e+02,5.430324872799e-02,1.824626445689e+01,-1.084644065028e-01
"                  63",-1.240602495672e+01,2.836115104289e+02,1.917110672875e+02,-1.235399667055e+01,3.018652775054e+02,1.915901431086e+02,5.202828616569e-02,1.825376707650e+01,-1.209241789002e-01
"                  64",-1.374532249831e+01,2.825007907710e+02,1.908554612846e+02,-1.369583543486e+01,3.007626108076e+02,1.907218918547e+02,4.948706345289e-02,1.826182003653e+01,-1.335694299194e-01
"                  65",-1.494799565504e+01,2.807327881762e+02,1.899985967482e+02,-1.490137556200e+01,2.990029710533e+02,1.898520760151e+02,4.662009304085e-02,1.827018287707e+01,-1.465207330667e-01
"                  66",-1.606788425666e+01,2.785827908453e+02,1.892218872391e+02,-1.602445818001e+01,2.968611830815e+02,1.890626604939e+02,4.342607665265e-02,1.827839223629e+01,-1.592267451703e-01
"                  67",-1.706487769828e+01,2.763928595915e+02,1.885265953916e+02,-1.702506231678e+01,2.946786612276e+02,1.883545360412e+02,3.981538150706e-02,1.828580163604e+01,-1.720593504267e-01
"                  68",-1.789320063727e+01,2.744813204785e+02,1.879359625947e+02,-1.785719348796e+01,2.927740344287e+02,1.877512223779e+02,3.600714931094e-02,1.829271395012e+01,-1.847402168133e-01
"                  69",-1.851621819687e+01,2.727582850772e+02,1.874377915165e+02,-1.848433092369e+01,2.910572986199e+02,1.872411132428e+02,3.188727317798e-02,1.829901354269e+01,-1.966782736556e-01
"                  70",-1.894791918396e+01,2.712326221927e+02,1.870928422698e+02,-1.892048858674e+01,2.895370838026e+02,1.868850303940e+02,2.743059721432e-02,1.830446160998e+01,-2.078118758018e-01
"                  71",-1.914441397425e+01,2.701205165134e+02,1.869280073520e+02,-1.912174999739e+01,2.884302229674e+02,1.867095805100e+02,2.266397686539e-02,1.830970645396e+01,-2.184268420289e-01
"                  72",-1.910912332879e+01,2.694672292680e+02,1.869782402995e+02,-1.909123738398e+01,2.877823784714e+02,1.867500361118e+02,1.788594481327e-02,1.831514920334e+01,-2.282041876614e-01
"                  73",-1.889705454518e+01,2.692880689229e+02,1.872059812069e+02,-1.888402810088e+01,2.876092549096e+02,1.869689444705e+02,1.302644430320e-02,1.832118598665e+01,-2.370367363362e-01
"                  74",-1.857776160002e+01,2.696021079799e+02,1.875360279506e+02,-1.856939639137e+01,2.879296289889e+02,1.872911570969e+02,8.365208646883e-03,1.832752100897e+01,-2.448708536913e-01
"                  75",-1.822588887230e+01,2.702634688145e+02,1.878772477790e+02,-1.822230908377e+01,2.885979108434e+02,1.876255496687e+02,3.579788534780e-03,1.833444202889e+01,-2.516981102721e-01
"                  76",-1.789832802994e+01,2.712682729791e+02,1.881890926543e+02,-1.789952115931e+01,2.896097429447e+02,1.879311900513e+02,-1.193129367491e-03,1.834146996554e+01,-2.579026029974e-01
"                  77",-1.758094549309e+01,2.726671131503e+02,1.884648130198e+02,-1.758697264410e+01,2.910158163996e+02,1.882010900140e+02,-6.027151002761e-03,1.834870324931e+01,-2.637230057333e-01
"                  78",-1.728026631963e+01,2.741626899426e+02,1.887399160065e+02,-1.729101403488e+01,2.925189711356e+02,1.884715257659e+02,-1.074771525397e-02,1.835628119298e+01,-2.683902406500e-01
"                  79",-1.703808154837e+01,2.753147669101e+02,1.890139410163e+02,-1.705336550219e+01,2.936789727979e+02,1.887416278345e+02,-1.528395381507e-02,1.836420588776e+01,-2.723131817224e-01
"                  80",-1.688070306680e+01,2.760959372132e+02,1.892701020276e+02,-1.690016541583e+01,2.944681658239e+02,1.889946209908e+02,-1.946234903237e-02,1.837222861073e+01,-2.754810367252e-01
"                  81",-1.684836612565e+01,2.769249015952e+02,1.894726641289e+02,-1.687137366615e+01,2.953053089641e+02,1.891946981423e+02,-2.300754049671e-02,1.838040736885e+01,-2.779659866037e-01
"                  82",-1.696845782249e+01,2.779623508843e+02,1.896053332833e+02,-1.699477456350e+01,2.963511106488e+02,1.893255577628e+02,-2.631674101606e-02,1.838875976456e+01,-2.797755204927e-01
"                  83",-1.718140859193e+01,2.791143715738e+02,1.896463009573e+02,-1.721093622403e+01,2.975114488794e+02,1.893648852047e+02,-2.952763209533e-02,1.839707730553e+01,-2.814157525376e-01
"                  84",-1.736599690345e+01,2.797819897497e+02,1.895335319087e+02,-1.739876373951e+01,2.981870582642e+02,1.892507022860e+02,-3.276683605500e-02,1.840506851454e+01,-2.828296226923e-01
"                  85",-1.751068448972e+01,2.801752555438e+02,1.893345854030e+02,-1.754654554146e+01,2.985886790385e+02,1.890509205400e+02,-3.586105174167e-02,1.841342349472e+01,-2.836648629968e-01
"                  86",-1.764549091055e+01,2.807127662040e+02,1.891096178916e+02,-1.768476698370e+01,2.991350180902e+02,1.888253220941e+02,-3.927607314554e-02,1.842225188621e+01,-2.842957974223e-01
"                  87",-1.776083214507e+01,2.814916467604e+02,1.888736222100e+02,-1.780334259884e+01,2.999232764213e+02,1.885888560583e+02,-4.251045376254e-02,1.843162966092e+01,-2.847661516810e-01
"                  88",-1.788005060760e+01,2.822974204761e+02,1.886195265717e+02,-1.792571372051e+01,3.007385788491e+02,1.883344001012e+02,-4.566311291561e-02,1.844115837300e+01,-2.851264705064e-01
"                  89",-1.798065065964e+01,2.828165677568e+02,1.883380374968e+02,-1.802876285802e+01,3.012673665751e+02,1.880524478157e+02,-4.811219837351e-02,1.845079881834e+01,-2.855896811012e-01
"                  90",-1.810356979365e+01,2.829306188917e+02,1.880705120695e+02,-1.815391831621e+01,3.013912240947e+02,1.877847375874e+02,-5.034852255590e-02,1.846060520292e+01,-2.857744821111e-01
"                  91",-1.828421380352e+01,2.827034840192e+02,1.878309100764e+02,-1.833651895705e+01,3.011742485056e+02,1.875448004690e+02,-5.230515353445e-02,1.847076448632e+01,-2.861096073431e-01
"                  92",-1.852495358009e+01,2.822967124478e+02,1.876034572293e+02,-1.857895324253e+01,3.007776613376e+02,1.873170782450e+02,-5.399966244165e-02,1.848094888986e+01,-2.863789842746e-01
"                  93",-1.877874742169e+01,2.820032074933e+02,1.873884515272e+02,-1.883429331897e+01,3.004940502495e+02,1.871021011631e+02,-5.554589727869e-02,1.849084275616e+01,-2.863503641098e-01
"                  94",-1.899554604154e+01,2.818024905918e+02,1.872227432105e+02,-1.905264524913e+01,3.003027034602e+02,1.869369198601e+02,-5.709920759624e-02,1.850021286845e+01,-2.858233503908e-01
"                  95",-1.905944675734e+01,2.813714030875e+02,1.870802370655e+02,-1.911811497679e+01,2.998800412056e+02,1.867954093268e+02,-5.866821945108e-02,1.850863811810e+01,-2.848277387737e-01
"                  96",-1.896011433846e+01,2.806884125634e+02,1.869803275096e+02,-1.902047264559e+01,2.992047803698e+02,1.866965396607e+02,-6.035830712598e-02,1.851636780642e+01,-2.837878488519e-01
"                  97",-1.877300105272e+01,2.799757475420e+02,1.868646530228e+02,-1.883484363159e+01,2.984991871558e+02,1.865817109149e+02,-6.184257887073e-02,1.852343961378e+01,-2.829421078178e-01
"                  98",-1.861785391779e+01,2.795111770183e+02,1.867552836778e+02,-1.868088543209e+01,2.980414806887e+02,1.864733739323e+02,-6.303151430209e-02,1.853030367040e+01,-2.819097454725e-01
"                  99",-1.851117934752e+01,2.792458620410e+02,1.866114796890e+02,-1.857509033378e+01,2.977827155534e+02,1.863303952200e+02,-6.391098625394e-02,1.853685351241e+01,-2.810844690156e-01
"                 100",-1.838685411672e+01,2.790687996886e+02,1.864339993440e+02,-1.845170283189e+01,2.976119065697e+02,1.861533761082e+02,-6.484871517693e-02,1.854310688116e+01,-2.806232358145e-01
"                 101",-1.815376479920e+01,2.788053985899e+02,1.861923713516e+02,-1.821941710522e+01,2.973541964361e+02,1.859119206523e+02,-6.565230601577e-02,1.854879784620e+01,-2.804506992566e-01
"                 102",-1.784557243042e+01,2.785011196170e+02,1.859903260343e+02,-1.791168704200e+01,2.970555419213e+02,1.857097486110e+02,-6.611461158121e-02,1.855442230428e+01,-2.805774232615e-01
"                 103",-1.749612648362e+01,2.782350673389e+02,1.858050777612e+02,-1.756248236084e+01,2.967950436485e+02,1.855240825475e+02,-6.635587722594e-02,1.855997630954e+01,-2.809952137339e-01
"                 104",-1.710609289085e+01,2.780621988968e+02,1.855539317049e+02,-1.717247765655e+01,2.966272937970e+02,1.852723924784e+02,-6.638476570851e-02,1.856509490016e+01,-2.815392265374e-01
"                 105",-1.671387229094e+01,2.779129628390e+02,1.852646580974e+02,-1.678011163738e+01,2.964829026191e+02,1.849824265044e+02,-6.623934644817e-02,1.856993978001e+01,-2.822315929911e-01
"                 106",-1.631967209586e+01,2.776756507063e+02,1.849972410977e+02,-1.638560200057e+01,2.962500368054e+02,1.847140835036e+02,-6.592990470424e-02,1.857438609909e+01,-2.831575940769e-01
"                 107",-1.589327433997e+01,2.773371647523e+02,1.847465957609e+02,-1.595885476250e+01,2.959155439892e+02,1.844621592441e+02,-6.558042253533e-02,1.857837923685e+01,-2.844365167797e-01
"                 108",-1.544568780980e+01,2.770114666360e+02,1.844929145758e+02,-1.551090122234e+01,2.955933840248e+02,1.842070325797e+02,-6.521341254562e-02,1.858191738880e+01,-2.858819961164e-01
"                 109",-1.501805370842e+01,2.767819058455e+02,1.842150247246e+02,-1.508275391104e+01,2.953670241136e+02,1.839276870610e+02,-6.470020261410e-02,1.858511826806e+01,-2.873376635118e-01
"                 110",-1.463796153814e+01,2.766323343081e+02,1.839518020174e+02,-1.470206536003e+01,2.952203115590e+02,1.836628900643e+02,-6.410382188683e-02,1.858797725091e+01,-2.889119530701e-01
"                 111",-1.429388236637e+01,2.764185521009e+02,1.837110505603e+02,-1.435735544118e+01,2.950090198778e+02,1.834202647244e+02,-6.347307480655e-02,1.859046777686e+01,-2.907858358683e-01
"                 112",-1.395070895986e+01,2.761097659792e+02,1.835351525298e+02,-1.401370817218e+01,2.947026505072e+02,1.832422380346e+02,-6.299921232421e-02,1.859288452807e+01,-2.929144951707e-01
"                 113",-1.359887961226e+01,2.758175187359e+02,1.833605495960e+02,-1.366151204954e+01,2.944127416389e+02,1.830653388022e+02,-6.263243728064e-02,1.859522290297e+01,-2.952107937161e-01
"                 114",-1.325137838101e+01,2.755920942811e+02,1.832049278055e+02,-1.331335548925e+01,2.941893472523e+02,1.829072045873e+02,-6.197710824003e-02,1.859725297123e+01,-2.977232182465e-01
"                 115",-1.289283273438e+01,2.754205704296e+02,1.830199455850e+02,-1.295394432683e+01,2.940196256894e+02,1.827196360124e+02,-6.111159245516e-02,1.859905525982e+01,-3.003095726520e-01
"                 116",-1.252010164308e+01,2.751982153862e+02,1.828401446369e+02,-1.257989849449e+01,2.937984845834e+02,1.825372688345e+02,-5.979685141292e-02,1.860026919719e+01,-3.028758024049e-01
"                 117",-1.211925122729e+01,2.749282131067e+02,1.826731594882e+02,-1.217757511509e+01,2.935295159369e+02,1.823678815880e+02,-5.832388779990e-02,1.860130283020e+01,-3.052779001692e-01
"                 118",-1.169475462836e+01,2.746434522373e+02,1.825310709810e+02,-1.175128256369e+01,2.932454128470e+02,1.822235511489e+02,-5.652793532542e-02,1.860196060965e+01,-3.075198320863e-01
"                 119",-1.127486774413e+01,2.743018762277e+02,1.824046048643e+02,-1.132954340697e+01,2.929045649758e+02,1.820952797378e+02,-5.467566284106e-02,1.860268874812e+01,-3.093251265885e-01
"                 120",-1.085743150967e+01,2.738717870073e+02,1.822424771131e+02,-1.091001921735e+01,2.924748746410e+02,1.819317828593e+02,-5.258770768867e-02,1.860308763368e+01,-3.106942537440e-01
"                 121",-1.043015782330e+01,2.733976467819e+02,1.820564558351e+02,-1.048054333507e+01,2.920011254186e+02,1.817450497360e+02,-5.038551176955e-02,1.860347863673e+01,-3.114060991053e-01
"                 122",-9.971672537381e+00,2.729718625347e+02,1.818688252847e+02,-1.001953799772e+01,2.915755782042e+02,1.815574139885e+02,-4.786546034095e-02,1.860371566946e+01,-3.114112962172e-01
"                 123",-9.499889283819e+00,2.726114865432e+02,1.817221835512e+02,-9.544910065597e+00,2.912154291012e+02,1.814115422803e+02,-4.502078177822e-02,1.860394255795e+01,-3.106412708233e-01
"                 124",-9.027364242188e+00,2.721923057447e+02,1.816335953243e+02,-9.069260119680e+00,2.907962747299e+02,1.813244495319e+02,-4.189587749185e-02,1.860396898518e+01,-3.091457923903e-01
"                 125",-8.563017381278e+00,2.717149143524e+02,1.815662552129e+02,-8.601637611370e+00,2.903186789036e+02,1.812591551535e+02,-3.862023009168e-02,1.860376455118e+01,-3.071000593159e-01
"                 126",-8.121410433023e+00,2.712524558017e+02,1.814887358301e+02,-8.156716852196e+00,2.898557304287e+02,1.811843156991e+02,-3.530641917236e-02,1.860327462703e+01,-3.044201310101e-01
"                 127",-7.715267606042e+00,2.708467324942e+02,1.813828367758e+02,-7.747041935656e+00,2.894493852671e+02,1.810818104023e+02,-3.177432961370e-02,1.860265277289e+01,-3.010263735314e-01
"                 128",-7.329176034264e+00,2.704672536458e+02,1.812689518420e+02,-7.357227675005e+00,2.890692401505e+02,1.809720790636e+02,-2.805164074171e-02,1.860198650471e+01,-2.968727784514e-01
"                 129",-6.945413088953e+00,2.700843910101e+02,1.811633909357e+02,-6.969545807105e+00,2.886858489171e+02,1.808711978803e+02,-2.413271815194e-02,1.860145790707e+01,-2.921930553926e-01
"                 130",-6.561175890418e+00,2.696490432143e+02,1.810800348720e+02,-6.581209534529e+00,2.882499723190e+02,1.807930406451e+02,-2.003364411084e-02,1.860092910465e+01,-2.869942268815e-01
"                 131",-6.193909933287e+00,2.691790725291e+02,1.810074098856e+02,-6.209678122685e+00,2.877795347434e+02,1.807259430317e+02,-1.576818939804e-02,1.860046221426e+01,-2.814668538679e-01
"                 132",-5.848626909246e+00,2.687189157027e+02,1.809442880628e+02,-5.859973271974e+00,2.873188842297e+02,1.806687261736e+02,-1.134636272788e-02,1.859996852698e+01,-2.755618891703e-01
"                 133",-5.512998642826e+00,2.683781471379e+02,1.808760838549e+02,-5.519843353361e+00,2.869775437377e+02,1.806068719286e+02,-6.844710534690e-03,1.859939659980e+01,-2.692119262965e-01
"                 134",-5.191914873988e+00,2.681259713535e+02,1.808095092734e+02,-5.194237799061e+00,2.867246638083e+02,1.805472236495e+02,-2.322925073450e-03,1.859869245479e+01,-2.622856239776e-01
"                 135",-4.925305289947e+00,2.679345189444e+02,1.807570911062e+02,-4.923080171584e+00,2.865324725548e+02,1.805021681008e+02,2.225118362954e-03,1.859795361040e+01,-2.549230054166e-01
"                 136",-4.692375382669e+00,2.676772648014e+02,1.807118782283e+02,-4.685786841484e+00,2.862744667168e+02,1.804647562950e+02,6.588541184931e-03,1.859720191548e+01,-2.471219333160e-01
"                 137",-4.493261642646e+00,2.673564895836e+02,1.806791841782e+02,-4.482229518498e+00,2.859529457289e+02,1.804401923905e+02,1.103212414797e-02,1.859645614536e+01,-2.389917876386e-01
"                 138",-4.296788940926e+00,2.670802986903e+02,1.806600915206e+02,-4.281405845846e+00,2.856759279953e+02,1.804296946143e+02,1.538309507954e-02,1.859562930504e+01,-2.303969062519e-01
"                 139",-4.099157395421e+00,2.669705051682e+02,1.806489258128e+02,-4.079430767648e+00,2.855652995280e+02,1.804274414049e+02,1.972662777333e-02,1.859479435978e+01,-2.214844079322e-01
"                 140",-3.906788911038e+00,2.669702607563e+02,1.806486614123e+02,-3.882913765168e+00,2.855641627665e+02,1.804364802049e+02,2.387514586931e-02,1.859390201023e+01,-2.121812073697e-01
"                 141",-3.740180317027e+00,2.670275285012e+02,1.806541346244e+02,-3.712233318082e+00,2.856205472610e+02,1.804514734460e+02,2.794699894492e-02,1.859301875978e+01,-2.026611783843e-01
"                 142",-3.620803428644e+00,2.670762371501e+02,1.806581795328e+02,-3.589007799358e+00,2.856683300079e+02,1.804652765215e+02,3.179562928620e-02,1.859209285782e+01,-1.929030112945e-01
"                 143",-3.565800077684e+00,2.671298878063e+02,1.806532632140e+02,-3.530238872034e+00,2.857211278876e+02,1.804700726626e+02,3.556120564970e-02,1.859124008133e+01,-1.831905514151e-01
"                 144",-3.572009904112e+00,2.671883233983e+02,1.806595674876e+02,-3.533009304033e+00,2.857787341650e+02,1.804862948370e+02,3.900060007987e-02,1.859041076662e+01,-1.732726505943e-01
"                 145",-3.629542084716e+00,2.672128704042e+02,1.806804457269e+02,-3.587209407942e+00,2.858024380862e+02,1.805169332688e+02,4.233267677415e-02,1.858956768200e+01,-1.635124580889e-01
"                 146",-3.718418786888e+00,2.672475679035e+02,1.807270313363e+02,-3.673170835210e+00,2.858362609538e+02,1.805732079297e+02,4.524795167801e-02,1.858869305033e+01,-1.538234065896e-01
"                 147",-3.831029296496e+00,2.672855753607e+02,1.807834607908e+02,-3.783239601585e+00,2.858733458657e+02,1.806391885185e+02,4.778969491177e-02,1.858777050493e+01,-1.442722723047e-01
"                 148",-3.953825504388e+00,2.673280835203e+02,1.808536074982e+02,-3.903869607692e+00,2.859148899461e+02,1.807188043170e+02,4.995589669598e-02,1.858680642582e+01,-1.348031812446e-01
"                 149",-4.064381874303e+00,2.673692642817e+02,1.809136601393e+02,-4.012483280421e+00,2.859550533146e+02,1.807882633651e+02,5.189859388125e-02,1.858578903286e+01,-1.253967742012e-01
"                 150",-4.137986910516e+00,2.674090761024e+02,1.809660326949e+02,-4.084505460646e+00,2.859937942611e+02,1.808500923245e+02,5.348144986969e-02,1.858471815864e+01,-1.159403704020e-01
"                 151",-4.204585676749e+00,2.674919630332e+02,1.810083957504e+02,-4.149764791901e+00,2.860755694116e+02,1.809018974794e+02,5.482088484772e-02,1.858360637839e+01,-1.064982709873e-01
"                 152",-4.307592183891e+00,2.675840649426e+02,1.810527756020e+02,-4.251781094437e+00,2.861665488950e+02,1.809556910850e+02,5.581108945344e-02,1.858248395245e+01,-9.708451700882e-02
"                 153",-4.445691019039e+00,2.676950497609e+02,1.810918079251e+02,-4.389165155722e+00,2.862764622833e+02,1.810040660197e+02,5.652586331732e-02,1.858141252240e+01,-8.774190540497e-02
"                 154",-4.621586575320e+00,2.678034243491e+02,1.811297171899e+02,-4.564735642274e+00,2.863837426132e+02,1.810513779818e+02,5.685093304578e-02,1.858031826413e+01,-7.833920810007e-02
"                 155",-4.841516556033e+00,2.679290707282e+02,1.811629850332e+02,-4.784704071040e+00,2.865083546380e+02,1.810940686876e+02,5.681248499247e-02,1.857928390976e+01,-6.891634555289e-02
"                 156",-5.120766547012e+00,2.680579327802e+02,1.812014501316e+02,-5.064351244508e+00,2.866361650616e+02,1.811420008602e+02,5.641530250483e-02,1.857823228143e+01,-5.944927145140e-02
"                 157",-5.458411235795e+00,2.681832810612e+02,1.812391278083e+02,-5.402776646133e+00,2.867605156685e+02,1.811890821444e+02,5.563458966241e-02,1.857723460728e+01,-5.004566383747e-02
"                 158",-5.833439742737e+00,2.683030563306e+02,1.812783286991e+02,-5.778844148498e+00,2.868792574959e+02,1.812374803871e+02,5.459559423863e-02,1.857620116523e+01,-4.084831197410e-02
"                 159",-6.227426526662e+00,2.684440731358e+02,1.813086187350e+02,-6.174147832100e+00,2.870192519231e+02,1.812766954352e+02,5.327869456235e-02,1.857517878730e+01,-3.192329977931e-02
"                 160",-6.640274085688e+00,2.686009242989e+02,1.813259830753e+02,-6.588492893085e+00,2.871750539482e+02,1.813026485202e+02,5.178119260303e-02,1.857412964931e+01,-2.333455502951e-02
"                 161",-7.064228414256e+00,2.687824174418e+02,1.813289503083e+02,-7.014193467790e+00,2.873555577251e+02,1.813137843592e+02,5.003494646612e-02,1.857314028330e+01,-1.516594913101e-02
"                 162",-7.500143258605e+00,2.689934635207e+02,1.813285476526e+02,-7.452111635619e+00,2.875656564409e+02,1.813211233294e+02,4.803162298613e-02,1.857219292015e+01,-7.424323201479e-03
"                 163",-7.943821445500e+00,2.692348286344e+02,1.813218064386e+02,-7.898074163388e+00,2.878062092889e+02,1.813216725559e+02,4.574728211171e-02,1.857138065444e+01,-1.338827075126e-04
"                 164",-8.409472396560e+00,2.695024561799e+02,1.813164551762e+02,-8.366288588314e+00,2.880731504932e+02,1.813231343995e+02,4.318380824610e-02,1.857069431328e+01,6.679223289297e-03
"                 165",-8.901555781475e+00,2.697941308473e+02,1.812987243096e+02,-8.861180650079e+00,2.883642976693e+02,1.813117118221e+02,4.037513139609e-02,1.857016682207e+01,1.298751255967e-02
"                 166",-9.412752779177e+00,2.700608959678e+02,1.812726495670e+02,-9.375380973283e+00,2.886306088903e+02,1.812914439290e+02,3.737180589439e-02,1.856971292248e+01,1.879436193790e-02
"                 167",-9.912182049377e+00,2.702801435124e+02,1.812301488116e+02,-9.878026155248e+00,2.888494104531e+02,1.812542462115e+02,3.415589412913e-02,1.856926694074e+01,2.409739989315e-02
"                 168",-1.039884236381e+01,2.704605714792e+02,1.811808564434e+02,-1.036812475327e+01,2.890293614523e+02,1.812097590354e+02,3.071761053914e-02,1.856878997318e+01,2.890259191368e-02
"                 169",-1.086959622840e+01,2.706263432358e+02,1.811135782600e+02,-1.084248526521e+01,2.891946864549e+02,1.811468412920e+02,2.711096319796e-02,1.856834321908e+01,3.326303197597e-02
"                 170",-1.133135846462e+01,2.707814500465e+02,1.810355045005e+02,-1.130801150171e+01,2.893493591656e+02,1.810727311460e+02,2.334696290735e-02,1.856790911908e+01,3.722664547578e-02
"                 171",-1.177903406423e+01,2.709080357804e+02,1.809363471799e+02,-1.175957590818e+01,2.894755940616e+02,1.809771017478e+02,1.945815604746e-02,1.856755828118e+01,4.075456793385e-02
"                 172",-1.220687574644e+01,2.709743235972e+02,1.808282551631e+02,-1.219132537897e+01,2.895415657329e+02,1.808721102017e+02,1.555036746961e-02,1.856724213566e+01,4.385503859199e-02
"                 173",-1.259804425608e+01,2.709899339565e+02,1.807068781059e+02,-1.258646492509e+01,2.895568815160e+02,1.807533752530e+02,1.157933098935e-02,1.856694755952e+01,4.649714710735e-02
"                 174",-1.298153958919e+01,2.709984260028e+02,1.805779559210e+02,-1.297395784718e+01,2.895650282405e+02,1.806266239732e+02,7.581742015716e-03,1.856660223767e+01,4.866805219552e-02
"                 175",-1.336278513165e+01,2.710031202737e+02,1.804323683563e+02,-1.335919874061e+01,2.895693633143e+02,1.804827677686e+02,3.586391038975e-03,1.856624304056e+01,5.039941227712e-02
"                 176",-1.374714568407e+01,2.710010988216e+02,1.802794884478e+02,-1.374744920895e+01,2.895669867709e+02,1.803312005886e+02,-3.035248770750e-04,1.856588794937e+01,5.171214080570e-02
"                 177",-1.411880913013e+01,2.709841977149e+02,1.801134960086e+02,-1.412296411437e+01,2.895498090228e+02,1.801661320308e+02,-4.154984241937e-03,1.856561130791e+01,5.263602211400e-02
"                 178",-1.449041546706e+01,2.709092773912e+02,1.799369691931e+02,-1.449835046474e+01,2.894746034754e+02,1.799901408844e+02,-7.934997681073e-03,1.856532608421e+01,5.317169130179e-02
"                 179",-1.484722540289e+01,2.707883564688e+02,1.797453770674e+02,-1.485890505425e+01,2.893534217311e+02,1.797987355224e+02,-1.167965135204e-02,1.856506526231e+01,5.335845501119e-02
"                 180",-1.519222502184e+01,2.706290285718e+02,1.795519929968e+02,-1.520757115019e+01,2.891937873995e+02,1.796051975734e+02,-1.534612835348e-02,1.856475882770e+01,5.320457665075e-02
"                 181",-1.551105793117e+01,2.704353291456e+02,1.793567751613e+02,-1.553006707372e+01,2.889997571448e+02,1.794096221994e+02,-1.900914255566e-02,1.856442799918e+01,5.284703811969e-02
"                 182",-1.581992814859e+01,2.702245210830e+02,1.791671461488e+02,-1.584244699217e+01,2.887885322824e+02,1.792194307596e+02,-2.251884357706e-02,1.856401119935e+01,5.228461072737e-02
"                 183",-1.611571857750e+01,2.699949428893e+02,1.789801946794e+02,-1.614167218944e+01,2.885585104097e+02,1.790318063926e+02,-2.595361193746e-02,1.856356752040e+01,5.161171317498e-02
"                 184",-1.640778714752e+01,2.697355166052e+02,1.788033009211e+02,-1.643698096057e+01,2.882985232610e+02,1.788540825793e+02,-2.919381305732e-02,1.856300665582e+01,5.078165815268e-02
"                 185",-1.668049368221e+01,2.694776576125e+02,1.786363979349e+02,-1.671291432102e+01,2.880400692800e+02,1.786863428002e+02,-3.242063881808e-02,1.856241166745e+01,4.994486529041e-02
"                 186",-1.694482935650e+01,2.692003026813e+02,1.784807071166e+02,-1.698029613494e+01,2.877619807619e+02,1.785296400963e+02,-3.546677844154e-02,1.856167808062e+01,4.893297973314e-02
"                 187",-1.718948493941e+01,2.689072230708e+02,1.783262607142e+02,-1.722779126672e+01,2.874681663365e+02,1.783740683774e+02,-3.830632731681e-02,1.856094326578e+01,4.780766316317e-02
"                 188",-1.740824036668e+01,2.686223387204e+02,1.781910141598e+02,-1.744924912011e+01,2.871824628166e+02,1.782375594402e+02,-4.100875343797e-02,1.856012409612e+01,4.654528036091e-02
"                 189",-1.759390788970e+01,2.683718168770e+02,1.780728228509e+02,-1.763751216181e+01,2.869311982776e+02,1.781180317051e+02,-4.360427211066e-02,1.855938140062e+01,4.520885426517e-02
"                 190",-1.776874412254e+01,2.681484413038e+02,1.779730499367e+02,-1.781485637126e+01,2.867070345587e+02,1.780167984708e+02,-4.611224871944e-02,1.855859325486e+01,4.374853413968e-02
"                 191",-1.793512718008e+01,2.679480133147e+02,1.778763398377e+02,-1.798368392096e+01,2.865059071922e+02,1.779186190778e+02,-4.855674088115e-02,1.855789387745e+01,4.227924014703e-02
"                 192",-1.810681138774e+01,2.677315032492e+02,1.777825992280e+02,-1.815772011068e+01,2.862886397682e+02,1.778233220271e+02,-5.090872294104e-02,1.855713651908e+01,4.072279908880e-02
"                 193",-1.826277791088e+01,2.675194655671e+02,1.776878681623e+02,-1.831594685860e+01,2.860759507145e+02,1.777270084375e+02,-5.316894772179e-02,1.855648514746e+01,3.914027516130e-02
"                 194",-1.840711313846e+01,2.672909037815e+02,1.776030355548e+02,-1.846244302999e+01,2.858466638461e+02,1.776404850492e+02,-5.532989153233e-02,1.855576006460e+01,3.744949437031e-02
"                 195",-1.852125632061e+01,2.670765754027e+02,1.775252515800e+02,-1.857868666243e+01,2.856317144891e+02,1.775610015530e+02,-5.743034181872e-02,1.855513908639e+01,3.574997301514e-02
"                 196",-1.862024511219e+01,2.668599632698e+02,1.774554768973e+02,-1.867971439448e+01,2.854143875600e+02,1.774894535971e+02,-5.946928228960e-02,1.855442429017e+01,3.397669977827e-02
"                 197",-1.868516814140e+01,2.666698435935e+02,1.773902586391e+02,-1.874657881294e+01,2.852236673656e+02,1.774224915139e+02,-6.141067153529e-02,1.855382377215e+01,3.223287486967e-02
"                 198",-1.873615692645e+01,2.664594059141e+02,1.773331500436e+02,-1.879943468980e+01,2.850125351281e+02,1.773636201416e+02,-6.327776335165e-02,1.855312921400e+01,3.047009799943e-02
"                 199",-1.875533380649e+01,2.663025998727e+02,1.772828140884e+02,-1.882040907246e+01,2.848552112347e+02,1.773116132536e+02,-6.507526596264e-02,1.855261136201e+01,2.879916513161e-02
"                 200",-1.875510288537e+01,2.661622209282e+02,1.772444683914e+02,-1.882191459593e+01,2.847142872448e+02,1.772716120706e+02,-6.681171055998e-02,1.855206631668e+01,2.714367922109e-02
"                 201",-1.873657641239e+01,2.660188414212e+02,1.772081368714e+02,-1.880505611347e+01,2.845704661473e+02,1.772337033699e+02,-6.847970107971e-02,1.855162472609e+01,2.556649846304e-02
"                 202",-1.871795330321e+01,2.658282862697e+02,1.771789855561e+02,-1.878807077198e+01,2.843794040507e+02,1.772029886534e+02,-7.011746877489e-02,1.855111778095e+01,2.400309728940e-02
"                 203",-1.868222838220e+01,2.656839735248e+02,1.771539627160e+02,-1.875394577209e+01,2.842347341256e+02,1.771765042165e+02,-7.171738988809e-02,1.855076060077e+01,2.254150049708e-02
"                 204",-1.863620244089e+01,2.655891244835e+02,1.771388872347e+02,-1.870948605273e+01,2.841395401326e+02,1.771600046599e+02,-7.328361183991e-02,1.855041564907e+01,2.111742510810e-02
"                 205",-1.857843869201e+01,2.654669676519e+02,1.771194756244e+02,-1.865325708065e+01,2.840170597517e+02,1.771392598272e+02,-7.481838864249e-02,1.855009209982e+01,1.978420277119e-02
"                 206",-1.850615080269e+01,2.653584578465e+02,1.771053794821e+02,-1.858251499853e+01,2.839082483252e+02,1.771238648255e+02,-7.636419584225e-02,1.854979047869e+01,1.848534336185e-02
"                 207",-1.841476611279e+01,2.652600306908e+02,1.770891817736e+02,-1.849261993851e+01,2.838095595411e+02,1.771064447092e+02,-7.785382572273e-02,1.854952885028e+01,1.726293557936e-02
"                 208",-1.832235837660e+01,2.651706507496e+02,1.770783339849e+02,-1.840165361944e+01,2.837199071411e+02,1.770944343436e+02,-7.929524284527e-02,1.854925639146e+01,1.610035872074e-02
"                 209",-1.822223281489e+01,2.650962022060e+02,1.770642751392e+02,-1.830282357138e+01,2.836452663559e+02,1.770793384680e+02,-8.059075648496e-02,1.854906414990e+01,1.506332889034e-02
"                 210",-1.811802427701e+01,2.650378267083e+02,1.770550397181e+02,-1.819981699960e+01,2.835867358826e+02,1.770691512369e+02,-8.179272259747e-02,1.854890917432e+01,1.411151879960e-02
"                 211",-1.798964942578e+01,2.649856929081e+02,1.770424243384e+02,-1.807251226500e+01,2.835345115422e+02,1.770556971659e+02,-8.286283921644e-02,1.854881863401e+01,1.327282752130e-02
"                 212",-1.784231179328e+01,2.649461580656e+02,1.770331816750e+02,-1.792615954036e+01,2.834949273015e+02,1.770456925916e+02,-8.384774708356e-02,1.854876923590e+01,1.251091665880e-02
"                 213",-1.766639238685e+01,2.648920058620e+02,1.770176499984e+02,-1.775104988012e+01,2.834407783749e+02,1.770295211843e+02,-8.465749326950e-02,1.854877251284e+01,1.187118587788e-02
"                 214",-1.748312451120e+01,2.648581281078e+02,1.770013288512e+02,-1.756846229183e+01,2.834069422670e+02,1.770126490832e+02,-8.533778062866e-02,1.854881415918e+01,1.132023204875e-02
"                 215",-1.728460180883e+01,2.648240074835e+02,1.769792747425e+02,-1.737040543652e+01,2.833729427185e+02,1.769901813526e+02,-8.580362769177e-02,1.854893523498e+01,1.090661007228e-02
"                 216",-1.708581117386e+01,2.647817865906e+02,1.769621614161e+02,-1.717192978890e+01,2.833309172921e+02,1.769727408245e+02,-8.611861504117e-02,1.854913070155e+01,1.057940845413e-02
"                 217",-1.687330464170e+01,2.647394073212e+02,1.769435842179e+02,-1.695958124031e+01,2.832888423562e+02,1.769539674068e+02,-8.627659860955e-02,1.854943503498e+01,1.038318890362e-02
"                 218",-1.665410214914e+01,2.646997575517e+02,1.769320353657e+02,-1.674041050933e+01,2.832495752816e+02,1.769423085075e+02,-8.630836018959e-02,1.854981772993e+01,1.027314187069e-02
"                 219",-1.641767941501e+01,2.646689383097e+02,1.769185332531e+02,-1.650386675742e+01,2.832192256247e+02,1.769288510210e+02,-8.618734241295e-02,1.855028731508e+01,1.031776795749e-02
"                 220",-1.617577272239e+01,2.646385470590e+02,1.769087543636e+02,-1.626169245215e+01,2.831893446431e+02,1.769192167733e+02,-8.591972976461e-02,1.855079758407e+01,1.046240970805e-02
"                 221",-1.591640635958e+01,2.646121855124e+02,1.768945841668e+02,-1.600188598577e+01,2.831635085776e+02,1.769053476227e+02,-8.547962619096e-02,1.855132306516e+01,1.076345595073e-02
"                 222",-1.564975826040e+01,2.645872095870e+02,1.768838722788e+02,-1.573465787549e+01,2.831390404267e+02,1.768950192657e+02,-8.489961508841e-02,1.855183083973e+01,1.114698695051e-02
"                 223",-1.537131871793e+01,2.645961490309e+02,1.768735587907e+02,-1.545546594926e+01,2.831484974072e+02,1.768852417709e+02,-8.414723132963e-02,1.855234837630e+01,1.168298022964e-02
"                 224",-1.509545572949e+01,2.646312187611e+02,1.768707685209e+02,-1.517866395237e+01,2.831840892535e+02,1.768830539694e+02,-8.320822287463e-02,1.855287049241e+01,1.228544846683e-02
"                 225",-1.480939734158e+01,2.646669550140e+02,1.768660183485e+02,-1.489143906851e+01,2.832203539353e+02,1.768790483828e+02,-8.204172693221e-02,1.855339892130e+01,1.303003434558e-02
"                 226",-1.453073059463e+01,2.646912309908e+02,1.768646353800e+02,-1.461140140855e+01,2.832451677153e+02,1.768784385638e+02,-8.067081391980e-02,1.855393672448e+01,1.380318382098e-02
"                 227",-1.424381722024e+01,2.647053686474e+02,1.768592515090e+02,-1.432295246841e+01,2.832598307746e+02,1.768739412512e+02,-7.913524817398e-02,1.855446212717e+01,1.468974218205e-02
"                 228",-1.395902229994e+01,2.647169701160e+02,1.768571274453e+02,-1.403648004244e+01,2.832719777309e+02,1.768727369684e+02,-7.745774249292e-02,1.855500761483e+01,1.560952306158e-02
"                 229",-1.365940675069e+01,2.647376697818e+02,1.768510564639e+02,-1.373503061354e+01,2.832932399710e+02,1.768676893126e+02,-7.562386285294e-02,1.855557018917e+01,1.663284864360e-02
"                 230",-1.335657237169e+01,2.647694282404e+02,1.768477467908e+02,-1.343020119603e+01,2.833256010029e+02,1.768654271110e+02,-7.362882433502e-02,1.855617276249e+01,1.768032018651e-02
"                 231",-1.303459536930e+01,2.648078823960e+02,1.768421260247e+02,-1.310606450265e+01,2.833646918991e+02,1.768609738728e+02,-7.146913334176e-02,1.855680950311e+01,1.884784810108e-02
"                 232",-1.271542607091e+01,2.648520472908e+02,1.768406520666e+02,-1.278460358425e+01,2.834095458323e+02,1.768606873456e+02,-6.917751333869e-02,1.855749854151e+01,2.003527894457e-02
"                 233",-1.239014068541e+01,2.648946687095e+02,1.768375854829e+02,-1.245691784179e+01,2.834528737094e+02,1.768588924112e+02,-6.677715637229e-02,1.855820499992e+01,2.130692830400e-02
"                 234",-1.207659557755e+01,2.649264731983e+02,1.768377285627e+02,-1.214084729612e+01,2.834854318975e+02,1.768603021554e+02,-6.425171856334e-02,1.855895869920e+01,2.257359265429e-02
"                 235",-1.174833079480e+01,2.649464929671e+02,1.768369218377e+02,-1.180994111253e+01,2.835062201849e+02,1.768608618911e+02,-6.161031773199e-02,1.855972721783e+01,2.394005345197e-02
"                 236",-1.141639729856e+01,2.649578453605e+02,1.768386608948e+02,-1.147525430432e+01,2.835183572380e+02,1.768639749412e+02,-5.885700576416e-02,1.856051187751e+01,2.531404639638e-02
"                 237",-1.106833272934e+01,2.649573471909e+02,1.768367633087e+02,-1.112434624768e+01,2.835186001638e+02,1.768635408568e+02,-5.601351834949e-02,1.856125297294e+01,2.677754813851e-02
"                 238",-1.072671422489e+01,2.649445542847e+02,1.768353353662e+02,-1.077982334025e+01,2.835065121994e+02,1.768635616785e+02,-5.310911536132e-02,1.856195791468e+01,2.822631232709e-02
"                 239",-1.037377860545e+01,2.649265850588e+02,1.768302356449e+02,-1.042392647485e+01,2.834891946331e+02,1.768599657391e+02,-5.014786940057e-02,1.856260957427e+01,2.973009423873e-02
"                 240",-1.003580397560e+01,2.649091336963e+02,1.768266707976e+02,-1.008294638804e+01,2.834724165986e+02,1.768578822419e+02,-4.714241244447e-02,1.856328290232e+01,3.121144431969e-02
"                 241",-9.693247095467e+00,2.649029653374e+02,1.768194373627e+02,-9.737321469450e+00,2.834669792519e+02,1.768521677168e+02,-4.407437398285e-02,1.856401391450e+01,3.273035413810e-02
"                 242",-9.367728095432e+00,2.649121351387e+02,1.768124671191e+02,-9.408715462864e+00,2.834769763890e+02,1.768467323249e+02,-4.098736743228e-02,1.856484125031e+01,3.426520580383e-02
"                 243",-9.044223983879e+00,2.649367089283e+02,1.768010793760e+02,-9.082132396942e+00,2.835024389558e+02,1.768369453071e+02,-3.790841306252e-02,1.856573002749e+01,3.586593106983e-02
"                 244",-8.744466181674e+00,2.649417467406e+02,1.767919328418e+02,-8.779363895060e+00,2.835084311520e+02,1.768294224706e+02,-3.489771338579e-02,1.856668441143e+01,3.748962878127e-02
"                 245",-8.445317603581e+00,2.649098015315e+02,1.767797803444e+02,-8.477219857680e+00,2.834774822051e+02,1.768189841307e+02,-3.190225409812e-02,1.856768067364e+01,3.920378630887e-02
"                 246",-8.168629582541e+00,2.648536584921e+02,1.767697557405e+02,-8.197554689582e+00,2.834223787100e+02,1.768107549271e+02,-2.892510704074e-02,1.856872021784e+01,4.099918660545e-02
"                 247",-7.891069424242e+00,2.648020090542e+02,1.767561677908e+02,-7.917040116352e+00,2.833717643622e+02,1.767990484130e+02,-2.597069210945e-02,1.856975530797e+01,4.288062220733e-02
"                 248",-7.632995788088e+00,2.647714796146e+02,1.767439484134e+02,-7.656115872887e+00,2.833422611556e+02,1.767887382384e+02,-2.312008479837e-02,1.857078154093e+01,4.478982498393e-02
"                 249",-7.382762549735e+00,2.647495600148e+02,1.767302700407e+02,-7.403104965846e+00,2.833213502497e+02,1.767770431365e+02,-2.034241611049e-02,1.857179023485e+01,4.677309577167e-02
"                 250",-7.155875741652e+00,2.647113928999e+02,1.767232301181e+02,-7.173522691284e+00,2.832842047456e+02,1.767720427205e+02,-1.764694963212e-02,1.857281184579e+01,4.881260232758e-02
"                 251",-6.938569185132e+00,2.646513720206e+02,1.767176207713e+02,-6.953564557231e+00,2.832252054831e+02,1.767685820338e+02,-1.499537209852e-02,1.857383346251e+01,5.096126254871e-02
"                 252",-6.740948343502e+00,2.645900230787e+02,1.767158156577e+02,-6.753364489180e+00,2.831648958859e+02,1.767689740455e+02,-1.241614567716e-02,1.857487280721e+01,5.315838780849e-02
"                 253",-6.547301003601e+00,2.645485650350e+02,1.767114980030e+02,-6.557208054004e+00,2.831244648780e+02,1.767669760151e+02,-9.907050402637e-03,1.857589984305e+01,5.547801207405e-02
"                 254",-6.368738700668e+00,2.645331658927e+02,1.767103684358e+02,-6.376256746212e+00,2.831101098679e+02,1.767682523202e+02,-7.518045543930e-03,1.857694397522e+01,5.788388440483e-02
"                 255",-6.189176814454e+00,2.645294682941e+02,1.767071515163e+02,-6.194389825286e+00,2.831074489128e+02,1.767675651312e+02,-5.213010832110e-03,1.857798061868e+01,6.041361497575e-02
"                 256",-6.039523898182e+00,2.645057051895e+02,1.767102247964e+02,-6.042502344678e+00,2.830847901064e+02,1.767732546738e+02,-2.978446495935e-03,1.857908491685e+01,6.302987736864e-02
"                 257",-5.896953364900e+00,2.644750197540e+02,1.767142042806e+02,-5.897757148428e+00,2.830552399828e+02,1.767799900976e+02,-8.037835279200e-04,1.858022022883e+01,6.578581703228e-02
"                 258",-5.772908259621e+00,2.644535847551e+02,1.767238993095e+02,-5.771665160599e+00,2.830350018988e+02,1.767925545882e+02,1.243099021130e-03,1.858141714374e+01,6.865527871929e-02
"                 259",-5.653701155269e+00,2.644479561775e+02,1.767324594958e+02,-5.650555506181e+00,2.830305832404e+02,1.768041222648e+02,3.145649088055e-03,1.858262706297e+01,7.166276891327e-02
"                 260",-5.570160036808e+00,2.644460520767e+02,1.767444704303e+02,-5.565227908239e+00,2.830299171478e+02,1.768191849015e+02,4.932128568737e-03,1.858386507112e+01,7.471447119942e-02
"                 261",-5.505020117774e+00,2.644438211729e+02,1.767538766223e+02,-5.498359800543e+00,2.830289161493e+02,1.768317166079e+02,6.660317230924e-03,1.858509497643e+01,7.783998559955e-02
"                 262",-5.467001393290e+00,2.644341564313e+02,1.767663528689e+02,-5.458737692950e+00,2.830205107855e+02,1.768473816977e+02,8.263700339683e-03,1.858635435423e+01,8.102882883438e-02
"                 263",-5.427393458589e+00,2.644290849036e+02,1.767759867870e+02,-5.417657889138e+00,2.830166875354e+02,1.768602774052e+02,9.735569451372e-03,1.858760263180e+01,8.429061817720e-02
"                 264",-5.401943219914e+00,2.644301593978e+02,1.767885236932e+02,-5.390873799055e+00,2.830190474783e+02,1.768761029228e+02,1.106942085880e-02,1.858888808049e+01,8.757922962110e-02
"                 265",-5.377035906788e+00,2.644385761346e+02,1.767999905508e+02,-5.364710041685e+00,2.830287349110e+02,1.768909011610e+02,1.232586510209e-02,1.859015877638e+01,9.091061021232e-02
"                 266",-5.371542273245e+00,2.644623583683e+02,1.768164819937e+02,-5.358066344794e+00,2.830538144092e+02,1.769107195917e+02,1.347592845153e-02,1.859145604094e+01,9.423759797827e-02
"                 267",-5.380650935127e+00,2.644835965253e+02,1.768336899971e+02,-5.366111538395e+00,2.830763075354e+02,1.769312744075e+02,1.453939673156e-02,1.859271101007e+01,9.758441036655e-02
"                 268",-5.424704963420e+00,2.644944950741e+02,1.768568120398e+02,-5.409222619535e+00,2.830884785382e+02,1.769577257507e+02,1.548234388488e-02,1.859398346409e+01,1.009137108973e-01
"                 269",-5.474563363891e+00,2.645072477689e+02,1.768767951245e+02,-5.458263214748e+00,2.831024708320e+02,1.769810539693e+02,1.630014914328e-02,1.859522306309e+01,1.042588448798e-01
"                 270",-5.532841253453e+00,2.645333792232e+02,1.768991528383e+02,-5.515851918656e+00,2.831298594492e+02,1.770067600450e+02,1.698933479744e-02,1.859648022600e+01,1.076072066506e-01
"                 271",-5.582931904056e+00,2.645726434334e+02,1.769204163069e+02,-5.565334131293e+00,2.831703501779e+02,1.770313970018e+02,1.759777276252e-02,1.859770674451e+01,1.109806948803e-01
"                 272",-5.646696786593e+00,2.646085689177e+02,1.769484719828e+02,-5.628553452366e+00,2.832075238201e+02,1.770628250520e+02,1.814333422686e-02,1.859895490242e+01,1.143530691851e-01
"                 273",-5.712531888856e+00,2.646409653370e+02,1.769772689047e+02,-5.693896802188e+00,2.832411388258e+02,1.770950083852e+02,1.863508666768e-02,1.860017348875e+01,1.177394805762e-01
"                 274",-5.792745679295e+00,2.646752099161e+02,1.770107945654e+02,-5.773692490167e+00,2.832766193520e+02,1.771318760966e+02,1.905318912789e-02,1.860140943591e+01,1.210815312251e-01
"                 275",-5.865715659953e+00,2.647228399609e+02,1.770404339292e+02,-5.846288345165e+00,2.833254689028e+02,1.771648165973e+02,1.942731478733e-02,1.860262894190e+01,1.243826681397e-01
"                 276",-5.946498426950e+00,2.647827229578e+02,1.770712843595e+02,-5.926745439181e+00,2.833865998695e+02,1.771989055963e+02,1.975298776880e-02,1.860387691166e+01,1.276212367784e-01
"                 277",-6.026087594491e+00,2.648531030037e+02,1.770983861216e+02,-6.006043915118e+00,2.834581977913e+02,1.772291971194e+02,2.004367937282e-02,1.860509478755e+01,1.308109977921e-01
"                 278",-6.125884617160e+00,2.649281169579e+02,1.771278306940e+02,-6.105667254640e+00,2.835344244380e+02,1.772617501420e+02,2.021736252046e-02,1.860630748003e+01,1.339194479843e-01
"                 279",-6.232589808301e+00,2.650074854903e+02,1.771535949799e+02,-6.212304479858e+00,2.836149681200e+02,1.772905605590e+02,2.028532844229e-02,1.860748262969e+01,1.369655790937e-01
"                 280",-6.352331091094e+00,2.650880145680e+02,1.771807462979e+02,-6.332092841211e+00,2.836966856844e+02,1.773206618917e+02,2.023824988292e-02,1.860867111634e+01,1.399155938015e-01
"                 281",-6.461277490343e+00,2.651732770190e+02,1.772021940692e+02,-6.441162618742e+00,2.837831393082e+02,1.773449884900e+02,2.011487160138e-02,1.860986228915e+01,1.427944207985e-01
"                 282",-6.572195989215e+00,2.652626134765e+02,1.772252346122e+02,-6.552282607419e+00,2.838737005167e+02,1.773708017926e+02,1.991338179626e-02,1.861108704016e+01,1.455671803991e-01
"                 283",-6.677141919669e+00,2.653521501361e+02,1.772434110167e+02,-6.657470687694e+00,2.839644641344e+02,1.773916443149e+02,1.967123197447e-02,1.861231399831e+01,1.482332982663e-01
"                 284",-6.798933498756e+00,2.654359538214e+02,1.772612215165e+02,-6.779577042794e+00,2.840495341420e+02,1.774119643332e+02,1.935645596201e-02,1.861358032062e+01,1.507428167133e-01
"                 285",-6.924320103778e+00,2.655229061753e+02,1.772724214133e+02,-6.905327302568e+00,2.841377589159e+02,1.774255627908e+02,1.899280120923e-02,1.861485274065e+01,1.531413775178e-01
"                 286",-7.064607829001e+00,2.656163708204e+02,1.772847927814e+02,-7.046022914751e+00,2.842325319026e+02,1.774402166070e+02,1.858491425003e-02,1.861616108218e+01,1.554238255812e-01
"                 287",-7.198271932441e+00,2.657131493646e+02,1.772922469584e+02,-7.180119360579e+00,2.843306249664e+02,1.774498554151e+02,1.815257186168e-02,1.861747560176e+01,1.576084567163e-01
"                 288",-7.332774860382e+00,2.658073182763e+02,1.773010033300e+02,-7.315103464256e+00,2.844261360698e+02,1.774606864378e+02,1.767139612636e-02,1.861881779345e+01,1.596831077932e-01
"                 289",-7.455108681822e+00,2.658991774937e+02,1.773044909251e+02,-7.437986436825e+00,2.845193312497e+02,1.774661649717e+02,1.712224499684e-02,1.862015375597e+01,1.616740465813e-01
"                 290",-7.584575100628e+00,2.659857469945e+02,1.773099311330e+02,-7.568097890673e+00,2.846072526737e+02,1.774734899342e+02,1.647720995566e-02,1.862150567924e+01,1.635588011572e-01
"                 291",-7.709182544675e+00,2.660738166823e+02,1.773120421044e+02,-7.693383070507e+00,2.846966487410e+02,1.774773442557e+02,1.579947416844e-02,1.862283205867e+01,1.653021513402e-01
"                 292",-7.843358871114e+00,2.661637656697e+02,1.773165190234e+02,-7.828249124086e+00,2.847879380903e+02,1.774833748394e+02,1.510974702755e-02,1.862417242062e+01,1.668558160355e-01
"                 293",-7.973265240292e+00,2.662502928371e+02,1.773165436898e+02,-7.958895205920e+00,2.848757865823e+02,1.774848118910e+02,1.437003437224e-02,1.862549374529e+01,1.682682011605e-01
"                 294",-8.114403162810e+00,2.663270720048e+02,1.773183080292e+02,-8.100853332064e+00,2.849539064966e+02,1.774878372259e+02,1.354983074610e-02,1.862683449181e+01,1.695291967328e-01
"                 295",-8.251106744799e+00,2.663947721941e+02,1.773165351330e+02,-8.238445551878e+00,2.850229280572e+02,1.774872032193e+02,1.266119292091e-02,1.862815586316e+01,1.706680863783e-01
"                 296",-8.393917875820e+00,2.664589770658e+02,1.773176505692e+02,-8.382209871825e+00,2.850884740667e+02,1.774893181792e+02,1.170800399502e-02,1.862949700086e+01,1.716676100385e-01
"                 297",-8.525003878616e+00,2.665250259241e+02,1.773164207309e+02,-8.514271431596e+00,2.851558210004e+02,1.774889371003e+02,1.073244702023e-02,1.863079507637e+01,1.725163693676e-01
"                 298",-8.656417320330e+00,2.665938422978e+02,1.773194363703e+02,-8.646694138467e+00,2.852259508522e+02,1.774926421096e+02,9.723181862916e-03,1.863210855438e+01,1.732057393494e-01
"                 299",-8.772794764750e+00,2.666610163967e+02,1.773188340173e+02,-8.764082772094e+00,2.852944103425e+02,1.774925757749e+02,8.711992655644e-03,1.863339394585e+01,1.737417575740e-01
"                 300",-8.890588905254e+00,2.667243408950e+02,1.773179396845e+02,-8.882927193123e+00,2.853590442569e+02,1.774920646023e+02,7.661712130247e-03,1.863470336194e+01,1.741249178274e-01
"                 301",-8.997807590903e+00,2.667830449894e+02,1.773099674897e+02,-8.991201101239e+00,2.854190518514e+02,1.774843487693e+02,6.606489663824e-03,1.863600686201e+01,1.743812796257e-01
"                 302",-9.110584377220e+00,2.668398761331e+02,1.773042977347e+02,-9.105041771007e+00,2.854772650154e+02,1.774787993071e+02,5.542606213299e-03,1.863738888239e+01,1.745015723872e-01
"                 303",-9.213975962533e+00,2.668918926113e+02,1.772958429293e+02,-9.209480415825e+00,2.855307052041e+02,1.774703740289e+02,4.495546708023e-03,1.863881259271e+01,1.745310996359e-01
"                 304",-9.319952307165e+00,2.669404365213e+02,1.772909533089e+02,-9.316517754000e+00,2.855807482737e+02,1.774653941474e+02,3.434553164216e-03,1.864031175231e+01,1.744408385244e-01
"                 305",-9.414800266617e+00,2.669872451472e+02,1.772806249993e+02,-9.412432904331e+00,2.856290709254e+02,1.774548966524e+02,2.367362285672e-03,1.864182577814e+01,1.742716531795e-01
"                 306",-9.513763092713e+00,2.670374883473e+02,1.772706249693e+02,-9.512468587256e+00,2.856809044625e+02,1.774446248183e+02,1.294505457667e-03,1.864341611513e+01,1.739998489488e-01
"                 307",-9.607878677026e+00,2.670902373650e+02,1.772521206971e+02,-9.607648073894e+00,2.857352579336e+02,1.774258044872e+02,2.306031326825e-04,1.864502056860e+01,1.736837901761e-01
"                 308",-9.711435148092e+00,2.671443740486e+02,1.772344925059e+02,-9.712257723962e+00,2.857910233074e+02,1.774077548234e+02,-8.225758707318e-04,1.864664925886e+01,1.732623174639e-01
"                 309",-9.811260110728e+00,2.671988980090e+02,1.772132347008e+02,-9.813121905368e+00,2.858471304107e+02,1.773859966954e+02,-1.861794640163e-03,1.864823240165e+01,1.727619946162e-01
"                 310",-9.920010491731e+00,2.672464075979e+02,1.771965340373e+02,-9.922919492581e+00,2.858962276145e+02,1.773686760745e+02,-2.909000850049e-03,1.864982001662e+01,1.721420372116e-01
"                 311",-1.002145692251e+01,2.672852764165e+02,1.771753789514e+02,-1.002539084864e+01,2.859366516119e+02,1.773468187717e+02,-3.933926137691e-03,1.865137519539e+01,1.714398202543e-01
"                 312",-1.012636087315e+01,2.673200396480e+02,1.771568215887e+02,-1.013129270584e+01,2.859729696646e+02,1.773274327277e+02,-4.931832694356e-03,1.865293001664e+01,1.706111390081e-01
"                 313",-1.021806722403e+01,2.673553574207e+02,1.771328707234e+02,-1.022395447628e+01,2.860098080049e+02,1.773025760154e+02,-5.887252248954e-03,1.865445058429e+01,1.697052919963e-01
"                 314",-1.030810077164e+01,2.673907135317e+02,1.771118829291e+02,-1.031490816008e+01,2.860466984151e+02,1.772805511877e+02,-6.807388441455e-03,1.865598488341e+01,1.686682585726e-01
"                 315",-1.038278835028e+01,2.674259000639e+02,1.770853503624e+02,-1.039049188534e+01,2.860834186959e+02,1.772529139967e+02,-7.703535065197e-03,1.865751863198e+01,1.675636343276e-01
"                 316",-1.045539018812e+01,2.674594179689e+02,1.770608210649e+02,-1.046397631091e+01,2.861184951829e+02,1.772271608627e+02,-8.586122783151e-03,1.865907721396e+01,1.663397978143e-01
"                 317",-1.051709658950e+01,2.674872247828e+02,1.770299909738e+02,-1.052653576574e+01,2.861478724196e+02,1.771950564310e+02,-9.439176243324e-03,1.866064763674e+01,1.650654571773e-01
"                 318",-1.058458759050e+01,2.675057071762e+02,1.770014037158e+02,-1.059486435377e+01,2.861679565342e+02,1.771651401929e+02,-1.027676327509e-02,1.866224935799e+01,1.637364770858e-01
"                 319",-1.064425707349e+01,2.675172556858e+02,1.769662730858e+02,-1.065532546738e+01,2.861811270667e+02,1.771286622306e+02,-1.106839388523e-02,1.866387138088e+01,1.623891448452e-01
"                 320",-1.070664989010e+01,2.675256170881e+02,1.769342941447e+02,-1.071851603465e+01,2.861911513145e+02,1.770953080273e+02,-1.186614455287e-02,1.866553422647e+01,1.610138826652e-01
"                 321",-1.075724685710e+01,2.675322331353e+02,1.768965653384e+02,-1.076987690053e+01,2.861994324684e+02,1.770561858847e+02,-1.263004343427e-02,1.866719933312e+01,1.596205463054e-01
"                 322",-1.081073954218e+01,2.675325744822e+02,1.768619173858e+02,-1.082415630674e+01,2.862014719300e+02,1.770201192747e+02,-1.341676456122e-02,1.866889744775e+01,1.582018888146e-01
"                 323",-1.085403874319e+01,2.675263992458e+02,1.768211458857e+02,-1.086819302518e+01,2.861969688527e+02,1.769779237686e+02,-1.415428199114e-02,1.867056960690e+01,1.567778829170e-01
"                 324",-1.089676390112e+01,2.675118828411e+02,1.767847545941e+02,-1.091163280884e+01,2.861841705403e+02,1.769401062937e+02,-1.486890772151e-02,1.867228769921e+01,1.553516995378e-01
"                 325",-1.092585712233e+01,2.674948588072e+02,1.767438625200e+02,-1.094134836339e+01,2.861688484084e+02,1.768978081248e+02,-1.549124105101e-02,1.867398960117e+01,1.539456047386e-01
"                 326",-1.095401680564e+01,2.674742895125e+02,1.767079886911e+02,-1.097011428004e+01,2.861500073167e+02,1.768605206937e+02,-1.609747440104e-02,1.867571780420e+01,1.525320025963e-01
"                 327",-1.097143422873e+01,2.674519713604e+02,1.766667877993e+02,-1.098810057107e+01,2.861293877708e+02,1.768179207772e+02,-1.666634233622e-02,1.867741641036e+01,1.511329778154e-01
"                 328",-1.098932174826e+01,2.674268438997e+02,1.766297741010e+02,-1.100653660006e+01,2.861059935021e+02,1.767794903732e+02,-1.721485180304e-02,1.867914960243e+01,1.497162721515e-01
"                 329",-1.099853280081e+01,2.673976764307e+02,1.765885858192e+02,-1.101623932475e+01,2.860785373011e+02,1.767369088834e+02,-1.770652393733e-02,1.868086087038e+01,1.483230641945e-01
"                 330",-1.101205605457e+01,2.673628342507e+02,1.765530942498e+02,-1.103021879005e+01,2.860454166056e+02,1.767000029786e+02,-1.816273548080e-02,1.868258235487e+01,1.469087288025e-01
"                 331",-1.101822668227e+01,2.673280115132e+02,1.765138578648e+02,-1.103680694679e+01,2.860122846258e+02,1.766593885324e+02,-1.858026452405e-02,1.868427311266e+01,1.455306676534e-01
"                 332",-1.102717524591e+01,2.672982247665e+02,1.764803576469e+02,-1.104618311093e+01,2.859841839400e+02,1.766244994172e+02,-1.900786501449e-02,1.868595917346e+01,1.441417703448e-01
"                 333",-1.102576974322e+01,2.672738439573e+02,1.764436930835e+02,-1.104519866567e+01,2.859614713610e+02,1.765865005670e+02,-1.942892244552e-02,1.868762740366e+01,1.428074835038e-01
"                 334",-1.102577963613e+01,2.672479657387e+02,1.764130245923e+02,-1.104561230105e+01,2.859372834466e+02,1.765545098972e+02,-1.983266491657e-02,1.868931770793e+01,1.414853049365e-01
"                 335",-1.101530178367e+01,2.672196758699e+02,1.763788737048e+02,-1.103548358989e+01,2.859106909388e+02,1.765191191336e+02,-2.018180622728e-02,1.869101506892e+01,1.402454287987e-01
"                 336",-1.101024792765e+01,2.671822200651e+02,1.763503260769e+02,-1.103075399055e+01,2.858749596678e+02,1.764893671263e+02,-2.050606290289e-02,1.869273960273e+01,1.390410494586e-01
"                 337",-1.099733880996e+01,2.671460650122e+02,1.763190779297e+02,-1.101813910094e+01,2.858405254738e+02,1.764570102980e+02,-2.080029097625e-02,1.869446046165e+01,1.379323682277e-01
"                 338",-1.098678272209e+01,2.671181730550e+02,1.762956791799e+02,-1.100787265484e+01,2.858143658826e+02,1.764325531332e+02,-2.108993274943e-02,1.869619282754e+01,1.368739532829e-01
"                 339",-1.096486114378e+01,2.670921663590e+02,1.762690717218e+02,-1.098621338642e+01,2.857900875315e+02,1.764049910167e+02,-2.135224264025e-02,1.869792117254e+01,1.359192948914e-01
"                 340",-1.094563043036e+01,2.670573529481e+02,1.762478015113e+02,-1.096721479297e+01,2.857570351096e+02,1.763828332912e+02,-2.158436260877e-02,1.869968216146e+01,1.350317798517e-01
"                 341",-1.091426411410e+01,2.670147448777e+02,1.762229972904e+02,-1.093599345773e+01,2.857161948191e+02,1.763572508005e+02,-2.172934362456e-02,1.870144994138e+01,1.342535101328e-01
"                 342",-1.088943066981e+01,2.669645408805e+02,1.762044493401e+02,-1.091126637830e+01,2.856677888234e+02,1.763379864967e+02,-2.183570848849e-02,1.870324794292e+01,1.335371566316e-01
"                 343",-1.085554540348e+01,2.669203113160e+02,1.761828376740e+02,-1.087745691723e+01,2.856253397618e+02,1.763157483485e+02,-2.191151374461e-02,1.870502844583e+01,1.329106745803e-01
"                 344",-1.082487679651e+01,2.668845477968e+02,1.761679020487e+02,-1.084685032399e+01,2.855913830399e+02,1.763002546020e+02,-2.197352747755e-02,1.870683524308e+01,1.323525533120e-01
"                 345",-1.078175794785e+01,2.668548546425e+02,1.761506515589e+02,-1.080376201614e+01,2.855634900825e+02,1.762825491212e+02,-2.200406829057e-02,1.870863544003e+01,1.318975623247e-01
"                 346",-1.074308797261e+01,2.668221626181e+02,1.761409358056e+02,-1.076511255796e+01,2.855326293007e+02,1.762724497645e+02,-2.202458534620e-02,1.871046668256e+01,1.315139589252e-01
"                 347",-1.069574160546e+01,2.667860984583e+02,1.761282991778e+02,-1.071774364047e+01,2.854983906871e+02,1.762595261142e+02,-2.200203501358e-02,1.871229222880e+01,1.312269363661e-01
"                 348",-1.065595891849e+01,2.667496545317e+02,1.761216671702e+02,-1.067793355288e+01,2.854637855081e+02,1.762526556887e+02,-2.197463439266e-02,1.871413097647e+01,1.309885184910e-01
"                 349",-1.060781936137e+01,2.667184417744e+02,1.761114541831e+02,-1.062976041251e+01,2.854343784758e+02,1.762422783714e+02,-2.194105114851e-02,1.871593670146e+01,1.308241883093e-01
"                 350",-1.056731874094e+01,2.666922699788e+02,1.761070502230e+02,-1.058922109074e+01,2.854100142922e+02,1.762377495847e+02,-2.190234980066e-02,1.871774431344e+01,1.306993616983e-01
"                 351",-1.051965670871e+01,2.666685107726e+02,1.760985518893e+02,-1.054144168989e+01,2.853880341223e+02,1.762292025565e+02,-2.178498118389e-02,1.871952334971e+01,1.306506671716e-01
"                 352",-1.048018190336e+01,2.666454186532e+02,1.760953208783e+02,-1.050178854403e+01,2.853667253374e+02,1.762259748525e+02,-2.160664067216e-02,1.872130668420e+01,1.306539741352e-01
"                 353",-1.043399145523e+01,2.666241777547e+02,1.760886534306e+02,-1.045534619276e+01,2.853472310695e+02,1.762193925899e+02,-2.135473752886e-02,1.872305331487e+01,1.307391592817e-01
"                 354",-1.039975785702e+01,2.666075605326e+02,1.760871039083e+02,-1.042083935362e+01,2.853323644773e+02,1.762179757929e+02,-2.108149659440e-02,1.872480394471e+01,1.308718846828e-01
"                 355",-1.036247025292e+01,2.665939154408e+02,1.760805611958e+02,-1.038323698340e+01,2.853204484173e+02,1.762116508858e+02,-2.076673048312e-02,1.872653297648e+01,1.310896899321e-01
"                 356",-1.033749781943e+01,2.665832591123e+02,1.760774342382e+02,-1.035793364883e+01,2.853115563094e+02,1.762088106707e+02,-2.043582939829e-02,1.872829719717e+01,1.313764324945e-01
"                 357",-1.030967888344e+01,2.665723161095e+02,1.760695351044e+02,-1.032971661011e+01,2.853023729387e+02,1.762012934326e+02,-2.003772666999e-02,1.873005682915e+01,1.317583281943e-01
"                 358",-1.029421397223e+01,2.665626236218e+02,1.760667503564e+02,-1.031383715926e+01,2.852944690744e+02,1.761989498935e+02,-1.962318702935e-02,1.873184545256e+01,1.321995370991e-01
"                 359",-1.027300782747e+01,2.665537618502e+02,1.760604592047e+02,-1.029219284893e+01,2.852873738170e+02,1.761931894036e+02,-1.918502146713e-02,1.873361196679e+01,1.327301988816e-01
"                 360",-1.026096967445e+01,2.665487879814e+02,1.760600910998e+02,-1.027973796861e+01,2.852841997788e+02,1.761934091456e+02,-1.876829416033e-02,1.873541179741e+01,1.333180457748e-01
"                 361",-1.024140955018e+01,2.665467761670e+02,1.760580030945e+02,-1.025973689583e+01,2.852839812284e+02,1.761919971781e+02,-1.832734564704e-02,1.873720506141e+01,1.339940835897e-01
"                 362",-1.023056453127e+01,2.665479021552e+02,1.760639346212e+02,-1.024847936555e+01,2.852869239860e+02,1.761986500630e+02,-1.791483428270e-02,1.873902183082e+01,1.347154418169e-01
"                 363",-1.021203471052e+01,2.665471046022e+02,1.760682787881e+02,-1.022950933140e+01,2.852879233798e+02,1.762037853410e+02,-1.747462087610e-02,1.874081877765e+01,1.355065528210e-01
"                 364",-1.020169622197e+01,2.665442452468e+02,1.760783137734e+02,-1.021876425362e+01,2.852868596488e+02,1.762146416327e+02,-1.706803165028e-02,1.874261440198e+01,1.363278592960e-01
"                 365",-1.018268896266e+01,2.665417661563e+02,1.760840515634e+02,-1.019935087907e+01,2.852861222396e+02,1.762212554132e+02,-1.666191641182e-02,1.874435608331e+01,1.372038498156e-01
"                 366",-1.017209180584e+01,2.665414747276e+02,1.760945540225e+02,-1.018839955512e+01,2.852875562199e+02,1.762326667537e+02,-1.630774928556e-02,1.874608149230e+01,1.381127311290e-01
"                 367",-1.015545282896e+01,2.665422327072e+02,1.761002975962e+02,-1.017137898177e+01,2.852900087898e+02,1.762393847764e+02,-1.592615281077e-02,1.874777608256e+01,1.390871801371e-01
"                 368",-1.014878388537e+01,2.665446909321e+02,1.761108129375e+02,-1.016433954978e+01,2.852941728453e+02,1.762509174875e+02,-1.555566440345e-02,1.874948191318e+01,1.401045499899e-01
"                 369",-1.013212363795e+01,2.665484077498e+02,1.761177157919e+02,-1.014726022781e+01,2.852995851505e+02,1.762588958064e+02,-1.513658985765e-02,1.875117740063e+01,1.411800145828e-01
"                 370",-1.012185176771e+01,2.665540509212e+02,1.761309031674e+02,-1.013659434449e+01,2.853069420820e+02,1.762731905014e+02,-1.474257678241e-02,1.875289116082e+01,1.422873339148e-01
"                 371",-1.010299567142e+01,2.665579711369e+02,1.761395864866e+02,-1.011733703850e+01,2.853125643490e+02,1.762830354053e+02,-1.434136708723e-02,1.875459321212e+01,1.434489186984e-01
"                 372",-1.009570340227e+01,2.665609966188e+02,1.761525934310e+02,-1.010968509414e+01,2.853173186697e+02,1.762972317494e+02,-1.398169186890e-02,1.875632205089e+01,1.446383184499e-01
"                 373",-1.008323205456e+01,2.665610545871e+02,1.761608999843e+02,-1.009682671664e+01,2.853191245070e+02,1.763067778682e+02,-1.359466207983e-02,1.875806991997e+01,1.458778839290e-01
"                 374",-1.008095245832e+01,2.665599031550e+02,1.761747927156e+02,-1.009420169255e+01,2.853197626489e+02,1.763219337409e+02,-1.324923422117e-02,1.875985949393e+01,1.471410252748e-01
"                 375",-1.007128953037e+01,2.665591559111e+02,1.761850073215e+02,-1.008418700726e+01,2.853208090575e+02,1.763334543770e+02,-1.289747688859e-02,1.876165314644e+01,1.484470554427e-01
"                 376",-1.006740943068e+01,2.665590262697e+02,1.762015144247e+02,-1.008000724535e+01,2.853225023917e+02,1.763512843571e+02,-1.259781466136e-02,1.876347612208e+01,1.497699323690e-01
"                 377",-1.005340384509e+01,2.665576343237e+02,1.762152147245e+02,-1.006569204336e+01,2.853229412079e+02,1.763663476906e+02,-1.228819826374e-02,1.876530688420e+01,1.511329660574e-01
"                 378",-1.004755113734e+01,2.665587905228e+02,1.762342017956e+02,-1.005957511631e+01,2.853259400874e+02,1.763867019996e+02,-1.202397897344e-02,1.876714956465e+01,1.525002040152e-01
"                 379",-1.003593775689e+01,2.665640534785e+02,1.762496138150e+02,-1.004768122288e+01,2.853330318653e+02,1.764035048543e+02,-1.174346598879e-02,1.876897838677e+01,1.538910393075e-01
"                 380",-1.003387365913e+01,2.665721114473e+02,1.762694984226e+02,-1.004537242630e+01,2.853429044062e+02,1.764247698354e+02,-1.149876716820e-02,1.877079295893e+01,1.552714128047e-01
"                 381",-1.002564814066e+01,2.665799046433e+02,1.762854848848e+02,-1.003691028870e+01,2.853524663447e+02,1.764421434918e+02,-1.126214804453e-02,1.877256170139e+01,1.566586070041e-01
"                 382",-1.002704722200e+01,2.665870323227e+02,1.763058296658e+02,-1.003809942085e+01,2.853613389618e+02,1.764638514102e+02,-1.105219885340e-02,1.877430663906e+01,1.580217444551e-01
"                 383",-1.002372397894e+01,2.665930721182e+02,1.763220576521e+02,-1.003452958554e+01,2.853690974964e+02,1.764814442293e+02,-1.080560659812e-02,1.877602537829e+01,1.593865771852e-01
"                 384",-1.003264832927e+01,2.666002055245e+02,1.763412888762e+02,-1.004322091152e+01,2.853779401287e+02,1.765020278121e+02,-1.057258224538e-02,1.877773460416e+01,1.607389359732e-01
"                 385",-1.003741250066e+01,2.666103929286e+02,1.763555566540e+02,-1.004774069222e+01,2.853898199157e+02,1.765176646761e+02,-1.032819156664e-02,1.877942698711e+01,1.621080220793e-01
"                 386",-1.005082429220e+01,2.666244041978e+02,1.763724433222e+02,-1.006093884241e+01,2.854055321051e+02,1.765359198314e+02,-1.011455021056e-02,1.878112790729e+01,1.634765092647e-01
"                 387",-1.005781335675e+01,2.666393828457e+02,1.763839656445e+02,-1.006772272970e+01,2.854222130800e+02,1.765488272223e+02,-9.909372950234e-03,1.878283023431e+01,1.648615778659e-01
"                 388",-1.007637924216e+01,2.666547418713e+02,1.763975868274e+02,-1.008612452711e+01,2.854392862267e+02,1.765638250821e+02,-9.745284942617e-03,1.878454435548e+01,1.662382546784e-01
"                 389",-1.009130653660e+01,2.666679812395e+02,1.764071756976e+02,-1.010089915505e+01,2.854542498012e+02,1.765748031475e+02,-9.592618454262e-03,1.878626856165e+01,1.676274499124e-01
"                 390",-1.011809492801e+01,2.666800752577e+02,1.764206978045e+02,-1.012758636631e+01,2.854680878971e+02,1.765897066305e+02,-9.491438299121e-03,1.878801263940e+01,1.690088259683e-01
"                 391",-1.013964096301e+01,2.666897199728e+02,1.764306814547e+02,-1.014907231523e+01,2.854794884242e+02,1.766010848424e+02,-9.431352227487e-03,1.878976845146e+01,1.704033877802e-01
"                 392",-1.016822180366e+01,2.667007221979e+02,1.764439770363e+02,-1.017763984167e+01,2.854922822386e+02,1.766157670902e+02,-9.418038005741e-03,1.879156004068e+01,1.717900538857e-01
"                 393",-1.018408298653e+01,2.667101649798e+02,1.764538704640e+02,-1.019349681192e+01,2.855035384335e+02,1.766270595372e+02,-9.413825388940e-03,1.879337345365e+01,1.731890732301e-01
"                 394",-1.020433856115e+01,2.667201779401e+02,1.764671965591e+02,-1.021377334891e+01,2.855153814815e+02,1.766417637888e+02,-9.434787766908e-03,1.879520354141e+01,1.745672296927e-01
"                 395",-1.021551501138e+01,2.667283366544e+02,1.764776795283e+02,-1.022497857015e+01,2.855253660460e+02,1.766536331980e+02,-9.463558768142e-03,1.879702939155e+01,1.759536697523e-01
"                 396",-1.023479059106e+01,2.667375486376e+02,1.764937145483e+02,-1.024432915541e+01,2.855364018545e+02,1.766710223077e+02,-9.538564350178e-03,1.879885321683e+01,1.773077593950e-01
"                 397",-1.024710798500e+01,2.667469006658e+02,1.765078701388e+02,-1.025673102499e+01,2.855475704225e+02,1.766865107666e+02,-9.623039996695e-03,1.880066975672e+01,1.786406278363e-01
"                 398",-1.026937174817e+01,2.667580637305e+02,1.765260135164e+02,-1.027907652343e+01,2.855605633517e+02,1.767059463627e+02,-9.704775265321e-03,1.880249962125e+01,1.799328463240e-01
"                 399",-1.028380402111e+01,2.667656598302e+02,1.765392678927e+02,-1.029356508388e+01,2.855699913989e+02,1.767204893318e+02,-9.761062773128e-03,1.880433156871e+01,1.812214390310e-01
"                 400",-1.030482953999e+01,2.667709984969e+02,1.765548744268e+02,-1.031466208553e+01,2.855771680755e+02,1.767373597148e+02,-9.832545534042e-03,1.880616957858e+01,1.824852879582e-01
"                 401",-1.031830618331e+01,2.667718385609e+02,1.765657993837e+02,-1.032823024861e+01,2.855798308155e+02,1.767495443148e+02,-9.924065299439e-03,1.880799225462e+01,1.837449311163e-01
"                 402",-1.034285530336e+01,2.667715004299e+02,1.765792202436e+02,-1.035291606757e+01,2.855813089749e+02,1.767641911055e+02,-1.006076421070e-02,1.880980854495e+01,1.849708618388e-01
"                 403",-1.036058782084e+01,2.667665704847e+02,1.765873747172e+02,-1.037080381307e+01,2.855781930903e+02,1.767735621483e+02,-1.021599223204e-02,1.881162260559e+01,1.861874311476e-01
"                 404",-1.038399336390e+01,2.667610214691e+02,1.765977877329e+02,-1.039438303410e+01,2.855744734488e+02,1.767851491217e+02,-1.038967019203e-02,1.881345197965e+01,1.873613888139e-01
"                 405",-1.039693278516e+01,2.667529445010e+02,1.766043625590e+02,-1.040750756498e+01,2.855682225446e+02,1.767928736511e+02,-1.057477981575e-02,1.881527804363e+01,1.885110921635e-01
"                 406",-1.041959979713e+01,2.667482328925e+02,1.766152461606e+02,-1.043040708788e+01,2.855653333491e+02,1.768048581839e+02,-1.080729074806e-02,1.881710045658e+01,1.896120232930e-01
"                 407",-1.043851060301e+01,2.667438461443e+02,1.766229728266e+02,-1.044957844162e+01,2.855627719805e+02,1.768136594650e+02,-1.106783860967e-02,1.881892583622e+01,1.906866384093e-01
"                 408",-1.046784050171e+01,2.667416747978e+02,1.766347545196e+02,-1.047919022992e+01,2.855624530315e+02,1.768264668035e+02,-1.134972821218e-02,1.882077823367e+01,1.917122839160e-01
"                 409",-1.048839201254e+01,2.667376080673e+02,1.766428448026e+02,-1.050002562685e+01,2.855602480333e+02,1.768355493150e+02,-1.163361430622e-02,1.882263996592e+01,1.927045124408e-01
"                 410",-1.051312151060e+01,2.667366624864e+02,1.766544848692e+02,-1.052504603426e+01,2.855611760513e+02,1.768481179700e+02,-1.192452366406e-02,1.882451356483e+01,1.936331008069e-01
"                 411",-1.052995271481e+01,2.667350807533e+02,1.766618305897e+02,-1.054216387284e+01,2.855614638303e+02,1.768563453432e+02,-1.221115802651e-02,1.882638307693e+01,1.945147534581e-01
"                 412",-1.055855843456e+01,2.667346189002e+02,1.766717888942e+02,-1.057107697438e+01,2.855628681201e+02,1.768671111987e+02,-1.251853981727e-02,1.882824921986e+01,1.953223045391e-01
"                 413",-1.058439342252e+01,2.667336102985e+02,1.766771970849e+02,-1.059721799605e+01,2.855637086483e+02,1.768732866330e+02,-1.282457352657e-02,1.883009834985e+01,1.960895480748e-01
"                 414",-1.062350210393e+01,2.667364195730e+02,1.766855284161e+02,-1.063662411805e+01,2.855683685270e+02,1.768823308258e+02,-1.312201412429e-02,1.883194895395e+01,1.968024097715e-01
"                 415",-1.065626038204e+01,2.667407309932e+02,1.766889305034e+02,-1.066965344847e+01,2.855745269509e+02,1.768864222602e+02,-1.339306642488e-02,1.883379595764e+01,1.974917567839e-01
"                 416",-1.069525497374e+01,2.667491554452e+02,1.766950474851e+02,-1.070892393222e+01,2.855847954493e+02,1.768931794372e+02,-1.366895847863e-02,1.883564000417e+01,1.981319520740e-01
"                 417",-1.072613132078e+01,2.667564693238e+02,1.766957355200e+02,-1.074009002288e+01,2.855939315388e+02,1.768944800808e+02,-1.395870209898e-02,1.883746221497e+01,1.987445607540e-01
"                 418",-1.076816783809e+01,2.667643627719e+02,1.766988303257e+02,-1.078244723565e+01,2.856036384101e+02,1.768981359548e+02,-1.427939756314e-02,1.883927563825e+01,1.993056291260e-01
"                 419",-1.080575545933e+01,2.667697346944e+02,1.766967046570e+02,-1.082035345684e+01,2.856108070894e+02,1.768965438693e+02,-1.459799751286e-02,1.884107239498e+01,1.998392123565e-01
"                 420",-1.085392138550e+01,2.667761608535e+02,1.766980979666e+02,-1.086883075881e+01,2.856190328810e+02,1.768984163979e+02,-1.490937331164e-02,1.884287202750e+01,2.003184313127e-01
"                 421",-1.089295250075e+01,2.667820480818e+02,1.766956046747e+02,-1.090816142722e+01,2.856267100279e+02,1.768963613369e+02,-1.520892647116e-02,1.884466194609e+01,2.007566621642e-01
"                 422",-1.094194682458e+01,2.667908517547e+02,1.766970367778e+02,-1.095746511867e+01,2.856372936083e+02,1.768981527057e+02,-1.551829408226e-02,1.884644185361e+01,2.011159279828e-01
"                 423",-1.098425051430e+01,2.667999840145e+02,1.766940045888e+02,-1.100007264484e+01,2.856482010671e+02,1.768954331554e+02,-1.582213053705e-02,1.884821705264e+01,2.014285666660e-01
"                 424",-1.103783521576e+01,2.668125032589e+02,1.766948892664e+02,-1.105395593042e+01,2.856625091546e+02,1.768965589636e+02,-1.612071465213e-02,1.885000589568e+01,2.016696971794e-01
"                 425",-1.108611925851e+01,2.668261565591e+02,1.766918891450e+02,-1.110252299942e+01,2.856779538380e+02,1.768937521461e+02,-1.640374090482e-02,1.885179727890e+01,2.018630010889e-01
"                 426",-1.114799859159e+01,2.668438453529e+02,1.766930069587e+02,-1.116468055096e+01,2.856974416945e+02,1.768949849854e+02,-1.668195936971e-02,1.885359634159e+01,2.019780267345e-01
"                 427",-1.120366099752e+01,2.668621485543e+02,1.766895856469e+02,-1.122062160666e+01,2.857175379577e+02,1.768916286141e+02,-1.696060914431e-02,1.885538940344e+01,2.020429672194e-01
"                 428",-1.126981110570e+01,2.668826279504e+02,1.766892916709e+02,-1.128706281999e+01,2.857398132669e+02,1.768913268132e+02,-1.725171428542e-02,1.885718531653e+01,2.020351423287e-01
"                 429",-1.132720987241e+01,2.669019035546e+02,1.766842431632e+02,-1.134474473898e+01,2.857608926861e+02,1.768862437758e+02,-1.753486656999e-02,1.885898913157e+01,2.020006125608e-01
"                 430",-1.139686282182e+01,2.669238701456e+02,1.766822046540e+02,-1.141465824359e+01,2.857846951251e+02,1.768841352337e+02,-1.779542177077e-02,1.886082497951e+01,2.019305796430e-01
"                 431",-1.145915762850e+01,2.669456154240e+02,1.766758874015e+02,-1.147717714229e+01,2.858082884139e+02,1.768777558609e+02,-1.801951379226e-02,1.886267298994e+01,2.018684593751e-01
"                 432",-1.153177259398e+01,2.669698847401e+02,1.766731603329e+02,-1.155001378460e+01,2.858344087633e+02,1.768749378514e+02,-1.824119061754e-02,1.886452402316e+01,2.017775184975e-01
"                 433",-1.159438538694e+01,2.669912240394e+02,1.766664047874e+02,-1.161286038936e+01,2.858575737929e+02,1.768680858373e+02,-1.847500241991e-02,1.886634975342e+01,2.016810498247e-01
"                 434",-1.166715396443e+01,2.670123545237e+02,1.766628745537e+02,-1.168590553693e+01,2.858804995715e+02,1.768644216752e+02,-1.875157249373e-02,1.886814504781e+01,2.015471214652e-01
"                 435",-1.173063765564e+01,2.670296139062e+02,1.766553212676e+02,-1.174968648612e+01,2.858995209397e+02,1.768567283551e+02,-1.904883047619e-02,1.886990703342e+01,2.014070874867e-01
"                 436",-1.180323239529e+01,2.670468468982e+02,1.766509540343e+02,-1.182260273028e+01,2.859185043634e+02,1.768521953125e+02,-1.937033498999e-02,1.887165746523e+01,2.012412781742e-01
"                 437",-1.186500111766e+01,2.670618523451e+02,1.766426589878e+02,-1.188472471312e+01,2.859352414859e+02,1.768437342981e+02,-1.972359545548e-02,1.887338914085e+01,2.010753103577e-01
"                 438",-1.193396371372e+01,2.670793929887e+02,1.766381061856e+02,-1.195407940321e+01,2.859545038562e+02,1.768389781073e+02,-2.011568949647e-02,1.887511086750e+01,2.008719217755e-01
"                 439",-1.198801894493e+01,2.670957162678e+02,1.766302949013e+02,-1.200849969900e+01,2.859725665876e+02,1.768309165410e+02,-2.048075406499e-02,1.887685031980e+01,2.006216397655e-01
"                 440",-1.204626572007e+01,2.671116728056e+02,1.766268855287e+02,-1.206712172437e+01,2.859902776942e+02,1.768272136098e+02,-2.085600430708e-02,1.887860488852e+01,2.003280810454e-01
"                 441",-1.209243739097e+01,2.671244590712e+02,1.766205830932e+02,-1.211364055248e+01,2.860048252075e+02,1.768205818935e+02,-2.120316150618e-02,1.888036613621e+01,1.999988003299e-01
"                 442",-1.214788613421e+01,2.671389011582e+02,1.766181643316e+02,-1.216944501975e+01,2.860210231091e+02,1.768177921585e+02,-2.155888554711e-02,1.888212195093e+01,1.996278269597e-01
"                 443",-1.219285080683e+01,2.671517515096e+02,1.766115807334e+02,-1.221478122806e+01,2.860356251924e+02,1.768108297238e+02,-2.193042123071e-02,1.888387368272e+01,1.992489904624e-01
"                 444",-1.224680149621e+01,2.671650288501e+02,1.766082733781e+02,-1.226913934580e+01,2.860506547401e+02,1.768071179721e+02,-2.233784958855e-02,1.888562588997e+01,1.988445939907e-01
"                 445",-1.229086648862e+01,2.671742773219e+02,1.766005885105e+02,-1.231361770679e+01,2.860616705403e+02,1.767990378871e+02,-2.275121817334e-02,1.888739321842e+01,1.984493765785e-01
"                 446",-1.234201221236e+01,2.671851034116e+02,1.765966588225e+02,-1.236516644814e+01,2.860742916785e+02,1.767947020245e+02,-2.315423578041e-02,1.888918826685e+01,1.980432019917e-01
"                 447",-1.237882753347e+01,2.671947416926e+02,1.765887834875e+02,-1.240235659399e+01,2.860857520572e+02,1.767864441765e+02,-2.352906051670e-02,1.889101036454e+01,1.976606889625e-01
"                 448",-1.242036549200e+01,2.672067851675e+02,1.765847591476e+02,-1.244426360666e+01,2.860996209776e+02,1.767820365512e+02,-2.389811465996e-02,1.889283581011e+01,1.972774036488e-01
"                 449",-1.245121798674e+01,2.672148496009e+02,1.765758163595e+02,-1.247548339629e+01,2.861095008861e+02,1.767727325738e+02,-2.426540954986e-02,1.889465128517e+01,1.969162143562e-01
"                 450",-1.248902500111e+01,2.672213334034e+02,1.765699900526e+02,-1.251366487495e+01,2.861177865293e+02,1.767665348529e+02,-2.463987384351e-02,1.889645312589e+01,1.965448003132e-01
"                 451",-1.251589615472e+01,2.672229922050e+02,1.765597424982e+02,-1.254089292053e+01,2.861212318526e+02,1.767559311613e+02,-2.499676580486e-02,1.889823964761e+01,1.961886631821e-01
"                 452",-1.254863024165e+01,2.672273440062e+02,1.765537130583e+02,-1.257396271816e+01,2.861273485350e+02,1.767495326381e+02,-2.533247650478e-02,1.890000452882e+01,1.958195797865e-01
"                 453",-1.256857932620e+01,2.672307119129e+02,1.765442200259e+02,-1.259422877106e+01,2.861324626631e+02,1.767396791003e+02,-2.564944486185e-02,1.890175075021e+01,1.954590743800e-01
"                 454",-1.259354896533e+01,2.672370181470e+02,1.765386247553e+02,-1.261952534932e+01,2.861405086753e+02,1.767336957554e+02,-2.597638398519e-02,1.890349052831e+01,1.950710001153e-01
"                 455",-1.260493195841e+01,2.672400267232e+02,1.765289710209e+02,-1.263120998619e+01,2.861452762893e+02,1.767236518406e+02,-2.627802777881e-02,1.890524956612e+01,1.946808196618e-01
"                 456",-1.261790667555e+01,2.672441287474e+02,1.765230320786e+02,-1.264446325242e+01,2.861511603453e+02,1.767172955617e+02,-2.655657686775e-02,1.890703159786e+01,1.942634831281e-01
"                 457",-1.261536740081e+01,2.672442012991e+02,1.765141804511e+02,-1.264216551508e+01,2.861530404813e+02,1.767080187946e+02,-2.679811426775e-02,1.890883918216e+01,1.938383435463e-01
"                 458",-1.261837382857e+01,2.672457422441e+02,1.765091476260e+02,-1.264539639915e+01,2.861564065232e+02,1.767025326227e+02,-2.702257057722e-02,1.891066427911e+01,1.933849966770e-01
"                 459",-1.261134579741e+01,2.672429131146e+02,1.765007167625e+02,-1.263858155699e+01,2.861554151832e+02,1.766936460418e+02,-2.723575958073e-02,1.891250206856e+01,1.929292792805e-01
"                 460",-1.261208573038e+01,2.672407018556e+02,1.764959773042e+02,-1.263956140857e+01,2.861550541780e+02,1.766884304728e+02,-2.747567819593e-02,1.891435232237e+01,1.924531685533e-01
"                 461",-1.260444986600e+01,2.672342280172e+02,1.764879126138e+02,-1.263216758422e+01,2.861504473548e+02,1.766799045832e+02,-2.771771822116e-02,1.891621933759e+01,1.919919694574e-01
"                 462",-1.260478979010e+01,2.672289688743e+02,1.764831389547e+02,-1.263274849843e+01,2.861470776205e+02,1.766746749200e+02,-2.795870832752e-02,1.891810874623e+01,1.915359653751e-01
"                 463",-1.259383189210e+01,2.672204749491e+02,1.764750346411e+02,-1.262200067387e+01,2.861404987724e+02,1.766661555649e+02,-2.816878177090e-02,1.892002382332e+01,1.911209237497e-01
"                 464",-1.258655982329e+01,2.672144526469e+02,1.764707608258e+02,-1.261492248359e+01,2.861363964331e+02,1.766614850652e+02,-2.836266030218e-02,1.892194378617e+01,1.907242393938e-01
"                 465",-1.256879844899e+01,2.672054818384e+02,1.764631928177e+02,-1.259733184608e+01,2.861293373405e+02,1.766535612942e+02,-2.853339709121e-02,1.892385550215e+01,1.903684764256e-01
"                 466",-1.255680454759e+01,2.671990968867e+02,1.764588123194e+02,-1.258550342068e+01,2.861248473217e+02,1.766488235031e+02,-2.869887309656e-02,1.892575043502e+01,1.900111837281e-01
"                 467",-1.253499615465e+01,2.671891598147e+02,1.764502846942e+02,-1.256383386598e+01,2.861167855313e+02,1.766399617228e+02,-2.883771132777e-02,1.892762571664e+01,1.896770286517e-01
"                 468",-1.251756305280e+01,2.671798726446e+02,1.764450024142e+02,-1.254650967386e+01,2.861093604510e+02,1.766343400690e+02,-2.894662106147e-02,1.892948780644e+01,1.893376547909e-01
"                 469",-1.248984000968e+01,2.671664946973e+02,1.764365696741e+02,-1.251884321865e+01,2.860978341885e+02,1.766255912081e+02,-2.900320896751e-02,1.893133949121e+01,1.890215340433e-01
"                 470",-1.246686510620e+01,2.671553441946e+02,1.764322635188e+02,-1.249592158021e+01,2.860885191550e+02,1.766209577741e+02,-2.905647401540e-02,1.893317496032e+01,1.886942552956e-01
"                 471",-1.243294151146e+01,2.671427276871e+02,1.764248645394e+02,-1.246203823202e+01,2.860777311084e+02,1.766132491645e+02,-2.909672055913e-02,1.893500342129e+01,1.883846250911e-01
"                 472",-1.240141076887e+01,2.671339829833e+02,1.764217823446e+02,-1.243054389187e+01,2.860708187144e+02,1.766098483061e+02,-2.913312300330e-02,1.893683573111e+01,1.880659615418e-01
"                 473",-1.235806014592e+01,2.671243509039e+02,1.764156642642e+02,-1.238720800631e+01,2.860630292652e+02,1.766034247425e+02,-2.914786038519e-02,1.893867836137e+01,1.877604783572e-01
"                 474",-1.231833870205e+01,2.671170036117e+02,1.764132974655e+02,-1.234749322815e+01,2.860575311286e+02,1.766007337037e+02,-2.915452609767e-02,1.894052751689e+01,1.874362381773e-01
"                 475",-1.226846645719e+01,2.671066614064e+02,1.764076143073e+02,-1.229760395880e+01,2.860490313664e+02,1.765947365221e+02,-2.913750160425e-02,1.894236995998e+01,1.871222148240e-01
"                 476",-1.222555097017e+01,2.670990626482e+02,1.764059898321e+02,-1.225469790847e+01,2.860432548627e+02,1.765927849537e+02,-2.914693830419e-02,1.894419221449e+01,1.867951215797e-01
"                 477",-1.217766207250e+01,2.670907362128e+02,1.764015543443e+02,-1.220683193100e+01,2.860367387886e+02,1.765880426938e+02,-2.916985850437e-02,1.894600257585e+01,1.864883494721e-01
"                 478",-1.214241606176e+01,2.670856301838e+02,1.764006927291e+02,-1.217161242651e+01,2.860334383359e+02,1.765868837053e+02,-2.919636474727e-02,1.894780815210e+01,1.861909761446e-01
"                 479",-1.210139089336e+01,2.670795945072e+02,1.763965193254e+02,-1.213057673864e+01,2.860292233141e+02,1.765824628821e+02,-2.918584527811e-02,1.894962880687e+01,1.859435567001e-01
"                 480",-1.206699616172e+01,2.670765917863e+02,1.763968640933e+02,-1.209614271802e+01,2.860280418991e+02,1.765825849934e+02,-2.914655630287e-02,1.895145011273e+01,1.857209000582e-01
"                 481",-1.202237763790e+01,2.670712570610e+02,1.763950800012e+02,-1.205144445764e+01,2.860245247573e+02,1.765806299054e+02,-2.906681973551e-02,1.895326769627e+01,1.855499041680e-01
"                 482",-1.198525218669e+01,2.670665967137e+02,1.763966653480e+02,-1.201422217280e+01,2.860216517737e+02,1.765820613908e+02,-2.896998611009e-02,1.895505505996e+01,1.853960428252e-01
"                 483",-1.194051791614e+01,2.670580012755e+02,1.763941039661e+02,-1.196936179975e+01,2.860148228274e+02,1.765793900266e+02,-2.884388360465e-02,1.895682155193e+01,1.852860604888e-01
"                 484",-1.190481829643e+01,2.670498860400e+02,1.763937484626e+02,-1.193351354972e+01,2.860084493435e+02,1.765789354816e+02,-2.869525328252e-02,1.895856330350e+01,1.851870190370e-01
"                 485",-1.186008099137e+01,2.670398837409e+02,1.763902410736e+02,-1.188857715119e+01,2.860001764932e+02,1.765753681567e+02,-2.849615982010e-02,1.896029275234e+01,1.851270830871e-01
"                 486",-1.182320320465e+01,2.670325979063e+02,1.763901557289e+02,-1.185149386232e+01,2.859946002457e+02,1.765752273663e+02,-2.829065766504e-02,1.896200233933e+01,1.850716374445e-01
"                 487",-1.177881790536e+01,2.670251256384e+02,1.763878005822e+02,-1.180690049196e+01,2.859888350992e+02,1.765728373297e+02,-2.808258660406e-02,1.896370946073e+01,1.850367474813e-01
"                 488",-1.174220650632e+01,2.670218653770e+02,1.763895911516e+02,-1.177007869127e+01,2.859872803949e+02,1.765745921919e+02,-2.787218495273e-02,1.896541501792e+01,1.850010402924e-01
"                 489",-1.169938419174e+01,2.670192077862e+02,1.763888028607e+02,-1.172702816719e+01,2.859863376400e+02,1.765737890113e+02,-2.764397544457e-02,1.896712985386e+01,1.849861505744e-01
"                 490",-1.166682355983e+01,2.670200500556e+02,1.763906356187e+02,-1.169422783182e+01,2.859888900928e+02,1.765755917927e+02,-2.740427199075e-02,1.896884003721e+01,1.849561740535e-01
"                 491",-1.162833333407e+01,2.670200388211e+02,1.763888583447e+02,-1.165547839734e+01,2.859905814147e+02,1.765737935562e+02,-2.714506326775e-02,1.897054259354e+01,1.849352114583e-01
"                 492",-1.159823165338e+01,2.670217966924e+02,1.763899653285e+02,-1.162512809169e+01,2.859940237200e+02,1.765748734348e+02,-2.689643830764e-02,1.897222702761e+01,1.849081062891e-01
"                 493",-1.156521103026e+01,2.670212458797e+02,1.763884809647e+02,-1.159187082675e+01,2.859951414321e+02,1.765733842864e+02,-2.665979648965e-02,1.897389555241e+01,1.849033216614e-01
"                 494",-1.154722498596e+01,2.670216163447e+02,1.763901467461e+02,-1.157365843217e+01,2.859971661464e+02,1.765750581023e+02,-2.643344621197e-02,1.897554980164e+01,1.849113561902e-01
"                 495",-1.153035413800e+01,2.670205735790e+02,1.763884243430e+02,-1.155654659178e+01,2.859977780383e+02,1.765733934245e+02,-2.619245378011e-02,1.897720445924e+01,1.849690815329e-01
"                 496",-1.152442918460e+01,2.670224430848e+02,1.763898422763e+02,-1.155036857255e+01,2.860012965900e+02,1.765748961010e+02,-2.593938794474e-02,1.897885350516e+01,1.850538247003e-01
"                 497",-1.151334634358e+01,2.670246756323e+02,1.763888213429e+02,-1.153901323321e+01,2.860051773494e+02,1.765740031966e+02,-2.566688962950e-02,1.898050171710e+01,1.851818537055e-01
"                 498",-1.150849925488e+01,2.670295739058e+02,1.763917849336e+02,-1.153389485608e+01,2.860117134366e+02,1.765771145103e+02,-2.539560120070e-02,1.898213953080e+01,1.853295767129e-01
"                 499",-1.149724572305e+01,2.670324349146e+02,1.763918643872e+02,-1.152235597873e+01,2.860162134162e+02,1.765773798543e+02,-2.511025568027e-02,1.898377850155e+01,1.855154671150e-01
"                 500",-1.149399285109e+01,2.670358764339e+02,1.763946803929e+02,-1.151880231444e+01,2.860212933915e+02,1.765803991562e+02,-2.480946334770e-02,1.898541695764e+01,1.857187633752e-01
"                 501",-1.148538194422e+01,2.670377282262e+02,1.763938652345e+02,-1.150987301640e+01,2.860247787677e+02,1.765798271674e+02,-2.449107217847e-02,1.898705054151e+01,1.859619329256e-01
"                 502",-1.148461587653e+01,2.670419595153e+02,1.763962094934e+02,-1.150880281081e+01,2.860306404437e+02,1.765824237535e+02,-2.418693427557e-02,1.898868092846e+01,1.862142601013e-01
"                 503",-1.147695852488e+01,2.670446037915e+02,1.763962743660e+02,-1.150085618911e+01,2.860349274403e+02,1.765827677355e+02,-2.389766422771e-02,1.899032364882e+01,1.864933695208e-01
"                 504",-1.147570499422e+01,2.670489208298e+02,1.764011377432e+02,-1.149932820351e+01,2.860409078402e+02,1.765879268538e+02,-2.362320928485e-02,1.899198701042e+01,1.867891105585e-01
"                 505",-1.146900652315e+01,2.670512468201e+02,1.764040086290e+02,-1.149236700810e+01,2.860449209512e+02,1.765911282547e+02,-2.336048494817e-02,1.899367413110e+01,1.871196257644e-01
"                 506",-1.147291822118e+01,2.670545319121e+02,1.764107084579e+02,-1.149604101809e+01,2.860498992452e+02,1.765981673675e+02,-2.312279690672e-02,1.899536733307e+01,1.874589095434e-01
"                 507",-1.147455871281e+01,2.670570300807e+02,1.764142032259e+02,-1.149746268181e+01,2.860540825588e+02,1.766020221696e+02,-2.290396899406e-02,1.899705247810e+01,1.878189437150e-01
"                 508",-1.148558295722e+01,2.670627546229e+02,1.764211684032e+02,-1.150831335368e+01,2.860614661142e+02,1.766093365551e+02,-2.273039646678e-02,1.899871149129e+01,1.881681519114e-01
"                 509",-1.149101465234e+01,2.670680157428e+02,1.764257005575e+02,-1.151358100180e+01,2.860683722235e+02,1.766142195822e+02,-2.256634945351e-02,1.900035648066e+01,1.885190247077e-01
"                 510",-1.150678910704e+01,2.670741111756e+02,1.764340218046e+02,-1.152917985865e+01,2.860761100754e+02,1.766228875760e+02,-2.239075161229e-02,1.900199889983e+01,1.888657714323e-01
"                 511",-1.151864351473e+01,2.670767543883e+02,1.764396603839e+02,-1.154084428492e+01,2.860804080597e+02,1.766289111838e+02,-2.220077019426e-02,1.900365367144e+01,1.892507998567e-01
"                 512",-1.153918390929e+01,2.670817715490e+02,1.764487488374e+02,-1.156120086016e+01,2.860870916904e+02,1.766384064139e+02,-2.201695086761e-02,1.900532014136e+01,1.896575764999e-01
"                 513",-1.155352017464e+01,2.670856059584e+02,1.764553299536e+02,-1.157536811820e+01,2.860926073820e+02,1.766454343573e+02,-2.184794356077e-02,1.900700142354e+01,1.901044036791e-01
"                 514",-1.157756149927e+01,2.670915016315e+02,1.764650161361e+02,-1.159926152233e+01,2.861001910949e+02,1.766555837613e+02,-2.170002306694e-02,1.900868946337e+01,1.905676251556e-01
"                 515",-1.159530077915e+01,2.670957457096e+02,1.764715577693e+02,-1.161685756225e+01,2.861061305065e+02,1.766626214309e+02,-2.155678309965e-02,1.901038479693e+01,1.910636616673e-01
"                 516",-1.161903887559e+01,2.671024620308e+02,1.764811391545e+02,-1.164043740239e+01,2.861145508927e+02,1.766727036281e+02,-2.139852680001e-02,1.901208886194e+01,1.915644735406e-01
"                 517",-1.163326175024e+01,2.671080121959e+02,1.764877632780e+02,-1.165449690001e+01,2.861218084111e+02,1.766798502404e+02,-2.123514976563e-02,1.901379621514e+01,1.920869623215e-01
"                 518",-1.165215419335e+01,2.671156144237e+02,1.764977798637e+02,-1.167324642634e+01,2.861311119885e+02,1.766903882493e+02,-2.109223299114e-02,1.901549756486e+01,1.926083856588e-01
"                 519",-1.166172353474e+01,2.671224627292e+02,1.765052970926e+02,-1.168268408001e+01,2.861396853041e+02,1.766984491533e+02,-2.096054527018e-02,1.901722257495e+01,1.931520607194e-01
"                 520",-1.167565922536e+01,2.671325946872e+02,1.765167215953e+02,-1.169648899449e+01,2.861515605588e+02,1.767104124891e+02,-2.082976912635e-02,1.901896587159e+01,1.936908938312e-01
"                 521",-1.168332770116e+01,2.671421784682e+02,1.765254842937e+02,-1.170402315167e+01,2.861628935536e+02,1.767197230367e+02,-2.069545051398e-02,1.902071508540e+01,1.942387429964e-01
"                 522",-1.170079307071e+01,2.671541615313e+02,1.765372533963e+02,-1.172135443277e+01,2.861766172428e+02,1.767320163039e+02,-2.056136205567e-02,1.902245571152e+01,1.947629076391e-01
"                 523",-1.171402967522e+01,2.671649251666e+02,1.765454698153e+02,-1.173447123715e+01,2.861891103319e+02,1.767407511002e+02,-2.044156193215e-02,1.902418516529e+01,1.952812848739e-01
"                 524",-1.173592974862e+01,2.671780594573e+02,1.765566716444e+02,-1.175628504909e+01,2.862039526279e+02,1.767524370591e+02,-2.035530047247e-02,1.902589317061e+01,1.957654146832e-01
"                 525",-1.175340290196e+01,2.671897936103e+02,1.765642291623e+02,-1.177368261603e+01,2.862173906653e+02,1.767604809429e+02,-2.027971407423e-02,1.902759705495e+01,1.962517805490e-01
"                 526",-1.178027392611e+01,2.672029610282e+02,1.765744990126e+02,-1.180046787589e+01,2.862322687405e+02,1.767712239380e+02,-2.019394978552e-02,1.902930771230e+01,1.967249254245e-01
"                 527",-1.180163443653e+01,2.672131881424e+02,1.765806737854e+02,-1.182173183786e+01,2.862442135575e+02,1.767778869176e+02,-2.009740133093e-02,1.903102541508e+01,1.972131322182e-01
"                 528",-1.182922191479e+01,2.672240092463e+02,1.765903901385e+02,-1.184924355769e+01,2.862567414947e+02,1.767880762740e+02,-2.002164289841e-02,1.903273224838e+01,1.976861354479e-01
"                 529",-1.185266008684e+01,2.672319075779e+02,1.765966281019e+02,-1.187262325796e+01,2.862663435314e+02,1.767947952642e+02,-1.996317112977e-02,1.903443595346e+01,1.981671622884e-01
"                 530",-1.188601737679e+01,2.672407637805e+02,1.766062877772e+02,-1.190593251871e+01,2.862769136045e+02,1.768049178548e+02,-1.991514191750e-02,1.903614982401e+01,1.986300775788e-01
"                 531",-1.191428461316e+01,2.672470660554e+02,1.766117421709e+02,-1.193416068151e+01,2.862849591754e+02,1.768108539170e+02,-1.987606834788e-02,1.903789312000e+01,1.991117461049e-01
"                 532",-1.194584902802e+01,2.672545438661e+02,1.766206914962e+02,-1.196569801423e+01,2.862942150062e+02,1.768202786920e+02,-1.984898620925e-02,1.903967114010e+01,1.995871958485e-01
"                 533",-1.196694588576e+01,2.672587508096e+02,1.766252181449e+02,-1.198679822667e+01,2.863002317516e+02,1.768252950442e+02,-1.985234090911e-02,1.904148094199e+01,2.000768992882e-01
"                 534",-1.199129357833e+01,2.672621690975e+02,1.766330128006e+02,-1.201118031824e+01,2.863054802352e+02,1.768335578534e+02,-1.988673990726e-02,1.904331113764e+01,2.005450527231e-01
"                 535",-1.200568822250e+01,2.672621678426e+02,1.766368416794e+02,-1.202561349643e+01,2.863073422543e+02,1.768378642156e+02,-1.992527392748e-02,1.904517441171e+01,2.010225362409e-01
"                 536",-1.202264021049e+01,2.672632769313e+02,1.766460358973e+02,-1.204259006724e+01,2.863103379637e+02,1.768474991227e+02,-1.994985675654e-02,1.904706103239e+01,2.014632253596e-01
"                 537",-1.203089251923e+01,2.672636260275e+02,1.766524347606e+02,-1.205085512534e+01,2.863125889551e+02,1.768543199263e+02,-1.996260610474e-02,1.904896292763e+01,2.018851657542e-01
"                 538",-1.204370328307e+01,2.672665111783e+02,1.766635476749e+02,-1.206368441254e+01,2.863173744367e+02,1.768658054460e+02,-1.998112947137e-02,1.905086325838e+01,2.022577711400e-01
"                 539",-1.204916448109e+01,2.672677299178e+02,1.766701702197e+02,-1.206918385026e+01,2.863204991093e+02,1.768727761379e+02,-2.001936917111e-02,1.905276919149e+01,2.026059181599e-01
"                 540",-1.205956607913e+01,2.672699002458e+02,1.766801664806e+02,-1.207963264936e+01,2.863245688379e+02,1.768830684589e+02,-2.006657022960e-02,1.905466859213e+01,2.029019783287e-01
"                 541",-1.206544141782e+01,2.672693359276e+02,1.766851674221e+02,-1.208555242325e+01,2.863259085435e+02,1.768883482050e+02,-2.011100542957e-02,1.905657261593e+01,2.031807829215e-01
"                 542",-1.207982549138e+01,2.672694645608e+02,1.766936480085e+02,-1.209996792862e+01,2.863279447916e+02,1.768970574893e+02,-2.014243723366e-02,1.905848023075e+01,2.034094808347e-01
"                 543",-1.208645391549e+01,2.672683445947e+02,1.766980641133e+02,-1.210662905286e+01,2.863287432617e+02,1.769016917966e+02,-2.017513736869e-02,1.906039866700e+01,2.036276832634e-01
"                 544",-1.209559288153e+01,2.672689803040e+02,1.767065241936e+02,-1.211581794220e+01,2.863312990566e+02,1.769103283514e+02,-2.022506066752e-02,1.906231875257e+01,2.038041577692e-01
"                 545",-1.209678462772e+01,2.672668877947e+02,1.767103097402e+02,-1.211708641825e+01,2.863311404840e+02,1.769142890372e+02,-2.030179053166e-02,1.906425268927e+01,2.039792969820e-01
"                 546",-1.210685180821e+01,2.672650435102e+02,1.767173857904e+02,-1.212723654514e+01,2.863312449974e+02,1.769215088443e+02,-2.038473693035e-02,1.906620148714e+01,2.041230538869e-01
"                 547",-1.211307372581e+01,2.672619814599e+02,1.767202094181e+02,-1.213354563833e+01,2.863301501975e+02,1.769244806063e+02,-2.047191252952e-02,1.906816873765e+01,2.042711881995e-01
"                 548",-1.212702188225e+01,2.672617222893e+02,1.767271993787e+02,-1.214759817012e+01,2.863318622444e+02,1.769315776314e+02,-2.057628787831e-02,1.907013995515e+01,2.043782527756e-01
"                 549",-1.213580534828e+01,2.672604198806e+02,1.767299129552e+02,-1.215651475855e+01,2.863325327132e+02,1.769343846092e+02,-2.070941027346e-02,1.907211283259e+01,2.044716540043e-01
"                 550",-1.215060600465e+01,2.672602802903e+02,1.767359377111e+02,-1.217144266378e+01,2.863343747259e+02,1.769404482844e+02,-2.083665912875e-02,1.907409443559e+01,2.045105732818e-01
"                 551",-1.215536355763e+01,2.672589461744e+02,1.767381092086e+02,-1.217631252128e+01,2.863350364227e+02,1.769426511181e+02,-2.094896364844e-02,1.907609024833e+01,2.045419094636e-01
"                 552",-1.216189092097e+01,2.672607972062e+02,1.767451449681e+02,-1.218293072867e+01,2.863388971853e+02,1.769496687595e+02,-2.103980769465e-02,1.907809997911e+01,2.045237913922e-01
"                 553",-1.215999431616e+01,2.672637108158e+02,1.767490883823e+02,-1.218111124645e+01,2.863438291607e+02,1.769535836981e+02,-2.111693029576e-02,1.908011834486e+01,2.044953157233e-01
"                 554",-1.216495025550e+01,2.672703237485e+02,1.767569399488e+02,-1.218613988005e+01,2.863524637864e+02,1.769613542430e+02,-2.118962454609e-02,1.908214003788e+01,2.044142941466e-01
"                 555",-1.216413667462e+01,2.672767397234e+02,1.767591253638e+02,-1.218540250224e+01,2.863608959358e+02,1.769634479754e+02,-2.126582762465e-02,1.908415621240e+01,2.043226116533e-01
"                 556",-1.217061921563e+01,2.672856974759e+02,1.767640922069e+02,-1.219194270783e+01,2.863718695843e+02,1.769682730130e+02,-2.132349219645e-02,1.908617210839e+01,2.041808061462e-01
"                 557",-1.217275914801e+01,2.672940797646e+02,1.767637908109e+02,-1.219410859186e+01,2.863822696650e+02,1.769678278092e+02,-2.134944384845e-02,1.908818990035e+01,2.040369983474e-01
"                 558",-1.218302126644e+01,2.673047036285e+02,1.767676497052e+02,-1.220438382411e+01,2.863949073392e+02,1.769715123016e+02,-2.136255767189e-02,1.909020371068e+01,2.038625964727e-01
"                 559",-1.218950607041e+01,2.673142842917e+02,1.767667179510e+02,-1.221089017648e+01,2.864064879053e+02,1.769704137418e+02,-2.138410606418e-02,1.909220361363e+01,2.036957907602e-01
"                 560",-1.220567782281e+01,2.673249008662e+02,1.767685550831e+02,-1.222709497346e+01,2.864190908073e+02,1.769720405339e+02,-2.141715064561e-02,1.909418994112e+01,2.034854507146e-01
"                 561",-1.222004679618e+01,2.673324877278e+02,1.767635446222e+02,-1.224149561462e+01,2.864286424471e+02,1.769668129170e+02,-2.144881843769e-02,1.909615471936e+01,2.032682948043e-01
"                 562",-1.224319110813e+01,2.673404540325e+02,1.767613874083e+02,-1.226465941130e+01,2.864385559957e+02,1.769644058792e+02,-2.146830317077e-02,1.909810196315e+01,2.030184708848e-01
"                 563",-1.226004034683e+01,2.673484939856e+02,1.767549833699e+02,-1.228151529318e+01,2.864485211831e+02,1.769577512714e+02,-2.147494634947e-02,1.910002719749e+01,2.027679014307e-01
"                 564",-1.228468775558e+01,2.673601703422e+02,1.767535855027e+02,-1.230617871339e+01,2.864621040299e+02,1.769560599634e+02,-2.149095780949e-02,1.910193368778e+01,2.024744606728e-01
"                 565",-1.230679891608e+01,2.673713888511e+02,1.767479184664e+02,-1.232834078181e+01,2.864752263104e+02,1.769501020797e+02,-2.154186573166e-02,1.910383745932e+01,2.021836133524e-01
"                 566",-1.233940780504e+01,2.673846590087e+02,1.767465860170e+02,-1.236099732546e+01,2.864904151119e+02,1.769484458546e+02,-2.158952041068e-02,1.910575610317e+01,2.018598376603e-01
"                 567",-1.236533410677e+01,2.673971890872e+02,1.767411532239e+02,-1.238695897669e+01,2.865048824650e+02,1.769426933263e+02,-2.162486992146e-02,1.910769337779e+01,2.015401024201e-01
"                 568",-1.239534699325e+01,2.674122089649e+02,1.767405815306e+02,-1.241698234083e+01,2.865218597210e+02,1.769417556450e+02,-2.163534758032e-02,1.910965075603e+01,2.011741143556e-01
"                 569",-1.241550242763e+01,2.674271248246e+02,1.767368607916e+02,-1.243713500536e+01,2.865387389388e+02,1.769376606219e+02,-2.163257773836e-02,1.911161411417e+01,2.007998303055e-01
"                 570",-1.244108119440e+01,2.674432006034e+02,1.767378667570e+02,-1.246271326637e+01,2.865567777319e+02,1.769382399961e+02,-2.163207197003e-02,1.911357712846e+01,2.003732391575e-01
"                 571",-1.245863751400e+01,2.674567775853e+02,1.767351572460e+02,-1.248026973944e+01,2.865723245051e+02,1.769351045022e+02,-2.163222543440e-02,1.911554691979e+01,1.999472562147e-01
"                 572",-1.248184694009e+01,2.674707401884e+02,1.767362001765e+02,-1.250347862686e+01,2.865882694968e+02,1.769356970229e+02,-2.163168676842e-02,1.911752930839e+01,1.994968464200e-01
"                 573",-1.249717256477e+01,2.674827946811e+02,1.767332894810e+02,-1.251880149647e+01,2.866023296388e+02,1.769323657156e+02,-2.162893170647e-02,1.911953495774e+01,1.990762345959e-01
"                 574",-1.251853827635e+01,2.674960654293e+02,1.767341032814e+02,-1.254017006783e+01,2.866176158479e+02,1.769327566606e+02,-2.163179148286e-02,1.912155041862e+01,1.986533792039e-01
"                 575",-1.253379138510e+01,2.675082280434e+02,1.767306253206e+02,-1.255545403624e+01,2.866317817865e+02,1.769288942204e+02,-2.166265114779e-02,1.912355374303e+01,1.982688997875e-01
"                 576",-1.255873115955e+01,2.675220113269e+02,1.767301850762e+02,-1.258047406959e+01,2.866475363380e+02,1.769280692679e+02,-2.174291003934e-02,1.912552501104e+01,1.978841917019e-01
"                 577",-1.258174582999e+01,2.675337946735e+02,1.767246999252e+02,-1.260357027535e+01,2.866612748982e+02,1.769222135107e+02,-2.182444535883e-02,1.912748022470e+01,1.975135854841e-01
"                 578",-1.261297945156e+01,2.675460182927e+02,1.767227353285e+02,-1.263488539959e+01,2.866754468960e+02,1.769198552701e+02,-2.190594803390e-02,1.912942860327e+01,1.971199415875e-01
"                 579",-1.263505511368e+01,2.675541336651e+02,1.767169897350e+02,-1.265703316905e+01,2.866855059464e+02,1.769137340296e+02,-2.197805537116e-02,1.913137228131e+01,1.967442946724e-01
"                 580",-1.266093912701e+01,2.675612944936e+02,1.767154950582e+02,-1.268300141796e+01,2.866945984992e+02,1.769118393012e+02,-2.206229095569e-02,1.913330400552e+01,1.963442429357e-01
"                 581",-1.267972801533e+01,2.675660965886e+02,1.767101299780e+02,-1.270189152298e+01,2.867013264856e+02,1.769060733480e+02,-2.216350764553e-02,1.913522989702e+01,1.959433700159e-01
"                 582",-1.270454146208e+01,2.675737561443e+02,1.767092329642e+02,-1.272680599312e+01,2.867109139416e+02,1.769047459504e+02,-2.226453103273e-02,1.913715779737e+01,1.955129862391e-01
"                 583",-1.272271489604e+01,2.675817322223e+02,1.767051188834e+02,-1.274506833360e+01,2.867208302808e+02,1.769001998854e+02,-2.235343755621e-02,1.913909805855e+01,1.950810019130e-01
"                 584",-1.274522720283e+01,2.675925230703e+02,1.767061519809e+02,-1.276764925435e+01,2.867335901663e+02,1.769007600124e+02,-2.242205152395e-02,1.914106709605e+01,1.946080315021e-01
"                 585",-1.275965746501e+01,2.676013304507e+02,1.767035042666e+02,-1.278213939418e+01,2.867443951136e+02,1.768976451325e+02,-2.248192916917e-02,1.914306466291e+01,1.941408658531e-01
"                 586",-1.277819561273e+01,2.676101496977e+02,1.767054097744e+02,-1.280074982436e+01,2.867552481471e+02,1.768990599900e+02,-2.255421163028e-02,1.914509844938e+01,1.936502155937e-01
"                 587",-1.278737775787e+01,2.676158493448e+02,1.767029833348e+02,-1.281001626789e+01,2.867630107554e+02,1.768961603031e+02,-2.263851002640e-02,1.914716141060e+01,1.931769683340e-01
"                 588",-1.280117884635e+01,2.676221625819e+02,1.767046060787e+02,-1.282390226282e+01,2.867714124778e+02,1.768972961784e+02,-2.272341646748e-02,1.914924989586e+01,1.926900997756e-01
"                 589",-1.280936782883e+01,2.676262669478e+02,1.767014874092e+02,-1.283216673255e+01,2.867776165865e+02,1.768937229492e+02,-2.279890371792e-02,1.915134963876e+01,1.922355399998e-01
"                 590",-1.282414415846e+01,2.676318596689e+02,1.767026199565e+02,-1.284700893687e+01,2.867853150938e+02,1.768943957268e+02,-2.286477841033e-02,1.915345542492e+01,1.917757703320e-01
"                 591",-1.283140118323e+01,2.676358023723e+02,1.766993709650e+02,-1.285433565775e+01,2.867913507998e+02,1.768907185957e+02,-2.293447451698e-02,1.915554842748e+01,1.913476307073e-01
"                 592",-1.284443279871e+01,2.676398017688e+02,1.766997465303e+02,-1.286746383124e+01,2.867974259272e+02,1.768906639026e+02,-2.303103252787e-02,1.915762415844e+01,1.909173722577e-01
"                 593",-1.285168634069e+01,2.676396701143e+02,1.766952811943e+02,-1.287483184716e+01,2.867993466733e+02,1.768857991876e+02,-2.314550647074e-02,1.915967655893e+01,1.905179932840e-01
"                 594",-1.286757467749e+01,2.676387125180e+02,1.766943596576e+02,-1.289083603163e+01,2.868004267740e+02,1.768844702033e+02,-2.326135413433e-02,1.916171425600e+01,1.901105456769e-01
"                 595",-1.287582157274e+01,2.676341964531e+02,1.766894864522e+02,-1.289917863853e+01,2.867979334383e+02,1.768792149477e+02,-2.335706579619e-02,1.916373698527e+01,1.897284954480e-01
"                 596",-1.288869323459e+01,2.676304550176e+02,1.766889152820e+02,-1.291214166508e+01,2.867961927475e+02,1.768782451862e+02,-2.344843049737e-02,1.916573772993e+01,1.893299042900e-01
"                 597",-1.289197639236e+01,2.676250754547e+02,1.766843700006e+02,-1.291551403504e+01,2.867927992509e+02,1.768733061598e+02,-2.353764268001e-02,1.916772379623e+01,1.889361592631e-01
"                 598",-1.289846599756e+01,2.676207695259e+02,1.766841185672e+02,-1.292207763622e+01,2.867904819784e+02,1.768726307683e+02,-2.361163865445e-02,1.916971245251e+01,1.885122010589e-01
"                 599",-1.289521124556e+01,2.676144244890e+02,1.766808267421e+02,-1.291888600744e+01,2.867861399219e+02,1.768689245106e+02,-2.367476188271e-02,1.917171543293e+01,1.880977685206e-01
"                 600",-1.289635466725e+01,2.676100745132e+02,1.766821380702e+02,-1.292008458290e+01,2.867838199604e+02,1.768697952166e+02,-2.372991565284e-02,1.917374544725e+01,1.876571464216e-01
"                 601",-1.289203715687e+01,2.676042749498e+02,1.766794180958e+02,-1.291581194086e+01,2.867800795883e+02,1.768666450986e+02,-2.377478398923e-02,1.917580463856e+01,1.872270027403e-01
"                 602",-1.289393466880e+01,2.676003332059e+02,1.766804613372e+02,-1.291775644012e+01,2.867782237921e+02,1.768672355843e+02,-2.382177132570e-02,1.917789058621e+01,1.867742471105e-01
"                 603",-1.288741977321e+01,2.675946600480e+02,1.766768834852e+02,-1.291130363513e+01,2.867746535865e+02,1.768632107343e+02,-2.388386191654e-02,1.917999353847e+01,1.863272490604e-01
"                 604",-1.288494174652e+01,2.675902111897e+02,1.766765513059e+02,-1.290887428640e+01,2.867723205190e+02,1.768624069080e+02,-2.393253987404e-02,1.918210932935e+01,1.858556021191e-01
"                 605",-1.287600127619e+01,2.675836439801e+02,1.766717023566e+02,-1.289995633516e+01,2.867678826893e+02,1.768571114495e+02,-2.395505896507e-02,1.918423870920e+01,1.854090928567e-01
"                 606",-1.287407865231e+01,2.675787409881e+02,1.766704656054e+02,-1.289803353190e+01,2.867651232660e+02,1.768554348020e+02,-2.395487959443e-02,1.918638227784e+01,1.849691965730e-01
"                 607",-1.286648244605e+01,2.675727772691e+02,1.766654002266e+02,-1.289042513890e+01,2.867612998189e+02,1.768499698202e+02,-2.394269285196e-02,1.918852254988e+01,1.845695935224e-01
"                 608",-1.286473006358e+01,2.675692984996e+02,1.766639148365e+02,-1.288865974482e+01,2.867599442023e+02,1.768480838088e+02,-2.392968123912e-02,1.919064570274e+01,1.841689723682e-01
"                 609",-1.285905361552e+01,2.675639952843e+02,1.766574498301e+02,-1.288297558440e+01,2.867567277644e+02,1.768412432614e+02,-2.392196887920e-02,1.919273248012e+01,1.837934313485e-01
"                 610",-1.286059122036e+01,2.675595798179e+02,1.766546097060e+02,-1.288449835381e+01,2.867543670730e+02,1.768380091692e+02,-2.390713345504e-02,1.919478725513e+01,1.833994632156e-01
"                 611",-1.285501106113e+01,2.675531245745e+02,1.766479423836e+02,-1.287887613904e+01,2.867499356620e+02,1.768309562647e+02,-2.386507791123e-02,1.919681108747e+01,1.830138810711e-01
"                 612",-1.285404063879e+01,2.675478683930e+02,1.766458366827e+02,-1.287784047659e+01,2.867466885271e+02,1.768284501400e+02,-2.379983780283e-02,1.919882013409e+01,1.826134573641e-01
"                 613",-1.284574284470e+01,2.675405472857e+02,1.766396282090e+02,-1.286948537405e+01,2.867413576554e+02,1.768218547665e+02,-2.374252935684e-02,1.920081036965e+01,1.822265574384e-01
"                 614",-1.283985039321e+01,2.675348916026e+02,1.766376666104e+02,-1.286354061702e+01,2.867377027333e+02,1.768194834827e+02,-2.369022380405e-02,1.920281113073e+01,1.818168722860e-01
"                 615",-1.282220121287e+01,2.675281546747e+02,1.766320346743e+02,-1.284583043379e+01,2.867329871077e+02,1.768134540267e+02,-2.362922092462e-02,1.920483243297e+01,1.814193523628e-01
"                 616",-1.280530822842e+01,2.675235070034e+02,1.766314105341e+02,-1.282887180355e+01,2.867303864539e+02,1.768124129482e+02,-2.356357512223e-02,1.920687945053e+01,1.810024141653e-01
"                 617",-1.278127109686e+01,2.675176848768e+02,1.766277631898e+02,-1.280476224526e+01,2.867266206054e+02,1.768083550495e+02,-2.349114840061e-02,1.920893572861e+01,1.805918597669e-01
"                 618",-1.276533586742e+01,2.675143440964e+02,1.766295856913e+02,-1.278874474631e+01,2.867253592194e+02,1.768097474289e+02,-2.340887888861e-02,1.921101512299e+01,1.801617376102e-01
"                 619",-1.274396192830e+01,2.675101844698e+02,1.766280663146e+02,-1.276730894546e+01,2.867232797901e+02,1.768078222629e+02,-2.334701716198e-02,1.921309532028e+01,1.797559482758e-01
"                 620",-1.272910346797e+01,2.675073561023e+02,1.766308359109e+02,-1.275240485848e+01,2.867225489858e+02,1.768101850409e+02,-2.330139051078e-02,1.921519288344e+01,1.793491299683e-01
"                 621",-1.270817244830e+01,2.675019655809e+02,1.766286338528e+02,-1.273141439573e+01,2.867192638381e+02,1.768076177079e+02,-2.324194742777e-02,1.921729825718e+01,1.789838551837e-01
"                 622",-1.269461743308e+01,2.674974812297e+02,1.766295778815e+02,-1.271776715999e+01,2.867169060828e+02,1.768082086629e+02,-2.314972691184e-02,1.921942485310e+01,1.786307814134e-01
"                 623",-1.267437117801e+01,2.674922599894e+02,1.766265159428e+02,-1.269740421073e+01,2.867137945119e+02,1.768048364141e+02,-2.303303272475e-02,1.922153452252e+01,1.783204712940e-01
"                 624",-1.265985576184e+01,2.674900711887e+02,1.766276663113e+02,-1.268274892977e+01,2.867137070537e+02,1.768056725236e+02,-2.289316792841e-02,1.922363586494e+01,1.780062122884e-01
"                 625",-1.264008275715e+01,2.674865229702e+02,1.766245084502e+02,-1.266281818074e+01,2.867122301886e+02,1.768022270472e+02,-2.273542359515e-02,1.922570721841e+01,1.777185969399e-01
"                 626",-1.262803941952e+01,2.674822741397e+02,1.766247229312e+02,-1.265061444579e+01,2.867100425504e+02,1.768021480297e+02,-2.257502626788e-02,1.922776841072e+01,1.774250984466e-01
"                 627",-1.261009407699e+01,2.674744633248e+02,1.766204537938e+02,-1.263249319031e+01,2.867042696304e+02,1.767976184160e+02,-2.239911332213e-02,1.922980630553e+01,1.771646221981e-01
"                 628",-1.259786283774e+01,2.674674006182e+02,1.766204298182e+02,-1.262006716258e+01,2.866992520044e+02,1.767973313660e+02,-2.220432483917e-02,1.923185138616e+01,1.769015477422e-01
"                 629",-1.258142859042e+01,2.674599516263e+02,1.766168790152e+02,-1.260345668124e+01,2.866938264966e+02,1.767935407944e+02,-2.202809081096e-02,1.923387487034e+01,1.766617791871e-01
"                 630",-1.257288143835e+01,2.674551845759e+02,1.766177366267e+02,-1.259476996410e+01,2.866910880182e+02,1.767941391771e+02,-2.188852574853e-02,1.923590344229e+01,1.764025504074e-01
"                 631",-1.255665995790e+01,2.674505076738e+02,1.766151069162e+02,-1.257841101715e+01,2.866884446974e+02,1.767912682449e+02,-2.175105924372e-02,1.923793702366e+01,1.761613287024e-01
"                 632",-1.254172395465e+01,2.674480520047e+02,1.766172108896e+02,-1.256333729720e+01,2.866880536639e+02,1.767931076148e+02,-2.161334254791e-02,1.924000165916e+01,1.758967252403e-01
"                 633",-1.251800176034e+01,2.674447779496e+02,1.766161157294e+02,-1.253948310545e+01,2.866868429808e+02,1.767917661146e+02,-2.148134510854e-02,1.924206503121e+01,1.756503851886e-01
"                 634",-1.250029657015e+01,2.674422573974e+02,1.766196289122e+02,-1.252165821487e+01,2.866864084835e+02,1.767950170540e+02,-2.136164471897e-02,1.924415108606e+01,1.753881417753e-01
"                 635",-1.247875420690e+01,2.674386702845e+02,1.766197426699e+02,-1.250001800103e+01,2.866848936680e+02,1.767948874365e+02,-2.126379412539e-02,1.924622338354e+01,1.751447665562e-01
"                 636",-1.246584762775e+01,2.674357881018e+02,1.766244711826e+02,-1.248703447604e+01,2.866840860594e+02,1.767993564602e+02,-2.118684829478e-02,1.924829795757e+01,1.748852776108e-01
"                 637",-1.244914229648e+01,2.674312868596e+02,1.766255008992e+02,-1.247024178639e+01,2.866816448651e+02,1.768001577909e+02,-2.109948990266e-02,1.925035800546e+01,1.746568916698e-01
"                 638",-1.243956930293e+01,2.674267238644e+02,1.766308405746e+02,-1.246054657657e+01,2.866791726730e+02,1.768052675264e+02,-2.097727364057e-02,1.925244880861e+01,1.744269518361e-01
"                 639",-1.242123933730e+01,2.674212264072e+02,1.766321005688e+02,-1.244206036406e+01,2.866757611367e+02,1.768063391107e+02,-2.082102676944e-02,1.925453472951e+01,1.742385419608e-01
"                 640",-1.240729794248e+01,2.674164100998e+02,1.766380139410e+02,-1.242795960751e+01,2.866730477209e+02,1.768120714154e+02,-2.066166503272e-02,1.925663762112e+01,1.740574743800e-01
"                 641",-1.238855761398e+01,2.674106223100e+02,1.766396554215e+02,-1.240906294464e+01,2.866693480379e+02,1.768135780733e+02,-2.050533066319e-02,1.925872572789e+01,1.739226517436e-01
"                 642",-1.237963218371e+01,2.674047352818e+02,1.766453623179e+02,-1.239998626097e+01,2.866655619979e+02,1.768191495225e+02,-2.035407726436e-02,1.926082671614e+01,1.737872046402e-01
"                 643",-1.236614121200e+01,2.673974003815e+02,1.766462958781e+02,-1.238632975613e+01,2.866603037846e+02,1.768199838844e+02,-2.018854413042e-02,1.926290340312e+01,1.736880063531e-01
"                 644",-1.235832913122e+01,2.673903704797e+02,1.766516662419e+02,-1.237835386826e+01,2.866553590696e+02,1.768252422642e+02,-2.002473703193e-02,1.926498858989e+01,1.735760223152e-01
"                 645",-1.234511970130e+01,2.673825876295e+02,1.766527694183e+02,-1.236499618937e+01,2.866496275570e+02,1.768262502807e+02,-1.987648807296e-02,1.926703992753e+01,1.734808624320e-01
"                 646",-1.233834764888e+01,2.673751781657e+02,1.766588664747e+02,-1.235811164592e+01,2.866442756560e+02,1.768322279544e+02,-1.976399703279e-02,1.926909749031e+01,1.733614797200e-01
"                 647",-1.232505659532e+01,2.673668904398e+02,1.766610520707e+02,-1.234471494140e+01,2.866380355494e+02,1.768343257533e+02,-1.965834607997e-02,1.927114510964e+01,1.732736825685e-01
"                 648",-1.231730818892e+01,2.673599321412e+02,1.766685776257e+02,-1.233687732566e+01,2.866331525843e+02,1.768417438152e+02,-1.956913673495e-02,1.927322044312e+01,1.731661895121e-01
"                 649",-1.230231219810e+01,2.673537165425e+02,1.766719764039e+02,-1.232179075081e+01,2.866289960490e+02,1.768450536271e+02,-1.947855271252e-02,1.927527950648e+01,1.730772232888e-01
"                 650",-1.229366082753e+01,2.673489278812e+02,1.766800935770e+02,-1.231307526338e+01,2.866262759390e+02,1.768530501042e+02,-1.941443584964e-02,1.927734805788e+01,1.729565272484e-01
"                 651",-1.227894009321e+01,2.673442288643e+02,1.766838376295e+02,-1.229830178359e+01,2.866236048569e+02,1.768566812545e+02,-1.936169037572e-02,1.927937599260e+01,1.728436249536e-01
"                 652",-1.227241045231e+01,2.673408560974e+02,1.766920004098e+02,-1.229172643267e+01,2.866222690895e+02,1.768646887353e+02,-1.931598035941e-02,1.928141299218e+01,1.726883255140e-01
"                 653",-1.226243601052e+01,2.673375351667e+02,1.766961409475e+02,-1.228167756804e+01,2.866209705143e+02,1.768686979531e+02,-1.924155751548e-02,1.928343534754e+01,1.725570056162e-01
"                 654",-1.226130175713e+01,2.673354101906e+02,1.767048508699e+02,-1.228046155294e+01,2.866209172919e+02,1.768772619992e+02,-1.915979581141e-02,1.928550710136e+01,1.724111292858e-01
"                 655",-1.225469276470e+01,2.673329684632e+02,1.767096619858e+02,-1.227374867166e+01,2.866205445847e+02,1.768819676152e+02,-1.905590695748e-02,1.928757612144e+01,1.723056293849e-01
"                 656",-1.225332691252e+01,2.673312049468e+02,1.767186795945e+02,-1.227229754917e+01,2.866208859640e+02,1.768908662506e+02,-1.897063665090e-02,1.928968101711e+01,1.721866560386e-01
"                 657",-1.224716681246e+01,2.673286549615e+02,1.767228454299e+02,-1.226604599355e+01,2.866204200539e+02,1.768949540779e+02,-1.887918109175e-02,1.929176509240e+01,1.721086479875e-01
"                 658",-1.224910814714e+01,2.673271519869e+02,1.767307591031e+02,-1.226790017826e+01,2.866210358297e+02,1.769027721047e+02,-1.879203112130e-02,1.929388384279e+01,1.720130016219e-01
"                 659",-1.224505342500e+01,2.673260325815e+02,1.767342063371e+02,-1.226372461695e+01,2.866220205747e+02,1.769061568281e+02,-1.867119195552e-02,1.929598799323e+01,1.719504910577e-01
"                 660",-1.224640459575e+01,2.673262649877e+02,1.767419273709e+02,-1.226499241643e+01,2.866243819996e+02,1.769137923319e+02,-1.858782067947e-02,1.929811701189e+01,1.718649610075e-01
"                 661",-1.224242905132e+01,2.673253041639e+02,1.767448802157e+02,-1.226095106283e+01,2.866255165029e+02,1.769166895801e+02,-1.852201151040e-02,1.930021233900e+01,1.718093643566e-01
"                 662",-1.224579416330e+01,2.673245734046e+02,1.767517809036e+02,-1.226427873807e+01,2.866269054289e+02,1.769235079188e+02,-1.848457477049e-02,1.930233202435e+01,1.717270152198e-01
"                 663",-1.224369602859e+01,2.673235198145e+02,1.767545470173e+02,-1.226212044151e+01,2.866279387909e+02,1.769262171627e+02,-1.842441291708e-02,1.930441897636e+01,1.716701453826e-01
"                 664",-1.224825642775e+01,2.673246806307e+02,1.767621533604e+02,-1.226664732632e+01,2.866311935219e+02,1.769337195804e+02,-1.839089857244e-02,1.930651289121e+01,1.715662200420e-01
"                 665",-1.224863000735e+01,2.673263447848e+02,1.767660801204e+02,-1.226696706264e+01,2.866348990326e+02,1.769375439551e+02,-1.833705529028e-02,1.930855424780e+01,1.714638347099e-01
"                 666",-1.225610293061e+01,2.673296376764e+02,1.767743699334e+02,-1.227441477681e+01,2.866402410494e+02,1.769456685762e+02,-1.831184619373e-02,1.931060337295e+01,1.712986428489e-01
"                 667",-1.225545807637e+01,2.673320408274e+02,1.767778384975e+02,-1.227373324635e+01,2.866446493760e+02,1.769489798236e+02,-1.827516997480e-02,1.931260854857e+01,1.711413260811e-01
"                 668",-1.226035602079e+01,2.673346415367e+02,1.767848423217e+02,-1.227859943318e+01,2.866492879024e+02,1.769557850707e+02,-1.824341238465e-02,1.931464636571e+01,1.709427490839e-01
"                 669",-1.226048912991e+01,2.673358633018e+02,1.767864815528e+02,-1.227865339197e+01,2.866525330218e+02,1.769572534442e+02,-1.816426205623e-02,1.931666972008e+01,1.707718914137e-01
"                 670",-1.227127658353e+01,2.673378623474e+02,1.767923790952e+02,-1.228937427715e+01,2.866565985368e+02,1.769629497612e+02,-1.809769361960e-02,1.931873618944e+01,1.705706659160e-01
"                 671",-1.228023325419e+01,2.673391947332e+02,1.767941172767e+02,-1.229826726394e+01,2.866599703962e+02,1.769645159265e+02,-1.803400974414e-02,1.932077566306e+01,1.703986497962e-01
"                 672",-1.229930037177e+01,2.673413440322e+02,1.768004191677e+02,-1.231730540424e+01,2.866641927510e+02,1.769706081017e+02,-1.800503246733e-02,1.932284871875e+01,1.701889339929e-01
"                 673",-1.231453857520e+01,2.673416678351e+02,1.768016228651e+02,-1.233249141274e+01,2.866665745593e+02,1.769716322638e+02,-1.795283753562e-02,1.932490672419e+01,1.700093986541e-01
"                 674",-1.233425776433e+01,2.673423910028e+02,1.768067855662e+02,-1.235216989860e+01,2.866694034426e+02,1.769765913105e+02,-1.791213426581e-02,1.932701243984e+01,1.698057442582e-01
"                 675",-1.234466986649e+01,2.673422562802e+02,1.768075863780e+02,-1.236253014553e+01,2.866713482399e+02,1.769772249061e+02,-1.786027904252e-02,1.932909195969e+01,1.696385280755e-01
"                 676",-1.236112109799e+01,2.673436862691e+02,1.768129458350e+02,-1.237897608067e+01,2.866748806817e+02,1.769823847777e+02,-1.785498267448e-02,1.933119441257e+01,1.694389426708e-01
"                 677",-1.237341473366e+01,2.673445395353e+02,1.768140260968e+02,-1.239126371211e+01,2.866778038835e+02,1.769832964895e+02,-1.784897844708e-02,1.933326434812e+01,1.692703926700e-01
"                 678",-1.239410125322e+01,2.673474806697e+02,1.768199028232e+02,-1.241196377759e+01,2.866828324617e+02,1.769889669788e+02,-1.786252436332e-02,1.933535179207e+01,1.690641555307e-01
"                 679",-1.240736056303e+01,2.673503351683e+02,1.768217297485e+02,-1.242520615262e+01,2.866877304469e+02,1.769906020497e+02,-1.784558958416e-02,1.933739527859e+01,1.688723012621e-01
"                 680",-1.242417086167e+01,2.673553259827e+02,1.768282517619e+02,-1.244201300344e+01,2.866947756701e+02,1.769968756622e+02,-1.784214177174e-02,1.933944968738e+01,1.686239002396e-01
"                 681",-1.243219843418e+01,2.673590426394e+02,1.768303179825e+02,-1.245003723829e+01,2.867004974647e+02,1.769987034225e+02,-1.783880410539e-02,1.934145482534e+01,1.683854399637e-01
"                 682",-1.244618475218e+01,2.673634677210e+02,1.768363024598e+02,-1.246406127039e+01,2.867069454843e+02,1.770043960394e+02,-1.787651821773e-02,1.934347776331e+01,1.680935795284e-01
"                 683",-1.245492875803e+01,2.673653445330e+02,1.768372875769e+02,-1.247282842649e+01,2.867108195396e+02,1.770051038923e+02,-1.789966845494e-02,1.934547500659e+01,1.678163153837e-01
"                 684",-1.246984232106e+01,2.673672892110e+02,1.768416447116e+02,-1.248777452940e+01,2.867147955060e+02,1.770091443775e+02,-1.793220834589e-02,1.934750629498e+01,1.674996658421e-01
"                 685",-1.247824802843e+01,2.673667395099e+02,1.768411931301e+02,-1.249618713956e+01,2.867162501391e+02,1.770084014386e+02,-1.793911112433e-02,1.934951062924e+01,1.672083084692e-01
"                 686",-1.249317660673e+01,2.673672452231e+02,1.768448648397e+02,-1.251115004784e+01,2.867187876316e+02,1.770117400085e+02,-1.797344111141e-02,1.935154240847e+01,1.668751688716e-01
"                 687",-1.250354070007e+01,2.673663500068e+02,1.768443355923e+02,-1.252155954298e+01,2.867198946926e+02,1.770109010315e+02,-1.801884291017e-02,1.935354468583e+01,1.665654391597e-01
"                 688",-1.252348396536e+01,2.673666976845e+02,1.768482065616e+02,-1.254158985789e+01,2.867222827947e+02,1.770144309071e+02,-1.810589253931e-02,1.935558511020e+01,1.662243455729e-01
"                 689",-1.254004722919e+01,2.673653740666e+02,1.768478371473e+02,-1.255822750769e+01,2.867229917432e+02,1.770137569574e+02,-1.818027849593e-02,1.935761767669e+01,1.659198101355e-01
"                 690",-1.256292299504e+01,2.673653223333e+02,1.768517926523e+02,-1.258120461580e+01,2.867250111358e+02,1.770173793743e+02,-1.828162076088e-02,1.935968880245e+01,1.655867220271e-01
"                 691",-1.257849087014e+01,2.673636550031e+02,1.768515047168e+02,-1.259687767398e+01,2.867253809335e+02,1.770167873461e+02,-1.838680383746e-02,1.936172593035e+01,1.652826292776e-01
"                 692",-1.259972675603e+01,2.673627592681e+02,1.768555368535e+02,-1.261825524582e+01,2.867265526019e+02,1.770204765248e+02,-1.852848979022e-02,1.936379333387e+01,1.649396713407e-01
"                 693",-1.261417730862e+01,2.673605619926e+02,1.768555199251e+02,-1.263281108345e+01,2.867264061414e+02,1.770201385467e+02,-1.863377482703e-02,1.936584414876e+01,1.646186216489e-01
"                 694",-1.263307244223e+01,2.673609887172e+02,1.768607860370e+02,-1.265181447438e+01,2.867289103865e+02,1.770250418806e+02,-1.874203215634e-02,1.936792166935e+01,1.642558436089e-01
"                 695",-1.264257356458e+01,2.673617726551e+02,1.768626107372e+02,-1.266139045587e+01,2.867317443431e+02,1.770265176337e+02,-1.881689129267e-02,1.936997168805e+01,1.639068964788e-01
"                 696",-1.265569848897e+01,2.673648833318e+02,1.768693041000e+02,-1.267460639552e+01,2.867369206528e+02,1.770328086658e+02,-1.890790655318e-02,1.937203732094e+01,1.635045657393e-01
"                 697",-1.266035989959e+01,2.673665822388e+02,1.768712803708e+02,-1.267935374618e+01,2.867406425837e+02,1.770343872232e+02,-1.899384659246e-02,1.937406034490e+01,1.631068523421e-01
"                 698",-1.267183242578e+01,2.673688331234e+02,1.768769232841e+02,-1.269094238376e+01,2.867449294728e+02,1.770395855319e+02,-1.910995798226e-02,1.937609634940e+01,1.626622477931e-01
"                 699",-1.267799562308e+01,2.673688706694e+02,1.768776263646e+02,-1.269719984914e+01,2.867469758744e+02,1.770398614270e+02,-1.920422605416e-02,1.937810520499e+01,1.622350623690e-01
"                 700",-1.269258916818e+01,2.673694205228e+02,1.768824820174e+02,-1.271189983387e+01,2.867495679986e+02,1.770442555823e+02,-1.931066569379e-02,1.938014747577e+01,1.617735648152e-01
"                 701",-1.269961555274e+01,2.673685680344e+02,1.768831434963e+02,-1.271903038813e+01,2.867507395303e+02,1.770444900111e+02,-1.941483539132e-02,1.938217149586e+01,1.613465148357e-01
"                 702",-1.271218477196e+01,2.673683950150e+02,1.768878522438e+02,-1.273175494974e+01,2.867526207222e+02,1.770487493668e+02,-1.957017778752e-02,1.938422570715e+01,1.608971230599e-01
"                 703",-1.271779836653e+01,2.673662541482e+02,1.768872510988e+02,-1.273753302153e+01,2.867525031291e+02,1.770477331018e+02,-1.973465500624e-02,1.938624898088e+01,1.604820030000e-01
"                 704",-1.273173027543e+01,2.673646636833e+02,1.768903658861e+02,-1.275165918979e+01,2.867529528794e+02,1.770504078427e+02,-1.992891435216e-02,1.938828919608e+01,1.600419565917e-01
"                 705",-1.274157252838e+01,2.673624076549e+02,1.768894115368e+02,-1.276168026792e+01,2.867527012089e+02,1.770490494228e+02,-2.010773954159e-02,1.939029355401e+01,1.596378859184e-01
"                 706",-1.276114261225e+01,2.673621635374e+02,1.768935375687e+02,-1.278144597817e+01,2.867544748763e+02,1.770527362769e+02,-2.030336592750e-02,1.939231133891e+01,1.591987082165e-01
"                 707",-1.277522830343e+01,2.673622154163e+02,1.768938581662e+02,-1.279570924104e+01,2.867565098562e+02,1.770526353958e+02,-2.048093761242e-02,1.939429443990e+01,1.587772295544e-01
"                 708",-1.279426046528e+01,2.673638312672e+02,1.768983641160e+02,-1.281493793082e+01,2.867601421725e+02,1.770566870773e+02,-2.067746553159e-02,1.939631090524e+01,1.583229612516e-01
"                 709",-1.280121750083e+01,2.673651311599e+02,1.768986695180e+02,-1.282205090830e+01,2.867634495840e+02,1.770565635405e+02,-2.083340747474e-02,1.939831842405e+01,1.578940224641e-01
"                 710",-1.280880569509e+01,2.673681029026e+02,1.769032999720e+02,-1.282978061114e+01,2.867684611300e+02,1.770607243271e+02,-2.097491605520e-02,1.940035822736e+01,1.574243550664e-01
"                 711",-1.280591852541e+01,2.673710298895e+02,1.769039136814e+02,-1.282698478316e+01,2.867734101953e+02,1.770608791438e+02,-2.106625775707e-02,1.940238030585e+01,1.569654623938e-01
"                 712",-1.280799284333e+01,2.673755297335e+02,1.769089313618e+02,-1.282915829637e+01,2.867799503249e+02,1.770653873900e+02,-2.116545304041e-02,1.940442059135e+01,1.564560282401e-01
"                 713",-1.280332508710e+01,2.673798255083e+02,1.769099997348e+02,-1.282456448406e+01,2.867862623185e+02,1.770659489904e+02,-2.123939696597e-02,1.940643681022e+01,1.559492556544e-01
"                 714",-1.280552901954e+01,2.673850707000e+02,1.769150503213e+02,-1.282685442519e+01,2.867935553633e+02,1.770704508057e+02,-2.132540565191e-02,1.940848466332e+01,1.554004843278e-01
"                 715",-1.280097390277e+01,2.673892498347e+02,1.769153705177e+02,-1.282235831674e+01,2.867997771816e+02,1.770702503641e+02,-2.138441396774e-02,1.941052734690e+01,1.548798464436e-01
"                 716",-1.280190688248e+01,2.673942081117e+02,1.769195953388e+02,-1.282336255802e+01,2.868068124957e+02,1.770739351982e+02,-2.145567553254e-02,1.941260438395e+01,1.543398593129e-01
"                 717",-1.279619598792e+01,2.673985832310e+02,1.769198140667e+02,-1.281771878125e+01,2.868132403710e+02,1.770736484852e+02,-2.152279332491e-02,1.941465714003e+01,1.538344184116e-01
"                 718",-1.279962100254e+01,2.674034562375e+02,1.769238865809e+02,-1.282126221894e+01,2.868201693847e+02,1.770771930860e+02,-2.164121639256e-02,1.941671314720e+01,1.533065051561e-01
"                 719",-1.279960727534e+01,2.674066345854e+02,1.769229386919e+02,-1.282137249929e+01,2.868253529643e+02,1.770757475225e+02,-2.176522394530e-02,1.941871837884e+01,1.528088306370e-01
"                 720",-1.280775111568e+01,2.674100033947e+02,1.769256443760e+02,-1.282965456226e+01,2.868307294452e+02,1.770779286419e+02,-2.190344658319e-02,1.942072605043e+01,1.522842659038e-01
"                 721",-1.280869892754e+01,2.674129214464e+02,1.769242793447e+02,-1.283070446611e+01,2.868356188565e+02,1.770760723520e+02,-2.200553856308e-02,1.942269741007e+01,1.517930072904e-01
"                 722",-1.281504038533e+01,2.674176902656e+02,1.769278471135e+02,-1.283716587579e+01,2.868423618017e+02,1.770791255423e+02,-2.212549045706e-02,1.942467153613e+01,1.512784288056e-01
"                 723",-1.281449696380e+01,2.674224548718e+02,1.769271913130e+02,-1.283673016013e+01,2.868490694735e+02,1.770779844291e+02,-2.223319632904e-02,1.942661460171e+01,1.507931161389e-01
"                 724",-1.282069588483e+01,2.674285922656e+02,1.769307768072e+02,-1.284304884709e+01,2.868571791950e+02,1.770810572658e+02,-2.235296226241e-02,1.942858692941e+01,1.502804586869e-01
"                 725",-1.281877055914e+01,2.674342169158e+02,1.769299027046e+02,-1.284120186685e+01,2.868647647535e+02,1.770796946110e+02,-2.243130770744e-02,1.943054783764e+01,1.497919063236e-01
"                 726",-1.282036657792e+01,2.674405678475e+02,1.769335830751e+02,-1.284286415928e+01,2.868731063006e+02,1.770828453722e+02,-2.249758136194e-02,1.943253845315e+01,1.492622971739e-01
"                 727",-1.281109118513e+01,2.674461479371e+02,1.769331254706e+02,-1.283359887050e+01,2.868806679293e+02,1.770818740106e+02,-2.250768536325e-02,1.943451999226e+01,1.487485399885e-01
"                 728",-1.280481750645e+01,2.674528902535e+02,1.769376459241e+02,-1.282734548947e+01,2.868894186781e+02,1.770858451568e+02,-2.252798301437e-02,1.943652842453e+01,1.481992326562e-01
"                 729",-1.279003828637e+01,2.674595313495e+02,1.769381150543e+02,-1.281258187030e+01,2.868980660855e+02,1.770857941906e+02,-2.254358392123e-02,1.943853473598e+01,1.476791362732e-01
"                 730",-1.278241302588e+01,2.674674921142e+02,1.769431744611e+02,-1.280500161153e+01,2.869080766669e+02,1.770903148251e+02,-2.258858564306e-02,1.944058455267e+01,1.471403640143e-01
"                 731",-1.276825161151e+01,2.674747082736e+02,1.769429801805e+02,-1.279086129912e+01,2.869173378845e+02,1.770896236023e+02,-2.260968761540e-02,1.944262961090e+01,1.466434218055e-01
"                 732",-1.276085417663e+01,2.674824024623e+02,1.769467665544e+02,-1.278349987196e+01,2.869270919547e+02,1.770929042005e+02,-2.264569533057e-02,1.944468949242e+01,1.461376460668e-01
"                 733",-1.274726495610e+01,2.674887548158e+02,1.769461588843e+02,-1.276992846754e+01,2.869354643087e+02,1.770918339944e+02,-2.266351144120e-02,1.944670949290e+01,1.456751101189e-01
"                 734",-1.274292726055e+01,2.674954088469e+02,1.769503462972e+02,-1.276563949852e+01,2.869441242102e+02,1.770955407207e+02,-2.271223797241e-02,1.944871536332e+01,1.451944235754e-01
"                 735",-1.273541074201e+01,2.675003629495e+02,1.769499323499e+02,-1.275818068405e+01,2.869510320613e+02,1.770946835997e+02,-2.276994203900e-02,1.945066911181e+01,1.447512497430e-01
"                 736",-1.273694655594e+01,2.675056044125e+02,1.769533655719e+02,-1.275980552495e+01,2.869582207962e+02,1.770976551153e+02,-2.285896901160e-02,1.945261638368e+01,1.442895433753e-01
"                 737",-1.273084261171e+01,2.675097249305e+02,1.769518590984e+02,-1.275375637893e+01,2.869642605874e+02,1.770957244727e+02,-2.291376722327e-02,1.945453565691e+01,1.438653743440e-01
"                 738",-1.272934662622e+01,2.675150387437e+02,1.769544170687e+02,-1.275230361599e+01,2.869715022863e+02,1.770978362953e+02,-2.295698977729e-02,1.945646354254e+01,1.434192266154e-01
"                 739",-1.272003277220e+01,2.675197765672e+02,1.769522211440e+02,-1.274300866906e+01,2.869781295044e+02,1.770952196723e+02,-2.297589685979e-02,1.945835293720e+01,1.429985283632e-01
"                 740",-1.271711776149e+01,2.675252240058e+02,1.769543225186e+02,-1.274012779271e+01,2.869854816088e+02,1.770968575868e+02,-2.301003121142e-02,1.946025760293e+01,1.425350682237e-01
"                 741",-1.270711322680e+01,2.675299332818e+02,1.769526734247e+02,-1.273011236399e+01,2.869920931283e+02,1.770947638230e+02,-2.299913718815e-02,1.946215984644e+01,1.420903983199e-01
"                 742",-1.270269044933e+01,2.675358262717e+02,1.769562694275e+02,-1.272568356381e+01,2.869999339713e+02,1.770978800534e+02,-2.299311448105e-02,1.946410769959e+01,1.416106258812e-01
"                 743",-1.269018855560e+01,2.675414667595e+02,1.769562119312e+02,-1.271314395556e+01,2.870075340262e+02,1.770973676091e+02,-2.295539995916e-02,1.946606726671e+01,1.411556779161e-01
"                 744",-1.268235890922e+01,2.675483323533e+02,1.769607845222e+02,-1.270528348540e+01,2.870164040050e+02,1.771014571119e+02,-2.292457618462e-02,1.946807165169e+01,1.406725897270e-01
"                 745",-1.266577485606e+01,2.675545196553e+02,1.769609694409e+02,-1.268865799298e+01,2.870245911685e+02,1.771011954104e+02,-2.288313692383e-02,1.947007151324e+01,1.402259695326e-01
"                 746",-1.265462830323e+01,2.675612512481e+02,1.769656489265e+02,-1.267751549697e+01,2.870333404481e+02,1.771054049266e+02,-2.288719373431e-02,1.947208919999e+01,1.397560000939e-01
"                 747",-1.263779534974e+01,2.675671566741e+02,1.769659565946e+02,-1.266066462098e+01,2.870412403202e+02,1.771052840189e+02,-2.286927124513e-02,1.947408364618e+01,1.393274242229e-01
"                 748",-1.262960835130e+01,2.675738891113e+02,1.769710993723e+02,-1.265245900023e+01,2.870499871966e+02,1.771099863783e+02,-2.285064893190e-02,1.947609808531e+01,1.388870060123e-01
"                 749",-1.261597660588e+01,2.675800586039e+02,1.769720055418e+02,-1.263878155508e+01,2.870581419527e+02,1.771105119388e+02,-2.280494920546e-02,1.947808334877e+01,1.385063970050e-01
"                 750",-1.260947838630e+01,2.675868584119e+02,1.769776891481e+02,-1.263225746136e+01,2.870669254095e+02,1.771158092755e+02,-2.277907505782e-02,1.948006699758e+01,1.381201274006e-01
"                 751",-1.259715750677e+01,2.675921358912e+02,1.769781493568e+02,-1.261989965159e+01,2.870741297358e+02,1.771159354341e+02,-2.274214481417e-02,1.948199384469e+01,1.377860772668e-01
"                 752",-1.259377124494e+01,2.675967729096e+02,1.769823707937e+02,-1.261650448346e+01,2.870806766399e+02,1.771198057862e+02,-2.273323851934e-02,1.948390373034e+01,1.374349924550e-01
"                 753",-1.258637691666e+01,2.675996774499e+02,1.769811085584e+02,-1.260907771286e+01,2.870854383129e+02,1.771182349979e+02,-2.270079619310e-02,1.948576086300e+01,1.371264394872e-01
"                 754",-1.258608031425e+01,2.676029459184e+02,1.769844301327e+02,-1.260872970147e+01,2.870905668675e+02,1.771212166782e+02,-2.264938722621e-02,1.948762094918e+01,1.367865454777e-01
"                 755",-1.257772786772e+01,2.676055206245e+02,1.769826871975e+02,-1.260028118192e+01,2.870949652979e+02,1.771191687291e+02,-2.255331419106e-02,1.948944467339e+01,1.364815315684e-01
"                 756",-1.257427804112e+01,2.676084362815e+02,1.769854634438e+02,-1.259676120658e+01,2.870997130909e+02,1.771216070510e+02,-2.248316546038e-02,1.949127680936e+01,1.361436071717e-01
"                 757",-1.256322639597e+01,2.676106384098e+02,1.769831969908e+02,-1.258562553510e+01,2.871037366420e+02,1.771190412436e+02,-2.239913912916e-02,1.949309823221e+01,1.358442528092e-01
"                 758",-1.255856632748e+01,2.676142693065e+02,1.769863358865e+02,-1.258089921735e+01,2.871092353195e+02,1.771218528230e+02,-2.233288986787e-02,1.949496601305e+01,1.355169364843e-01
"                 759",-1.254782086127e+01,2.676186110953e+02,1.769854803298e+02,-1.257007558286e+01,2.871154496902e+02,1.771207044681e+02,-2.225472159314e-02,1.949683859485e+01,1.352241383093e-01
"                 760",-1.254420541788e+01,2.676247552369e+02,1.769902669755e+02,-1.256640164841e+01,2.871235096712e+02,1.771251632967e+02,-2.219623053197e-02,1.949875443433e+01,1.348963212492e-01
"                 761",-1.253381890219e+01,2.676307845420e+02,1.769905701342e+02,-1.255593751904e+01,2.871314526594e+02,1.771251734312e+02,-2.211861684728e-02,1.950066811739e+01,1.346032970308e-01
"                 762",-1.252844830594e+01,2.676372160012e+02,1.769958424062e+02,-1.255052581732e+01,2.871398232480e+02,1.771301181439e+02,-2.207751138753e-02,1.950260724684e+01,1.342757376088e-01
"                 763",-1.251608752963e+01,2.676422404055e+02,1.769965277660e+02,-1.253811939214e+01,2.871467666144e+02,1.771305248994e+02,-2.203186250563e-02,1.950452620888e+01,1.339971333635e-01
"                 764",-1.251032033163e+01,2.676468038502e+02,1.770023790717e+02,-1.253230836659e+01,2.871532768161e+02,1.771360849545e+02,-2.198803495636e-02,1.950647296596e+01,1.337058828393e-01
"                 765",-1.250021096864e+01,2.676502111104e+02,1.770036520553e+02,-1.252211647628e+01,2.871586106742e+02,1.771371320413e+02,-2.190550763571e-02,1.950839956385e+01,1.334799860013e-01
"                 766",-1.249624948956e+01,2.676544157065e+02,1.770101155418e+02,-1.251807989160e+01,2.871647423681e+02,1.771433539818e+02,-2.183040203311e-02,1.951032666168e+01,1.332384400539e-01
"                 767",-1.248648312489e+01,2.676584089324e+02,1.770117144460e+02,-1.250822137424e+01,2.871706073876e+02,1.771447647014e+02,-2.173824935034e-02,1.951219845525e+01,1.330502553266e-01
"                 768",-1.248311649024e+01,2.676625322323e+02,1.770173203616e+02,-1.250477474662e+01,2.871765936023e+02,1.771501509838e+02,-2.165825638195e-02,1.951406137001e+01,1.328306221539e-01
"                 769",-1.247473345508e+01,2.676645208699e+02,1.770173148201e+02,-1.249629504977e+01,2.871803963417e+02,1.771499698639e+02,-2.156159469002e-02,1.951587547174e+01,1.326550438398e-01
"                 770",-1.247305072064e+01,2.676651794804e+02,1.770215227744e+02,-1.249452369067e+01,2.871828825422e+02,1.771539690817e+02,-2.147297002809e-02,1.951770306174e+01,1.324463072856e-01
"                 771",-1.246568823064e+01,2.676640537261e+02,1.770208610421e+02,-1.248705695580e+01,2.871835631873e+02,1.771531460479e+02,-2.136872515658e-02,1.951950946122e+01,1.322850057638e-01
"                 772",-1.246392326489e+01,2.676633075069e+02,1.770247144995e+02,-1.248522787075e+01,2.871846365849e+02,1.771567973196e+02,-2.130460585657e-02,1.952132907803e+01,1.320828200714e-01
"                 773",-1.245595564028e+01,2.676623113643e+02,1.770237837007e+02,-1.247720254382e+01,2.871854403321e+02,1.771557054550e+02,-2.124690353400e-02,1.952312896784e+01,1.319217543301e-01
"                 774",-1.245137418517e+01,2.676627103886e+02,1.770280807851e+02,-1.247257974902e+01,2.871876773912e+02,1.771598016020e+02,-2.120556385887e-02,1.952496700263e+01,1.317208169297e-01
"                 775",-1.243920613756e+01,2.676637756831e+02,1.770282930007e+02,-1.246035097542e+01,2.871905705561e+02,1.771598480968e+02,-2.114483786769e-02,1.952679487301e+01,1.315550961321e-01
"                 776",-1.243337196308e+01,2.676668525309e+02,1.770345409525e+02,-1.245447847220e+01,2.871955060801e+02,1.771658886514e+02,-2.110650912180e-02,1.952865354921e+01,1.313476989106e-01
"                 777",-1.242406956239e+01,2.676705324248e+02,1.770369457067e+02,-1.244513407679e+01,2.872010298073e+02,1.771681303498e+02,-2.106451439662e-02,1.953049738251e+01,1.311846431203e-01
"                 778",-1.242249489812e+01,2.676754009587e+02,1.770445512602e+02,-1.244355580763e+01,2.872077681812e+02,1.771755299633e+02,-2.106090951620e-02,1.953236722253e+01,1.309787031290e-01
"                 779",-1.241516081702e+01,2.676795427192e+02,1.770466722718e+02,-1.243620051127e+01,2.872137501868e+02,1.771774886747e+02,-2.103969425230e-02,1.953420746758e+01,1.308164028283e-01
"                 780",-1.241346711211e+01,2.676840535238e+02,1.770527208078e+02,-1.243447131542e+01,2.872201250643e+02,1.771833430211e+02,-2.100420330248e-02,1.953607154054e+01,1.306222133022e-01
"                 781",-1.240585432681e+01,2.676877074735e+02,1.770531595210e+02,-1.242676592683e+01,2.872256206681e+02,1.771836424920e+02,-2.091160002494e-02,1.953791319457e+01,1.304829710209e-01
"                 782",-1.240480379579e+01,2.676925127135e+02,1.770584685838e+02,-1.242560470085e+01,2.872322875717e+02,1.771887791781e+02,-2.080090506276e-02,1.953977485819e+01,1.303105942542e-01
"                 783",-1.239784931040e+01,2.676970469094e+02,1.770588083339e+02,-1.241852119345e+01,2.872386459126e+02,1.771890019232e+02,-2.067188304059e-02,1.954159900323e+01,1.301935892447e-01
"                 784",-1.239875837347e+01,2.677018178848e+02,1.770636453489e+02,-1.241932065918e+01,2.872452560918e+02,1.771936882302e+02,-2.056228570994e-02,1.954343820700e+01,1.300428812750e-01
"                 785",-1.239534687562e+01,2.677047152385e+02,1.770624144161e+02,-1.241578094401e+01,2.872499560905e+02,1.771923562043e+02,-2.043406838956e-02,1.954524085200e+01,1.299417881165e-01
"                 786",-1.239889453532e+01,2.677076628803e+02,1.770654612835e+02,-1.241920594443e+01,2.872547170906e+02,1.771952625878e+02,-2.031140911022e-02,1.954705421034e+01,1.298013042496e-01
"                 787",-1.239649324814e+01,2.677093322417e+02,1.770632442386e+02,-1.241669334417e+01,2.872581496748e+02,1.771929492975e+02,-2.020009603262e-02,1.954881743309e+01,1.297050589395e-01
"                 788",-1.240168106297e+01,2.677113608896e+02,1.770658908435e+02,-1.242182397463e+01,2.872619424773e+02,1.771954449367e+02,-2.014291166266e-02,1.955058158776e+01,1.295540931557e-01
"                 789",-1.239974246216e+01,2.677121468373e+02,1.770639414767e+02,-1.241983327932e+01,2.872644563126e+02,1.771933813341e+02,-2.009081716042e-02,1.955230947528e+01,1.294398573964e-01
"                 790",-1.240060469280e+01,2.677140876292e+02,1.770680521658e+02,-1.242067178307e+01,2.872681541226e+02,1.771973346880e+02,-2.006709026262e-02,1.955406649343e+01,1.292825221722e-01
"                 791",-1.239096182751e+01,2.677159142899e+02,1.770685434858e+02,-1.241099928966e+01,2.872717128477e+02,1.771977082242e+02,-2.003746215063e-02,1.955579855780e+01,1.291647383755e-01
"                 792",-1.238589253350e+01,2.677194958159e+02,1.770751966793e+02,-1.240592014342e+01,2.872770469660e+02,1.772041923525e+02,-2.002760992262e-02,1.955755115009e+01,1.289956731397e-01
"                 793",-1.237535573730e+01,2.677226919281e+02,1.770775071030e+02,-1.239537794928e+01,2.872819539629e+02,1.772063693739e+02,-2.002221197722e-02,1.955926203475e+01,1.288622708456e-01
"                 794",-1.237266465549e+01,2.677268818122e+02,1.770850560803e+02,-1.239271561218e+01,2.872878622488e+02,1.772137297130e+02,-2.005095668306e-02,1.956098043665e+01,1.286736326538e-01
"                 795",-1.236467085571e+01,2.677296410003e+02,1.770874495127e+02,-1.238471863585e+01,2.872923046904e+02,1.772159730189e+02,-2.004778013519e-02,1.956266369014e+01,1.285235062268e-01
"                 796",-1.236276471638e+01,2.677323473365e+02,1.770940454796e+02,-1.238278344173e+01,2.872967332452e+02,1.772223815540e+02,-2.001872535651e-02,1.956438590866e+01,1.283360743291e-01
"                 797",-1.235377618169e+01,2.677328716054e+02,1.770951612727e+02,-1.237372632777e+01,2.872989658096e+02,1.772233750939e+02,-1.995014607679e-02,1.956609420422e+01,1.282138211703e-01
"                 798",-1.234993680256e+01,2.677336524399e+02,1.771004974343e+02,-1.236982532093e+01,2.873014882310e+02,1.772285650553e+02,-1.988851837162e-02,1.956783579107e+01,1.280676209525e-01
"                 799",-1.234003879283e+01,2.677329022875e+02,1.771003497661e+02,-1.235986158205e+01,2.873024452994e+02,1.772283316560e+02,-1.982278922451e-02,1.956954301190e+01,1.279818898861e-01
"                 800",-1.233922497028e+01,2.677325514204e+02,1.771040615538e+02,-1.235900002005e+01,2.873038156550e+02,1.772319240709e+02,-1.977504977421e-02,1.957126423459e+01,1.278625170831e-01
"                 801",-1.233435867208e+01,2.677311964641e+02,1.771022806575e+02,-1.235406596592e+01,2.873041431176e+02,1.772300762401e+02,-1.970729383659e-02,1.957294665348e+01,1.277955826111e-01
"                 802",-1.233606916177e+01,2.677315198632e+02,1.771054011336e+02,-1.235571597029e+01,2.873061614811e+02,1.772330827448e+02,-1.964680851949e-02,1.957464161793e+01,1.276816111903e-01
"                 803",-1.233132707481e+01,2.677313993490e+02,1.771035503047e+02,-1.235092438303e+01,2.873076812677e+02,1.772311591185e+02,-1.959730821247e-02,1.957628191872e+01,1.276088138182e-01
"                 804",-1.233304179535e+01,2.677323542397e+02,1.771066261108e+02,-1.235264151192e+01,2.873102892813e+02,1.772341145410e+02,-1.959971657062e-02,1.957793504155e+01,1.274884302465e-01
"                 805",-1.233008256907e+01,2.677324399197e+02,1.771055995606e+02,-1.234968588174e+01,2.873119980707e+02,1.772330161218e+02,-1.960331266239e-02,1.957955815098e+01,1.274165611554e-01
"                 806",-1.233484355362e+01,2.677346055858e+02,1.771107455021e+02,-1.235447042594e+01,2.873158199803e+02,1.772380398551e+02,-1.962687232390e-02,1.958121439448e+01,1.272943530053e-01
"                 807",-1.233273738111e+01,2.677373107202e+02,1.771121916101e+02,-1.235237907917e+01,2.873201408512e+02,1.772393954326e+02,-1.964169806053e-02,1.958283013108e+01,1.272038224881e-01
"                 808",-1.233596885135e+01,2.677420923806e+02,1.771190093690e+02,-1.235564694255e+01,2.873265426238e+02,1.772460544990e+02,-1.967809120334e-02,1.958445024311e+01,1.270451299446e-01
"                 809",-1.232997464004e+01,2.677464678249e+02,1.771209015610e+02,-1.234968532143e+01,2.873324897090e+02,1.772478066700e+02,-1.971068138351e-02,1.958602188409e+01,1.269051089915e-01
"                 810",-1.232961842710e+01,2.677516858816e+02,1.771275724497e+02,-1.234937628687e+01,2.873393020362e+02,1.772542771677e+02,-1.975785977256e-02,1.958761615451e+01,1.267047180213e-01
"                 811",-1.232416819561e+01,2.677553315565e+02,1.771289511043e+02,-1.234394010642e+01,2.873445266205e+02,1.772555009674e+02,-1.977191081182e-02,1.958919506400e+01,1.265498631175e-01
"                 812",-1.232794598610e+01,2.677590117879e+02,1.771348023994e+02,-1.234771907565e+01,2.873498388112e+02,1.772611615687e+02,-1.977308954747e-02,1.959082702335e+01,1.263591692777e-01
"                 813",-1.232795387106e+01,2.677608455396e+02,1.771354312484e+02,-1.234770953915e+01,2.873532914067e+02,1.772616584347e+02,-1.975566809477e-02,1.959244586706e+01,1.262271862884e-01
"                 814",-1.233538543812e+01,2.677630326088e+02,1.771403566082e+02,-1.235515174686e+01,2.873571294225e+02,1.772664190825e+02,-1.976630873487e-02,1.959409681373e+01,1.260624743555e-01
"                 815",-1.233708330125e+01,2.677640842696e+02,1.771393420439e+02,-1.235685220537e+01,2.873598027004e+02,1.772652954204e+02,-1.976890411419e-02,1.959571843073e+01,1.259533765620e-01
"                 816",-1.234545835316e+01,2.677659940997e+02,1.771424314711e+02,-1.236522805204e+01,2.873633718841e+02,1.772682390370e+02,-1.976969888691e-02,1.959737778435e+01,1.258075658141e-01
"                 817",-1.234659049896e+01,2.677675106553e+02,1.771407250316e+02,-1.236634309712e+01,2.873665219374e+02,1.772664471673e+02,-1.975259815487e-02,1.959901128214e+01,1.257221356646e-01
"                 818",-1.235293107984e+01,2.677707014926e+02,1.771441255863e+02,-1.237269978164e+01,2.873713685848e+02,1.772697248712e+02,-1.976870179714e-02,1.960066709223e+01,1.255992849676e-01
"                 819",-1.235433227821e+01,2.677731304595e+02,1.771428151818e+02,-1.237413915931e+01,2.873754108973e+02,1.772683404716e+02,-1.980688110068e-02,1.960228043780e+01,1.255252898672e-01
"                 820",-1.236276717551e+01,2.677762824846e+02,1.771463472969e+02,-1.238263825293e+01,2.873801943084e+02,1.772717550374e+02,-1.987107742116e-02,1.960391182383e+01,1.254077404768e-01
"                 821",-1.236404898430e+01,2.677790511628e+02,1.771458119052e+02,-1.238397082816e+01,2.873845388271e+02,1.772711427776e+02,-1.992184385922e-02,1.960548766429e+01,1.253308723377e-01
"                 822",-1.237039144692e+01,2.677837004273e+02,1.771511000406e+02,-1.239037046456e+01,2.873907680462e+02,1.772762873093e+02,-1.997901763546e-02,1.960706761887e+01,1.251872686878e-01
"                 823",-1.236969189135e+01,2.677884262141e+02,1.771525851832e+02,-1.238971060789e+01,2.873970153716e+02,1.772776455510e+02,-2.001871654318e-02,1.960858915753e+01,1.250603678413e-01
"                 824",-1.237275595489e+01,2.677941246627e+02,1.771586989701e+02,-1.239284419201e+01,2.874042415193e+02,1.772835590337e+02,-2.008823711171e-02,1.961011685662e+01,1.248600635395e-01
"                 825",-1.236768165456e+01,2.677982912444e+02,1.771597278725e+02,-1.238782628051e+01,2.874098999131e+02,1.772844163351e+02,-2.014462594632e-02,1.961160866866e+01,1.246884625634e-01
"                 826",-1.236734781667e+01,2.678022479778e+02,1.771644473519e+02,-1.238754344192e+01,2.874153895802e+02,1.772889118275e+02,-2.019562524984e-02,1.961314160243e+01,1.244644756152e-01
"                 827",-1.236122240367e+01,2.678044292046e+02,1.771637693079e+02,-1.238142953979e+01,2.874190875605e+02,1.772880558948e+02,-2.020713612641e-02,1.961465835587e+01,1.242865868561e-01
"                 828",-1.236221819674e+01,2.678070149543e+02,1.771674286113e+02,-1.238245009168e+01,2.874232266138e+02,1.772914959568e+02,-2.023189494047e-02,1.961621165950e+01,1.240673454692e-01
"                 829",-1.236038175319e+01,2.678085331938e+02,1.771663218952e+02,-1.238063817363e+01,2.874262728378e+02,1.772902150840e+02,-2.025642043829e-02,1.961773964394e+01,1.238931887366e-01
"                 830",-1.236788343714e+01,2.678103499254e+02,1.771690331869e+02,-1.238819213733e+01,2.874296561928e+02,1.772927073940e+02,-2.030870019104e-02,1.961930626741e+01,1.236742070636e-01
"                 831",-1.237128672547e+01,2.678102464532e+02,1.771661895388e+02,-1.239164271137e+01,2.874311041720e+02,1.772897020609e+02,-2.035598590582e-02,1.962085771884e+01,1.235125220557e-01
"                 832",-1.237947200073e+01,2.678102807928e+02,1.771670457526e+02,-1.239988559015e+01,2.874327347401e+02,1.772903656510e+02,-2.041358941929e-02,1.962245394725e+01,1.233198984938e-01
"                 833",-1.237977501971e+01,2.678096047592e+02,1.771630942107e+02,-1.240023911341e+01,2.874336222789e+02,1.772862747579e+02,-2.046409369802e-02,1.962401751966e+01,1.231805471932e-01
"                 834",-1.238607925921e+01,2.678108634808e+02,1.771645625055e+02,-1.240662745320e+01,2.874364603205e+02,1.772875573175e+02,-2.054819399230e-02,1.962559683976e+01,1.229948120562e-01
"                 835",-1.238771250156e+01,2.678124569707e+02,1.771626155711e+02,-1.240833850876e+01,2.874395906918e+02,1.772854703701e+02,-2.062600719444e-02,1.962713372112e+01,1.228547989669e-01
"                 836",-1.239492136902e+01,2.678164354088e+02,1.771666335505e+02,-1.241562542484e+01,2.874451234542e+02,1.772892935984e+02,-2.070405582174e-02,1.962868804544e+01,1.226600478432e-01
"                 837",-1.239428502122e+01,2.678203400263e+02,1.771668257321e+02,-1.241503448026e+01,2.874505321351e+02,1.772893211189e+02,-2.074945904174e-02,1.963019210879e+01,1.224953867490e-01
"                 838",-1.239758583575e+01,2.678253835364e+02,1.771715754237e+02,-1.241838752237e+01,2.874570939595e+02,1.772938462863e+02,-2.080168661385e-02,1.963171042313e+01,1.222708625281e-01
"                 839",-1.239222012164e+01,2.678288888803e+02,1.771710604279e+02,-1.241306817860e+01,2.874620706340e+02,1.772931327419e+02,-2.084805695713e-02,1.963318175365e+01,1.220723140216e-01
"                 840",-1.239272349965e+01,2.678322234905e+02,1.771747148697e+02,-1.241364083624e+01,2.874668915810e+02,1.772965250030e+02,-2.091733658625e-02,1.963466809056e+01,1.218101332842e-01
"                 841",-1.238854081274e+01,2.678333552769e+02,1.771730875738e+02,-1.240951110454e+01,2.874694837121e+02,1.772946744676e+02,-2.097029180112e-02,1.963612843523e+01,1.215868937836e-01
"                 842",-1.239181258928e+01,2.678346995477e+02,1.771754544188e+02,-1.241283481792e+01,2.874723265284e+02,1.772967726672e+02,-2.102222863878e-02,1.963762698071e+01,1.213182484592e-01
"                 843",-1.238718389505e+01,2.678343738163e+02,1.771729473029e+02,-1.240822660104e+01,2.874734788447e+02,1.772940442495e+02,-2.104270598726e-02,1.963910502840e+01,1.210969466313e-01
"                 844",-1.238599120488e+01,2.678348737641e+02,1.771749355081e+02,-1.240707752864e+01,2.874754868109e+02,1.772957721432e+02,-2.108632376000e-02,1.964061304681e+01,1.208366350609e-01
"                 845",-1.237899522024e+01,2.678332760498e+02,1.771715940417e+02,-1.240014137839e+01,2.874753687316e+02,1.772922272190e+02,-2.114615814767e-02,1.964209268179e+01,1.206331773495e-01
"                 846",-1.238224109109e+01,2.678318304786e+02,1.771722873061e+02,-1.240348019113e+01,2.874754327701e+02,1.772926870953e+02,-2.123910003838e-02,1.964360229157e+01,1.203997892544e-01
"                 847",-1.238399700951e+01,2.678286914458e+02,1.771683110996e+02,-1.240531866566e+01,2.874737772094e+02,1.772885381168e+02,-2.132165615151e-02,1.964508576362e+01,1.202270171085e-01
"                 848",-1.239354939568e+01,2.678276351555e+02,1.771695241857e+02,-1.241497279575e+01,2.874742256728e+02,1.772895450348e+02,-2.142340006956e-02,1.964659051738e+01,1.200208490521e-01
"                 849",-1.239737680260e+01,2.678266909798e+02,1.771669793322e+02,-1.241889464343e+01,2.874747448698e+02,1.772868401709e+02,-2.151784082714e-02,1.964805389005e+01,1.198608387267e-01
"                 850",-1.240617461227e+01,2.678283934624e+02,1.771694629054e+02,-1.242779435811e+01,2.874779360918e+02,1.772891109694e+02,-2.161974583783e-02,1.964954262934e+01,1.196480640170e-01
"                 851",-1.240569516475e+01,2.678298657678e+02,1.771679932301e+02,-1.242738677047e+01,2.874808710234e+02,1.772874715929e+02,-2.169160571876e-02,1.965100525559e+01,1.194783628277e-01
"                 852",-1.240751789651e+01,2.678334530879e+02,1.771720296412e+02,-1.242927075627e+01,2.874859491361e+02,1.772912862425e+02,-2.175285975962e-02,1.965249604822e+01,1.192566012983e-01
"                 853",-1.240087349533e+01,2.678362817371e+02,1.771722990860e+02,-1.242264940337e+01,2.874902369561e+02,1.772913660775e+02,-2.177590804742e-02,1.965395521899e+01,1.190669915127e-01
"                 854",-1.239827524773e+01,2.678405597803e+02,1.771769359994e+02,-1.242007576813e+01,2.874959907088e+02,1.772957494034e+02,-2.180052039651e-02,1.965543092852e+01,1.188134039127e-01
"                 855",-1.238930709286e+01,2.678432290994e+02,1.771767261022e+02,-1.241112742211e+01,2.875000885276e+02,1.772953106178e+02,-2.182032925342e-02,1.965685942820e+01,1.185845156436e-01
"                 856",-1.238605974690e+01,2.678467080865e+02,1.771804526366e+02,-1.240791428984e+01,2.875050137305e+02,1.772987476148e+02,-2.185454294100e-02,1.965830564401e+01,1.182949782440e-01
"                 857",-1.237804915467e+01,2.678484142556e+02,1.771790493319e+02,-1.239991466533e+01,2.875081465972e+02,1.772970939306e+02,-2.186551065976e-02,1.965973234160e+01,1.180445986705e-01
"                 858",-1.237717382970e+01,2.678508710139e+02,1.771815906150e+02,-1.239906369621e+01,2.875120714661e+02,1.772993501475e+02,-2.188986650673e-02,1.966120045224e+01,1.177595324714e-01
"                 859",-1.236949571414e+01,2.678516462982e+02,1.771793871235e+02,-1.239140265867e+01,2.875143005756e+02,1.772969206742e+02,-2.190694453383e-02,1.966265427744e+01,1.175335507166e-01
"                 860",-1.236609753586e+01,2.678531140479e+02,1.771810741589e+02,-1.238805673274e+01,2.875172495350e+02,1.772983505033e+02,-2.195919687594e-02,1.966413548706e+01,1.172763444014e-01
"                 861",-1.235833405122e+01,2.678521267861e+02,1.771774216601e+02,-1.238035886252e+01,2.875177018441e+02,1.772944951176e+02,-2.202481129845e-02,1.966557505799e+01,1.170734575231e-01
"                 862",-1.235956917453e+01,2.678513108505e+02,1.771775315959e+02,-1.238168883096e+01,2.875183327714e+02,1.772943683631e+02,-2.211965643308e-02,1.966702192086e+01,1.168367672256e-01
"                 863",-1.235776027998e+01,2.678491075060e+02,1.771730652413e+02,-1.237995121068e+01,2.875175352933e+02,1.772897180100e+02,-2.219093069931e-02,1.966842778731e+01,1.166527687074e-01
"                 864",-1.236440538642e+01,2.678489462072e+02,1.771740909200e+02,-1.238667111171e+01,2.875187940676e+02,1.772905186154e+02,-2.226572529804e-02,1.966984786034e+01,1.164276954896e-01
"                 865",-1.236740062593e+01,2.678489225782e+02,1.771719275631e+02,-1.238973416458e+01,2.875201486444e+02,1.772881774792e+02,-2.233353865116e-02,1.967122606624e+01,1.162499161052e-01
"                 866",-1.237640272706e+01,2.678510788615e+02,1.771751175338e+02,-1.239881645617e+01,2.875237164570e+02,1.772911474991e+02,-2.241372910415e-02,1.967263759556e+01,1.160299653104e-01
"                 867",-1.237636221920e+01,2.678525387411e+02,1.771741154931e+02,-1.239882109587e+01,2.875265698419e+02,1.772899722831e+02,-2.245887666962e-02,1.967403110079e+01,1.158567900467e-01
"                 868",-1.237796735731e+01,2.678553882010e+02,1.771777377517e+02,-1.240045350879e+01,2.875308412549e+02,1.772933699734e+02,-2.248615148487e-02,1.967545305386e+01,1.156322216601e-01
"                 869",-1.237000379625e+01,2.678571259676e+02,1.771768696541e+02,-1.239247460473e+01,2.875339676091e+02,1.772923122325e+02,-2.247080847628e-02,1.967684164152e+01,1.154425783980e-01
"                 870",-1.236689161402e+01,2.678603103134e+02,1.771808446905e+02,-1.238933752410e+01,2.875385622388e+02,1.772960356528e+02,-2.244591008562e-02,1.967825192537e+01,1.151909622456e-01
"                 871",-1.235715817455e+01,2.678627862936e+02,1.771804783173e+02,-1.237956851132e+01,2.875424134988e+02,1.772954467659e+02,-2.241033676989e-02,1.967962720517e+01,1.149684485787e-01
"                 872",-1.235268918282e+01,2.678667495398e+02,1.771844496051e+02,-1.237509002211e+01,2.875477854542e+02,1.772991491632e+02,-2.240083928459e-02,1.968103591441e+01,1.146995581517e-01
"                 873",-1.234237847314e+01,2.678691938277e+02,1.771833465835e+02,-1.236475746443e+01,2.875516295199e+02,1.772978338298e+02,-2.237899128386e-02,1.968243569226e+01,1.144872462114e-01
"                 874",-1.233858142324e+01,2.678722571701e+02,1.771860677460e+02,-1.236094717705e+01,2.875561272982e+02,1.773003134042e+02,-2.236575380468e-02,1.968387012809e+01,1.142456581784e-01
"                 875",-1.232967144014e+01,2.678737958566e+02,1.771838594954e+02,-1.235201754578e+01,2.875590622916e+02,1.772979264475e+02,-2.234610564489e-02,1.968526643502e+01,1.140669521746e-01
"                 876",-1.232931595869e+01,2.678757984957e+02,1.771860379692e+02,-1.235168323325e+01,2.875624651305e+02,1.772998934966e+02,-2.236727456608e-02,1.968666663477e+01,1.138555273994e-01
"                 877",-1.232640170498e+01,2.678755948841e+02,1.771832380223e+02,-1.234880040506e+01,2.875636074005e+02,1.772969323917e+02,-2.239870007637e-02,1.968801251640e+01,1.136943693421e-01
"                 878",-1.233075856135e+01,2.678761349737e+02,1.771844898113e+02,-1.235321515741e+01,2.875654944735e+02,1.772979825589e+02,-2.245659605660e-02,1.968935949982e+01,1.134927475777e-01
"                 879",-1.232912268624e+01,2.678759118814e+02,1.771813985140e+02,-1.235161961575e+01,2.875665725107e+02,1.772947462573e+02,-2.249692951040e-02,1.969066062926e+01,1.133477433153e-01
"                 880",-1.233184308082e+01,2.678778844385e+02,1.771835359244e+02,-1.235437425666e+01,2.875698620279e+02,1.772967018227e+02,-2.253117584398e-02,1.969197758932e+01,1.131658983478e-01
"                 881",-1.232982728198e+01,2.678793793755e+02,1.771817216200e+02,-1.235237605820e+01,2.875726281886e+02,1.772947495499e+02,-2.254877622687e-02,1.969324881309e+01,1.130279298988e-01
"                 882",-1.233655662580e+01,2.678817806908e+02,1.771847009797e+02,-1.235914532077e+01,2.875763208731e+02,1.772975361967e+02,-2.258869497788e-02,1.969454018239e+01,1.128352169946e-01
"                 883",-1.233778046394e+01,2.678825533390e+02,1.771833362681e+02,-1.236037985161e+01,2.875783594034e+02,1.772960164121e+02,-2.259938767378e-02,1.969580606446e+01,1.126801439593e-01
"                 884",-1.234092053948e+01,2.678844380585e+02,1.771866363658e+02,-1.236351238433e+01,2.875815489311e+02,1.772991016852e+02,-2.259184485781e-02,1.969711087263e+01,1.124653194299e-01
"                 885",-1.233415266665e+01,2.678857759203e+02,1.771858048615e+02,-1.235670112297e+01,2.875841769508e+02,1.772980911753e+02,-2.254845631777e-02,1.969840103052e+01,1.122863137649e-01
"                 886",-1.232914141543e+01,2.678890275003e+02,1.771898774509e+02,-1.235164874731e+01,2.875887650632e+02,1.773019362617e+02,-2.250733187543e-02,1.969973756285e+01,1.120588107616e-01
"                 887",-1.231546144588e+01,2.678918120208e+02,1.771897818604e+02,-1.233792133894e+01,2.875928741043e+02,1.773016612007e+02,-2.245989306551e-02,1.970106208353e+01,1.118793402315e-01
"                 888",-1.230557508131e+01,2.678957074769e+02,1.771943379667e+02,-1.232802471349e+01,2.875981329663e+02,1.773059942651e+02,-2.244963218926e-02,1.970242548942e+01,1.116562983815e-01
"                 889",-1.229023194866e+01,2.678981289824e+02,1.771941644609e+02,-1.231267332807e+01,2.876018903688e+02,1.773056545398e+02,-2.244137940901e-02,1.970376138646e+01,1.114900789624e-01
"                 890",-1.228276163317e+01,2.679008373559e+02,1.771979083877e+02,-1.230520228305e+01,2.876059554714e+02,1.773092002326e+02,-2.244064988193e-02,1.970511811552e+01,1.112918449559e-01
"                 891",-1.227189881828e+01,2.679021800440e+02,1.771970725017e+02,-1.229430841839e+01,2.876086134804e+02,1.773082292662e+02,-2.240960011338e-02,1.970643343635e+01,1.111567644547e-01
"                 892",-1.226867881732e+01,2.679043818984e+02,1.772007800557e+02,-1.229108077494e+01,2.876121304693e+02,1.773117729021e+02,-2.240195761325e-02,1.970774857099e+01,1.109928463809e-01
"                 893",-1.226264860533e+01,2.679052045899e+02,1.771997419595e+02,-1.228505272320e+01,2.876142103140e+02,1.773106340605e+02,-2.240411787696e-02,1.970900572419e+01,1.108921009973e-01
"                 894",-1.226667060567e+01,2.679063114066e+02,1.772029385100e+02,-1.228911028612e+01,2.876165721666e+02,1.773136923876e+02,-2.243968044873e-02,1.971026075997e+01,1.107538775784e-01
"                 895",-1.226690468773e+01,2.679061769833e+02,1.772014640985e+02,-1.228936515442e+01,2.876176367300e+02,1.773121296252e+02,-2.246046669551e-02,1.971145974664e+01,1.106655266876e-01
"                 896",-1.227205429257e+01,2.679073825987e+02,1.772046719529e+02,-1.229452520988e+01,2.876200502637e+02,1.773152026621e+02,-2.247091731220e-02,1.971266766496e+01,1.105307092581e-01
"                 897",-1.227020791623e+01,2.679081108864e+02,1.772033115962e+02,-1.229264768822e+01,2.876219449613e+02,1.773137502822e+02,-2.243977199026e-02,1.971383407495e+01,1.104386860655e-01
"                 898",-1.227424257598e+01,2.679098006343e+02,1.772063223048e+02,-1.229665904891e+01,2.876248212988e+02,1.773166078915e+02,-2.241647293101e-02,1.971502066449e+01,1.102855866925e-01
"                 899",-1.227195923823e+01,2.679101658244e+02,1.772045505089e+02,-1.229434451785e+01,2.876263586126e+02,1.773147246864e+02,-2.238527962641e-02,1.971619278827e+01,1.101741774837e-01
"                 900",-1.227394706674e+01,2.679115560852e+02,1.772079134359e+02,-1.229630346821e+01,2.876289828263e+02,1.773179290930e+02,-2.235640147219e-02,1.971742674109e+01,1.100156570093e-01
"                 901",-1.226825701896e+01,2.679127999322e+02,1.772076428138e+02,-1.229056676511e+01,2.876314709746e+02,1.773175453210e+02,-2.230974614763e-02,1.971867104238e+01,1.099025072042e-01
"                 902",-1.226562357398e+01,2.679157412509e+02,1.772127989046e+02,-1.228789350250e+01,2.876357111446e+02,1.773225373718e+02,-2.226992851443e-02,1.971996989363e+01,1.097384671769e-01
"                 903",-1.225407734576e+01,2.679181325080e+02,1.772136907443e+02,-1.227629871501e+01,2.876393782218e+02,1.773233148452e+02,-2.222136925852e-02,1.972124571376e+01,1.096241009026e-01
"                 904",-1.224561525873e+01,2.679217598922e+02,1.772191704559e+02,-1.226781651797e+01,2.876443069194e+02,1.773286285063e+02,-2.220125923689e-02,1.972254702728e+01,1.094580503638e-01
"                 905",-1.223192187750e+01,2.679249539315e+02,1.772198967308e+02,-1.225410106212e+01,2.876487650651e+02,1.773292366583e+02,-2.217918462361e-02,1.972381113362e+01,1.093399275083e-01
"                 906",-1.222657761900e+01,2.679290001141e+02,1.772250042525e+02,-1.224874462179e+01,2.876540985816e+02,1.773341924360e+02,-2.216700279131e-02,1.972509846749e+01,1.091881835887e-01
"                 907",-1.221790987531e+01,2.679319866439e+02,1.772253019057e+02,-1.224003705610e+01,2.876583396748e+02,1.773344094580e+02,-2.212718079493e-02,1.972635303083e+01,1.091075522935e-01
"                 908",-1.221526278179e+01,2.679356691426e+02,1.772300359384e+02,-1.223735474472e+01,2.876632847180e+02,1.773390322761e+02,-2.209196292951e-02,1.972761557538e+01,1.089963376956e-01
"                 909",-1.220787654374e+01,2.679384001378e+02,1.772300407065e+02,-1.222992652865e+01,2.876672143371e+02,1.773389861445e+02,-2.204998490579e-02,1.972881419923e+01,1.089454379718e-01
"                 910",-1.220946879545e+01,2.679413709036e+02,1.772339931399e+02,-1.223150617114e+01,2.876713685699e+02,1.773428437721e+02,-2.203737568880e-02,1.972999766633e+01,1.088506322245e-01
"                 911",-1.220933727599e+01,2.679423284044e+02,1.772326918737e+02,-1.223135106195e+01,2.876734487259e+02,1.773414909049e+02,-2.201378595573e-02,1.973112032147e+01,1.087990312256e-01
"                 912",-1.221541497755e+01,2.679429544302e+02,1.772357794335e+02,-1.223739654042e+01,2.876752098389e+02,1.773444714858e+02,-2.198156286731e-02,1.973225540863e+01,1.086920522913e-01
"                 913",-1.221346960033e+01,2.679423232496e+02,1.772343852122e+02,-1.223538756434e+01,2.876756814901e+02,1.773430223636e+02,-2.191796401119e-02,1.973335824040e+01,1.086371514477e-01
"                 914",-1.221502819360e+01,2.679423834409e+02,1.772374450267e+02,-1.223690780743e+01,2.876768641974e+02,1.773459785422e+02,-2.187961382174e-02,1.973448075649e+01,1.085335155301e-01
"                 915",-1.221056915076e+01,2.679419600402e+02,1.772357284873e+02,-1.223241931819e+01,2.876775362465e+02,1.773442024481e+02,-2.185016743580e-02,1.973557620624e+01,1.084739607737e-01
"                 916",-1.221034503125e+01,2.679432304822e+02,1.772392396890e+02,-1.223218178388e+01,2.876799483272e+02,1.773476068942e+02,-2.183675262575e-02,1.973671784502e+01,1.083672052638e-01
"                 917",-1.220449076707e+01,2.679450138107e+02,1.772392469908e+02,-1.222630753092e+01,2.876828618969e+02,1.773475529041e+02,-2.181676384628e-02,1.973784808619e+01,1.083059133051e-01
"                 918",-1.220429302866e+01,2.679487701746e+02,1.772446923510e+02,-1.222609422041e+01,2.876877903041e+02,1.773528770253e+02,-2.180119175251e-02,1.973902012943e+01,1.081846742936e-01
"                 919",-1.219742732160e+01,2.679526576928e+02,1.772459669978e+02,-1.221919504182e+01,2.876928318833e+02,1.773540733735e+02,-2.176772021086e-02,1.974017419057e+01,1.081063757478e-01
"                 920",-1.219390476675e+01,2.679578127550e+02,1.772519770341e+02,-1.221566579146e+01,2.876991779900e+02,1.773599571932e+02,-2.176102470924e-02,1.974136523499e+01,1.079801590872e-01
"                 921",-1.218406563897e+01,2.679622464662e+02,1.772530551886e+02,-1.220581763021e+01,2.877047746732e+02,1.773609602105e+02,-2.175199123266e-02,1.974252820700e+01,1.079050218580e-01
"                 922",-1.218192695797e+01,2.679671646594e+02,1.772581678666e+02,-1.220366279790e+01,2.877108801581e+02,1.773659584058e+02,-2.173583993424e-02,1.974371549880e+01,1.077905392483e-01
"                 923",-1.217633103868e+01,2.679712107346e+02,1.772582480081e+02,-1.219801160581e+01,2.877160808404e+02,1.773659884557e+02,-2.168056713880e-02,1.974487010585e+01,1.077404476076e-01
"                 924",-1.217781576553e+01,2.679763173580e+02,1.772633509264e+02,-1.219943343134e+01,2.877223473845e+02,1.773710021422e+02,-2.161766581145e-02,1.974603002648e+01,1.076512158521e-01
"                 925",-1.217390594446e+01,2.679810804304e+02,1.772642866644e+02,-1.219544184058e+01,2.877282146878e+02,1.773718980148e+02,-2.153589611628e-02,1.974713425744e+01,1.076113503751e-01
"                 926",-1.217780986673e+01,2.679858874972e+02,1.772695370190e+02,-1.219928240594e+01,2.877341204974e+02,1.773770594407e+02,-2.147253921214e-02,1.974823300025e+01,1.075224216908e-01
"                 927",-1.217784636012e+01,2.679882800749e+02,1.772689890701e+02,-1.219925344066e+01,2.877375607762e+02,1.773764738802e+02,-2.140708053928e-02,1.974928070126e+01,1.074848101341e-01
"                 928",-1.218437104321e+01,2.679896334077e+02,1.772722937968e+02,-1.220572093275e+01,2.877399782842e+02,1.773796936033e+02,-2.134988953945e-02,1.975034487648e+01,1.073998064635e-01
"                 929",-1.218454528059e+01,2.679894937796e+02,1.772706903250e+02,-1.220582992184e+01,2.877408729616e+02,1.773780552919e+02,-2.128464124819e-02,1.975137918201e+01,1.073649668593e-01
"                 930",-1.218965243955e+01,2.679899381442e+02,1.772739521554e+02,-1.221091305581e+01,2.877423642067e+02,1.773812279736e+02,-2.126061626220e-02,1.975242606247e+01,1.072758182426e-01
"                 931",-1.218712130127e+01,2.679898942936e+02,1.772728655018e+02,-1.220837014775e+01,2.877433353013e+02,1.773800938314e+02,-2.124884647924e-02,1.975344100771e+01,1.072283296068e-01
"                 932",-1.218637087267e+01,2.679912601529e+02,1.772769298754e+02,-1.220761046312e+01,2.877457550347e+02,1.773840557794e+02,-2.123959044225e-02,1.975449488181e+01,1.071259039997e-01
"                 933",-1.217792097815e+01,2.679928784382e+02,1.772767618213e+02,-1.219914538816e+01,2.877484128119e+02,1.773838310256e+02,-2.122441000641e-02,1.975553437368e+01,1.070692042680e-01
"                 934",-1.217568742479e+01,2.679960700815e+02,1.772816504602e+02,-1.219691008915e+01,2.877526829849e+02,1.773886104308e+02,-2.122266435829e-02,1.975661290335e+01,1.069599706518e-01
"                 935",-1.217078457342e+01,2.679991151545e+02,1.772822578237e+02,-1.219200604607e+01,2.877567871507e+02,1.773891548703e+02,-2.122147265733e-02,1.975767199628e+01,1.068970466320e-01
"                 936",-1.217259456725e+01,2.680031121619e+02,1.772877971180e+02,-1.219384782634e+01,2.877618711546e+02,1.773945745235e+02,-2.125325909217e-02,1.975875899262e+01,1.067774054497e-01
"                 937",-1.216916916241e+01,2.680064601588e+02,1.772887285739e+02,-1.219044827137e+01,2.877662738463e+02,1.773954329769e+02,-2.127910895872e-02,1.975981368748e+01,1.067044030651e-01
"                 938",-1.217062717393e+01,2.680101856864e+02,1.772937727871e+02,-1.219190671495e+01,2.877710832826e+02,1.774003564540e+02,-2.127954101873e-02,1.976089759625e+01,1.065836669444e-01
"                 939",-1.216647716686e+01,2.680129604826e+02,1.772939021134e+02,-1.218770359858e+01,2.877749245274e+02,1.774004232420e+02,-2.122643171793e-02,1.976196404480e+01,1.065211286047e-01
"                 940",-1.216704153803e+01,2.680162808963e+02,1.772986918606e+02,-1.218820797226e+01,2.877793352650e+02,1.774051141848e+02,-2.116643423157e-02,1.976305436867e+01,1.064223242168e-01
"                 941",-1.216352589939e+01,2.680185946661e+02,1.772992004225e+02,-1.218463020032e+01,2.877827077218e+02,1.774055860619e+02,-2.110430092738e-02,1.976411305575e+01,1.063856393657e-01
"                 942",-1.216844048254e+01,2.680205339158e+02,1.773038154649e+02,-1.218950289401e+01,2.877857169312e+02,1.774101211037e+02,-2.106241147176e-02,1.976518301535e+01,1.063056388274e-01
"                 943",-1.217060042229e+01,2.680206376002e+02,1.773030368393e+02,-1.219161025825e+01,2.877868524483e+02,1.774093177980e+02,-2.100983595695e-02,1.976621484812e+01,1.062809586489e-01
"                 944",-1.217782752319e+01,2.680213524156e+02,1.773064286110e+02,-1.219878895138e+01,2.877886073983e+02,1.774126384008e+02,-2.096142819329e-02,1.976725498273e+01,1.062097897633e-01
"                 945",-1.217898901627e+01,2.680217132306e+02,1.773053127851e+02,-1.219990947437e+01,2.877899615269e+02,1.774114937643e+02,-2.092045810352e-02,1.976824829622e+01,1.061809791943e-01
"                 946",-1.218589438461e+01,2.680225845415e+02,1.773087731828e+02,-1.220681662151e+01,2.877918312971e+02,1.774148616558e+02,-2.092223690888e-02,1.976924675555e+01,1.060884729894e-01
"                 947",-1.218587767220e+01,2.680223399814e+02,1.773077094665e+02,-1.220681093235e+01,2.877925576648e+02,1.774137533221e+02,-2.093326014928e-02,1.977021768337e+01,1.060438556430e-01
"                 948",-1.218816638010e+01,2.680229736402e+02,1.773113645631e+02,-1.220911797745e+01,2.877941974446e+02,1.774173122563e+02,-2.095159735550e-02,1.977122380441e+01,1.059476931751e-01
"                 949",-1.218301094635e+01,2.680236089271e+02,1.773106700760e+02,-1.220396710682e+01,2.877958165717e+02,1.774165606567e+02,-2.095616046798e-02,1.977220764463e+01,1.058905806780e-01
"                 950",-1.218395065041e+01,2.680259779329e+02,1.773147242453e+02,-1.220491971459e+01,2.877991835545e+02,1.774204910176e+02,-2.096906418128e-02,1.977320562159e+01,1.057667722500e-01
"                 951",-1.218085201010e+01,2.680285072773e+02,1.773143484244e+02,-1.220184169650e+01,2.878026667649e+02,1.774200216636e+02,-2.098968640674e-02,1.977415948752e+01,1.056732391365e-01
"                 952",-1.218427311193e+01,2.680322892368e+02,1.773187334277e+02,-1.220529393186e+01,2.878074195868e+02,1.774242438967e+02,-2.102081993263e-02,1.977513035004e+01,1.055104690139e-01
"                 953",-1.218303485938e+01,2.680354636889e+02,1.773186284149e+02,-1.220405503417e+01,2.878115482815e+02,1.774240175990e+02,-2.102017479179e-02,1.977608459262e+01,1.053891840814e-01
"                 954",-1.218814023295e+01,2.680385963673e+02,1.773231549573e+02,-1.220913923074e+01,2.878156814301e+02,1.774283821106e+02,-2.099899779652e-02,1.977708506278e+01,1.052271533454e-01
"                 955",-1.218685217816e+01,2.680402334900e+02,1.773231329256e+02,-1.220779983547e+01,2.878183122659e+02,1.774282633589e+02,-2.094765730987e-02,1.977807877592e+01,1.051304332466e-01
"                 956",-1.218975469823e+01,2.680419425924e+02,1.773277032225e+02,-1.221066092076e+01,2.878210428339e+02,1.774327000419e+02,-2.090622253127e-02,1.977910024144e+01,1.049968193928e-01
"                 957",-1.218750145868e+01,2.680424651082e+02,1.773273148531e+02,-1.220837468286e+01,2.878225532480e+02,1.774322357607e+02,-2.087322417904e-02,1.978008813983e+01,1.049209075783e-01
"                 958",-1.219278168361e+01,2.680431153171e+02,1.773307035174e+02,-1.221363347064e+01,2.878242058916e+02,1.774355061023e+02,-2.085178703072e-02,1.978109057447e+01,1.048025848888e-01
"                 959",-1.219301592052e+01,2.680429712232e+02,1.773289482910e+02,-1.221382085814e+01,2.878250380690e+02,1.774336876144e+02,-2.080493761455e-02,1.978206684583e+01,1.047393234571e-01
"                 960",-1.219616200168e+01,2.680440218976e+02,1.773320291055e+02,-1.221692818373e+01,2.878270762917e+02,1.774366565493e+02,-2.076618204761e-02,1.978305439415e+01,1.046274438243e-01
"                 961",-1.219351503818e+01,2.680446200604e+02,1.773305952385e+02,-1.221426459328e+01,2.878286186013e+02,1.774351611300e+02,-2.074955509882e-02,1.978399854084e+01,1.045658915507e-01
"                 962",-1.219736233128e+01,2.680453799181e+02,1.773331611241e+02,-1.221812858340e+01,2.878303369760e+02,1.774376153474e+02,-2.076625212366e-02,1.978495705792e+01,1.044542233304e-01
"                 963",-1.219737511796e+01,2.680450488286e+02,1.773306521382e+02,-1.221815606279e+01,2.878309316616e+02,1.774350454996e+02,-2.078094482942e-02,1.978588283305e+01,1.043933613994e-01
"                 964",-1.220287425874e+01,2.680460579232e+02,1.773327384496e+02,-1.222367788210e+01,2.878328768660e+02,1.774370110468e+02,-2.080362336243e-02,1.978681894281e+01,1.042725971193e-01
"                 965",-1.220249556344e+01,2.680479450558e+02,1.773311212588e+02,-1.222331297533e+01,2.878356551065e+02,1.774353024181e+02,-2.081741188696e-02,1.978771005074e+01,1.041811592635e-01
"                 966",-1.220547844622e+01,2.680519301455e+02,1.773347724760e+02,-1.222631619775e+01,2.878405339255e+02,1.774387824889e+02,-2.083775153675e-02,1.978860378003e+01,1.040100129139e-01
"                 967",-1.220137746620e+01,2.680559677758e+02,1.773345402258e+02,-1.222223640710e+01,2.878454258317e+02,1.774384071366e+02,-2.085894089882e-02,1.978945805584e+01,1.038669107384e-01
"                 968",-1.220083183068e+01,2.680604750254e+02,1.773388293298e+02,-1.222171281471e+01,2.878508202719e+02,1.774424946063e+02,-2.088098402903e-02,1.979034524645e+01,1.036652764424e-01
"                 969",-1.219706790528e+01,2.680635867965e+02,1.773384337296e+02,-1.221794499129e+01,2.878548178138e+02,1.774419514705e+02,-2.087708600486e-02,1.979123101733e+01,1.035177408719e-01
"                 970",-1.220128321226e+01,2.680662632151e+02,1.773423733042e+02,-1.222214302658e+01,2.878584238956e+02,1.774457010033e+02,-2.085981431918e-02,1.979216068050e+01,1.033276991389e-01
"                 971",-1.220270274522e+01,2.680675811829e+02,1.773424206845e+02,-1.222354504500e+01,2.878606548590e+02,1.774456205035e+02,-2.084229978032e-02,1.979307367612e+01,1.031998189581e-01
"                 972",-1.220950797918e+01,2.680690765096e+02,1.773469396973e+02,-1.223035542619e+01,2.878630892823e+02,1.774499677083e+02,-2.084744700661e-02,1.979401277266e+01,1.030280109974e-01
"                 973",-1.221162251653e+01,2.680692323873e+02,1.773462127037e+02,-1.223246356058e+01,2.878641635617e+02,1.774491272709e+02,-2.084104405592e-02,1.979493117441e+01,1.029145672255e-01
"                 974",-1.221802962943e+01,2.680695899771e+02,1.773488658308e+02,-1.223886795780e+01,2.878654712398e+02,1.774516347644e+02,-2.083832837368e-02,1.979588126273e+01,1.027689335821e-01
"                 975",-1.221784615440e+01,2.680692744994e+02,1.773467627193e+02,-1.223866996721e+01,2.878660830897e+02,1.774494545213e+02,-2.082381280298e-02,1.979680859034e+01,1.026918019886e-01
"                 976",-1.222197259497e+01,2.680701543687e+02,1.773493044282e+02,-1.224280603461e+01,2.878679048017e+02,1.774518774813e+02,-2.083343963196e-02,1.979775043304e+01,1.025730531338e-01
"                 977",-1.222242676416e+01,2.680704420832e+02,1.773472944647e+02,-1.224328447490e+01,2.878690976353e+02,1.774497994055e+02,-2.085771073021e-02,1.979865555209e+01,1.025049408406e-01
"                 978",-1.222938001493e+01,2.680715170557e+02,1.773494026768e+02,-1.225027667752e+01,2.878710898766e+02,1.774517892669e+02,-2.089666258083e-02,1.979957282082e+01,1.023865900413e-01
"                 979",-1.223084929027e+01,2.680724863163e+02,1.773472105911e+02,-1.225176277536e+01,2.878729269678e+02,1.774495156564e+02,-2.091348509715e-02,1.980044065155e+01,1.023050653433e-01
"                 980",-1.223530307564e+01,2.680750238108e+02,1.773500573232e+02,-1.225622568954e+01,2.878763345384e+02,1.774522083132e+02,-2.092261390734e-02,1.980131072760e+01,1.021509899439e-01
"                 981",-1.223329971483e+01,2.680773469860e+02,1.773490453145e+02,-1.225422740908e+01,2.878794798130e+02,1.774510706676e+02,-2.092769425441e-02,1.980213282695e+01,1.020253531022e-01
"                 982",-1.223538573377e+01,2.680800068910e+02,1.773526144869e+02,-1.225634147838e+01,2.878829760481e+02,1.774544437269e+02,-2.095574461695e-02,1.980296915709e+01,1.018292400373e-01
"                 983",-1.223131596530e+01,2.680813030383e+02,1.773516567459e+02,-1.225229377591e+01,2.878850803754e+02,1.774533289116e+02,-2.097781061226e-02,1.980377733715e+01,1.016721656983e-01
"                 984",-1.223190850046e+01,2.680824913558e+02,1.773551204192e+02,-1.225290465793e+01,2.878871185438e+02,1.774565834129e+02,-2.099615747281e-02,1.980462718791e+01,1.014629936733e-01
"                 985",-1.222816034736e+01,2.680827501234e+02,1.773542794576e+02,-1.224915497169e+01,2.878882078705e+02,1.774555893477e+02,-2.099462432747e-02,1.980545774716e+01,1.013098901884e-01
"                 986",-1.222990302954e+01,2.680837006071e+02,1.773581655687e+02,-1.225090042962e+01,2.878900213285e+02,1.774592751431e+02,-2.099740007655e-02,1.980632072138e+01,1.011095744568e-01
"                 987",-1.222841782529e+01,2.680839190787e+02,1.773576654118e+02,-1.224942530363e+01,2.878910793521e+02,1.774586315301e+02,-2.100747833500e-02,1.980716027343e+01,1.009661183044e-01
"                 988",-1.223389680560e+01,2.680839098343e+02,1.773608026950e+02,-1.225494386479e+01,2.878919418619e+02,1.774615885898e+02,-2.104705919594e-02,1.980803202757e+01,1.007858948203e-01
"                 989",-1.223689977467e+01,2.680821121256e+02,1.773584784643e+02,-1.225798186778e+01,2.878910025092e+02,1.774591543647e+02,-2.108209311336e-02,1.980889038351e+01,1.006759003857e-01
"                 990",-1.224538087873e+01,2.680805164592e+02,1.773597292485e+02,-1.226649791092e+01,2.878903010993e+02,1.774602645385e+02,-2.111703218983e-02,1.980978464007e+01,1.005352899628e-01
"                 991",-1.224926383421e+01,2.680787989341e+02,1.773566388615e+02,-1.227040730650e+01,2.878894446986e+02,1.774570963226e+02,-2.114347229215e-02,1.981064576445e+01,1.004574611099e-01
"                 992",-1.225716848031e+01,2.680787573859e+02,1.773579468677e+02,-1.227835656502e+01,2.878902754074e+02,1.774582788810e+02,-2.118808471356e-02,1.981151802150e+01,1.003320132477e-01
"                 993",-1.226032223987e+01,2.680791026664e+02,1.773549688883e+02,-1.228153308640e+01,2.878914584651e+02,1.774552237291e+02,-2.121084652769e-02,1.981235579868e+01,1.002548407319e-01
"                 994",-1.226614911610e+01,2.680810863699e+02,1.773565834193e+02,-1.228737164656e+01,2.878942976992e+02,1.774567045191e+02,-2.122253046020e-02,1.981321132934e+01,1.001210998335e-01
"                 995",-1.226501857268e+01,2.680832321799e+02,1.773545377503e+02,-1.228622700984e+01,2.878972544935e+02,1.774545665733e+02,-2.120843716074e-02,1.981402231357e+01,1.000288229236e-01
"                 996",-1.226593261954e+01,2.680866346001e+02,1.773573970352e+02,-1.228712261823e+01,2.879014827713e+02,1.774572711737e+02,-2.118999868773e-02,1.981484817123e+01,9.987413852065e-02
"                 997",-1.226089261937e+01,2.680894253199e+02,1.773564648732e+02,-1.228206313139e+01,2.879050515874e+02,1.774562155688e+02,-2.117051201876e-02,1.981562626748e+01,9.975069569193e-02
"                 998",-1.226028666057e+01,2.680922983802e+02,1.773598407600e+02,-1.228146116293e+01,2.879087084108e+02,1.774593995219e+02,-2.117450236258e-02,1.981641003056e+01,9.955876189148e-02
"                 999",-1.225641232360e+01,2.680936156876e+02,1.773588941728e+02,-1.227759170003e+01,2.879107767791e+02,1.774583028456e+02,-2.117937643549e-02,1.981716109146e+01,9.940867280082e-02
"                1000",-1.225724737246e+01,2.680950012569e+02,1.773624579060e+02,-1.227842684456e+01,2.879129533294e+02,1.774616619235e+02,-2.117947210186e-02,1.981795207257e+01,9.920401748960e-02
