solid nobilis2_sagittal_profile_prism_t03m
  facet normal 0 -0.933128774 -0.359542429
    outer loop
      vertex -0.0149999997 -3.45970726 1.80918634
      vertex 0.0149999997 -3.46311259 1.81802428
      vertex -0.0149999997 -3.46311259 1.81802428
    endloop
  endfacet
  facet normal 0 -0.933130324 -0.359538198
    outer loop
      vertex -0.0149999997 -3.45630193 1.80034828
      vertex 0.0149999997 -3.45970726 1.80918634
      vertex -0.0149999997 -3.45970726 1.80918634
    endloop
  endfacet
  facet normal 0 -0.948141158 -0.317849725
    outer loop
      vertex -0.0149999997 -3.45289683 1.79019094
      vertex 0.0149999997 -3.45630193 1.80034828
      vertex -0.0149999997 -3.45630193 1.80034828
    endloop
  endfacet
  facet normal 0 -0.948134482 -0.317869753
    outer loop
      vertex -0.0149999997 -3.4494915 1.78003359
      vertex 0.0149999997 -3.45289683 1.79019094
      vertex -0.0149999997 -3.45289683 1.79019094
    endloop
  endfacet
  facet normal 0 -0.948135555 -0.317866385
    outer loop
      vertex -0.0149999997 -3.44608617 1.76987612
      vertex 0.0149999997 -3.4494915 1.78003359
      vertex -0.0149999997 -3.4494915 1.78003359
    endloop
  endfacet
  facet normal 0 -0.948134482 -0.317869753
    outer loop
      vertex -0.0149999997 -3.44268084 1.75971878
      vertex 0.0149999997 -3.44608617 1.76987612
      vertex -0.0149999997 -3.44608617 1.76987612
    endloop
  endfacet
  facet normal 0 -0.937991798 -0.346657336
    outer loop
      vertex -0.0149999997 -3.43927574 1.75050521
      vertex 0.0149999997 -3.44268084 1.75971878
      vertex -0.0149999997 -3.44268084 1.75971878
    endloop
  endfacet
  facet normal 0 -0.827765107 -0.561074853
    outer loop
      vertex -0.0149999997 -3.43587041 1.74548125
      vertex 0.0149999997 -3.43927574 1.75050521
      vertex -0.0149999997 -3.43927574 1.75050521
    endloop
  endfacet
  facet normal 0 -0.808306277 -0.588762224
    outer loop
      vertex -0.0149999997 -3.43246508 1.7408061
      vertex 0.0149999997 -3.43587041 1.74548125
      vertex -0.0149999997 -3.43587041 1.74548125
    endloop
  endfacet
  facet normal 0 -0.640025616 -0.768353522
    outer loop
      vertex -0.0149999997 -3.42905974 1.73796952
      vertex 0.0149999997 -3.43246508 1.7408061
      vertex -0.0149999997 -3.43246508 1.7408061
    endloop
  endfacet
  facet normal 0 -0.604514658 -0.796594024
    outer loop
      vertex -0.0149999997 -3.42565441 1.7353853
      vertex 0.0149999997 -3.42905974 1.73796952
      vertex -0.0149999997 -3.42905974 1.73796952
    endloop
  endfacet
  facet normal 0 -0.0875355378 -0.996161401
    outer loop
      vertex -0.0149999997 -3.42224932 1.73508608
      vertex 0.0149999997 -3.42565441 1.7353853
      vertex -0.0149999997 -3.42565441 1.7353853
    endloop
  endfacet
  facet normal 0 -0.128519878 -0.991706908
    outer loop
      vertex -0.0149999997 -3.41884398 1.73464477
      vertex 0.0149999997 -3.42224932 1.73508608
      vertex -0.0149999997 -3.42224932 1.73508608
    endloop
  endfacet
  facet normal 0 -0.941707551 -0.336432636
    outer loop
      vertex -0.0149999997 -3.41543865 1.72511292
      vertex 0.0149999997 -3.41884398 1.73464477
      vertex -0.0149999997 -3.41884398 1.73464477
    endloop
  endfacet
  facet normal 0 -0.941706181 -0.336436361
    outer loop
      vertex -0.0149999997 -3.41203332 1.71558118
      vertex 0.0149999997 -3.41543865 1.72511292
      vertex -0.0149999997 -3.41543865 1.72511292
    endloop
  endfacet
  facet normal 0 -0.941715002 -0.336411744
    outer loop
      vertex -0.0149999997 -3.40862823 1.70604932
      vertex 0.0149999997 -3.41203332 1.71558118
      vertex -0.0149999997 -3.41203332 1.71558118
    endloop
  endfacet
  facet normal 0 -0.721302986 -0.692619622
    outer loop
      vertex -0.0149999997 -3.40522289 1.70250297
      vertex 0.0149999997 -3.40862823 1.70604932
      vertex -0.0149999997 -3.40862823 1.70604932
    endloop
  endfacet
  facet normal 0 -0.335893542 -0.941900015
    outer loop
      vertex -0.0149999997 -3.40181756 1.70128858
      vertex 0.0149999997 -3.40522289 1.70250297
      vertex -0.0149999997 -3.40522289 1.70250297
    endloop
  endfacet
  facet normal 0 -0.335893542 -0.941900015
    outer loop
      vertex -0.0149999997 -3.39841223 1.7000742
      vertex 0.0149999997 -3.40181756 1.70128858
      vertex -0.0149999997 -3.40181756 1.70128858
    endloop
  endfacet
  facet normal 0 -0.335922778 -0.941889524
    outer loop
      vertex -0.0149999997 -3.3950069 1.69885969
      vertex 0.0149999997 -3.39841223 1.7000742
      vertex -0.0149999997 -3.39841223 1.7000742
    endloop
  endfacet
  facet normal 0 -0.335914403 -0.941892505
    outer loop
      vertex -0.0149999997 -3.3916018 1.69764531
      vertex 0.0149999997 -3.3950069 1.69885969
      vertex -0.0149999997 -3.3950069 1.69885969
    endloop
  endfacet
  facet normal 0 -0.335893542 -0.941900015
    outer loop
      vertex -0.0149999997 -3.38819647 1.69643092
      vertex 0.0149999997 -3.3916018 1.69764531
      vertex -0.0149999997 -3.3916018 1.69764531
    endloop
  endfacet
  facet normal 0 -0.335893542 -0.941900015
    outer loop
      vertex -0.0149999997 -3.38479114 1.69521654
      vertex 0.0149999997 -3.38819647 1.69643092
      vertex -0.0149999997 -3.38819647 1.69643092
    endloop
  endfacet
  facet normal 0 -0.335922778 -0.941889524
    outer loop
      vertex -0.0149999997 -3.3813858 1.69400203
      vertex 0.0149999997 -3.38479114 1.69521654
      vertex -0.0149999997 -3.38479114 1.69521654
    endloop
  endfacet
  facet normal 0 -0.335914403 -0.941892505
    outer loop
      vertex -0.0149999997 -3.37798071 1.69278765
      vertex 0.0149999997 -3.3813858 1.69400203
      vertex -0.0149999997 -3.3813858 1.69400203
    endloop
  endfacet
  facet normal 0 -0.335893542 -0.941900015
    outer loop
      vertex -0.0149999997 -3.37457538 1.69157326
      vertex 0.0149999997 -3.37798071 1.69278765
      vertex -0.0149999997 -3.37798071 1.69278765
    endloop
  endfacet
  facet normal 0 -0.335893542 -0.941900015
    outer loop
      vertex -0.0149999997 -3.37117004 1.69035888
      vertex 0.0149999997 -3.37457538 1.69157326
      vertex -0.0149999997 -3.37457538 1.69157326
    endloop
  endfacet
  facet normal 0 -0.335922778 -0.941889524
    outer loop
      vertex -0.0149999997 -3.36776471 1.68914437
      vertex 0.0149999997 -3.37117004 1.69035888
      vertex -0.0149999997 -3.37117004 1.69035888
    endloop
  endfacet
  facet normal 0 -0.335893542 -0.941900015
    outer loop
      vertex -0.0149999997 -3.36435938 1.68792999
      vertex 0.0149999997 -3.36776471 1.68914437
      vertex -0.0149999997 -3.36776471 1.68914437
    endloop
  endfacet
  facet normal 0 -0.107378624 -0.99421823
    outer loop
      vertex -0.0149999997 -3.36095428 1.68756223
      vertex 0.0149999997 -3.36435938 1.68792999
      vertex -0.0149999997 -3.36435938 1.68792999
    endloop
  endfacet
  facet normal 0 0 -1
    outer loop
      vertex -0.0149999997 -3.35754895 1.68756223
      vertex 0.0149999997 -3.36095428 1.68756223
      vertex -0.0149999997 -3.36095428 1.68756223
    endloop
  endfacet
  facet normal 0 0 -1
    outer loop
      vertex -0.0149999997 -3.35414362 1.68756223
      vertex 0.0149999997 -3.35754895 1.68756223
      vertex -0.0149999997 -3.35754895 1.68756223
    endloop
  endfacet
  facet normal 0 0.127358764 -0.991856754
    outer loop
      vertex -0.0149999997 -3.35073829 1.68799949
      vertex 0.0149999997 -3.35414362 1.68756223
      vertex -0.0149999997 -3.35414362 1.68756223
    endloop
  endfacet
  facet normal 0 0.127358764 -0.991856754
    outer loop
      vertex -0.0149999997 -3.34733295 1.68843675
      vertex 0.0149999997 -3.35073829 1.68799949
      vertex -0.0149999997 -3.35073829 1.68799949
    endloop
  endfacet
  facet normal 0 0.127367526 -0.991855502
    outer loop
      vertex -0.0149999997 -3.34392786 1.68887401
      vertex 0.0149999997 -3.34733295 1.68843675
      vertex -0.0149999997 -3.34733295 1.68843675
    endloop
  endfacet
  facet normal 0 0.127358764 -0.991856754
    outer loop
      vertex -0.0149999997 -3.34052253 1.68931127
      vertex 0.0149999997 -3.34392786 1.68887401
      vertex -0.0149999997 -3.34392786 1.68887401
    endloop
  endfacet
  facet normal 0 0.127358764 -0.991856754
    outer loop
      vertex -0.0149999997 -3.3371172 1.68974853
      vertex 0.0149999997 -3.34052253 1.68931127
      vertex -0.0149999997 -3.34052253 1.68931127
    endloop
  endfacet
  facet normal 0 0.127358764 -0.991856754
    outer loop
      vertex -0.0149999997 -3.33371186 1.69018579
      vertex 0.0149999997 -3.3371172 1.68974853
      vertex -0.0149999997 -3.3371172 1.68974853
    endloop
  endfacet
  facet normal 0 0.127367526 -0.991855502
    outer loop
      vertex -0.0149999997 -3.33030677 1.69062304
      vertex 0.0149999997 -3.33371186 1.69018579
      vertex -0.0149999997 -3.33371186 1.69018579
    endloop
  endfacet
  facet normal 0 0.127358764 -0.991856754
    outer loop
      vertex -0.0149999997 -3.32690144 1.6910603
      vertex 0.0149999997 -3.33030677 1.69062304
      vertex -0.0149999997 -3.33030677 1.69062304
    endloop
  endfacet
  facet normal 0 0.127324596 -0.991861105
    outer loop
      vertex -0.0149999997 -3.3234961 1.69149745
      vertex 0.0149999997 -3.32690144 1.6910603
      vertex -0.0149999997 -3.32690144 1.6910603
    endloop
  endfacet
  facet normal 0 0.12650466 -0.99196595
    outer loop
      vertex -0.0149999997 -3.32009077 1.69193172
      vertex 0.0149999997 -3.3234961 1.69149745
      vertex -0.0149999997 -3.3234961 1.69149745
    endloop
  endfacet
  facet normal 0 0.0468922742 -0.998899877
    outer loop
      vertex -0.0149999997 -3.31668544 1.69209158
      vertex 0.0149999997 -3.32009077 1.69193172
      vertex -0.0149999997 -3.32009077 1.69193172
    endloop
  endfacet
  facet normal 0 0.0468955562 -0.998899758
    outer loop
      vertex -0.0149999997 -3.31328034 1.69225144
      vertex 0.0149999997 -3.31668544 1.69209158
      vertex -0.0149999997 -3.31668544 1.69209158
    endloop
  endfacet
  facet normal 0 0.0468922742 -0.998899877
    outer loop
      vertex -0.0149999997 -3.30987501 1.6924113
      vertex 0.0149999997 -3.31328034 1.69225144
      vertex -0.0149999997 -3.31328034 1.69225144
    endloop
  endfacet
  facet normal 0 0.0468922742 -0.998899877
    outer loop
      vertex -0.0149999997 -3.30646968 1.69257116
      vertex 0.0149999997 -3.30987501 1.6924113
      vertex -0.0149999997 -3.30987501 1.6924113
    endloop
  endfacet
  facet normal 0 0.0468922742 -0.998899877
    outer loop
      vertex -0.0149999997 -3.30306435 1.69273102
      vertex 0.0149999997 -3.30646968 1.69257116
      vertex -0.0149999997 -3.30646968 1.69257116
    endloop
  endfacet
  facet normal 0 0.0468955562 -0.998899758
    outer loop
      vertex -0.0149999997 -3.29965925 1.69289088
      vertex 0.0149999997 -3.30306435 1.69273102
      vertex -0.0149999997 -3.30306435 1.69273102
    endloop
  endfacet
  facet normal 0 0.0468922742 -0.998899877
    outer loop
      vertex -0.0149999997 -3.29625392 1.69305074
      vertex 0.0149999997 -3.29965925 1.69289088
      vertex -0.0149999997 -3.29965925 1.69289088
    endloop
  endfacet
  facet normal 0 0.0468922742 -0.998899877
    outer loop
      vertex -0.0149999997 -3.29284859 1.6932106
      vertex 0.0149999997 -3.29625392 1.69305074
      vertex -0.0149999997 -3.29625392 1.69305074
    endloop
  endfacet
  facet normal 0 0.222099081 -0.975024164
    outer loop
      vertex -0.0149999997 -3.28944325 1.6939863
      vertex 0.0149999997 -3.29284859 1.6932106
      vertex -0.0149999997 -3.29284859 1.6932106
    endloop
  endfacet
  facet normal 0 0.224530622 -0.97446698
    outer loop
      vertex -0.0149999997 -3.28603792 1.69477093
      vertex 0.0149999997 -3.28944325 1.6939863
      vertex -0.0149999997 -3.28944325 1.6939863
    endloop
  endfacet
  facet normal 0 0.224577948 -0.974456131
    outer loop
      vertex -0.0149999997 -3.28263283 1.69555569
      vertex 0.0149999997 -3.28603792 1.69477093
      vertex -0.0149999997 -3.28603792 1.69477093
    endloop
  endfacet
  facet normal 0 0.224530622 -0.97446698
    outer loop
      vertex -0.0149999997 -3.2792275 1.69634032
      vertex 0.0149999997 -3.28263283 1.69555569
      vertex -0.0149999997 -3.28263283 1.69555569
    endloop
  endfacet
  facet normal 0 0.224530622 -0.97446698
    outer loop
      vertex -0.0149999997 -3.27582216 1.69712496
      vertex 0.0149999997 -3.2792275 1.69634032
      vertex -0.0149999997 -3.2792275 1.69634032
    endloop
  endfacet
  facet normal 0 0.224530622 -0.97446698
    outer loop
      vertex -0.0149999997 -3.27241683 1.69790959
      vertex 0.0149999997 -3.27582216 1.69712496
      vertex -0.0149999997 -3.27582216 1.69712496
    endloop
  endfacet
  facet normal 0 0.224577948 -0.974456131
    outer loop
      vertex -0.0149999997 -3.26901174 1.69869435
      vertex 0.0149999997 -3.27241683 1.69790959
      vertex -0.0149999997 -3.27241683 1.69790959
    endloop
  endfacet
  facet normal 0 0.306101948 -0.95199877
    outer loop
      vertex -0.0149999997 -3.2656064 1.69978929
      vertex 0.0149999997 -3.26901174 1.69869435
      vertex -0.0149999997 -3.26901174 1.69869435
    endloop
  endfacet
  facet normal 0 0.307882369 -0.95142442
    outer loop
      vertex -0.0149999997 -3.26220107 1.70089126
      vertex 0.0149999997 -3.2656064 1.69978929
      vertex -0.0149999997 -3.2656064 1.69978929
    endloop
  endfacet
  facet normal 0 0.307882369 -0.95142442
    outer loop
      vertex -0.0149999997 -3.25879574 1.70199323
      vertex 0.0149999997 -3.26220107 1.70089126
      vertex -0.0149999997 -3.26220107 1.70089126
    endloop
  endfacet
  facet normal 0 0.307882369 -0.95142442
    outer loop
      vertex -0.0149999997 -3.25539041 1.7030952
      vertex 0.0149999997 -3.25879574 1.70199323
      vertex -0.0149999997 -3.25879574 1.70199323
    endloop
  endfacet
  facet normal 0 0.307901859 -0.951418042
    outer loop
      vertex -0.0149999997 -3.25198531 1.70419717
      vertex 0.0149999997 -3.25539041 1.7030952
      vertex -0.0149999997 -3.25539041 1.7030952
    endloop
  endfacet
  facet normal 0 0.307882369 -0.95142442
    outer loop
      vertex -0.0149999997 -3.24857998 1.70529914
      vertex 0.0149999997 -3.25198531 1.70419717
      vertex -0.0149999997 -3.25198531 1.70419717
    endloop
  endfacet
  facet normal 0 0.307882369 -0.95142442
    outer loop
      vertex -0.0149999997 -3.24517465 1.70640111
      vertex 0.0149999997 -3.24857998 1.70529914
      vertex -0.0149999997 -3.24857998 1.70529914
    endloop
  endfacet
  facet normal 0 0.307882369 -0.95142442
    outer loop
      vertex -0.0149999997 -3.24176931 1.70750308
      vertex 0.0149999997 -3.24517465 1.70640111
      vertex -0.0149999997 -3.24517465 1.70640111
    endloop
  endfacet
  facet normal 0 0.305940121 -0.952050745
    outer loop
      vertex -0.0149999997 -3.23836422 1.7085973
      vertex 0.0149999997 -3.24176931 1.70750308
      vertex -0.0149999997 -3.24176931 1.70750308
    endloop
  endfacet
  facet normal 0 0.299313247 -0.954154909
    outer loop
      vertex -0.0149999997 -3.23495889 1.70966554
      vertex 0.0149999997 -3.23836422 1.7085973
      vertex -0.0149999997 -3.23836422 1.7085973
    endloop
  endfacet
  facet normal 0 0.299343675 -0.954145432
    outer loop
      vertex -0.0149999997 -3.23155355 1.71073389
      vertex 0.0149999997 -3.23495889 1.70966554
      vertex -0.0149999997 -3.23495889 1.70966554
    endloop
  endfacet
  facet normal 0 0.299313247 -0.954154909
    outer loop
      vertex -0.0149999997 -3.22814822 1.71180212
      vertex 0.0149999997 -3.23155355 1.71073389
      vertex -0.0149999997 -3.23155355 1.71073389
    endloop
  endfacet
  facet normal 0 0.299313247 -0.954154909
    outer loop
      vertex -0.0149999997 -3.22474289 1.71287036
      vertex 0.0149999997 -3.22814822 1.71180212
      vertex -0.0149999997 -3.22814822 1.71180212
    endloop
  endfacet
  facet normal 0 0.299362719 -0.954139411
    outer loop
      vertex -0.0149999997 -3.2213378 1.71393871
      vertex 0.0149999997 -3.22474289 1.71287036
      vertex -0.0149999997 -3.22474289 1.71287036
    endloop
  endfacet
  facet normal 0 0.299313247 -0.954154909
    outer loop
      vertex -0.0149999997 -3.21793246 1.71500695
      vertex 0.0149999997 -3.2213378 1.71393871
      vertex -0.0149999997 -3.2213378 1.71393871
    endloop
  endfacet
  facet normal 0 0.299343675 -0.954145432
    outer loop
      vertex -0.0149999997 -3.21452713 1.7160753
      vertex 0.0149999997 -3.21793246 1.71500695
      vertex -0.0149999997 -3.21793246 1.71500695
    endloop
  endfacet
  facet normal 0 0.299313247 -0.954154909
    outer loop
      vertex -0.0149999997 -3.2111218 1.71714354
      vertex 0.0149999997 -3.21452713 1.7160753
      vertex -0.0149999997 -3.21452713 1.7160753
    endloop
  endfacet
  facet normal 0 0.299362719 -0.954139411
    outer loop
      vertex -0.0149999997 -3.2077167 1.71821189
      vertex 0.0149999997 -3.2111218 1.71714354
      vertex -0.0149999997 -3.2111218 1.71714354
    endloop
  endfacet
  facet normal 0 0.299313247 -0.954154909
    outer loop
      vertex -0.0149999997 -3.20431137 1.71928012
      vertex 0.0149999997 -3.2077167 1.71821189
      vertex -0.0149999997 -3.2077167 1.71821189
    endloop
  endfacet
  facet normal 0 0.356957883 -0.934120476
    outer loop
      vertex -0.0149999997 -3.20090604 1.72058141
      vertex 0.0149999997 -3.20431137 1.71928012
      vertex -0.0149999997 -3.20431137 1.71928012
    endloop
  endfacet
  facet normal 0 0.396725327 -0.917937398
    outer loop
      vertex -0.0149999997 -3.19750071 1.72205317
      vertex 0.0149999997 -3.20090604 1.72058141
      vertex -0.0149999997 -3.20090604 1.72058141
    endloop
  endfacet
  facet normal 0 0.396725327 -0.917937398
    outer loop
      vertex -0.0149999997 -3.19409537 1.72352493
      vertex 0.0149999997 -3.19750071 1.72205317
      vertex -0.0149999997 -3.19750071 1.72205317
    endloop
  endfacet
  facet normal 0 0.396748692 -0.917927206
    outer loop
      vertex -0.0149999997 -3.19069028 1.72499669
      vertex 0.0149999997 -3.19409537 1.72352493
      vertex -0.0149999997 -3.19409537 1.72352493
    endloop
  endfacet
  facet normal 0 0.396752357 -0.917925656
    outer loop
      vertex -0.0149999997 -3.18728495 1.72646856
      vertex 0.0149999997 -3.19069028 1.72499669
      vertex -0.0149999997 -3.19069028 1.72499669
    endloop
  endfacet
  facet normal 0 0.396725327 -0.917937398
    outer loop
      vertex -0.0149999997 -3.18387961 1.72794032
      vertex 0.0149999997 -3.18728495 1.72646856
      vertex -0.0149999997 -3.18728495 1.72646856
    endloop
  endfacet
  facet normal 0 0.396725327 -0.917937398
    outer loop
      vertex -0.0149999997 -3.18047428 1.72941208
      vertex 0.0149999997 -3.18387961 1.72794032
      vertex -0.0149999997 -3.18387961 1.72794032
    endloop
  endfacet
  facet normal 0 0.396725327 -0.917937398
    outer loop
      vertex -0.0149999997 -3.17706895 1.73088384
      vertex 0.0149999997 -3.18047428 1.72941208
      vertex -0.0149999997 -3.18047428 1.72941208
    endloop
  endfacet
  facet normal 0 0.396748692 -0.917927206
    outer loop
      vertex -0.0149999997 -3.17366385 1.73235559
      vertex 0.0149999997 -3.17706895 1.73088384
      vertex -0.0149999997 -3.17706895 1.73088384
    endloop
  endfacet
  facet normal 0 0.396725327 -0.917937398
    outer loop
      vertex -0.0149999997 -3.17025852 1.73382735
      vertex 0.0149999997 -3.17366385 1.73235559
      vertex -0.0149999997 -3.17366385 1.73235559
    endloop
  endfacet
  facet normal 0 0.348641247 -0.937256336
    outer loop
      vertex -0.0149999997 -3.16685319 1.73509407
      vertex 0.0149999997 -3.17025852 1.73382735
      vertex -0.0149999997 -3.17025852 1.73382735
    endloop
  endfacet
  facet normal 0 0.337296546 -0.941398501
    outer loop
      vertex -0.0149999997 -3.16344786 1.73631418
      vertex 0.0149999997 -3.16685319 1.73509407
      vertex -0.0149999997 -3.16685319 1.73509407
    endloop
  endfacet
  facet normal 0 0.337317467 -0.941390932
    outer loop
      vertex -0.0149999997 -3.16004276 1.73753428
      vertex 0.0149999997 -3.16344786 1.73631418
      vertex -0.0149999997 -3.16344786 1.73631418
    endloop
  endfacet
  facet normal 0 0.337296546 -0.941398501
    outer loop
      vertex -0.0149999997 -3.15663743 1.73875439
      vertex 0.0149999997 -3.16004276 1.73753428
      vertex -0.0149999997 -3.16004276 1.73753428
    endloop
  endfacet
  facet normal 0 0.337296546 -0.941398501
    outer loop
      vertex -0.0149999997 -3.1532321 1.7399745
      vertex 0.0149999997 -3.15663743 1.73875439
      vertex -0.0149999997 -3.15663743 1.73875439
    endloop
  endfacet
  facet normal 0 0.337296546 -0.941398501
    outer loop
      vertex -0.0149999997 -3.14982677 1.74119461
      vertex 0.0149999997 -3.1532321 1.7399745
      vertex -0.0149999997 -3.1532321 1.7399745
    endloop
  endfacet
  facet normal 0 0.337325752 -0.941388011
    outer loop
      vertex -0.0149999997 -3.14642143 1.74241483
      vertex 0.0149999997 -3.14982677 1.74119461
      vertex -0.0149999997 -3.14982677 1.74119461
    endloop
  endfacet
  facet normal 0 0.337317467 -0.941390932
    outer loop
      vertex -0.0149999997 -3.14301634 1.74363494
      vertex 0.0149999997 -3.14642143 1.74241483
      vertex -0.0149999997 -3.14642143 1.74241483
    endloop
  endfacet
  facet normal 0 0.337296546 -0.941398501
    outer loop
      vertex -0.0149999997 -3.13961101 1.74485505
      vertex 0.0149999997 -3.14301634 1.74363494
      vertex -0.0149999997 -3.14301634 1.74363494
    endloop
  endfacet
  facet normal 0 0.337296546 -0.941398501
    outer loop
      vertex -0.0149999997 -3.13620567 1.74607515
      vertex 0.0149999997 -3.13961101 1.74485505
      vertex -0.0149999997 -3.13961101 1.74485505
    endloop
  endfacet
  facet normal 0 0.333667517 -0.94269073
    outer loop
      vertex -0.0149999997 -3.13280034 1.74728048
      vertex 0.0149999997 -3.13620567 1.74607515
      vertex -0.0149999997 -3.13620567 1.74607515
    endloop
  endfacet
  facet normal 0 0.214304641 -0.976766825
    outer loop
      vertex -0.0149999997 -3.12939525 1.74802756
      vertex 0.0149999997 -3.13280034 1.74728048
      vertex -0.0149999997 -3.13280034 1.74728048
    endloop
  endfacet
  facet normal 0 0.214290321 -0.976769984
    outer loop
      vertex -0.0149999997 -3.12598991 1.74877465
      vertex 0.0149999997 -3.12939525 1.74802756
      vertex -0.0149999997 -3.12939525 1.74802756
    endloop
  endfacet
  facet normal 0 0.214290321 -0.976769984
    outer loop
      vertex -0.0149999997 -3.12258458 1.74952173
      vertex 0.0149999997 -3.12598991 1.74877465
      vertex -0.0149999997 -3.12598991 1.74877465
    endloop
  endfacet
  facet normal 0 0.214322954 -0.976762891
    outer loop
      vertex -0.0149999997 -3.11917925 1.75026894
      vertex 0.0149999997 -3.12258458 1.74952173
      vertex -0.0149999997 -3.12258458 1.74952173
    endloop
  endfacet
  facet normal 0 0.214290321 -0.976769984
    outer loop
      vertex -0.0149999997 -3.11577392 1.75101602
      vertex 0.0149999997 -3.11917925 1.75026894
      vertex -0.0149999997 -3.11917925 1.75026894
    endloop
  endfacet
  facet normal 0 0.214304641 -0.976766825
    outer loop
      vertex -0.0149999997 -3.11236882 1.75176311
      vertex 0.0149999997 -3.11577392 1.75101602
      vertex -0.0149999997 -3.11577392 1.75101602
    endloop
  endfacet
  facet normal 0 0.214322954 -0.976762891
    outer loop
      vertex -0.0149999997 -3.10896349 1.75251031
      vertex 0.0149999997 -3.11236882 1.75176311
      vertex -0.0149999997 -3.11236882 1.75176311
    endloop
  endfacet
  facet normal 0 0.214290321 -0.976769984
    outer loop
      vertex -0.0149999997 -3.10555816 1.75325739
      vertex 0.0149999997 -3.10896349 1.75251031
      vertex -0.0149999997 -3.10896349 1.75251031
    endloop
  endfacet
  facet normal 0 0.214290321 -0.976769984
    outer loop
      vertex -0.0149999997 -3.10215282 1.75400448
      vertex 0.0149999997 -3.10555816 1.75325739
      vertex -0.0149999997 -3.10555816 1.75325739
    endloop
  endfacet
  facet normal 0 0.214304641 -0.976766825
    outer loop
      vertex -0.0149999997 -3.09874773 1.75475156
      vertex 0.0149999997 -3.10215282 1.75400448
      vertex -0.0149999997 -3.10215282 1.75400448
    endloop
  endfacet
  facet normal 0 0.214322954 -0.976762891
    outer loop
      vertex -0.0149999997 -3.0953424 1.75549877
      vertex 0.0149999997 -3.09874773 1.75475156
      vertex -0.0149999997 -3.09874773 1.75475156
    endloop
  endfacet
  facet normal 0 0.214290321 -0.976769984
    outer loop
      vertex -0.0149999997 -3.09193707 1.75624585
      vertex 0.0149999997 -3.0953424 1.75549877
      vertex -0.0149999997 -3.0953424 1.75549877
    endloop
  endfacet
  facet normal 0 0.214257702 -0.976777136
    outer loop
      vertex -0.0149999997 -3.08853173 1.75699282
      vertex 0.0149999997 -3.09193707 1.75624585
      vertex -0.0149999997 -3.09193707 1.75624585
    endloop
  endfacet
  facet normal 0 0.20991239 -0.977720141
    outer loop
      vertex -0.0149999997 -3.0851264 1.75772393
      vertex 0.0149999997 -3.08853173 1.75699282
      vertex -0.0149999997 -3.08853173 1.75699282
    endloop
  endfacet
  facet normal 0 0.209926441 -0.977717161
    outer loop
      vertex -0.0149999997 -3.08172131 1.75845504
      vertex 0.0149999997 -3.0851264 1.75772393
      vertex -0.0149999997 -3.0851264 1.75772393
    endloop
  endfacet
  facet normal 0 0.20991239 -0.977720141
    outer loop
      vertex -0.0149999997 -3.07831597 1.75918615
      vertex 0.0149999997 -3.08172131 1.75845504
      vertex -0.0149999997 -3.08172131 1.75845504
    endloop
  endfacet
  facet normal 0 0.20991239 -0.977720141
    outer loop
      vertex -0.0149999997 -3.07491064 1.75991726
      vertex 0.0149999997 -3.07831597 1.75918615
      vertex -0.0149999997 -3.07831597 1.75918615
    endloop
  endfacet
  facet normal 0 0.20991239 -0.977720141
    outer loop
      vertex -0.0149999997 -3.07150531 1.76064837
      vertex 0.0149999997 -3.07491064 1.75991726
      vertex -0.0149999997 -3.07491064 1.75991726
    endloop
  endfacet
  facet normal 0 0.209926441 -0.977717161
    outer loop
      vertex -0.0149999997 -3.06810021 1.76137948
      vertex 0.0149999997 -3.07150531 1.76064837
      vertex -0.0149999997 -3.07150531 1.76064837
    endloop
  endfacet
  facet normal 0 0.20991239 -0.977720141
    outer loop
      vertex -0.0149999997 -3.06469488 1.76211059
      vertex 0.0149999997 -3.06810021 1.76137948
      vertex -0.0149999997 -3.06810021 1.76137948
    endloop
  endfacet
  facet normal 0 0.20991239 -0.977720141
    outer loop
      vertex -0.0149999997 -3.06128955 1.7628417
      vertex 0.0149999997 -3.06469488 1.76211059
      vertex -0.0149999997 -3.06469488 1.76211059
    endloop
  endfacet
  facet normal 0 0.20991239 -0.977720141
    outer loop
      vertex -0.0149999997 -3.05788422 1.76357281
      vertex 0.0149999997 -3.06128955 1.7628417
      vertex -0.0149999997 -3.06128955 1.7628417
    endloop
  endfacet
  facet normal 0 0.20991239 -0.977720141
    outer loop
      vertex -0.0149999997 -3.05447888 1.76430392
      vertex 0.0149999997 -3.05788422 1.76357281
      vertex -0.0149999997 -3.05788422 1.76357281
    endloop
  endfacet
  facet normal 0 0.209926441 -0.977717161
    outer loop
      vertex -0.0149999997 -3.05107379 1.76503503
      vertex 0.0149999997 -3.05447888 1.76430392
      vertex -0.0149999997 -3.05447888 1.76430392
    endloop
  endfacet
  facet normal 0 0.20991239 -0.977720141
    outer loop
      vertex -0.0149999997 -3.04766846 1.76576614
      vertex 0.0149999997 -3.05107379 1.76503503
      vertex -0.0149999997 -3.05107379 1.76503503
    endloop
  endfacet
  facet normal 0 0.20991239 -0.977720141
    outer loop
      vertex -0.0149999997 -3.04426312 1.76649725
      vertex 0.0149999997 -3.04766846 1.76576614
      vertex -0.0149999997 -3.04766846 1.76576614
    endloop
  endfacet
  facet normal 0 0.228509307 -0.973541677
    outer loop
      vertex -0.0149999997 -3.04085779 1.76729655
      vertex 0.0149999997 -3.04426312 1.76649725
      vertex -0.0149999997 -3.04426312 1.76649725
    endloop
  endfacet
  facet normal 0 0.23033224 -0.973111987
    outer loop
      vertex -0.0149999997 -3.0374527 1.76810253
      vertex 0.0149999997 -3.04085779 1.76729655
      vertex -0.0149999997 -3.04085779 1.76729655
    endloop
  endfacet
  facet normal 0 0.230316997 -0.973115683
    outer loop
      vertex -0.0149999997 -3.03404737 1.7689085
      vertex 0.0149999997 -3.0374527 1.76810253
      vertex -0.0149999997 -3.0374527 1.76810253
    endloop
  endfacet
  facet normal 0 0.230316997 -0.973115683
    outer loop
      vertex -0.0149999997 -3.03064203 1.76971447
      vertex 0.0149999997 -3.03404737 1.7689085
      vertex -0.0149999997 -3.03404737 1.7689085
    endloop
  endfacet
  facet normal 0 0.230284721 -0.973123252
    outer loop
      vertex -0.0149999997 -3.0272367 1.77052033
      vertex 0.0149999997 -3.03064203 1.76971447
      vertex -0.0149999997 -3.03064203 1.76971447
    endloop
  endfacet
  facet normal 0 0.230316997 -0.973115683
    outer loop
      vertex -0.0149999997 -3.02383137 1.7713263
      vertex 0.0149999997 -3.0272367 1.77052033
      vertex -0.0149999997 -3.0272367 1.77052033
    endloop
  endfacet
  facet normal 0 0.23033224 -0.973111987
    outer loop
      vertex -0.0149999997 -3.02042627 1.77213228
      vertex 0.0149999997 -3.02383137 1.7713263
      vertex -0.0149999997 -3.02383137 1.7713263
    endloop
  endfacet
  facet normal 0 0.230284721 -0.973123252
    outer loop
      vertex -0.0149999997 -3.01702094 1.77293813
      vertex 0.0149999997 -3.02042627 1.77213228
      vertex -0.0149999997 -3.02042627 1.77213228
    endloop
  endfacet
  facet normal 0 0.230316997 -0.973115683
    outer loop
      vertex -0.0149999997 -3.01361561 1.77374411
      vertex 0.0149999997 -3.01702094 1.77293813
      vertex -0.0149999997 -3.01702094 1.77293813
    endloop
  endfacet
  facet normal 0 0.230316997 -0.973115683
    outer loop
      vertex -0.0149999997 -3.01021028 1.77455008
      vertex 0.0149999997 -3.01361561 1.77374411
      vertex -0.0149999997 -3.01361561 1.77374411
    endloop
  endfacet
  facet normal 0 0.230284721 -0.973123252
    outer loop
      vertex -0.0149999997 -3.00680494 1.77535594
      vertex 0.0149999997 -3.01021028 1.77455008
      vertex -0.0149999997 -3.01021028 1.77455008
    endloop
  endfacet
  facet normal 0 0.109064028 -0.994034767
    outer loop
      vertex -0.0149999997 -3.00339985 1.77572954
      vertex 0.0149999997 -3.00680494 1.77535594
      vertex -0.0149999997 -3.00680494 1.77535594
    endloop
  endfacet
  facet normal 0 0.0999658257 -0.994990885
    outer loop
      vertex -0.0149999997 -2.99999452 1.77607167
      vertex 0.0149999997 -3.00339985 1.77572954
      vertex -0.0149999997 -3.00339985 1.77572954
    endloop
  endfacet
  facet normal 0 0.0999313444 -0.994994342
    outer loop
      vertex -0.0149999997 -2.99658918 1.77641368
      vertex 0.0149999997 -2.99999452 1.77607167
      vertex -0.0149999997 -2.99999452 1.77607167
    endloop
  endfacet
  facet normal 0 0.0999313444 -0.994994342
    outer loop
      vertex -0.0149999997 -2.99318385 1.77675569
      vertex 0.0149999997 -2.99658918 1.77641368
      vertex -0.0149999997 -2.99658918 1.77641368
    endloop
  endfacet
  facet normal 0 0.0999382734 -0.994993627
    outer loop
      vertex -0.0149999997 -2.98977876 1.7770977
      vertex 0.0149999997 -2.99318385 1.77675569
      vertex -0.0149999997 -2.99318385 1.77675569
    endloop
  endfacet
  facet normal 0 0.0999658257 -0.994990885
    outer loop
      vertex -0.0149999997 -2.98637342 1.77743983
      vertex 0.0149999997 -2.98977876 1.7770977
      vertex -0.0149999997 -2.98977876 1.7770977
    endloop
  endfacet
  facet normal 0 0.0999313444 -0.994994342
    outer loop
      vertex -0.0149999997 -2.98296809 1.77778184
      vertex 0.0149999997 -2.98637342 1.77743983
      vertex -0.0149999997 -2.98637342 1.77743983
    endloop
  endfacet
  facet normal 0 0.0999313444 -0.994994342
    outer loop
      vertex -0.0149999997 -2.97956276 1.77812386
      vertex 0.0149999997 -2.98296809 1.77778184
      vertex -0.0149999997 -2.98296809 1.77778184
    endloop
  endfacet
  facet normal 0 0.0999658257 -0.994990885
    outer loop
      vertex -0.0149999997 -2.97615743 1.77846599
      vertex 0.0149999997 -2.97956276 1.77812386
      vertex -0.0149999997 -2.97956276 1.77812386
    endloop
  endfacet
  facet normal 0 0.0999382734 -0.994993627
    outer loop
      vertex -0.0149999997 -2.97275233 1.778808
      vertex 0.0149999997 -2.97615743 1.77846599
      vertex -0.0149999997 -2.97615743 1.77846599
    endloop
  endfacet
  facet normal 0 0.0532046594 -0.998583615
    outer loop
      vertex -0.0149999997 -2.969347 1.77898943
      vertex 0.0149999997 -2.97275233 1.778808
      vertex -0.0149999997 -2.97275233 1.778808
    endloop
  endfacet
  facet normal 0 0.00812127627 -0.999967098
    outer loop
      vertex -0.0149999997 -2.96594167 1.77901709
      vertex 0.0149999997 -2.969347 1.77898943
      vertex -0.0149999997 -2.969347 1.77898943
    endloop
  endfacet
  facet normal 0 0.00812127627 -0.999967098
    outer loop
      vertex -0.0149999997 -2.96253633 1.77904475
      vertex 0.0149999997 -2.96594167 1.77901709
      vertex -0.0149999997 -2.96594167 1.77901709
    endloop
  endfacet
  facet normal 0 0.00812184345 -0.999966979
    outer loop
      vertex -0.0149999997 -2.95913124 1.7790724
      vertex 0.0149999997 -2.96253633 1.77904475
      vertex -0.0149999997 -2.96253633 1.77904475
    endloop
  endfacet
  facet normal 0 0.00812127627 -0.999967098
    outer loop
      vertex -0.0149999997 -2.95572591 1.77910006
      vertex 0.0149999997 -2.95913124 1.7790724
      vertex -0.0149999997 -2.95913124 1.7790724
    endloop
  endfacet
  facet normal 0 0.00812127627 -0.999967098
    outer loop
      vertex -0.0149999997 -2.95232058 1.77912772
      vertex 0.0149999997 -2.95572591 1.77910006
      vertex -0.0149999997 -2.95572591 1.77910006
    endloop
  endfacet
  facet normal 0 0.00808627158 -0.999967277
    outer loop
      vertex -0.0149999997 -2.94891524 1.77915525
      vertex 0.0149999997 -2.95232058 1.77912772
      vertex -0.0149999997 -2.95232058 1.77912772
    endloop
  endfacet
  facet normal 0 0.00812127627 -0.999967098
    outer loop
      vertex -0.0149999997 -2.94550991 1.77918291
      vertex 0.0149999997 -2.94891524 1.77915525
      vertex -0.0149999997 -2.94891524 1.77915525
    endloop
  endfacet
  facet normal 0 0.00812184345 -0.999966979
    outer loop
      vertex -0.0149999997 -2.94210482 1.77921057
      vertex 0.0149999997 -2.94550991 1.77918291
      vertex -0.0149999997 -2.94550991 1.77918291
    endloop
  endfacet
  facet normal 0 0.00812127627 -0.999967098
    outer loop
      vertex -0.0149999997 -2.93869948 1.77923822
      vertex 0.0149999997 -2.94210482 1.77921057
      vertex -0.0149999997 -2.94210482 1.77921057
    endloop
  endfacet
  facet normal 0 0.00812127627 -0.999967098
    outer loop
      vertex -0.0149999997 -2.93529415 1.77926588
      vertex 0.0149999997 -2.93869948 1.77923822
      vertex -0.0149999997 -2.93869948 1.77923822
    endloop
  endfacet
  facet normal 0 0 -1
    outer loop
      vertex -0.0149999997 -2.93188882 1.77926588
      vertex 0.0149999997 -2.93529415 1.77926588
      vertex -0.0149999997 -2.93529415 1.77926588
    endloop
  endfacet
  facet normal 0 0 -1
    outer loop
      vertex -0.0149999997 -2.92848372 1.77926588
      vertex 0.0149999997 -2.93188882 1.77926588
      vertex -0.0149999997 -2.93188882 1.77926588
    endloop
  endfacet
  facet normal 0 -0.0450777039 -0.998983502
    outer loop
      vertex -0.0149999997 -2.92507839 1.77911222
      vertex 0.0149999997 -2.92848372 1.77926588
      vertex -0.0149999997 -2.92848372 1.77926588
    endloop
  endfacet
  facet normal 0 -0.0548427738 -0.998495042
    outer loop
      vertex -0.0149999997 -2.92167306 1.77892518
      vertex 0.0149999997 -2.92507839 1.77911222
      vertex -0.0149999997 -2.92507839 1.77911222
    endloop
  endfacet
  facet normal 0 -0.0548427738 -0.998495042
    outer loop
      vertex -0.0149999997 -2.91826773 1.77873814
      vertex 0.0149999997 -2.92167306 1.77892518
      vertex -0.0149999997 -2.92167306 1.77892518
    endloop
  endfacet
  facet normal 0 -0.0548427738 -0.998495042
    outer loop
      vertex -0.0149999997 -2.91486239 1.7785511
      vertex 0.0149999997 -2.91826773 1.77873814
      vertex -0.0149999997 -2.91826773 1.77873814
    endloop
  endfacet
  facet normal 0 -0.0548465997 -0.998494744
    outer loop
      vertex -0.0149999997 -2.9114573 1.77836406
      vertex 0.0149999997 -2.91486239 1.7785511
      vertex -0.0149999997 -2.91486239 1.7785511
    endloop
  endfacet
  facet normal 0 -0.0548776239 -0.998493135
    outer loop
      vertex -0.0149999997 -2.90805197 1.7781769
      vertex 0.0149999997 -2.9114573 1.77836406
      vertex -0.0149999997 -2.9114573 1.77836406
    endloop
  endfacet
  facet normal 0 -0.0548427738 -0.998495042
    outer loop
      vertex -0.0149999997 -2.90464664 1.77798986
      vertex 0.0149999997 -2.90805197 1.7781769
      vertex -0.0149999997 -2.90805197 1.7781769
    endloop
  endfacet
  facet normal 0 -0.0548427738 -0.998495042
    outer loop
      vertex -0.0149999997 -2.9012413 1.77780282
      vertex 0.0149999997 -2.90464664 1.77798986
      vertex -0.0149999997 -2.90464664 1.77798986
    endloop
  endfacet
  facet normal 0 -0.0548465997 -0.998494744
    outer loop
      vertex -0.0149999997 -2.89783621 1.77761579
      vertex 0.0149999997 -2.9012413 1.77780282
      vertex -0.0149999997 -2.9012413 1.77780282
    endloop
  endfacet
  facet normal 0 -0.0548427738 -0.998495042
    outer loop
      vertex -0.0149999997 -2.89443088 1.77742875
      vertex 0.0149999997 -2.89783621 1.77761579
      vertex -0.0149999997 -2.89783621 1.77761579
    endloop
  endfacet
  facet normal 0 -0.0548427738 -0.998495042
    outer loop
      vertex -0.0149999997 -2.89102554 1.77724171
      vertex 0.0149999997 -2.89443088 1.77742875
      vertex -0.0149999997 -2.89443088 1.77742875
    endloop
  endfacet
  facet normal 0 -0.0548427738 -0.998495042
    outer loop
      vertex -0.0149999997 -2.88762021 1.77705467
      vertex 0.0149999997 -2.89102554 1.77724171
      vertex -0.0149999997 -2.89102554 1.77724171
    endloop
  endfacet
  facet normal 0 -0.0548776239 -0.998493135
    outer loop
      vertex -0.0149999997 -2.88421488 1.77686751
      vertex 0.0149999997 -2.88762021 1.77705467
      vertex -0.0149999997 -2.88762021 1.77705467
    endloop
  endfacet
  facet normal 0 -0.0548465997 -0.998494744
    outer loop
      vertex -0.0149999997 -2.88080978 1.77668047
      vertex 0.0149999997 -2.88421488 1.77686751
      vertex -0.0149999997 -2.88421488 1.77686751
    endloop
  endfacet
  facet normal 0 -0.0548427738 -0.998495042
    outer loop
      vertex -0.0149999997 -2.87740445 1.77649343
      vertex 0.0149999997 -2.88080978 1.77668047
      vertex -0.0149999997 -2.88080978 1.77668047
    endloop
  endfacet
  facet normal 0 -0.0548427738 -0.998495042
    outer loop
      vertex -0.0149999997 -2.87399912 1.77630639
      vertex 0.0149999997 -2.87740445 1.77649343
      vertex -0.0149999997 -2.87740445 1.77649343
    endloop
  endfacet
  facet normal 0 -0.0548427738 -0.998495042
    outer loop
      vertex -0.0149999997 -2.87059379 1.77611935
      vertex 0.0149999997 -2.87399912 1.77630639
      vertex -0.0149999997 -2.87399912 1.77630639
    endloop
  endfacet
  facet normal 0 -0.0548465997 -0.998494744
    outer loop
      vertex -0.0149999997 -2.86718869 1.77593231
      vertex 0.0149999997 -2.87059379 1.77611935
      vertex -0.0149999997 -2.87059379 1.77611935
    endloop
  endfacet
  facet normal 0 -0.0548776239 -0.998493135
    outer loop
      vertex -0.0149999997 -2.86378336 1.77574515
      vertex 0.0149999997 -2.86718869 1.77593231
      vertex -0.0149999997 -2.86718869 1.77593231
    endloop
  endfacet
  facet normal 0 -0.0548427738 -0.998495042
    outer loop
      vertex -0.0149999997 -2.86037803 1.77555811
      vertex 0.0149999997 -2.86378336 1.77574515
      vertex -0.0149999997 -2.86378336 1.77574515
    endloop
  endfacet
  facet normal 0 -0.0803249106 -0.996768713
    outer loop
      vertex -0.0149999997 -2.85697269 1.77528369
      vertex 0.0149999997 -2.86037803 1.77555811
      vertex -0.0149999997 -2.86037803 1.77555811
    endloop
  endfacet
  facet normal 0 -0.379018813 -0.925388992
    outer loop
      vertex -0.0149999997 -2.85356736 1.77388895
      vertex 0.0149999997 -2.85697269 1.77528369
      vertex -0.0149999997 -2.85697269 1.77528369
    endloop
  endfacet
  facet normal 0 -0.379041523 -0.925379694
    outer loop
      vertex -0.0149999997 -2.85016227 1.7724942
      vertex 0.0149999997 -2.85356736 1.77388895
      vertex -0.0149999997 -2.85356736 1.77388895
    endloop
  endfacet
  facet normal 0 -0.379046559 -0.925377607
    outer loop
      vertex -0.0149999997 -2.84675694 1.77109933
      vertex 0.0149999997 -2.85016227 1.7724942
      vertex -0.0149999997 -2.85016227 1.7724942
    endloop
  endfacet
  facet normal 0 -0.379018813 -0.925388992
    outer loop
      vertex -0.0149999997 -2.8433516 1.76970458
      vertex 0.0149999997 -2.84675694 1.77109933
      vertex -0.0149999997 -2.84675694 1.77109933
    endloop
  endfacet
  facet normal 0 -0.379018813 -0.925388992
    outer loop
      vertex -0.0149999997 -2.83994627 1.76830983
      vertex 0.0149999997 -2.8433516 1.76970458
      vertex -0.0149999997 -2.8433516 1.76970458
    endloop
  endfacet
  facet normal 0 -0.379046559 -0.925377607
    outer loop
      vertex -0.0149999997 -2.83654094 1.76691496
      vertex 0.0149999997 -2.83994627 1.76830983
      vertex -0.0149999997 -2.83994627 1.76830983
    endloop
  endfacet
  facet normal 0 -0.379041523 -0.925379694
    outer loop
      vertex -0.0149999997 -2.83313584 1.76552022
      vertex 0.0149999997 -2.83654094 1.76691496
      vertex -0.0149999997 -2.83654094 1.76691496
    endloop
  endfacet
  facet normal 0 -0.379046559 -0.925377607
    outer loop
      vertex -0.0149999997 -2.82973051 1.76412535
      vertex 0.0149999997 -2.83313584 1.76552022
      vertex -0.0149999997 -2.83313584 1.76552022
    endloop
  endfacet
  facet normal 0 -0.379018813 -0.925388992
    outer loop
      vertex -0.0149999997 -2.82632518 1.7627306
      vertex 0.0149999997 -2.82973051 1.76412535
      vertex -0.0149999997 -2.82973051 1.76412535
    endloop
  endfacet
  facet normal 0 -0.379018813 -0.925388992
    outer loop
      vertex -0.0149999997 -2.82291985 1.76133585
      vertex 0.0149999997 -2.82632518 1.7627306
      vertex -0.0149999997 -2.82632518 1.7627306
    endloop
  endfacet
  facet normal 0 -0.379069269 -0.925368309
    outer loop
      vertex -0.0149999997 -2.81951475 1.75994098
      vertex 0.0149999997 -2.82291985 1.76133585
      vertex -0.0149999997 -2.82291985 1.76133585
    endloop
  endfacet
  facet normal 0 -0.379018813 -0.925388992
    outer loop
      vertex -0.0149999997 -2.81610942 1.75854623
      vertex 0.0149999997 -2.81951475 1.75994098
      vertex -0.0149999997 -2.81951475 1.75994098
    endloop
  endfacet
  facet normal 0 -0.379046559 -0.925377607
    outer loop
      vertex -0.0149999997 -2.81270409 1.75715137
      vertex 0.0149999997 -2.81610942 1.75854623
      vertex -0.0149999997 -2.81610942 1.75854623
    endloop
  endfacet
  facet normal 0 -0.379018813 -0.925388992
    outer loop
      vertex -0.0149999997 -2.80929875 1.75575662
      vertex 0.0149999997 -2.81270409 1.75715137
      vertex -0.0149999997 -2.81270409 1.75715137
    endloop
  endfacet
  facet normal 0 -0.379018813 -0.925388992
    outer loop
      vertex -0.0149999997 -2.80589342 1.75436187
      vertex 0.0149999997 -2.80929875 1.75575662
      vertex -0.0149999997 -2.80929875 1.75575662
    endloop
  endfacet
  facet normal 0 -0.379069269 -0.925368309
    outer loop
      vertex -0.0149999997 -2.80248833 1.752967
      vertex 0.0149999997 -2.80589342 1.75436187
      vertex -0.0149999997 -2.80589342 1.75436187
    endloop
  endfacet
  facet normal 0 -0.379018813 -0.925388992
    outer loop
      vertex -0.0149999997 -2.79908299 1.75157225
      vertex 0.0149999997 -2.80248833 1.752967
      vertex -0.0149999997 -2.80248833 1.752967
    endloop
  endfacet
  facet normal 0 -0.379018813 -0.925388992
    outer loop
      vertex -0.0149999997 -2.79567766 1.7501775
      vertex 0.0149999997 -2.79908299 1.75157225
      vertex -0.0149999997 -2.79908299 1.75157225
    endloop
  endfacet
  facet normal 0 -0.379046559 -0.925377607
    outer loop
      vertex -0.0149999997 -2.79227233 1.74878263
      vertex 0.0149999997 -2.79567766 1.7501775
      vertex -0.0149999997 -2.79567766 1.7501775
    endloop
  endfacet
  facet normal 0 -0.379041523 -0.925379694
    outer loop
      vertex -0.0149999997 -2.78886724 1.74738789
      vertex 0.0149999997 -2.79227233 1.74878263
      vertex -0.0149999997 -2.79227233 1.74878263
    endloop
  endfacet
  facet normal 0 -0.380930513 -0.924603641
    outer loop
      vertex -0.0149999997 -2.7854619 1.74598491
      vertex 0.0149999997 -2.78886724 1.74738789
      vertex -0.0149999997 -2.78886724 1.74738789
    endloop
  endfacet
  facet normal 0 -0.384931922 -0.922944963
    outer loop
      vertex -0.0149999997 -2.78205657 1.74456465
      vertex 0.0149999997 -2.7854619 1.74598491
      vertex -0.0149999997 -2.7854619 1.74598491
    endloop
  endfacet
  facet normal 0 -0.384931922 -0.922944963
    outer loop
      vertex -0.0149999997 -2.77865124 1.74314439
      vertex 0.0149999997 -2.78205657 1.74456465
      vertex -0.0149999997 -2.78205657 1.74456465
    endloop
  endfacet
  facet normal 0 -0.384959459 -0.922933459
    outer loop
      vertex -0.0149999997 -2.7752459 1.74172401
      vertex 0.0149999997 -2.77865124 1.74314439
      vertex -0.0149999997 -2.77865124 1.74314439
    endloop
  endfacet
  facet normal 0 -0.3849549 -0.922935367
    outer loop
      vertex -0.0149999997 -2.77184081 1.74030375
      vertex 0.0149999997 -2.7752459 1.74172401
      vertex -0.0149999997 -2.7752459 1.74172401
    endloop
  endfacet
  facet normal 0 -0.384931922 -0.922944963
    outer loop
      vertex -0.0149999997 -2.76843548 1.7388835
      vertex 0.0149999997 -2.77184081 1.74030375
      vertex -0.0149999997 -2.77184081 1.74030375
    endloop
  endfacet
  facet normal 0 -0.384959459 -0.922933459
    outer loop
      vertex -0.0149999997 -2.76503015 1.73746312
      vertex 0.0149999997 -2.76843548 1.7388835
      vertex -0.0149999997 -2.76843548 1.7388835
    endloop
  endfacet
  facet normal 0 -0.384931922 -0.922944963
    outer loop
      vertex -0.0149999997 -2.76162481 1.73604286
      vertex 0.0149999997 -2.76503015 1.73746312
      vertex -0.0149999997 -2.76503015 1.73746312
    endloop
  endfacet
  facet normal 0 -0.3849549 -0.922935367
    outer loop
      vertex -0.0149999997 -2.75821972 1.7346226
      vertex 0.0149999997 -2.76162481 1.73604286
      vertex -0.0149999997 -2.76162481 1.73604286
    endloop
  endfacet
  facet normal 0 -0.384959459 -0.922933459
    outer loop
      vertex -0.0149999997 -2.75481439 1.73320222
      vertex 0.0149999997 -2.75821972 1.7346226
      vertex -0.0149999997 -2.75821972 1.7346226
    endloop
  endfacet
  facet normal 0 -0.384931922 -0.922944963
    outer loop
      vertex -0.0149999997 -2.75140905 1.73178196
      vertex 0.0149999997 -2.75481439 1.73320222
      vertex -0.0149999997 -2.75481439 1.73320222
    endloop
  endfacet
  facet normal 0 -0.384931922 -0.922944963
    outer loop
      vertex -0.0149999997 -2.74800372 1.7303617
      vertex 0.0149999997 -2.75140905 1.73178196
      vertex -0.0149999997 -2.75140905 1.73178196
    endloop
  endfacet
  facet normal 0 -0.384959459 -0.922933459
    outer loop
      vertex -0.0149999997 -2.74459839 1.72894132
      vertex 0.0149999997 -2.74800372 1.7303617
      vertex -0.0149999997 -2.74800372 1.7303617
    endloop
  endfacet
  facet normal 0 -0.416474938 -0.909147143
    outer loop
      vertex -0.0149999997 -2.74119329 1.72738147
      vertex 0.0149999997 -2.74459839 1.72894132
      vertex -0.0149999997 -2.74459839 1.72894132
    endloop
  endfacet
  facet normal 0 -0.429163903 -0.903226674
    outer loop
      vertex -0.0149999997 -2.73778796 1.72576344
      vertex 0.0149999997 -2.74119329 1.72738147
      vertex -0.0149999997 -2.74119329 1.72738147
    endloop
  endfacet
  facet normal 0 -0.429138094 -0.903238952
    outer loop
      vertex -0.0149999997 -2.73438263 1.72414553
      vertex 0.0149999997 -2.73778796 1.72576344
      vertex -0.0149999997 -2.73778796 1.72576344
    endloop
  endfacet
  facet normal 0 -0.429163903 -0.903226674
    outer loop
      vertex -0.0149999997 -2.7309773 1.7225275
      vertex 0.0149999997 -2.73438263 1.72414553
      vertex -0.0149999997 -2.73438263 1.72414553
    endloop
  endfacet
  facet normal 0 -0.429162621 -0.90322727
    outer loop
      vertex -0.0149999997 -2.7275722 1.7209096
      vertex 0.0149999997 -2.7309773 1.7225275
      vertex -0.0149999997 -2.7309773 1.7225275
    endloop
  endfacet
  facet normal 0 -0.429138094 -0.903238952
    outer loop
      vertex -0.0149999997 -2.72416687 1.71929169
      vertex 0.0149999997 -2.7275722 1.7209096
      vertex -0.0149999997 -2.7275722 1.7209096
    endloop
  endfacet
  facet normal 0 -0.429163903 -0.903226674
    outer loop
      vertex -0.0149999997 -2.72076154 1.71767366
      vertex 0.0149999997 -2.72416687 1.71929169
      vertex -0.0149999997 -2.72416687 1.71929169
    endloop
  endfacet
  facet normal 0 -0.429138094 -0.903238952
    outer loop
      vertex -0.0149999997 -2.7173562 1.71605575
      vertex 0.0149999997 -2.72076154 1.71767366
      vertex -0.0149999997 -2.72076154 1.71767366
    endloop
  endfacet
  facet normal 0 -0.429138094 -0.903238952
    outer loop
      vertex -0.0149999997 -2.71395087 1.71443784
      vertex 0.0149999997 -2.7173562 1.71605575
      vertex -0.0149999997 -2.7173562 1.71605575
    endloop
  endfacet
  facet normal 0 -0.429188401 -0.903214991
    outer loop
      vertex -0.0149999997 -2.71054578 1.71281981
      vertex 0.0149999997 -2.71395087 1.71443784
      vertex -0.0149999997 -2.71395087 1.71443784
    endloop
  endfacet
  facet normal 0 -0.429138094 -0.903238952
    outer loop
      vertex -0.0149999997 -2.70714045 1.71120191
      vertex 0.0149999997 -2.71054578 1.71281981
      vertex -0.0149999997 -2.71054578 1.71281981
    endloop
  endfacet
  facet normal 0 -0.429138094 -0.903238952
    outer loop
      vertex -0.0149999997 -2.70373511 1.709584
      vertex 0.0149999997 -2.70714045 1.71120191
      vertex -0.0149999997 -2.70714045 1.71120191
    endloop
  endfacet
  facet normal 0 -0.435069025 -0.900397122
    outer loop
      vertex -0.0149999997 -2.70032978 1.70793855
      vertex 0.0149999997 -2.70373511 1.709584
      vertex -0.0149999997 -2.70373511 1.709584
    endloop
  endfacet
  facet normal 0 -0.445281565 -0.895390511
    outer loop
      vertex -0.0149999997 -2.69692469 1.70624518
      vertex 0.0149999997 -2.70032978 1.70793855
      vertex -0.0149999997 -2.70032978 1.70793855
    endloop
  endfacet
  facet normal 0 -0.445256621 -0.895403028
    outer loop
      vertex -0.0149999997 -2.69351935 1.70455182
      vertex 0.0149999997 -2.69692469 1.70624518
      vertex -0.0149999997 -2.69692469 1.70624518
    endloop
  endfacet
  facet normal 0 -0.445231467 -0.895415545
    outer loop
      vertex -0.0149999997 -2.69011402 1.70285857
      vertex 0.0149999997 -2.69351935 1.70455182
      vertex -0.0149999997 -2.69351935 1.70455182
    endloop
  endfacet
  facet normal 0 -0.445256621 -0.895403028
    outer loop
      vertex -0.0149999997 -2.68670869 1.7011652
      vertex 0.0149999997 -2.69011402 1.70285857
      vertex -0.0149999997 -2.69011402 1.70285857
    endloop
  endfacet
  facet normal 0 -0.445256621 -0.895403028
    outer loop
      vertex -0.0149999997 -2.68330336 1.69947183
      vertex 0.0149999997 -2.68670869 1.7011652
      vertex -0.0149999997 -2.68670869 1.7011652
    endloop
  endfacet
  facet normal 0 -0.445281565 -0.895390511
    outer loop
      vertex -0.0149999997 -2.67989826 1.69777846
      vertex 0.0149999997 -2.68330336 1.69947183
      vertex -0.0149999997 -2.68330336 1.69947183
    endloop
  endfacet
  facet normal 0 -0.445256621 -0.895403028
    outer loop
      vertex -0.0149999997 -2.67649293 1.6960851
      vertex 0.0149999997 -2.67989826 1.69777846
      vertex -0.0149999997 -2.67989826 1.69777846
    endloop
  endfacet
  facet normal 0 -0.445231467 -0.895415545
    outer loop
      vertex -0.0149999997 -2.6730876 1.69439185
      vertex 0.0149999997 -2.67649293 1.6960851
      vertex -0.0149999997 -2.67649293 1.6960851
    endloop
  endfacet
  facet normal 0 -0.445256621 -0.895403028
    outer loop
      vertex -0.0149999997 -2.66968226 1.69269848
      vertex 0.0149999997 -2.6730876 1.69439185
      vertex -0.0149999997 -2.6730876 1.69439185
    endloop
  endfacet
  facet normal 0 -0.445256621 -0.895403028
    outer loop
      vertex -0.0149999997 -2.66627693 1.69100511
      vertex 0.0149999997 -2.66968226 1.69269848
      vertex -0.0149999997 -2.66968226 1.69269848
    endloop
  endfacet
  facet normal 0 -0.445281565 -0.895390511
    outer loop
      vertex -0.0149999997 -2.66287184 1.68931174
      vertex 0.0149999997 -2.66627693 1.69100511
      vertex -0.0149999997 -2.66627693 1.69100511
    endloop
  endfacet
  facet normal 0 -0.445231467 -0.895415545
    outer loop
      vertex -0.0149999997 -2.65946651 1.68761849
      vertex 0.0149999997 -2.66287184 1.68931174
      vertex -0.0149999997 -2.66287184 1.68931174
    endloop
  endfacet
  facet normal 0 -0.445256621 -0.895403028
    outer loop
      vertex -0.0149999997 -2.65606117 1.68592513
      vertex 0.0149999997 -2.65946651 1.68761849
      vertex -0.0149999997 -2.65946651 1.68761849
    endloop
  endfacet
  facet normal 0 -0.345291197 -0.938495576
    outer loop
      vertex -0.0149999997 -2.65265584 1.68467224
      vertex 0.0149999997 -2.65606117 1.68592513
      vertex -0.0149999997 -2.65606117 1.68592513
    endloop
  endfacet
  facet normal 0 -0.277793497 -0.960640848
    outer loop
      vertex -0.0149999997 -2.64925075 1.68368757
      vertex 0.0149999997 -2.65265584 1.68467224
      vertex -0.0149999997 -2.65265584 1.68467224
    endloop
  endfacet
  facet normal 0 -0.277775556 -0.960646033
    outer loop
      vertex -0.0149999997 -2.64584541 1.6827029
      vertex 0.0149999997 -2.64925075 1.68368757
      vertex -0.0149999997 -2.64925075 1.68368757
    endloop
  endfacet
  facet normal 0 -0.277775556 -0.960646033
    outer loop
      vertex -0.0149999997 -2.64244008 1.68171823
      vertex 0.0149999997 -2.64584541 1.6827029
      vertex -0.0149999997 -2.64584541 1.6827029
    endloop
  endfacet
  facet normal 0 -0.277775556 -0.960646033
    outer loop
      vertex -0.0149999997 -2.63903475 1.68073356
      vertex 0.0149999997 -2.64244008 1.68171823
      vertex -0.0149999997 -2.64244008 1.68171823
    endloop
  endfacet
  facet normal 0 -0.277775556 -0.960646033
    outer loop
      vertex -0.0149999997 -2.63562942 1.67974889
      vertex 0.0149999997 -2.63903475 1.68073356
      vertex -0.0149999997 -2.63903475 1.68073356
    endloop
  endfacet
  facet normal 0 -0.277793497 -0.960640848
    outer loop
      vertex -0.0149999997 -2.63222432 1.67876422
      vertex 0.0149999997 -2.63562942 1.67974889
      vertex -0.0149999997 -2.63562942 1.67974889
    endloop
  endfacet
  facet normal 0 -0.277775556 -0.960646033
    outer loop
      vertex -0.0149999997 -2.62881899 1.67777956
      vertex 0.0149999997 -2.63222432 1.67876422
      vertex -0.0149999997 -2.63222432 1.67876422
    endloop
  endfacet
  facet normal 0 -0.277775556 -0.960646033
    outer loop
      vertex -0.0149999997 -2.62541366 1.67679489
      vertex 0.0149999997 -2.62881899 1.67777956
      vertex -0.0149999997 -2.62881899 1.67777956
    endloop
  endfacet
  facet normal 0 -0.277775556 -0.960646033
    outer loop
      vertex -0.0149999997 -2.62200832 1.67581022
      vertex 0.0149999997 -2.62541366 1.67679489
      vertex -0.0149999997 -2.62541366 1.67679489
    endloop
  endfacet
  facet normal 0 -0.277793497 -0.960640848
    outer loop
      vertex -0.0149999997 -2.61860323 1.67482555
      vertex 0.0149999997 -2.62200832 1.67581022
      vertex -0.0149999997 -2.62200832 1.67581022
    endloop
  endfacet
  facet normal 0 -0.277775556 -0.960646033
    outer loop
      vertex -0.0149999997 -2.6151979 1.67384088
      vertex 0.0149999997 -2.61860323 1.67482555
      vertex -0.0149999997 -2.61860323 1.67482555
    endloop
  endfacet
  facet normal 0 -0.277775556 -0.960646033
    outer loop
      vertex -0.0149999997 -2.61179256 1.67285621
      vertex 0.0149999997 -2.6151979 1.67384088
      vertex -0.0149999997 -2.6151979 1.67384088
    endloop
  endfacet
  facet normal 0 -0.277775556 -0.960646033
    outer loop
      vertex -0.0149999997 -2.60838723 1.67187154
      vertex 0.0149999997 -2.61179256 1.67285621
      vertex -0.0149999997 -2.61179256 1.67285621
    endloop
  endfacet
  facet normal 0 -0.253911585 -0.967227399
    outer loop
      vertex -0.0149999997 -2.6049819 1.67097759
      vertex 0.0149999997 -2.60838723 1.67187154
      vertex -0.0149999997 -2.60838723 1.67187154
    endloop
  endfacet
  facet normal 0 -0.249834955 -0.968288422
    outer loop
      vertex -0.0149999997 -2.60157681 1.67009902
      vertex 0.0149999997 -2.6049819 1.67097759
      vertex -0.0149999997 -2.6049819 1.67097759
    endloop
  endfacet
  facet normal 0 -0.249850348 -0.968284488
    outer loop
      vertex -0.0149999997 -2.59817147 1.66922033
      vertex 0.0149999997 -2.60157681 1.67009902
      vertex -0.0149999997 -2.60157681 1.67009902
    endloop
  endfacet
  facet normal 0 -0.249850348 -0.968284488
    outer loop
      vertex -0.0149999997 -2.59476614 1.66834164
      vertex 0.0149999997 -2.59817147 1.66922033
      vertex -0.0149999997 -2.59817147 1.66922033
    endloop
  endfacet
  facet normal 0 -0.249850348 -0.968284488
    outer loop
      vertex -0.0149999997 -2.59136081 1.66746294
      vertex 0.0149999997 -2.59476614 1.66834164
      vertex -0.0149999997 -2.59476614 1.66834164
    endloop
  endfacet
  facet normal 0 -0.249866739 -0.968280256
    outer loop
      vertex -0.0149999997 -2.58795571 1.66658425
      vertex 0.0149999997 -2.59136081 1.66746294
      vertex -0.0149999997 -2.59136081 1.66746294
    endloop
  endfacet
  facet normal 0 -0.249818563 -0.968292713
    outer loop
      vertex -0.0149999997 -2.58455038 1.66570568
      vertex 0.0149999997 -2.58795571 1.66658425
      vertex -0.0149999997 -2.58795571 1.66658425
    endloop
  endfacet
  facet normal 0 -0.249850348 -0.968284488
    outer loop
      vertex -0.0149999997 -2.58114505 1.66482699
      vertex 0.0149999997 -2.58455038 1.66570568
      vertex -0.0149999997 -2.58455038 1.66570568
    endloop
  endfacet
  facet normal 0 -0.249850348 -0.968284488
    outer loop
      vertex -0.0149999997 -2.57773972 1.6639483
      vertex 0.0149999997 -2.58114505 1.66482699
      vertex -0.0149999997 -2.58114505 1.66482699
    endloop
  endfacet
  facet normal 0 -0.249850348 -0.968284488
    outer loop
      vertex -0.0149999997 -2.57433438 1.66306961
      vertex 0.0149999997 -2.57773972 1.6639483
      vertex -0.0149999997 -2.57773972 1.6639483
    endloop
  endfacet
  facet normal 0 -0.249866739 -0.968280256
    outer loop
      vertex -0.0149999997 -2.57092929 1.66219091
      vertex 0.0149999997 -2.57433438 1.66306961
      vertex -0.0149999997 -2.57433438 1.66306961
    endloop
  endfacet
  facet normal 0 -0.249818563 -0.968292713
    outer loop
      vertex -0.0149999997 -2.56752396 1.66131234
      vertex 0.0149999997 -2.57092929 1.66219091
      vertex -0.0149999997 -2.57092929 1.66219091
    endloop
  endfacet
  facet normal 0 -0.249850348 -0.968284488
    outer loop
      vertex -0.0149999997 -2.56411862 1.66043365
      vertex 0.0149999997 -2.56752396 1.66131234
      vertex -0.0149999997 -2.56752396 1.66131234
    endloop
  endfacet
  facet normal 0 -0.249850348 -0.968284488
    outer loop
      vertex -0.0149999997 -2.56071329 1.65955496
      vertex 0.0149999997 -2.56411862 1.66043365
      vertex -0.0149999997 -2.56411862 1.66043365
    endloop
  endfacet
  facet normal 0 -0.2713193 -0.962489367
    outer loop
      vertex -0.0149999997 -2.5573082 1.65859509
      vertex 0.0149999997 -2.56071329 1.65955496
      vertex -0.0149999997 -2.56071329 1.65955496
    endloop
  endfacet
  facet normal 0 -0.325122327 -0.945671916
    outer loop
      vertex -0.0149999997 -2.55390286 1.65742433
      vertex 0.0149999997 -2.5573082 1.65859509
      vertex -0.0149999997 -2.5573082 1.65859509
    endloop
  endfacet
  facet normal 0 -0.325092733 -0.945682108
    outer loop
      vertex -0.0149999997 -2.55049753 1.6562537
      vertex 0.0149999997 -2.55390286 1.65742433
      vertex -0.0149999997 -2.55390286 1.65742433
    endloop
  endfacet
  facet normal 0 -0.325122327 -0.945671916
    outer loop
      vertex -0.0149999997 -2.5470922 1.65508294
      vertex 0.0149999997 -2.55049753 1.6562537
      vertex -0.0149999997 -2.55049753 1.6562537
    endloop
  endfacet
  facet normal 0 -0.325092733 -0.945682108
    outer loop
      vertex -0.0149999997 -2.54368687 1.65391231
      vertex 0.0149999997 -2.5470922 1.65508294
      vertex -0.0149999997 -2.5470922 1.65508294
    endloop
  endfacet
  facet normal 0 -0.325142711 -0.945665002
    outer loop
      vertex -0.0149999997 -2.54028177 1.65274155
      vertex 0.0149999997 -2.54368687 1.65391231
      vertex -0.0149999997 -2.54368687 1.65391231
    endloop
  endfacet
  facet normal 0 -0.325092733 -0.945682108
    outer loop
      vertex -0.0149999997 -2.53687644 1.65157092
      vertex 0.0149999997 -2.54028177 1.65274155
      vertex -0.0149999997 -2.54028177 1.65274155
    endloop
  endfacet
  facet normal 0 -0.325122327 -0.945671916
    outer loop
      vertex -0.0149999997 -2.53347111 1.65040016
      vertex 0.0149999997 -2.53687644 1.65157092
      vertex -0.0149999997 -2.53687644 1.65157092
    endloop
  endfacet
  facet normal 0 -0.325092733 -0.945682108
    outer loop
      vertex -0.0149999997 -2.53006577 1.64922953
      vertex 0.0149999997 -2.53347111 1.65040016
      vertex -0.0149999997 -2.53347111 1.65040016
    endloop
  endfacet
  facet normal 0 -0.325142711 -0.945665002
    outer loop
      vertex -0.0149999997 -2.52666068 1.64805877
      vertex 0.0149999997 -2.53006577 1.64922953
      vertex -0.0149999997 -2.53006577 1.64922953
    endloop
  endfacet
  facet normal 0 -0.325092733 -0.945682108
    outer loop
      vertex -0.0149999997 -2.52325535 1.64688814
      vertex 0.0149999997 -2.52666068 1.64805877
      vertex -0.0149999997 -2.52666068 1.64805877
    endloop
  endfacet
  facet normal 0 -0.325122327 -0.945671916
    outer loop
      vertex -0.0149999997 -2.51985002 1.64571738
      vertex 0.0149999997 -2.52325535 1.64688814
      vertex -0.0149999997 -2.52325535 1.64688814
    endloop
  endfacet
  facet normal 0 -0.325092733 -0.945682108
    outer loop
      vertex -0.0149999997 -2.51644468 1.64454675
      vertex 0.0149999997 -2.51985002 1.64571738
      vertex -0.0149999997 -2.51985002 1.64571738
    endloop
  endfacet
  facet normal 0 -0.325122327 -0.945671916
    outer loop
      vertex -0.0149999997 -2.51303935 1.64337599
      vertex 0.0149999997 -2.51644468 1.64454675
      vertex -0.0149999997 -2.51644468 1.64454675
    endloop
  endfacet
  facet normal 0 -0.222340986 -0.97496897
    outer loop
      vertex -0.0149999997 -2.50963426 1.64259946
      vertex 0.0149999997 -2.51303935 1.64337599
      vertex -0.0149999997 -2.51303935 1.64337599
    endloop
  endfacet
  facet normal 0 -0.188798934 -0.982015729
    outer loop
      vertex -0.0149999997 -2.50622892 1.64194477
      vertex 0.0149999997 -2.50963426 1.64259946
      vertex -0.0149999997 -2.50963426 1.64259946
    endloop
  endfacet
  facet normal 0 -0.188798934 -0.982015729
    outer loop
      vertex -0.0149999997 -2.50282359 1.64129007
      vertex 0.0149999997 -2.50622892 1.64194477
      vertex -0.0149999997 -2.50622892 1.64194477
    endloop
  endfacet
  facet normal 0 -0.188765794 -0.982022107
    outer loop
      vertex -0.0149999997 -2.49941826 1.64063549
      vertex 0.0149999997 -2.50282359 1.64129007
      vertex -0.0149999997 -2.50282359 1.64129007
    endloop
  endfacet
  facet normal 0 -0.188798934 -0.982015729
    outer loop
      vertex -0.0149999997 -2.49601293 1.63998079
      vertex 0.0149999997 -2.49941826 1.64063549
      vertex -0.0149999997 -2.49941826 1.64063549
    endloop
  endfacet
  facet normal 0 -0.18881169 -0.982013345
    outer loop
      vertex -0.0149999997 -2.49260783 1.6393261
      vertex 0.0149999997 -2.49601293 1.63998079
      vertex -0.0149999997 -2.49601293 1.63998079
    endloop
  endfacet
  facet normal 0 -0.188798934 -0.982015729
    outer loop
      vertex -0.0149999997 -2.4892025 1.6386714
      vertex 0.0149999997 -2.49260783 1.6393261
      vertex -0.0149999997 -2.49260783 1.6393261
    endloop
  endfacet
  facet normal 0 -0.188798934 -0.982015729
    outer loop
      vertex -0.0149999997 -2.48579717 1.6380167
      vertex 0.0149999997 -2.4892025 1.6386714
      vertex -0.0149999997 -2.4892025 1.6386714
    endloop
  endfacet
  facet normal 0 -0.188798934 -0.982015729
    outer loop
      vertex -0.0149999997 -2.48239183 1.637362
      vertex 0.0149999997 -2.48579717 1.6380167
      vertex -0.0149999997 -2.48579717 1.6380167
    endloop
  endfacet
  facet normal 0 -0.18881169 -0.982013345
    outer loop
      vertex -0.0149999997 -2.47898674 1.63670731
      vertex 0.0149999997 -2.48239183 1.637362
      vertex -0.0149999997 -2.48239183 1.637362
    endloop
  endfacet
  facet normal 0 -0.188798934 -0.982015729
    outer loop
      vertex -0.0149999997 -2.47558141 1.63605261
      vertex 0.0149999997 -2.47898674 1.63670731
      vertex -0.0149999997 -2.47898674 1.63670731
    endloop
  endfacet
  facet normal 0 -0.10100016 -0.994886398
    outer loop
      vertex -0.0149999997 -2.47217607 1.6357069
      vertex 0.0149999997 -2.47558141 1.63605261
      vertex -0.0149999997 -2.47558141 1.63605261
    endloop
  endfacet
  facet normal 0 -0.0877024829 -0.996146739
    outer loop
      vertex -0.0149999997 -2.46877074 1.63540709
      vertex 0.0149999997 -2.47217607 1.6357069
      vertex -0.0149999997 -2.47217607 1.6357069
    endloop
  endfacet
  facet normal 0 -0.0877024829 -0.996146739
    outer loop
      vertex -0.0149999997 -2.46536541 1.63510728
      vertex 0.0149999997 -2.46877074 1.63540709
      vertex -0.0149999997 -2.46877074 1.63540709
    endloop
  endfacet
  facet normal 0 -0.0877085701 -0.996146142
    outer loop
      vertex -0.0149999997 -2.46196032 1.63480747
      vertex 0.0149999997 -2.46536541 1.63510728
      vertex -0.0149999997 -2.46536541 1.63510728
    endloop
  endfacet
  facet normal 0 -0.0877024829 -0.996146739
    outer loop
      vertex -0.0149999997 -2.45855498 1.63450766
      vertex 0.0149999997 -2.46196032 1.63480747
      vertex -0.0149999997 -2.46196032 1.63480747
    endloop
  endfacet
  facet normal 0 -0.0877024829 -0.996146739
    outer loop
      vertex -0.0149999997 -2.45514965 1.63420784
      vertex 0.0149999997 -2.45855498 1.63450766
      vertex -0.0149999997 -2.45855498 1.63450766
    endloop
  endfacet
  facet normal 0 -0.0877024829 -0.996146739
    outer loop
      vertex -0.0149999997 -2.45174432 1.63390803
      vertex 0.0149999997 -2.45514965 1.63420784
      vertex -0.0149999997 -2.45514965 1.63420784
    endloop
  endfacet
  facet normal 0 -0.0754738003 -0.997147799
    outer loop
      vertex -0.0149999997 -2.44833922 1.6336503
      vertex 0.0149999997 -2.45174432 1.63390803
      vertex -0.0149999997 -2.45174432 1.63390803
    endloop
  endfacet
  facet normal 0 -0.0611818135 -0.998126626
    outer loop
      vertex -0.0149999997 -2.44493389 1.63344157
      vertex 0.0149999997 -2.44833922 1.6336503
      vertex -0.0149999997 -2.44833922 1.6336503
    endloop
  endfacet
  facet normal 0 -0.0611818135 -0.998126626
    outer loop
      vertex -0.0149999997 -2.44152856 1.63323283
      vertex 0.0149999997 -2.44493389 1.63344157
      vertex -0.0149999997 -2.44493389 1.63344157
    endloop
  endfacet
  facet normal 0 -0.0611818135 -0.998126626
    outer loop
      vertex -0.0149999997 -2.43812323 1.6330241
      vertex 0.0149999997 -2.44152856 1.63323283
      vertex -0.0149999997 -2.44152856 1.63323283
    endloop
  endfacet
  facet normal 0 -0.0611818135 -0.998126626
    outer loop
      vertex -0.0149999997 -2.43471789 1.63281536
      vertex 0.0149999997 -2.43812323 1.6330241
      vertex -0.0149999997 -2.43812323 1.6330241
    endloop
  endfacet
  facet normal 0 -0.0611860827 -0.998126328
    outer loop
      vertex -0.0149999997 -2.4313128 1.63260663
      vertex 0.0149999997 -2.43471789 1.63281536
      vertex -0.0149999997 -2.43471789 1.63281536
    endloop
  endfacet
  facet normal 0 -0.0611818135 -0.998126626
    outer loop
      vertex -0.0149999997 -2.42790747 1.63239789
      vertex 0.0149999997 -2.4313128 1.63260663
      vertex -0.0149999997 -2.4313128 1.63260663
    endloop
  endfacet
  facet normal 0 -0.0435419455 -0.99905163
    outer loop
      vertex -0.0149999997 -2.42450213 1.63224947
      vertex 0.0149999997 -2.42790747 1.63239789
      vertex -0.0149999997 -2.42790747 1.63239789
    endloop
  endfacet
  facet normal 0 0 -1
    outer loop
      vertex -0.0149999997 -2.4210968 1.63224947
      vertex 0.0149999997 -2.42450213 1.63224947
      vertex -0.0149999997 -2.42450213 1.63224947
    endloop
  endfacet
  facet normal 0 0 -1
    outer loop
      vertex -0.0149999997 -2.41769171 1.63224947
      vertex 0.0149999997 -2.4210968 1.63224947
      vertex -0.0149999997 -2.4210968 1.63224947
    endloop
  endfacet
  facet normal 0 0.0472760685 -0.998881817
    outer loop
      vertex -0.0149999997 -2.41428638 1.63241065
      vertex 0.0149999997 -2.41769171 1.63224947
      vertex -0.0149999997 -2.41769171 1.63224947
    endloop
  endfacet
  facet normal 0 0.0472760685 -0.998881817
    outer loop
      vertex -0.0149999997 -2.41088104 1.63257182
      vertex 0.0149999997 -2.41428638 1.63241065
      vertex -0.0149999997 -2.41428638 1.63241065
    endloop
  endfacet
  facet normal 0 0.0472760685 -0.998881817
    outer loop
      vertex -0.0149999997 -2.40747571 1.63273299
      vertex 0.0149999997 -2.41088104 1.63257182
      vertex -0.0149999997 -2.41088104 1.63257182
    endloop
  endfacet
  facet normal 0 0.0472760685 -0.998881817
    outer loop
      vertex -0.0149999997 -2.40407038 1.63289416
      vertex 0.0149999997 -2.40747571 1.63273299
      vertex -0.0149999997 -2.40747571 1.63273299
    endloop
  endfacet
  facet normal 0 0.0473142713 -0.998880148
    outer loop
      vertex -0.0149999997 -2.40066528 1.63305545
      vertex 0.0149999997 -2.40407038 1.63289416
      vertex -0.0149999997 -2.40407038 1.63289416
    endloop
  endfacet
  facet normal 0 0.0472760685 -0.998881817
    outer loop
      vertex -0.0149999997 -2.39725995 1.63321662
      vertex 0.0149999997 -2.40066528 1.63305545
      vertex -0.0149999997 -2.40066528 1.63305545
    endloop
  endfacet
  facet normal 0 0.0472760685 -0.998881817
    outer loop
      vertex -0.0149999997 -2.39385462 1.63337779
      vertex 0.0149999997 -2.39725995 1.63321662
      vertex -0.0149999997 -2.39725995 1.63321662
    endloop
  endfacet
  facet normal 0 0.0477645099 -0.99885869
    outer loop
      vertex -0.0149999997 -2.39044929 1.63354063
      vertex 0.0149999997 -2.39385462 1.63337779
      vertex -0.0149999997 -2.39385462 1.63337779
    endloop
  endfacet
  facet normal 0 0.0585396849 -0.998285055
    outer loop
      vertex -0.0149999997 -2.38704419 1.63374031
      vertex 0.0149999997 -2.39044929 1.63354063
      vertex -0.0149999997 -2.39044929 1.63354063
    endloop
  endfacet
  facet normal 0 0.0585007668 -0.99828732
    outer loop
      vertex -0.0149999997 -2.38363886 1.63393986
      vertex 0.0149999997 -2.38704419 1.63374031
      vertex -0.0149999997 -2.38704419 1.63374031
    endloop
  endfacet
  facet normal 0 0.0585356019 -0.998285353
    outer loop
      vertex -0.0149999997 -2.38023353 1.63413954
      vertex 0.0149999997 -2.38363886 1.63393986
      vertex -0.0149999997 -2.38363886 1.63393986
    endloop
  endfacet
  facet normal 0 0.0585356019 -0.998285353
    outer loop
      vertex -0.0149999997 -2.37682819 1.63433921
      vertex 0.0149999997 -2.38023353 1.63413954
      vertex -0.0149999997 -2.38023353 1.63413954
    endloop
  endfacet
  facet normal 0 0.0585356019 -0.998285353
    outer loop
      vertex -0.0149999997 -2.37342286 1.63453889
      vertex 0.0149999997 -2.37682819 1.63433921
      vertex -0.0149999997 -2.37682819 1.63433921
    endloop
  endfacet
  facet normal 0 0.0585048497 -0.998287082
    outer loop
      vertex -0.0149999997 -2.37001777 1.63473845
      vertex 0.0149999997 -2.37342286 1.63453889
      vertex -0.0149999997 -2.37342286 1.63453889
    endloop
  endfacet
  facet normal 0 0.0585356019 -0.998285353
    outer loop
      vertex -0.0149999997 -2.36661243 1.63493812
      vertex 0.0149999997 -2.37001777 1.63473845
      vertex -0.0149999997 -2.37001777 1.63473845
    endloop
  endfacet
  facet normal 0 0.0585356019 -0.998285353
    outer loop
      vertex -0.0149999997 -2.3632071 1.6351378
      vertex 0.0149999997 -2.36661243 1.63493812
      vertex -0.0149999997 -2.36661243 1.63493812
    endloop
  endfacet
  facet normal 0 0.277092576 -0.960843205
    outer loop
      vertex -0.0149999997 -2.35980177 1.63611984
      vertex 0.0149999997 -2.3632071 1.6351378
      vertex -0.0149999997 -2.3632071 1.6351378
    endloop
  endfacet
  facet normal 0 0.281202137 -0.95964855
    outer loop
      vertex -0.0149999997 -2.35639668 1.63711762
      vertex 0.0149999997 -2.35980177 1.63611984
      vertex -0.0149999997 -2.35980177 1.63611984
    endloop
  endfacet
  facet normal 0 0.281214952 -0.959644794
    outer loop
      vertex -0.0149999997 -2.35299134 1.63811553
      vertex 0.0149999997 -2.35639668 1.63711762
      vertex -0.0149999997 -2.35639668 1.63711762
    endloop
  endfacet
  facet normal 0 0.281184018 -0.959653914
    outer loop
      vertex -0.0149999997 -2.34958601 1.63911331
      vertex 0.0149999997 -2.35299134 1.63811553
      vertex -0.0149999997 -2.35299134 1.63811553
    endloop
  endfacet
  facet normal 0 0.281214952 -0.959644794
    outer loop
      vertex -0.0149999997 -2.34618068 1.64011121
      vertex 0.0149999997 -2.34958601 1.63911331
      vertex -0.0149999997 -2.34958601 1.63911331
    endloop
  endfacet
  facet normal 0 0.281184018 -0.959653914
    outer loop
      vertex -0.0149999997 -2.34277534 1.64110899
      vertex 0.0149999997 -2.34618068 1.64011121
      vertex -0.0149999997 -2.34618068 1.64011121
    endloop
  endfacet
  facet normal 0 0.28432259 -0.958728671
    outer loop
      vertex -0.0149999997 -2.33937025 1.64211881
      vertex 0.0149999997 -2.34277534 1.64110899
      vertex -0.0149999997 -2.34277534 1.64110899
    endloop
  endfacet
  facet normal 0 0.285229385 -0.958459318
    outer loop
      vertex -0.0149999997 -2.33596492 1.64313221
      vertex 0.0149999997 -2.33937025 1.64211881
      vertex -0.0149999997 -2.33937025 1.64211881
    endloop
  endfacet
  facet normal 0 0.285260201 -0.958450139
    outer loop
      vertex -0.0149999997 -2.33255959 1.64414573
      vertex 0.0149999997 -2.33596492 1.64313221
      vertex -0.0149999997 -2.33596492 1.64313221
    endloop
  endfacet
  facet normal 0 0.285260201 -0.958450139
    outer loop
      vertex -0.0149999997 -2.32915425 1.64515924
      vertex 0.0149999997 -2.33255959 1.64414573
      vertex -0.0149999997 -2.33255959 1.64414573
    endloop
  endfacet
  facet normal 0 0.285260201 -0.958450139
    outer loop
      vertex -0.0149999997 -2.32574892 1.64617276
      vertex 0.0149999997 -2.32915425 1.64515924
      vertex -0.0149999997 -2.32915425 1.64515924
    endloop
  endfacet
  facet normal 0 0.285247743 -0.958453834
    outer loop
      vertex -0.0149999997 -2.32234383 1.64718616
      vertex 0.0149999997 -2.32574892 1.64617276
      vertex -0.0149999997 -2.32574892 1.64617276
    endloop
  endfacet
  facet normal 0 0.230349258 -0.973108053
    outer loop
      vertex -0.0149999997 -2.31893849 1.64799225
      vertex 0.0149999997 -2.32234383 1.64718616
      vertex -0.0149999997 -2.32234383 1.64718616
    endloop
  endfacet
  facet normal 0 0.197099432 -0.980383456
    outer loop
      vertex -0.0149999997 -2.31553316 1.64867687
      vertex 0.0149999997 -2.31893849 1.64799225
      vertex -0.0149999997 -2.31893849 1.64799225
    endloop
  endfacet
  facet normal 0 0.197099432 -0.980383456
    outer loop
      vertex -0.0149999997 -2.31212783 1.64936149
      vertex 0.0149999997 -2.31553316 1.64867687
      vertex -0.0149999997 -2.31553316 1.64867687
    endloop
  endfacet
  facet normal 0 0.197112679 -0.980380774
    outer loop
      vertex -0.0149999997 -2.30872273 1.65004611
      vertex 0.0149999997 -2.31212783 1.64936149
      vertex -0.0149999997 -2.31212783 1.64936149
    endloop
  endfacet
  facet normal 0 0.197132424 -0.980376899
    outer loop
      vertex -0.0149999997 -2.3053174 1.65073085
      vertex 0.0149999997 -2.30872273 1.65004611
      vertex -0.0149999997 -2.30872273 1.65004611
    endloop
  endfacet
  facet normal 0 0.197099432 -0.980383456
    outer loop
      vertex -0.0149999997 -2.30191207 1.65141547
      vertex 0.0149999997 -2.3053174 1.65073085
      vertex -0.0149999997 -2.3053174 1.65073085
    endloop
  endfacet
  facet normal 0 0.183818981 -0.982960105
    outer loop
      vertex -0.0149999997 -2.29850674 1.65205228
      vertex 0.0149999997 -2.30191207 1.65141547
      vertex -0.0149999997 -2.30191207 1.65141547
    endloop
  endfacet
  facet normal 0 0.145260662 -0.989393413
    outer loop
      vertex -0.0149999997 -2.2951014 1.65255225
      vertex 0.0149999997 -2.29850674 1.65205228
      vertex -0.0149999997 -2.29850674 1.65205228
    endloop
  endfacet
  facet normal 0 0.145270616 -0.989391983
    outer loop
      vertex -0.0149999997 -2.29169631 1.65305221
      vertex 0.0149999997 -2.2951014 1.65255225
      vertex -0.0149999997 -2.2951014 1.65255225
    endloop
  endfacet
  facet normal 0 0.145226762 -0.98939842
    outer loop
      vertex -0.0149999997 -2.28829098 1.65355206
      vertex 0.0149999997 -2.29169631 1.65305221
      vertex -0.0149999997 -2.29169631 1.65305221
    endloop
  endfacet
  facet normal 0 0.145260662 -0.989393413
    outer loop
      vertex -0.0149999997 -2.28488564 1.65405202
      vertex 0.0149999997 -2.28829098 1.65355206
      vertex -0.0149999997 -2.28829098 1.65355206
    endloop
  endfacet
  facet normal 0 0.145226762 -0.98939842
    outer loop
      vertex -0.0149999997 -2.28148031 1.65455186
      vertex 0.0149999997 -2.28488564 1.65405202
      vertex -0.0149999997 -2.28488564 1.65405202
    endloop
  endfacet
  facet normal 0 0.145270616 -0.989391983
    outer loop
      vertex -0.0149999997 -2.27807522 1.65505183
      vertex 0.0149999997 -2.28148031 1.65455186
      vertex -0.0149999997 -2.28148031 1.65455186
    endloop
  endfacet
  facet normal 0 0.145226762 -0.98939842
    outer loop
      vertex -0.0149999997 -2.27466989 1.65555167
      vertex 0.0149999997 -2.27807522 1.65505183
      vertex -0.0149999997 -2.27807522 1.65505183
    endloop
  endfacet
  facet normal 0 0.145260662 -0.989393413
    outer loop
      vertex -0.0149999997 -2.27126455 1.65605164
      vertex 0.0149999997 -2.27466989 1.65555167
      vertex -0.0149999997 -2.27466989 1.65555167
    endloop
  endfacet
  facet normal 0 0.145226762 -0.98939842
    outer loop
      vertex -0.0149999997 -2.26785922 1.65655148
      vertex 0.0149999997 -2.27126455 1.65605164
      vertex -0.0149999997 -2.27126455 1.65605164
    endloop
  endfacet
  facet normal 0 0.145260662 -0.989393413
    outer loop
      vertex -0.0149999997 -2.26445389 1.65705144
      vertex 0.0149999997 -2.26785922 1.65655148
      vertex -0.0149999997 -2.26785922 1.65655148
    endloop
  endfacet
  facet normal 0 0.00840188749 -0.999964714
    outer loop
      vertex -0.0149999997 -2.26104879 1.65708005
      vertex 0.0149999997 -2.26445389 1.65705144
      vertex -0.0149999997 -2.26445389 1.65705144
    endloop
  endfacet
  facet normal 0 0 -1
    outer loop
      vertex -0.0149999997 -2.25764346 1.65708005
      vertex 0.0149999997 -2.26104879 1.65708005
      vertex -0.0149999997 -2.26104879 1.65708005
    endloop
  endfacet
  facet normal 0 0 -1
    outer loop
      vertex -0.0149999997 -2.25423813 1.65708005
      vertex 0.0149999997 -2.25764346 1.65708005
      vertex -0.0149999997 -2.25764346 1.65708005
    endloop
  endfacet
  facet normal 0 -0.0975166187 -0.995233893
    outer loop
      vertex -0.0149999997 -2.2508328 1.65674639
      vertex 0.0149999997 -2.25423813 1.65708005
      vertex -0.0149999997 -2.25423813 1.65708005
    endloop
  endfacet
  facet normal 0 -0.0975233838 -0.995233238
    outer loop
      vertex -0.0149999997 -2.2474277 1.65641272
      vertex 0.0149999997 -2.2508328 1.65674639
      vertex -0.0149999997 -2.2508328 1.65674639
    endloop
  endfacet
  facet normal 0 -0.0974821076 -0.995237291
    outer loop
      vertex -0.0149999997 -2.24402237 1.65607917
      vertex 0.0149999997 -2.2474277 1.65641272
      vertex -0.0149999997 -2.2474277 1.65641272
    endloop
  endfacet
  facet normal 0 -0.0975166187 -0.995233893
    outer loop
      vertex -0.0149999997 -2.24061704 1.65574551
      vertex 0.0149999997 -2.24402237 1.65607917
      vertex -0.0149999997 -2.24402237 1.65607917
    endloop
  endfacet
  facet normal 0 -0.0975166187 -0.995233893
    outer loop
      vertex -0.0149999997 -2.2372117 1.65541184
      vertex 0.0149999997 -2.24061704 1.65574551
      vertex -0.0149999997 -2.24061704 1.65574551
    endloop
  endfacet
  facet normal 0 -0.0975166187 -0.995233893
    outer loop
      vertex -0.0149999997 -2.23380637 1.65507817
      vertex 0.0149999997 -2.2372117 1.65541184
      vertex -0.0149999997 -2.2372117 1.65541184
    endloop
  endfacet
  facet normal 0 -0.0975233838 -0.995233238
    outer loop
      vertex -0.0149999997 -2.23040128 1.65474451
      vertex 0.0149999997 -2.23380637 1.65507817
      vertex -0.0149999997 -2.23380637 1.65507817
    endloop
  endfacet
  facet normal 0 -0.0975166187 -0.995233893
    outer loop
      vertex -0.0149999997 -2.22699594 1.65441084
      vertex 0.0149999997 -2.23040128 1.65474451
      vertex -0.0149999997 -2.23040128 1.65474451
    endloop
  endfacet
  facet normal 0 -0.0975166187 -0.995233893
    outer loop
      vertex -0.0149999997 -2.22359061 1.65407717
      vertex 0.0149999997 -2.22699594 1.65441084
      vertex -0.0149999997 -2.22699594 1.65441084
    endloop
  endfacet
  facet normal 0 -0.0975166187 -0.995233893
    outer loop
      vertex -0.0149999997 -2.22018528 1.65374351
      vertex 0.0149999997 -2.22359061 1.65407717
      vertex -0.0149999997 -2.22359061 1.65407717
    endloop
  endfacet
  facet normal 0 -0.0974888653 -0.995236635
    outer loop
      vertex -0.0149999997 -2.21678019 1.65340996
      vertex 0.0149999997 -2.22018528 1.65374351
      vertex -0.0149999997 -2.22018528 1.65374351
    endloop
  endfacet
  facet normal 0 -0.0975166187 -0.995233893
    outer loop
      vertex -0.0149999997 -2.21337485 1.65307629
      vertex 0.0149999997 -2.21678019 1.65340996
      vertex -0.0149999997 -2.21678019 1.65340996
    endloop
  endfacet
  facet normal 0 -0.0975166187 -0.995233893
    outer loop
      vertex -0.0149999997 -2.20996952 1.65274262
      vertex 0.0149999997 -2.21337485 1.65307629
      vertex -0.0149999997 -2.21337485 1.65307629
    endloop
  endfacet
  facet normal 0 -0.395153135 -0.918615282
    outer loop
      vertex -0.0149999997 -2.20656419 1.65127778
      vertex 0.0149999997 -2.20996952 1.65274262
      vertex -0.0149999997 -2.20996952 1.65274262
    endloop
  endfacet
  facet normal 0 -0.44470349 -0.895677924
    outer loop
      vertex -0.0149999997 -2.20315886 1.64958704
      vertex 0.0149999997 -2.20656419 1.65127778
      vertex -0.0149999997 -2.20656419 1.65127778
    endloop
  endfacet
  facet normal 0 -0.444728434 -0.895665467
    outer loop
      vertex -0.0149999997 -2.19975376 1.64789629
      vertex 0.0149999997 -2.20315886 1.64958704
      vertex -0.0149999997 -2.20315886 1.64958704
    endloop
  endfacet
  facet normal 0 -0.44470349 -0.895677924
    outer loop
      vertex -0.0149999997 -2.19634843 1.64620554
      vertex 0.0149999997 -2.19975376 1.64789629
      vertex -0.0149999997 -2.19975376 1.64789629
    endloop
  endfacet
  facet normal 0 -0.444678307 -0.895690382
    outer loop
      vertex -0.0149999997 -2.1929431 1.64451492
      vertex 0.0149999997 -2.19634843 1.64620554
      vertex -0.0149999997 -2.19634843 1.64620554
    endloop
  endfacet
  facet normal 0 -0.44470349 -0.895677924
    outer loop
      vertex -0.0149999997 -2.18953776 1.64282417
      vertex 0.0149999997 -2.1929431 1.64451492
      vertex -0.0149999997 -2.1929431 1.64451492
    endloop
  endfacet
  facet normal 0 -0.444728434 -0.895665467
    outer loop
      vertex -0.0149999997 -2.18613267 1.64113343
      vertex 0.0149999997 -2.18953776 1.64282417
      vertex -0.0149999997 -2.18953776 1.64282417
    endloop
  endfacet
  facet normal 0 -0.44470349 -0.895677924
    outer loop
      vertex -0.0149999997 -2.18272734 1.63944268
      vertex 0.0149999997 -2.18613267 1.64113343
      vertex -0.0149999997 -2.18613267 1.64113343
    endloop
  endfacet
  facet normal 0 -0.444678307 -0.895690382
    outer loop
      vertex -0.0149999997 -2.179322 1.63775206
      vertex 0.0149999997 -2.18272734 1.63944268
      vertex -0.0149999997 -2.18272734 1.63944268
    endloop
  endfacet
  facet normal 0 -0.44470349 -0.895677924
    outer loop
      vertex -0.0149999997 -2.17591667 1.63606131
      vertex 0.0149999997 -2.179322 1.63775206
      vertex -0.0149999997 -2.179322 1.63775206
    endloop
  endfacet
  facet normal 0 -0.44470349 -0.895677924
    outer loop
      vertex -0.0149999997 -2.17251134 1.63437057
      vertex 0.0149999997 -2.17591667 1.63606131
      vertex -0.0149999997 -2.17591667 1.63606131
    endloop
  endfacet
  facet normal 0 -0.455348849 -0.890313148
    outer loop
      vertex -0.0149999997 -2.16910625 1.63262904
      vertex 0.0149999997 -2.17251134 1.63437057
      vertex -0.0149999997 -2.17251134 1.63437057
    endloop
  endfacet
  facet normal 0 -0.676095963 -0.736813545
    outer loop
      vertex -0.0149999997 -2.16570091 1.62950432
      vertex 0.0149999997 -2.16910625 1.63262904
      vertex -0.0149999997 -2.16910625 1.63262904
    endloop
  endfacet
  facet normal 0 -0.676095963 -0.736813545
    outer loop
      vertex -0.0149999997 -2.16229558 1.62637961
      vertex 0.0149999997 -2.16570091 1.62950432
      vertex -0.0149999997 -2.16570091 1.62950432
    endloop
  endfacet
  facet normal 0 -0.676095963 -0.736813545
    outer loop
      vertex -0.0149999997 -2.15889025 1.6232549
      vertex 0.0149999997 -2.16229558 1.62637961
      vertex -0.0149999997 -2.16229558 1.62637961
    endloop
  endfacet
  facet normal 0 -0.676095963 -0.736813545
    outer loop
      vertex -0.0149999997 -2.15548491 1.62013018
      vertex 0.0149999997 -2.15889025 1.6232549
      vertex -0.0149999997 -2.15889025 1.6232549
    endloop
  endfacet
  facet normal 0 -0.676121652 -0.736790001
    outer loop
      vertex -0.0149999997 -2.15207982 1.61700547
      vertex 0.0149999997 -2.15548491 1.62013018
      vertex -0.0149999997 -2.15548491 1.62013018
    endloop
  endfacet
  facet normal 0 -0.676095963 -0.736813545
    outer loop
      vertex -0.0149999997 -2.14867449 1.61388075
      vertex 0.0149999997 -2.15207982 1.61700547
      vertex -0.0149999997 -2.15207982 1.61700547
    endloop
  endfacet
  facet normal 0 -0.676095963 -0.736813545
    outer loop
      vertex -0.0149999997 -2.14526916 1.61075604
      vertex 0.0149999997 -2.14867449 1.61388075
      vertex -0.0149999997 -2.14867449 1.61388075
    endloop
  endfacet
  facet normal 0 -0.676095963 -0.736813545
    outer loop
      vertex -0.0149999997 -2.14186382 1.60763133
      vertex 0.0149999997 -2.14526916 1.61075604
      vertex -0.0149999997 -2.14526916 1.61075604
    endloop
  endfacet
  facet normal 0 -0.676121652 -0.736790001
    outer loop
      vertex -0.0149999997 -2.13845873 1.60450661
      vertex 0.0149999997 -2.14186382 1.60763133
      vertex -0.0149999997 -2.14186382 1.60763133
    endloop
  endfacet
  facet normal 0 -0.676095963 -0.736813545
    outer loop
      vertex -0.0149999997 -2.1350534 1.6013819
      vertex 0.0149999997 -2.13845873 1.60450661
      vertex -0.0149999997 -2.13845873 1.60450661
    endloop
  endfacet
  facet normal 0 -0.676095963 -0.736813545
    outer loop
      vertex -0.0149999997 -2.13164806 1.59825718
      vertex 0.0149999997 -2.1350534 1.6013819
      vertex -0.0149999997 -2.1350534 1.6013819
    endloop
  endfacet
  facet normal 0 -0.676095963 -0.736813545
    outer loop
      vertex -0.0149999997 -2.12824273 1.59513247
      vertex 0.0149999997 -2.13164806 1.59825718
      vertex -0.0149999997 -2.13164806 1.59825718
    endloop
  endfacet
  facet normal 0 -0.67610991 -0.736800671
    outer loop
      vertex -0.0149999997 -2.1248374 1.59200764
      vertex 0.0149999997 -2.12824273 1.59513247
      vertex -0.0149999997 -2.12824273 1.59513247
    endloop
  endfacet
  facet normal 0 -0.676121652 -0.736790001
    outer loop
      vertex -0.0149999997 -2.1214323 1.58888292
      vertex 0.0149999997 -2.1248374 1.59200764
      vertex -0.0149999997 -2.1248374 1.59200764
    endloop
  endfacet
  facet normal 0 -0.676095963 -0.736813545
    outer loop
      vertex -0.0149999997 -2.11802697 1.58575821
      vertex 0.0149999997 -2.1214323 1.58888292
      vertex -0.0149999997 -2.1214323 1.58888292
    endloop
  endfacet
  facet normal 0 -0.676095963 -0.736813545
    outer loop
      vertex -0.0149999997 -2.11462164 1.5826335
      vertex 0.0149999997 -2.11802697 1.58575821
      vertex -0.0149999997 -2.11802697 1.58575821
    endloop
  endfacet
  facet normal 0 -0.703490078 -0.710705161
    outer loop
      vertex -0.0149999997 -2.11121631 1.57926273
      vertex 0.0149999997 -2.11462164 1.5826335
      vertex -0.0149999997 -2.11462164 1.5826335
    endloop
  endfacet
  facet normal 0 -0.704918146 -0.709288538
    outer loop
      vertex -0.0149999997 -2.10781121 1.57587862
      vertex 0.0149999997 -2.11121631 1.57926273
      vertex -0.0149999997 -2.11121631 1.57926273
    endloop
  endfacet
  facet normal 0 -0.704905868 -0.709300816
    outer loop
      vertex -0.0149999997 -2.10440588 1.57249439
      vertex 0.0149999997 -2.10781121 1.57587862
      vertex -0.0149999997 -2.10781121 1.57587862
    endloop
  endfacet
  facet normal 0 -0.70489341 -0.709313273
    outer loop
      vertex -0.0149999997 -2.10100055 1.56911027
      vertex 0.0149999997 -2.10440588 1.57249439
      vertex -0.0149999997 -2.10440588 1.57249439
    endloop
  endfacet
  facet normal 0 -0.704905868 -0.709300816
    outer loop
      vertex -0.0149999997 -2.09759521 1.56572604
      vertex 0.0149999997 -2.10100055 1.56911027
      vertex -0.0149999997 -2.10100055 1.56911027
    endloop
  endfacet
  facet normal 0 -0.70489341 -0.709313273
    outer loop
      vertex -0.0149999997 -2.09418988 1.56234193
      vertex 0.0149999997 -2.09759521 1.56572604
      vertex -0.0149999997 -2.09759521 1.56572604
    endloop
  endfacet
  facet normal 0 -0.704918146 -0.709288538
    outer loop
      vertex -0.0149999997 -2.09078479 1.55895782
      vertex 0.0149999997 -2.09418988 1.56234193
      vertex -0.0149999997 -2.09418988 1.56234193
    endloop
  endfacet
  facet normal 0 -0.704905868 -0.709300816
    outer loop
      vertex -0.0149999997 -2.08737946 1.55557358
      vertex 0.0149999997 -2.09078479 1.55895782
      vertex -0.0149999997 -2.09078479 1.55895782
    endloop
  endfacet
  facet normal 0 -0.70489341 -0.709313273
    outer loop
      vertex -0.0149999997 -2.08397412 1.55218947
      vertex 0.0149999997 -2.08737946 1.55557358
      vertex -0.0149999997 -2.08737946 1.55557358
    endloop
  endfacet
  facet normal 0 -0.704905868 -0.709300816
    outer loop
      vertex -0.0149999997 -2.08056879 1.54880524
      vertex 0.0149999997 -2.08397412 1.55218947
      vertex -0.0149999997 -2.08397412 1.55218947
    endloop
  endfacet
  facet normal 0 -0.704918146 -0.709288538
    outer loop
      vertex -0.0149999997 -2.0771637 1.54542112
      vertex 0.0149999997 -2.08056879 1.54880524
      vertex -0.0149999997 -2.08056879 1.54880524
    endloop
  endfacet
  facet normal 0 -0.70489341 -0.709313273
    outer loop
      vertex -0.0149999997 -2.07375836 1.54203701
      vertex 0.0149999997 -2.0771637 1.54542112
      vertex -0.0149999997 -2.0771637 1.54542112
    endloop
  endfacet
  facet normal 0 -0.704905868 -0.709300816
    outer loop
      vertex -0.0149999997 -2.07035303 1.53865278
      vertex 0.0149999997 -2.07375836 1.54203701
      vertex -0.0149999997 -2.07375836 1.54203701
    endloop
  endfacet
  facet normal 0 -0.70489341 -0.709313273
    outer loop
      vertex -0.0149999997 -2.0669477 1.53526866
      vertex 0.0149999997 -2.07035303 1.53865278
      vertex -0.0149999997 -2.07035303 1.53865278
    endloop
  endfacet
  facet normal 0 -0.704905868 -0.709300816
    outer loop
      vertex -0.0149999997 -2.06354237 1.53188443
      vertex 0.0149999997 -2.0669477 1.53526866
      vertex -0.0149999997 -2.0669477 1.53526866
    endloop
  endfacet
  facet normal 0 -0.704918146 -0.709288538
    outer loop
      vertex -0.0149999997 -2.06013727 1.52850032
      vertex 0.0149999997 -2.06354237 1.53188443
      vertex -0.0149999997 -2.06354237 1.53188443
    endloop
  endfacet
  facet normal 0 -0.70489341 -0.709313273
    outer loop
      vertex -0.0149999997 -2.05673194 1.52511621
      vertex 0.0149999997 -2.06013727 1.52850032
      vertex -0.0149999997 -2.06013727 1.52850032
    endloop
  endfacet
  facet normal 0 -0.704905868 -0.709300816
    outer loop
      vertex -0.0149999997 -2.05332661 1.52173197
      vertex 0.0149999997 -2.05673194 1.52511621
      vertex -0.0149999997 -2.05673194 1.52511621
    endloop
  endfacet
  facet normal 0 -0.70489341 -0.709313273
    outer loop
      vertex -0.0149999997 -2.04992127 1.51834786
      vertex 0.0149999997 -2.05332661 1.52173197
      vertex -0.0149999997 -2.05332661 1.52173197
    endloop
  endfacet
  facet normal 0 -0.666123748 -0.745841324
    outer loop
      vertex -0.0149999997 -2.04651618 1.51530671
      vertex 0.0149999997 -2.04992127 1.51834786
      vertex -0.0149999997 -2.04992127 1.51834786
    endloop
  endfacet
  facet normal 0 -0.596062124 -0.802938342
    outer loop
      vertex -0.0149999997 -2.04311085 1.51277876
      vertex 0.0149999997 -2.04651618 1.51530671
      vertex -0.0149999997 -2.04651618 1.51530671
    endloop
  endfacet
  facet normal 0 -0.596043944 -0.802951753
    outer loop
      vertex -0.0149999997 -2.03970551 1.51025093
      vertex 0.0149999997 -2.04311085 1.51277876
      vertex -0.0149999997 -2.04311085 1.51277876
    endloop
  endfacet
  facet normal 0 -0.596043944 -0.802951753
    outer loop
      vertex -0.0149999997 -2.03630018 1.50772309
      vertex 0.0149999997 -2.03970551 1.51025093
      vertex -0.0149999997 -2.03970551 1.51025093
    endloop
  endfacet
  facet normal 0 -0.596043944 -0.802951753
    outer loop
      vertex -0.0149999997 -2.03289485 1.50519526
      vertex 0.0149999997 -2.03630018 1.50772309
      vertex -0.0149999997 -2.03630018 1.50772309
    endloop
  endfacet
  facet normal 0 -0.596070886 -0.802931845
    outer loop
      vertex -0.0149999997 -2.02948976 1.50266743
      vertex 0.0149999997 -2.03289485 1.50519526
      vertex -0.0149999997 -2.03289485 1.50519526
    endloop
  endfacet
  facet normal 0 -0.596062124 -0.802938342
    outer loop
      vertex -0.0149999997 -2.02608442 1.50013947
      vertex 0.0149999997 -2.02948976 1.50266743
      vertex -0.0149999997 -2.02948976 1.50266743
    endloop
  endfacet
  facet normal 0 -0.596043944 -0.802951753
    outer loop
      vertex -0.0149999997 -2.02267909 1.49761164
      vertex 0.0149999997 -2.02608442 1.50013947
      vertex -0.0149999997 -2.02608442 1.50013947
    endloop
  endfacet
  facet normal 0 -0.596043944 -0.802951753
    outer loop
      vertex -0.0149999997 -2.01927376 1.49508381
      vertex 0.0149999997 -2.02267909 1.49761164
      vertex -0.0149999997 -2.02267909 1.49761164
    endloop
  endfacet
  facet normal 0 -0.596070886 -0.802931845
    outer loop
      vertex -0.0149999997 -2.01586866 1.49255598
      vertex 0.0149999997 -2.01927376 1.49508381
      vertex -0.0149999997 -2.01927376 1.49508381
    endloop
  endfacet
  facet normal 0 -0.596043944 -0.802951753
    outer loop
      vertex -0.0149999997 -2.01246333 1.49002814
      vertex 0.0149999997 -2.01586866 1.49255598
      vertex -0.0149999997 -2.01586866 1.49255598
    endloop
  endfacet
  facet normal 0 -0.596062124 -0.802938342
    outer loop
      vertex -0.0149999997 -2.009058 1.48750019
      vertex 0.0149999997 -2.01246333 1.49002814
      vertex -0.0149999997 -2.01246333 1.49002814
    endloop
  endfacet
  facet normal 0 -0.596043944 -0.802951753
    outer loop
      vertex -0.0149999997 -2.00565267 1.48497236
      vertex 0.0149999997 -2.009058 1.48750019
      vertex -0.0149999997 -2.009058 1.48750019
    endloop
  endfacet
  facet normal 0 -0.596043944 -0.802951753
    outer loop
      vertex -0.0149999997 -2.00224733 1.48244452
      vertex 0.0149999997 -2.00565267 1.48497236
      vertex -0.0149999997 -2.00565267 1.48497236
    endloop
  endfacet
  facet normal 0 -0.596057475 -0.802941859
    outer loop
      vertex -0.0149999997 -1.99884212 1.47991669
      vertex 0.0149999997 -2.00224733 1.48244452
      vertex -0.0149999997 -2.00224733 1.48244452
    endloop
  endfacet
  facet normal 0 -0.596057475 -0.802941859
    outer loop
      vertex -0.0149999997 -1.99543691 1.47738886
      vertex 0.0149999997 -1.99884212 1.47991669
      vertex -0.0149999997 -1.99884212 1.47991669
    endloop
  endfacet
  facet normal 0 -0.596043944 -0.802951753
    outer loop
      vertex -0.0149999997 -1.99203157 1.47486103
      vertex 0.0149999997 -1.99543691 1.47738886
      vertex -0.0149999997 -1.99543691 1.47738886
    endloop
  endfacet
  facet normal 0 -0.596075594 -0.802928329
    outer loop
      vertex -0.0149999997 -1.98862636 1.47233307
      vertex 0.0149999997 -1.99203157 1.47486103
      vertex -0.0149999997 -1.99203157 1.47486103
    endloop
  endfacet
  facet normal 0 -0.596043944 -0.802951753
    outer loop
      vertex -0.0149999997 -1.98522103 1.46980524
      vertex 0.0149999997 -1.98862636 1.47233307
      vertex -0.0149999997 -1.98862636 1.47233307
    endloop
  endfacet
  facet normal 0 -0.596043944 -0.802951753
    outer loop
      vertex -0.0149999997 -1.9818157 1.46727741
      vertex 0.0149999997 -1.98522103 1.46980524
      vertex -0.0149999997 -1.98522103 1.46980524
    endloop
  endfacet
  facet normal 0 -0.596057475 -0.802941859
    outer loop
      vertex -0.0149999997 -1.97841048 1.46474957
      vertex 0.0149999997 -1.9818157 1.46727741
      vertex -0.0149999997 -1.9818157 1.46727741
    endloop
  endfacet
  facet normal 0 -0.596043944 -0.802951753
    outer loop
      vertex -0.0149999997 -1.97500515 1.46222174
      vertex 0.0149999997 -1.97841048 1.46474957
      vertex -0.0149999997 -1.97841048 1.46474957
    endloop
  endfacet
  facet normal 0 -0.596075594 -0.802928329
    outer loop
      vertex -0.0149999997 -1.97159994 1.45969379
      vertex 0.0149999997 -1.97500515 1.46222174
      vertex -0.0149999997 -1.97500515 1.46222174
    endloop
  endfacet
  facet normal 0 -0.526145518 -0.850394607
    outer loop
      vertex -0.0149999997 -1.9681946 1.45758688
      vertex 0.0149999997 -1.97159994 1.45969379
      vertex -0.0149999997 -1.97159994 1.45969379
    endloop
  endfacet
  facet normal 0 -0.483969599 -0.875084817
    outer loop
      vertex -0.0149999997 -1.96478939 1.45570362
      vertex 0.0149999997 -1.9681946 1.45758688
      vertex -0.0149999997 -1.9681946 1.45758688
    endloop
  endfacet
  facet normal 0 -0.48398003 -0.875078976
    outer loop
      vertex -0.0149999997 -1.96138406 1.45382023
      vertex 0.0149999997 -1.96478939 1.45570362
      vertex -0.0149999997 -1.96478939 1.45570362
    endloop
  endfacet
  facet normal 0 -0.483993053 -0.875071883
    outer loop
      vertex -0.0149999997 -1.95797884 1.45193684
      vertex 0.0149999997 -1.96138406 1.45382023
      vertex -0.0149999997 -1.96138406 1.45382023
    endloop
  endfacet
  facet normal 0 -0.483956575 -0.87509197
    outer loop
      vertex -0.0149999997 -1.95457351 1.45005357
      vertex 0.0149999997 -1.95797884 1.45193684
      vertex -0.0149999997 -1.95797884 1.45193684
    endloop
  endfacet
  facet normal 0 -0.48398003 -0.875078976
    outer loop
      vertex -0.0149999997 -1.95116818 1.44817019
      vertex 0.0149999997 -1.95457351 1.45005357
      vertex -0.0149999997 -1.95457351 1.45005357
    endloop
  endfacet
  facet normal 0 -0.483993053 -0.875071883
    outer loop
      vertex -0.0149999997 -1.94776297 1.4462868
      vertex 0.0149999997 -1.95116818 1.44817019
      vertex -0.0149999997 -1.95116818 1.44817019
    endloop
  endfacet
  facet normal 0 -0.483956575 -0.87509197
    outer loop
      vertex -0.0149999997 -1.94435763 1.44440353
      vertex 0.0149999997 -1.94776297 1.4462868
      vertex -0.0149999997 -1.94776297 1.4462868
    endloop
  endfacet
  facet normal 0 -0.483993053 -0.875071883
    outer loop
      vertex -0.0149999997 -1.94095242 1.44252014
      vertex 0.0149999997 -1.94435763 1.44440353
      vertex -0.0149999997 -1.94435763 1.44440353
    endloop
  endfacet
  facet normal 0 -0.48398003 -0.875078976
    outer loop
      vertex -0.0149999997 -1.93754709 1.44063675
      vertex 0.0149999997 -1.94095242 1.44252014
      vertex -0.0149999997 -1.94095242 1.44252014
    endloop
  endfacet
  facet normal 0 -0.483969599 -0.875084817
    outer loop
      vertex -0.0149999997 -1.93414187 1.43875349
      vertex 0.0149999997 -1.93754709 1.44063675
      vertex -0.0149999997 -1.93754709 1.44063675
    endloop
  endfacet
  facet normal 0 -0.48398003 -0.875078976
    outer loop
      vertex -0.0149999997 -1.93073654 1.4368701
      vertex 0.0149999997 -1.93414187 1.43875349
      vertex -0.0149999997 -1.93414187 1.43875349
    endloop
  endfacet
  facet normal 0 -0.48398003 -0.875078976
    outer loop
      vertex -0.0149999997 -1.92733121 1.43498671
      vertex 0.0149999997 -1.93073654 1.4368701
      vertex -0.0149999997 -1.93073654 1.4368701
    endloop
  endfacet
  facet normal 0 -0.483969599 -0.875084817
    outer loop
      vertex -0.0149999997 -1.923926 1.43310344
      vertex 0.0149999997 -1.92733121 1.43498671
      vertex -0.0149999997 -1.92733121 1.43498671
    endloop
  endfacet
  facet normal 0 -0.48398003 -0.875078976
    outer loop
      vertex -0.0149999997 -1.92052066 1.43122005
      vertex 0.0149999997 -1.923926 1.43310344
      vertex -0.0149999997 -1.923926 1.43310344
    endloop
  endfacet
  facet normal 0 -0.483993053 -0.875071883
    outer loop
      vertex -0.0149999997 -1.91711545 1.42933667
      vertex 0.0149999997 -1.92052066 1.43122005
      vertex -0.0149999997 -1.92052066 1.43122005
    endloop
  endfacet
  facet normal 0 -0.483956575 -0.87509197
    outer loop
      vertex -0.0149999997 -1.91371012 1.4274534
      vertex 0.0149999997 -1.91711545 1.42933667
      vertex -0.0149999997 -1.91711545 1.42933667
    endloop
  endfacet
  facet normal 0 -0.483993053 -0.875071883
    outer loop
      vertex -0.0149999997 -1.9103049 1.42557001
      vertex 0.0149999997 -1.91371012 1.4274534
      vertex -0.0149999997 -1.91371012 1.4274534
    endloop
  endfacet
  facet normal 0 -0.48398003 -0.875078976
    outer loop
      vertex -0.0149999997 -1.90689957 1.42368662
      vertex 0.0149999997 -1.9103049 1.42557001
      vertex -0.0149999997 -1.9103049 1.42557001
    endloop
  endfacet
  facet normal 0 -0.483993053 -0.875071883
    outer loop
      vertex -0.0149999997 -1.90349436 1.42180324
      vertex 0.0149999997 -1.90689957 1.42368662
      vertex -0.0149999997 -1.90689957 1.42368662
    endloop
  endfacet
  facet normal 0 -0.483956575 -0.87509197
    outer loop
      vertex -0.0149999997 -1.90008903 1.41991997
      vertex 0.0149999997 -1.90349436 1.42180324
      vertex -0.0149999997 -1.90349436 1.42180324
    endloop
  endfacet
  facet normal 0 -0.48398003 -0.875078976
    outer loop
      vertex -0.0149999997 -1.89668369 1.41803658
      vertex 0.0149999997 -1.90008903 1.41991997
      vertex -0.0149999997 -1.90008903 1.41991997
    endloop
  endfacet
  facet normal 0 -0.483993053 -0.875071883
    outer loop
      vertex -0.0149999997 -1.89327848 1.41615319
      vertex 0.0149999997 -1.89668369 1.41803658
      vertex -0.0149999997 -1.89668369 1.41803658
    endloop
  endfacet
  facet normal 0 -0.483956575 -0.87509197
    outer loop
      vertex -0.0149999997 -1.88987315 1.41426992
      vertex 0.0149999997 -1.89327848 1.41615319
      vertex -0.0149999997 -1.89327848 1.41615319
    endloop
  endfacet
  facet normal 0 -0.483993053 -0.875071883
    outer loop
      vertex -0.0149999997 -1.88646793 1.41238654
      vertex 0.0149999997 -1.88987315 1.41426992
      vertex -0.0149999997 -1.88987315 1.41426992
    endloop
  endfacet
  facet normal 0 -0.48398003 -0.875078976
    outer loop
      vertex -0.0149999997 -1.8830626 1.41050315
      vertex 0.0149999997 -1.88646793 1.41238654
      vertex -0.0149999997 -1.88646793 1.41238654
    endloop
  endfacet
  facet normal 0 -0.483969599 -0.875084817
    outer loop
      vertex -0.0149999997 -1.87965739 1.40861988
      vertex 0.0149999997 -1.8830626 1.41050315
      vertex -0.0149999997 -1.8830626 1.41050315
    endloop
  endfacet
  facet normal 0 -0.43238005 -0.901691377
    outer loop
      vertex -0.0149999997 -1.87625206 1.40698695
      vertex 0.0149999997 -1.87965739 1.40861988
      vertex -0.0149999997 -1.87965739 1.40861988
    endloop
  endfacet
  facet normal 0 -0.423683822 -0.905810058
    outer loop
      vertex -0.0149999997 -1.87284684 1.4053942
      vertex 0.0149999997 -1.87625206 1.40698695
      vertex -0.0149999997 -1.87625206 1.40698695
    endloop
  endfacet
  facet normal 0 -0.42369768 -0.905803621
    outer loop
      vertex -0.0149999997 -1.86944151 1.40380132
      vertex 0.0149999997 -1.87284684 1.4053942
      vertex -0.0149999997 -1.87284684 1.4053942
    endloop
  endfacet
  facet normal 0 -0.423671663 -0.90581578
    outer loop
      vertex -0.0149999997 -1.86603618 1.40220857
      vertex 0.0149999997 -1.86944151 1.40380132
      vertex -0.0149999997 -1.86944151 1.40380132
    endloop
  endfacet
  facet normal 0 -0.423709899 -0.905798018
    outer loop
      vertex -0.0149999997 -1.86263096 1.40061569
      vertex 0.0149999997 -1.86603618 1.40220857
      vertex -0.0149999997 -1.86603618 1.40220857
    endloop
  endfacet
  facet normal 0 -0.423671663 -0.90581578
    outer loop
      vertex -0.0149999997 -1.85922563 1.39902294
      vertex 0.0149999997 -1.86263096 1.40061569
      vertex -0.0149999997 -1.86263096 1.40061569
    endloop
  endfacet
  facet normal 0 -0.423709899 -0.905798018
    outer loop
      vertex -0.0149999997 -1.85582042 1.39743006
      vertex 0.0149999997 -1.85922563 1.39902294
      vertex -0.0149999997 -1.85922563 1.39902294
    endloop
  endfacet
  facet normal 0 -0.423671663 -0.90581578
    outer loop
      vertex -0.0149999997 -1.85241508 1.39583731
      vertex 0.0149999997 -1.85582042 1.39743006
      vertex -0.0149999997 -1.85582042 1.39743006
    endloop
  endfacet
  facet normal 0 -0.423709899 -0.905798018
    outer loop
      vertex -0.0149999997 -1.84900987 1.39424443
      vertex 0.0149999997 -1.85241508 1.39583731
      vertex -0.0149999997 -1.85241508 1.39583731
    endloop
  endfacet
  facet normal 0 -0.42369768 -0.905803621
    outer loop
      vertex -0.0149999997 -1.84560454 1.39265156
      vertex 0.0149999997 -1.84900987 1.39424443
      vertex -0.0149999997 -1.84900987 1.39424443
    endloop
  endfacet
  facet normal 0 -0.423671663 -0.90581578
    outer loop
      vertex -0.0149999997 -1.84219921 1.3910588
      vertex 0.0149999997 -1.84560454 1.39265156
      vertex -0.0149999997 -1.84560454 1.39265156
    endloop
  endfacet
  facet normal 0 -0.423709899 -0.905798018
    outer loop
      vertex -0.0149999997 -1.83879399 1.38946593
      vertex 0.0149999997 -1.84219921 1.3910588
      vertex -0.0149999997 -1.84219921 1.3910588
    endloop
  endfacet
  facet normal 0 -0.423671663 -0.90581578
    outer loop
      vertex -0.0149999997 -1.83538866 1.38787317
      vertex 0.0149999997 -1.83879399 1.38946593
      vertex -0.0149999997 -1.83879399 1.38946593
    endloop
  endfacet
  facet normal 0 -0.423709899 -0.905798018
    outer loop
      vertex -0.0149999997 -1.83198345 1.3862803
      vertex 0.0149999997 -1.83538866 1.38787317
      vertex -0.0149999997 -1.83538866 1.38787317
    endloop
  endfacet
  facet normal 0 -0.423671663 -0.90581578
    outer loop
      vertex -0.0149999997 -1.82857811 1.38468754
      vertex 0.0149999997 -1.83198345 1.3862803
      vertex -0.0149999997 -1.83198345 1.3862803
    endloop
  endfacet
  facet normal 0 -0.423709899 -0.905798018
    outer loop
      vertex -0.0149999997 -1.8251729 1.38309467
      vertex 0.0149999997 -1.82857811 1.38468754
      vertex -0.0149999997 -1.82857811 1.38468754
    endloop
  endfacet
  facet normal 0 -0.423671663 -0.90581578
    outer loop
      vertex -0.0149999997 -1.82176757 1.38150191
      vertex 0.0149999997 -1.8251729 1.38309467
      vertex -0.0149999997 -1.8251729 1.38309467
    endloop
  endfacet
  facet normal 0 -0.423709899 -0.905798018
    outer loop
      vertex -0.0149999997 -1.81836236 1.37990904
      vertex 0.0149999997 -1.82176757 1.38150191
      vertex -0.0149999997 -1.82176757 1.38150191
    endloop
  endfacet
  facet normal 0 -0.423671663 -0.90581578
    outer loop
      vertex -0.0149999997 -1.81495702 1.37831628
      vertex 0.0149999997 -1.81836236 1.37990904
      vertex -0.0149999997 -1.81836236 1.37990904
    endloop
  endfacet
  facet normal 0 -0.42369768 -0.905803621
    outer loop
      vertex -0.0149999997 -1.81155169 1.37672341
      vertex 0.0149999997 -1.81495702 1.37831628
      vertex -0.0149999997 -1.81495702 1.37831628
    endloop
  endfacet
  facet normal 0 -0.423709899 -0.905798018
    outer loop
      vertex -0.0149999997 -1.80814648 1.37513053
      vertex 0.0149999997 -1.81155169 1.37672341
      vertex -0.0149999997 -1.81155169 1.37672341
    endloop
  endfacet
  facet normal 0 -0.423671663 -0.90581578
    outer loop
      vertex -0.0149999997 -1.80474114 1.37353778
      vertex 0.0149999997 -1.80814648 1.37513053
      vertex -0.0149999997 -1.80814648 1.37513053
    endloop
  endfacet
  facet normal 0 -0.423709899 -0.905798018
    outer loop
      vertex -0.0149999997 -1.80133593 1.3719449
      vertex 0.0149999997 -1.80474114 1.37353778
      vertex -0.0149999997 -1.80474114 1.37353778
    endloop
  endfacet
  facet normal 0 -0.423671663 -0.90581578
    outer loop
      vertex -0.0149999997 -1.7979306 1.37035215
      vertex 0.0149999997 -1.80133593 1.3719449
      vertex -0.0149999997 -1.80133593 1.3719449
    endloop
  endfacet
  facet normal 0 -0.423709899 -0.905798018
    outer loop
      vertex -0.0149999997 -1.79452538 1.36875927
      vertex 0.0149999997 -1.7979306 1.37035215
      vertex -0.0149999997 -1.7979306 1.37035215
    endloop
  endfacet
  facet normal 0 -0.423671663 -0.90581578
    outer loop
      vertex -0.0149999997 -1.79112005 1.36716652
      vertex 0.0149999997 -1.79452538 1.36875927
      vertex -0.0149999997 -1.79452538 1.36875927
    endloop
  endfacet
  facet normal 0 -0.423709899 -0.905798018
    outer loop
      vertex -0.0149999997 -1.78771484 1.36557364
      vertex 0.0149999997 -1.79112005 1.36716652
      vertex -0.0149999997 -1.79112005 1.36716652
    endloop
  endfacet
  facet normal 0 -0.423671663 -0.90581578
    outer loop
      vertex -0.0149999997 -1.78430951 1.36398089
      vertex 0.0149999997 -1.78771484 1.36557364
      vertex -0.0149999997 -1.78771484 1.36557364
    endloop
  endfacet
  facet normal 0 -0.42369768 -0.905803621
    outer loop
      vertex -0.0149999997 -1.78090417 1.36238801
      vertex 0.0149999997 -1.78430951 1.36398089
      vertex -0.0149999997 -1.78430951 1.36398089
    endloop
  endfacet
  facet normal 0 -0.429743439 -0.902951121
    outer loop
      vertex -0.0149999997 -1.77749896 1.36076736
      vertex 0.0149999997 -1.78090417 1.36238801
      vertex -0.0149999997 -1.78090417 1.36238801
    endloop
  endfacet
  facet normal 0 -0.452400982 -0.891814649
    outer loop
      vertex -0.0149999997 -1.77409363 1.3590399
      vertex 0.0149999997 -1.77749896 1.36076736
      vertex -0.0149999997 -1.77749896 1.36076736
    endloop
  endfacet
  facet normal 0 -0.452438414 -0.891795695
    outer loop
      vertex -0.0149999997 -1.77068841 1.35731232
      vertex 0.0149999997 -1.77409363 1.3590399
      vertex -0.0149999997 -1.77409363 1.3590399
    endloop
  endfacet
  facet normal 0 -0.452400982 -0.891814649
    outer loop
      vertex -0.0149999997 -1.76728308 1.35558486
      vertex 0.0149999997 -1.77068841 1.35731232
      vertex -0.0149999997 -1.77068841 1.35731232
    endloop
  endfacet
  facet normal 0 -0.245847717 -0.969308436
    outer loop
      vertex -0.0149999997 -1.76387787 1.35472119
      vertex 0.0149999997 -1.76728308 1.35558486
      vertex -0.0149999997 -1.76728308 1.35558486
    endloop
  endfacet
  facet normal 0 -0.245871499 -0.969302416
    outer loop
      vertex -0.0149999997 -1.76047254 1.3538574
      vertex 0.0149999997 -1.76387787 1.35472119
      vertex -0.0149999997 -1.76387787 1.35472119
    endloop
  endfacet
  facet normal 0 1 0
    outer loop
      vertex -0.0149999997 -1.76047254 2.11465073
      vertex 0.0149999997 -1.76047254 1.3538574
      vertex -0.0149999997 -1.76047254 1.3538574
    endloop
  endfacet
  facet normal 0 0.519379318 0.854543865
    outer loop
      vertex -0.0149999997 -1.76387787 2.11672044
      vertex 0.0149999997 -1.76047254 2.11465073
      vertex -0.0149999997 -1.76047254 2.11465073
    endloop
  endfacet
  facet normal 0 0.519348919 0.854562283
    outer loop
      vertex -0.0149999997 -1.76728308 2.11878991
      vertex 0.0149999997 -1.76387787 2.11672044
      vertex -0.0149999997 -1.76387787 2.11672044
    endloop
  endfacet
  facet normal 0 0.772242188 0.635328293
    outer loop
      vertex -0.0149999997 -1.77068841 2.1229291
      vertex 0.0149999997 -1.76728308 2.11878991
      vertex -0.0149999997 -1.76728308 2.11878991
    endloop
  endfacet
  facet normal 0 0.772235155 0.635336876
    outer loop
      vertex -0.0149999997 -1.77409363 2.12706804
      vertex 0.0149999997 -1.77068841 2.1229291
      vertex -0.0149999997 -1.77068841 2.1229291
    endloop
  endfacet
  facet normal 0 0.772242188 0.635328293
    outer loop
      vertex -0.0149999997 -1.77749896 2.13120723
      vertex 0.0149999997 -1.77409363 2.12706804
      vertex -0.0149999997 -1.77409363 2.12706804
    endloop
  endfacet
  facet normal 0 0.772235155 0.635336876
    outer loop
      vertex -0.0149999997 -1.78090417 2.13534617
      vertex 0.0149999997 -1.77749896 2.13120723
      vertex -0.0149999997 -1.77749896 2.13120723
    endloop
  endfacet
  facet normal 0 0.772242188 0.635328293
    outer loop
      vertex -0.0149999997 -1.78430951 2.13948536
      vertex 0.0149999997 -1.78090417 2.13534617
      vertex -0.0149999997 -1.78090417 2.13534617
    endloop
  endfacet
  facet normal 0 0.772224188 0.635350168
    outer loop
      vertex -0.0149999997 -1.78771484 2.14362431
      vertex 0.0149999997 -1.78430951 2.13948536
      vertex -0.0149999997 -1.78430951 2.13948536
    endloop
  endfacet
  facet normal 0 0.772253036 0.635314941
    outer loop
      vertex -0.0149999997 -1.79112005 2.14776349
      vertex 0.0149999997 -1.78771484 2.14362431
      vertex -0.0149999997 -1.78771484 2.14362431
    endloop
  endfacet
  facet normal 0 0.772224188 0.635350168
    outer loop
      vertex -0.0149999997 -1.79452538 2.15190244
      vertex 0.0149999997 -1.79112005 2.14776349
      vertex -0.0149999997 -1.79112005 2.14776349
    endloop
  endfacet
  facet normal 0 0.772253036 0.635314941
    outer loop
      vertex -0.0149999997 -1.7979306 2.15604162
      vertex 0.0149999997 -1.79452538 2.15190244
      vertex -0.0149999997 -1.79452538 2.15190244
    endloop
  endfacet
  facet normal 0 0.772224188 0.635350168
    outer loop
      vertex -0.0149999997 -1.80133593 2.16018057
      vertex 0.0149999997 -1.7979306 2.15604162
      vertex -0.0149999997 -1.7979306 2.15604162
    endloop
  endfacet
  facet normal 0 0.772253036 0.635314941
    outer loop
      vertex -0.0149999997 -1.80474114 2.16431975
      vertex 0.0149999997 -1.80133593 2.16018057
      vertex -0.0149999997 -1.80133593 2.16018057
    endloop
  endfacet
  facet normal 0 0.772224188 0.635350168
    outer loop
      vertex -0.0149999997 -1.80814648 2.1684587
      vertex 0.0149999997 -1.80474114 2.16431975
      vertex -0.0149999997 -1.80474114 2.16431975
    endloop
  endfacet
  facet normal 0 0.772253036 0.635314941
    outer loop
      vertex -0.0149999997 -1.81155169 2.17259789
      vertex 0.0149999997 -1.80814648 2.1684587
      vertex -0.0149999997 -1.80814648 2.1684587
    endloop
  endfacet
  facet normal 0 0.772242188 0.635328293
    outer loop
      vertex -0.0149999997 -1.81495702 2.17673707
      vertex 0.0149999997 -1.81155169 2.17259789
      vertex -0.0149999997 -1.81155169 2.17259789
    endloop
  endfacet
  facet normal 0 0.772224188 0.635350168
    outer loop
      vertex -0.0149999997 -1.81836236 2.18087602
      vertex 0.0149999997 -1.81495702 2.17673707
      vertex -0.0149999997 -1.81495702 2.17673707
    endloop
  endfacet
  facet normal 0 0.744559467 0.667556167
    outer loop
      vertex -0.0149999997 -1.82176757 2.18467402
      vertex 0.0149999997 -1.81836236 2.18087602
      vertex -0.0149999997 -1.81836236 2.18087602
    endloop
  endfacet
  facet normal 0 0.660478532 0.750844896
    outer loop
      vertex -0.0149999997 -1.8251729 2.18766952
      vertex 0.0149999997 -1.82176757 2.18467402
      vertex -0.0149999997 -1.82176757 2.18467402
    endloop
  endfacet
  facet normal 0 0.660461962 0.750859499
    outer loop
      vertex -0.0149999997 -1.82857811 2.19066477
      vertex 0.0149999997 -1.8251729 2.18766952
      vertex -0.0149999997 -1.8251729 2.18766952
    endloop
  endfacet
  facet normal 0 0.660478532 0.750844896
    outer loop
      vertex -0.0149999997 -1.83198345 2.19366026
      vertex 0.0149999997 -1.82857811 2.19066477
      vertex -0.0149999997 -1.82857811 2.19066477
    endloop
  endfacet
  facet normal 0 0.660461962 0.750859499
    outer loop
      vertex -0.0149999997 -1.83538866 2.19665551
      vertex 0.0149999997 -1.83198345 2.19366026
      vertex -0.0149999997 -1.83198345 2.19366026
    endloop
  endfacet
  facet normal 0 0.660478532 0.750844896
    outer loop
      vertex -0.0149999997 -1.83879399 2.199651
      vertex 0.0149999997 -1.83538866 2.19665551
      vertex -0.0149999997 -1.83538866 2.19665551
    endloop
  endfacet
  facet normal 0 0.660461962 0.750859499
    outer loop
      vertex -0.0149999997 -1.84219921 2.20264626
      vertex 0.0149999997 -1.83879399 2.199651
      vertex -0.0149999997 -1.83879399 2.199651
    endloop
  endfacet
  facet normal 0 0.660478532 0.750844896
    outer loop
      vertex -0.0149999997 -1.84560454 2.20564175
      vertex 0.0149999997 -1.84219921 2.20264626
      vertex -0.0149999997 -1.84219921 2.20264626
    endloop
  endfacet
  facet normal 0 0.660448909 0.750871003
    outer loop
      vertex -0.0149999997 -1.84900987 2.208637
      vertex 0.0149999997 -1.84560454 2.20564175
      vertex -0.0149999997 -1.84560454 2.20564175
    endloop
  endfacet
  facet normal 0 0.660491586 0.750833392
    outer loop
      vertex -0.0149999997 -1.85241508 2.21163249
      vertex 0.0149999997 -1.84900987 2.208637
      vertex -0.0149999997 -1.84900987 2.208637
    endloop
  endfacet
  facet normal 0 0.660478532 0.750844896
    outer loop
      vertex -0.0149999997 -1.85582042 2.21462798
      vertex 0.0149999997 -1.85241508 2.21163249
      vertex -0.0149999997 -1.85241508 2.21163249
    endloop
  endfacet
  facet normal 0 0.660461962 0.750859499
    outer loop
      vertex -0.0149999997 -1.85922563 2.21762323
      vertex 0.0149999997 -1.85582042 2.21462798
      vertex -0.0149999997 -1.85582042 2.21462798
    endloop
  endfacet
  facet normal 0 0.660478532 0.750844896
    outer loop
      vertex -0.0149999997 -1.86263096 2.22061872
      vertex 0.0149999997 -1.85922563 2.21762323
      vertex -0.0149999997 -1.85922563 2.21762323
    endloop
  endfacet
  facet normal 0 0.660461962 0.750859499
    outer loop
      vertex -0.0149999997 -1.86603618 2.22361398
      vertex 0.0149999997 -1.86263096 2.22061872
      vertex -0.0149999997 -1.86263096 2.22061872
    endloop
  endfacet
  facet normal 0 0.660478532 0.750844896
    outer loop
      vertex -0.0149999997 -1.86944151 2.22660947
      vertex 0.0149999997 -1.86603618 2.22361398
      vertex -0.0149999997 -1.86603618 2.22361398
    endloop
  endfacet
  facet normal 0 0.660448909 0.750871003
    outer loop
      vertex -0.0149999997 -1.87284684 2.22960472
      vertex 0.0149999997 -1.86944151 2.22660947
      vertex -0.0149999997 -1.86944151 2.22660947
    endloop
  endfacet
  facet normal 0 0.660491586 0.750833392
    outer loop
      vertex -0.0149999997 -1.87625206 2.23260021
      vertex 0.0149999997 -1.87284684 2.22960472
      vertex -0.0149999997 -1.87284684 2.22960472
    endloop
  endfacet
  facet normal 0 0.660448909 0.750871003
    outer loop
      vertex -0.0149999997 -1.87965739 2.23559546
      vertex 0.0149999997 -1.87625206 2.23260021
      vertex -0.0149999997 -1.87625206 2.23260021
    endloop
  endfacet
  facet normal 0 0.660491586 0.750833392
    outer loop
      vertex -0.0149999997 -1.8830626 2.23859096
      vertex 0.0149999997 -1.87965739 2.23559546
      vertex -0.0149999997 -1.87965739 2.23559546
    endloop
  endfacet
  facet normal 0 0.660448909 0.750871003
    outer loop
      vertex -0.0149999997 -1.88646793 2.24158621
      vertex 0.0149999997 -1.8830626 2.23859096
      vertex -0.0149999997 -1.8830626 2.23859096
    endloop
  endfacet
  facet normal 0 0.660491586 0.750833392
    outer loop
      vertex -0.0149999997 -1.88987315 2.2445817
      vertex 0.0149999997 -1.88646793 2.24158621
      vertex -0.0149999997 -1.88646793 2.24158621
    endloop
  endfacet
  facet normal 0 0.660478532 0.750844896
    outer loop
      vertex -0.0149999997 -1.89327848 2.24757719
      vertex 0.0149999997 -1.88987315 2.2445817
      vertex -0.0149999997 -1.88987315 2.2445817
    endloop
  endfacet
  facet normal 0 0.660461962 0.750859499
    outer loop
      vertex -0.0149999997 -1.89668369 2.25057244
      vertex 0.0149999997 -1.89327848 2.24757719
      vertex -0.0149999997 -1.89327848 2.24757719
    endloop
  endfacet
  facet normal 0 0.660478532 0.750844896
    outer loop
      vertex -0.0149999997 -1.90008903 2.25356793
      vertex 0.0149999997 -1.89668369 2.25057244
      vertex -0.0149999997 -1.89668369 2.25057244
    endloop
  endfacet
  facet normal 0 0.660448909 0.750871003
    outer loop
      vertex -0.0149999997 -1.90349436 2.25656319
      vertex 0.0149999997 -1.90008903 2.25356793
      vertex -0.0149999997 -1.90008903 2.25356793
    endloop
  endfacet
  facet normal 0 0.660491586 0.750833392
    outer loop
      vertex -0.0149999997 -1.90689957 2.25955868
      vertex 0.0149999997 -1.90349436 2.25656319
      vertex -0.0149999997 -1.90349436 2.25656319
    endloop
  endfacet
  facet normal 0 0.650743186 0.759297848
    outer loop
      vertex -0.0149999997 -1.9103049 2.26247716
      vertex 0.0149999997 -1.90689957 2.25955868
      vertex -0.0149999997 -1.90689957 2.25955868
    endloop
  endfacet
  facet normal 0 0.539354861 0.842078626
    outer loop
      vertex -0.0149999997 -1.91371012 2.26465821
      vertex 0.0149999997 -1.9103049 2.26247716
      vertex -0.0149999997 -1.9103049 2.26247716
    endloop
  endfacet
  facet normal 0 0.53934139 0.84208709
    outer loop
      vertex -0.0149999997 -1.91711545 2.26683927
      vertex 0.0149999997 -1.91371012 2.26465821
      vertex -0.0149999997 -1.91371012 2.26465821
    endloop
  endfacet
  facet normal 0 0.539354861 0.842078626
    outer loop
      vertex -0.0149999997 -1.92052066 2.26902032
      vertex 0.0149999997 -1.91711545 2.26683927
      vertex -0.0149999997 -1.91711545 2.26683927
    endloop
  endfacet
  facet normal 0 0.53934139 0.84208709
    outer loop
      vertex -0.0149999997 -1.923926 2.27120137
      vertex 0.0149999997 -1.92052066 2.26902032
      vertex -0.0149999997 -1.92052066 2.26902032
    endloop
  endfacet
  facet normal 0 0.539313018 0.842105389
    outer loop
      vertex -0.0149999997 -1.92733121 2.27338219
      vertex 0.0149999997 -1.923926 2.27120137
      vertex -0.0149999997 -1.923926 2.27120137
    endloop
  endfacet
  facet normal 0 0.53934139 0.84208709
    outer loop
      vertex -0.0149999997 -1.93073654 2.27556324
      vertex 0.0149999997 -1.92733121 2.27338219
      vertex -0.0149999997 -1.92733121 2.27338219
    endloop
  endfacet
  facet normal 0 0.53934139 0.84208709
    outer loop
      vertex -0.0149999997 -1.93414187 2.27774429
      vertex 0.0149999997 -1.93073654 2.27556324
      vertex -0.0149999997 -1.93073654 2.27556324
    endloop
  endfacet
  facet normal 0 0.539354861 0.842078626
    outer loop
      vertex -0.0149999997 -1.93754709 2.27992535
      vertex 0.0149999997 -1.93414187 2.27774429
      vertex -0.0149999997 -1.93414187 2.27774429
    endloop
  endfacet
  facet normal 0 0.53934139 0.84208709
    outer loop
      vertex -0.0149999997 -1.94095242 2.2821064
      vertex 0.0149999997 -1.93754709 2.27992535
      vertex -0.0149999997 -1.93754709 2.27992535
    endloop
  endfacet
  facet normal 0 0.539354861 0.842078626
    outer loop
      vertex -0.0149999997 -1.94435763 2.28428745
      vertex 0.0149999997 -1.94095242 2.2821064
      vertex -0.0149999997 -1.94095242 2.2821064
    endloop
  endfacet
  facet normal 0 0.53934139 0.84208709
    outer loop
      vertex -0.0149999997 -1.94776297 2.28646851
      vertex 0.0149999997 -1.94435763 2.28428745
      vertex -0.0149999997 -1.94435763 2.28428745
    endloop
  endfacet
  facet normal 0 0.539354861 0.842078626
    outer loop
      vertex -0.0149999997 -1.95116818 2.28864956
      vertex 0.0149999997 -1.94776297 2.28646851
      vertex -0.0149999997 -1.94776297 2.28646851
    endloop
  endfacet
  facet normal 0 0.53934139 0.84208709
    outer loop
      vertex -0.0149999997 -1.95457351 2.29083061
      vertex 0.0149999997 -1.95116818 2.28864956
      vertex -0.0149999997 -1.95116818 2.28864956
    endloop
  endfacet
  facet normal 0 0.53934139 0.84208709
    outer loop
      vertex -0.0149999997 -1.95797884 2.29301167
      vertex 0.0149999997 -1.95457351 2.29083061
      vertex -0.0149999997 -1.95457351 2.29083061
    endloop
  endfacet
  facet normal 0 0.539354861 0.842078626
    outer loop
      vertex -0.0149999997 -1.96138406 2.29519272
      vertex 0.0149999997 -1.95797884 2.29301167
      vertex -0.0149999997 -1.95797884 2.29301167
    endloop
  endfacet
  facet normal 0 0.53934139 0.84208709
    outer loop
      vertex -0.0149999997 -1.96478939 2.29737377
      vertex 0.0149999997 -1.96138406 2.29519272
      vertex -0.0149999997 -1.96138406 2.29519272
    endloop
  endfacet
  facet normal 0 0.539354861 0.842078626
    outer loop
      vertex -0.0149999997 -1.9681946 2.29955482
      vertex 0.0149999997 -1.96478939 2.29737377
      vertex -0.0149999997 -1.96478939 2.29737377
    endloop
  endfacet
  facet normal 0 0.53934139 0.84208709
    outer loop
      vertex -0.0149999997 -1.97159994 2.30173588
      vertex 0.0149999997 -1.9681946 2.29955482
      vertex -0.0149999997 -1.9681946 2.29955482
    endloop
  endfacet
  facet normal 0 0.539354861 0.842078626
    outer loop
      vertex -0.0149999997 -1.97500515 2.30391693
      vertex 0.0149999997 -1.97159994 2.30173588
      vertex -0.0149999997 -1.97159994 2.30173588
    endloop
  endfacet
  facet normal 0 0.53934139 0.84208709
    outer loop
      vertex -0.0149999997 -1.97841048 2.30609798
      vertex 0.0149999997 -1.97500515 2.30391693
      vertex -0.0149999997 -1.97500515 2.30391693
    endloop
  endfacet
  facet normal 0 0.539354861 0.842078626
    outer loop
      vertex -0.0149999997 -1.9818157 2.30827904
      vertex 0.0149999997 -1.97841048 2.30609798
      vertex -0.0149999997 -1.97841048 2.30609798
    endloop
  endfacet
  facet normal 0 0.53934139 0.84208709
    outer loop
      vertex -0.0149999997 -1.98522103 2.31046009
      vertex 0.0149999997 -1.9818157 2.30827904
      vertex -0.0149999997 -1.9818157 2.30827904
    endloop
  endfacet
  facet normal 0 0.53934139 0.84208709
    outer loop
      vertex -0.0149999997 -1.98862636 2.31264114
      vertex 0.0149999997 -1.98522103 2.31046009
      vertex -0.0149999997 -1.98522103 2.31046009
    endloop
  endfacet
  facet normal 0 0.539354861 0.842078626
    outer loop
      vertex -0.0149999997 -1.99203157 2.3148222
      vertex 0.0149999997 -1.98862636 2.31264114
      vertex -0.0149999997 -1.98862636 2.31264114
    endloop
  endfacet
  facet normal 0 0.53934139 0.84208709
    outer loop
      vertex -0.0149999997 -1.99543691 2.31700325
      vertex 0.0149999997 -1.99203157 2.3148222
      vertex -0.0149999997 -1.99203157 2.3148222
    endloop
  endfacet
  facet normal 0 0.539354861 0.842078626
    outer loop
      vertex -0.0149999997 -1.99884212 2.3191843
      vertex 0.0149999997 -1.99543691 2.31700325
      vertex -0.0149999997 -1.99543691 2.31700325
    endloop
  endfacet
  facet normal 0 0.539354861 0.842078626
    outer loop
      vertex -0.0149999997 -2.00224733 2.32136536
      vertex 0.0149999997 -1.99884212 2.3191843
      vertex -0.0149999997 -1.99884212 2.3191843
    endloop
  endfacet
  facet normal 0 0.53934139 0.84208709
    outer loop
      vertex -0.0149999997 -2.00565267 2.32354641
      vertex 0.0149999997 -2.00224733 2.32136536
      vertex -0.0149999997 -2.00224733 2.32136536
    endloop
  endfacet
  facet normal 0 0.39014256 0.920754492
    outer loop
      vertex -0.0149999997 -2.009058 2.32498932
      vertex 0.0149999997 -2.00565267 2.32354641
      vertex -0.0149999997 -2.00565267 2.32354641
    endloop
  endfacet
  facet normal 0 0.36845988 0.929643571
    outer loop
      vertex -0.0149999997 -2.01246333 2.32633901
      vertex 0.0149999997 -2.009058 2.32498932
      vertex -0.0149999997 -2.009058 2.32498932
    endloop
  endfacet
  facet normal 0 0.368516147 0.929621339
    outer loop
      vertex -0.0149999997 -2.01586866 2.32768893
      vertex 0.0149999997 -2.01246333 2.32633901
      vertex -0.0149999997 -2.01246333 2.32633901
    endloop
  endfacet
  facet normal 0 0.368482202 0.92963475
    outer loop
      vertex -0.0149999997 -2.01927376 2.32903862
      vertex 0.0149999997 -2.01586866 2.32768893
      vertex -0.0149999997 -2.01586866 2.32768893
    endloop
  endfacet
  facet normal 0 0.368516147 0.929621339
    outer loop
      vertex -0.0149999997 -2.02267909 2.33038855
      vertex 0.0149999997 -2.01927376 2.32903862
      vertex -0.0149999997 -2.01927376 2.32903862
    endloop
  endfacet
  facet normal 0 0.36845988 0.929643571
    outer loop
      vertex -0.0149999997 -2.02608442 2.33173823
      vertex 0.0149999997 -2.02267909 2.33038855
      vertex -0.0149999997 -2.02267909 2.33038855
    endloop
  endfacet
  facet normal 0 0.368516147 0.929621339
    outer loop
      vertex -0.0149999997 -2.02948976 2.33308816
      vertex 0.0149999997 -2.02608442 2.33173823
      vertex -0.0149999997 -2.02608442 2.33173823
    endloop
  endfacet
  facet normal 0 0.368482202 0.92963475
    outer loop
      vertex -0.0149999997 -2.03289485 2.33443785
      vertex 0.0149999997 -2.02948976 2.33308816
      vertex -0.0149999997 -2.02948976 2.33308816
    endloop
  endfacet
  facet normal 0 0.368516147 0.929621339
    outer loop
      vertex -0.0149999997 -2.03630018 2.33578777
      vertex 0.0149999997 -2.03289485 2.33443785
      vertex -0.0149999997 -2.03289485 2.33443785
    endloop
  endfacet
  facet normal 0 0.36845988 0.929643571
    outer loop
      vertex -0.0149999997 -2.03970551 2.33713746
      vertex 0.0149999997 -2.03630018 2.33578777
      vertex -0.0149999997 -2.03630018 2.33578777
    endloop
  endfacet
  facet normal 0 0.368516147 0.929621339
    outer loop
      vertex -0.0149999997 -2.04311085 2.33848739
      vertex 0.0149999997 -2.03970551 2.33713746
      vertex -0.0149999997 -2.03970551 2.33713746
    endloop
  endfacet
  facet normal 0 0.36845988 0.929643571
    outer loop
      vertex -0.0149999997 -2.04651618 2.33983707
      vertex 0.0149999997 -2.04311085 2.33848739
      vertex -0.0149999997 -2.04311085 2.33848739
    endloop
  endfacet
  facet normal 0 0.368538469 0.929612517
    outer loop
      vertex -0.0149999997 -2.04992127 2.341187
      vertex 0.0149999997 -2.04651618 2.33983707
      vertex -0.0149999997 -2.04651618 2.33983707
    endloop
  endfacet
  facet normal 0 0.36845988 0.929643571
    outer loop
      vertex -0.0149999997 -2.05332661 2.34253669
      vertex 0.0149999997 -2.04992127 2.341187
      vertex -0.0149999997 -2.04992127 2.341187
    endloop
  endfacet
  facet normal 0 0.368516147 0.929621339
    outer loop
      vertex -0.0149999997 -2.05673194 2.34388661
      vertex 0.0149999997 -2.05332661 2.34253669
      vertex -0.0149999997 -2.05332661 2.34253669
    endloop
  endfacet
  facet normal 0 0.36845988 0.929643571
    outer loop
      vertex -0.0149999997 -2.06013727 2.3452363
      vertex 0.0149999997 -2.05673194 2.34388661
      vertex -0.0149999997 -2.05673194 2.34388661
    endloop
  endfacet
  facet normal 0 0.368538469 0.929612517
    outer loop
      vertex -0.0149999997 -2.06354237 2.34658623
      vertex 0.0149999997 -2.06013727 2.3452363
      vertex -0.0149999997 -2.06013727 2.3452363
    endloop
  endfacet
  facet normal 0 0.36845988 0.929643571
    outer loop
      vertex -0.0149999997 -2.0669477 2.34793591
      vertex 0.0149999997 -2.06354237 2.34658623
      vertex -0.0149999997 -2.06354237 2.34658623
    endloop
  endfacet
  facet normal 0 0.368516147 0.929621339
    outer loop
      vertex -0.0149999997 -2.07035303 2.34928584
      vertex 0.0149999997 -2.0669477 2.34793591
      vertex -0.0149999997 -2.0669477 2.34793591
    endloop
  endfacet
  facet normal 0 0.368516147 0.929621339
    outer loop
      vertex -0.0149999997 -2.07375836 2.35063577
      vertex 0.0149999997 -2.07035303 2.34928584
      vertex -0.0149999997 -2.07035303 2.34928584
    endloop
  endfacet
  facet normal 0 0.36845988 0.929643571
    outer loop
      vertex -0.0149999997 -2.0771637 2.35198545
      vertex 0.0149999997 -2.07375836 2.35063577
      vertex -0.0149999997 -2.07375836 2.35063577
    endloop
  endfacet
  facet normal 0 0.368538469 0.929612517
    outer loop
      vertex -0.0149999997 -2.08056879 2.35333538
      vertex 0.0149999997 -2.0771637 2.35198545
      vertex -0.0149999997 -2.0771637 2.35198545
    endloop
  endfacet
  facet normal 0 0.36845988 0.929643571
    outer loop
      vertex -0.0149999997 -2.08397412 2.35468507
      vertex 0.0149999997 -2.08056879 2.35333538
      vertex -0.0149999997 -2.08056879 2.35333538
    endloop
  endfacet
  facet normal 0 0.368516147 0.929621339
    outer loop
      vertex -0.0149999997 -2.08737946 2.35603499
      vertex 0.0149999997 -2.08397412 2.35468507
      vertex -0.0149999997 -2.08397412 2.35468507
    endloop
  endfacet
  facet normal 0 0.36845988 0.929643571
    outer loop
      vertex -0.0149999997 -2.09078479 2.35738468
      vertex 0.0149999997 -2.08737946 2.35603499
      vertex -0.0149999997 -2.08737946 2.35603499
    endloop
  endfacet
  facet normal 0 0.368538469 0.929612517
    outer loop
      vertex -0.0149999997 -2.09418988 2.35873461
      vertex 0.0149999997 -2.09078479 2.35738468
      vertex -0.0149999997 -2.09078479 2.35738468
    endloop
  endfacet
  facet normal 0 0.36845988 0.929643571
    outer loop
      vertex -0.0149999997 -2.09759521 2.3600843
      vertex 0.0149999997 -2.09418988 2.35873461
      vertex -0.0149999997 -2.09418988 2.35873461
    endloop
  endfacet
  facet normal 0 0.368516147 0.929621339
    outer loop
      vertex -0.0149999997 -2.10100055 2.36143422
      vertex 0.0149999997 -2.09759521 2.3600843
      vertex -0.0149999997 -2.09759521 2.3600843
    endloop
  endfacet
  facet normal 0 0.2900576 0.957009196
    outer loop
      vertex -0.0149999997 -2.10440588 2.36246634
      vertex 0.0149999997 -2.10100055 2.36143422
      vertex -0.0149999997 -2.10100055 2.36143422
    endloop
  endfacet
  facet normal 0 0.182621673 0.983183324
    outer loop
      vertex -0.0149999997 -2.10781121 2.36309886
      vertex 0.0149999997 -2.10440588 2.36246634
      vertex -0.0149999997 -2.10440588 2.36246634
    endloop
  endfacet
  facet normal 0 0.182634026 0.983181
    outer loop
      vertex -0.0149999997 -2.11121631 2.36373138
      vertex 0.0149999997 -2.10781121 2.36309886
      vertex -0.0149999997 -2.10781121 2.36309886
    endloop
  endfacet
  facet normal 0 0.182555109 0.983195603
    outer loop
      vertex -0.0149999997 -2.11462164 2.36436367
      vertex 0.0149999997 -2.11121631 2.36373138
      vertex -0.0149999997 -2.11121631 2.36373138
    endloop
  endfacet
  facet normal 0 0.182621673 0.983183324
    outer loop
      vertex -0.0149999997 -2.11802697 2.36499619
      vertex 0.0149999997 -2.11462164 2.36436367
      vertex -0.0149999997 -2.11462164 2.36436367
    endloop
  endfacet
  facet normal 0 0.182621673 0.983183324
    outer loop
      vertex -0.0149999997 -2.1214323 2.36562872
      vertex 0.0149999997 -2.11802697 2.36499619
      vertex -0.0149999997 -2.11802697 2.36499619
    endloop
  endfacet
  facet normal 0 0.182634026 0.983181
    outer loop
      vertex -0.0149999997 -2.1248374 2.36626124
      vertex 0.0149999997 -2.1214323 2.36562872
      vertex -0.0149999997 -2.1214323 2.36562872
    endloop
  endfacet
  facet normal 0 0.182555109 0.983195603
    outer loop
      vertex -0.0149999997 -2.12824273 2.36689353
      vertex 0.0149999997 -2.1248374 2.36626124
      vertex -0.0149999997 -2.1248374 2.36626124
    endloop
  endfacet
  facet normal 0 0.182621673 0.983183324
    outer loop
      vertex -0.0149999997 -2.13164806 2.36752605
      vertex 0.0149999997 -2.12824273 2.36689353
      vertex -0.0149999997 -2.12824273 2.36689353
    endloop
  endfacet
  facet normal 0 0.182621673 0.983183324
    outer loop
      vertex -0.0149999997 -2.1350534 2.36815858
      vertex 0.0149999997 -2.13164806 2.36752605
      vertex -0.0149999997 -2.13164806 2.36752605
    endloop
  endfacet
  facet normal 0 0.182621673 0.983183324
    outer loop
      vertex -0.0149999997 -2.13845873 2.3687911
      vertex 0.0149999997 -2.1350534 2.36815858
      vertex -0.0149999997 -2.1350534 2.36815858
    endloop
  endfacet
  facet normal 0 0.182567492 0.983193398
    outer loop
      vertex -0.0149999997 -2.14186382 2.36942339
      vertex 0.0149999997 -2.13845873 2.3687911
      vertex -0.0149999997 -2.13845873 2.3687911
    endloop
  endfacet
  facet normal 0 0.182621673 0.983183324
    outer loop
      vertex -0.0149999997 -2.14526916 2.37005591
      vertex 0.0149999997 -2.14186382 2.36942339
      vertex -0.0149999997 -2.14186382 2.36942339
    endloop
  endfacet
  facet normal 0 0.182621673 0.983183324
    outer loop
      vertex -0.0149999997 -2.14867449 2.37068844
      vertex 0.0149999997 -2.14526916 2.37005591
      vertex -0.0149999997 -2.14526916 2.37005591
    endloop
  endfacet
  facet normal 0 0.182555109 0.983195603
    outer loop
      vertex -0.0149999997 -2.15207982 2.37132072
      vertex 0.0149999997 -2.14867449 2.37068844
      vertex -0.0149999997 -2.14867449 2.37068844
    endloop
  endfacet
  facet normal 0 0.182634026 0.983181
    outer loop
      vertex -0.0149999997 -2.15548491 2.37195325
      vertex 0.0149999997 -2.15207982 2.37132072
      vertex -0.0149999997 -2.15207982 2.37132072
    endloop
  endfacet
  facet normal 0 0.182621673 0.983183324
    outer loop
      vertex -0.0149999997 -2.15889025 2.37258577
      vertex 0.0149999997 -2.15548491 2.37195325
      vertex -0.0149999997 -2.15548491 2.37195325
    endloop
  endfacet
  facet normal 0 0.182621673 0.983183324
    outer loop
      vertex -0.0149999997 -2.16229558 2.3732183
      vertex 0.0149999997 -2.15889025 2.37258577
      vertex -0.0149999997 -2.15889025 2.37258577
    endloop
  endfacet
  facet normal 0 0.182555109 0.983195603
    outer loop
      vertex -0.0149999997 -2.16570091 2.37385058
      vertex 0.0149999997 -2.16229558 2.3732183
      vertex -0.0149999997 -2.16229558 2.3732183
    endloop
  endfacet
  facet normal 0 0.182621673 0.983183324
    outer loop
      vertex -0.0149999997 -2.16910625 2.37448311
      vertex 0.0149999997 -2.16570091 2.37385058
      vertex -0.0149999997 -2.16570091 2.37385058
    endloop
  endfacet
  facet normal 0 0.182634026 0.983181
    outer loop
      vertex -0.0149999997 -2.17251134 2.37511563
      vertex 0.0149999997 -2.16910625 2.37448311
      vertex -0.0149999997 -2.16910625 2.37448311
    endloop
  endfacet
  facet normal 0 0.182621673 0.983183324
    outer loop
      vertex -0.0149999997 -2.17591667 2.37574816
      vertex 0.0149999997 -2.17251134 2.37511563
      vertex -0.0149999997 -2.17251134 2.37511563
    endloop
  endfacet
  facet normal 0 0.182555109 0.983195603
    outer loop
      vertex -0.0149999997 -2.179322 2.37638044
      vertex 0.0149999997 -2.17591667 2.37574816
      vertex -0.0149999997 -2.17591667 2.37574816
    endloop
  endfacet
  facet normal 0 0.182621673 0.983183324
    outer loop
      vertex -0.0149999997 -2.18272734 2.37701297
      vertex 0.0149999997 -2.179322 2.37638044
      vertex -0.0149999997 -2.179322 2.37638044
    endloop
  endfacet
  facet normal 0 0.182621673 0.983183324
    outer loop
      vertex -0.0149999997 -2.18613267 2.37764549
      vertex 0.0149999997 -2.18272734 2.37701297
      vertex -0.0149999997 -2.18272734 2.37701297
    endloop
  endfacet
  facet normal 0 0.182634026 0.983181
    outer loop
      vertex -0.0149999997 -2.18953776 2.37827802
      vertex 0.0149999997 -2.18613267 2.37764549
      vertex -0.0149999997 -2.18613267 2.37764549
    endloop
  endfacet
  facet normal 0 0.182555109 0.983195603
    outer loop
      vertex -0.0149999997 -2.1929431 2.3789103
      vertex 0.0149999997 -2.18953776 2.37827802
      vertex -0.0149999997 -2.18953776 2.37827802
    endloop
  endfacet
  facet normal 0 0.182621673 0.983183324
    outer loop
      vertex -0.0149999997 -2.19634843 2.37954283
      vertex 0.0149999997 -2.1929431 2.3789103
      vertex -0.0149999997 -2.1929431 2.3789103
    endloop
  endfacet
  facet normal 0 0.182621673 0.983183324
    outer loop
      vertex -0.0149999997 -2.19975376 2.38017535
      vertex 0.0149999997 -2.19634843 2.37954283
      vertex -0.0149999997 -2.19634843 2.37954283
    endloop
  endfacet
  facet normal 0 0.182567492 0.983193398
    outer loop
      vertex -0.0149999997 -2.20315886 2.38080764
      vertex 0.0149999997 -2.19975376 2.38017535
      vertex -0.0149999997 -2.19975376 2.38017535
    endloop
  endfacet
  facet normal 0 0.0483226739 0.998831749
    outer loop
      vertex -0.0149999997 -2.20656419 2.38097239
      vertex 0.0149999997 -2.20315886 2.38080764
      vertex -0.0149999997 -2.20315886 2.38080764
    endloop
  endfacet
  facet normal 0 0.0336573161 0.999433398
    outer loop
      vertex -0.0149999997 -2.20996952 2.38108706
      vertex 0.0149999997 -2.20656419 2.38097239
      vertex -0.0149999997 -2.20656419 2.38097239
    endloop
  endfacet
  facet normal 0 0.0336573161 0.999433398
    outer loop
      vertex -0.0149999997 -2.21337485 2.38120174
      vertex 0.0149999997 -2.20996952 2.38108706
      vertex -0.0149999997 -2.20996952 2.38108706
    endloop
  endfacet
  facet normal 0 0.0336573161 0.999433398
    outer loop
      vertex -0.0149999997 -2.21678019 2.38131642
      vertex 0.0149999997 -2.21337485 2.38120174
      vertex -0.0149999997 -2.21337485 2.38120174
    endloop
  endfacet
  facet normal 0 0.0337295718 0.999431014
    outer loop
      vertex -0.0149999997 -2.22018528 2.38143134
      vertex 0.0149999997 -2.21678019 2.38131642
      vertex -0.0149999997 -2.21678019 2.38131642
    endloop
  endfacet
  facet normal 0 0.0336573161 0.999433398
    outer loop
      vertex -0.0149999997 -2.22359061 2.38154602
      vertex 0.0149999997 -2.22018528 2.38143134
      vertex -0.0149999997 -2.22018528 2.38143134
    endloop
  endfacet
  facet normal 0 0.0336573161 0.999433398
    outer loop
      vertex -0.0149999997 -2.22699594 2.3816607
      vertex 0.0149999997 -2.22359061 2.38154602
      vertex -0.0149999997 -2.22359061 2.38154602
    endloop
  endfacet
  facet normal 0 0.0336573161 0.999433398
    outer loop
      vertex -0.0149999997 -2.23040128 2.38177538
      vertex 0.0149999997 -2.22699594 2.3816607
      vertex -0.0149999997 -2.22699594 2.3816607
    endloop
  endfacet
  facet normal 0 0.0336596742 0.999433398
    outer loop
      vertex -0.0149999997 -2.23380637 2.38189006
      vertex 0.0149999997 -2.23040128 2.38177538
      vertex -0.0149999997 -2.23040128 2.38177538
    endloop
  endfacet
  facet normal 0 0.0336573161 0.999433398
    outer loop
      vertex -0.0149999997 -2.2372117 2.38200474
      vertex 0.0149999997 -2.23380637 2.38189006
      vertex -0.0149999997 -2.23380637 2.38189006
    endloop
  endfacet
  facet normal 0 0.0336573161 0.999433398
    outer loop
      vertex -0.0149999997 -2.24061704 2.38211942
      vertex 0.0149999997 -2.2372117 2.38200474
      vertex -0.0149999997 -2.2372117 2.38200474
    endloop
  endfacet
  facet normal 0 0.0336573161 0.999433398
    outer loop
      vertex -0.0149999997 -2.24402237 2.3822341
      vertex 0.0149999997 -2.24061704 2.38211942
      vertex -0.0149999997 -2.24061704 2.38211942
    endloop
  endfacet
  facet normal 0 0.0336573161 0.999433398
    outer loop
      vertex -0.0149999997 -2.2474277 2.38234878
      vertex 0.0149999997 -2.24402237 2.3822341
      vertex -0.0149999997 -2.24402237 2.3822341
    endloop
  endfacet
  facet normal 0 0.0336596742 0.999433398
    outer loop
      vertex -0.0149999997 -2.2508328 2.38246346
      vertex 0.0149999997 -2.2474277 2.38234878
      vertex -0.0149999997 -2.2474277 2.38234878
    endloop
  endfacet
  facet normal 0 0.0336573161 0.999433398
    outer loop
      vertex -0.0149999997 -2.25423813 2.38257813
      vertex 0.0149999997 -2.2508328 2.38246346
      vertex -0.0149999997 -2.2508328 2.38246346
    endloop
  endfacet
  facet normal 0 0.0336573161 0.999433398
    outer loop
      vertex -0.0149999997 -2.25764346 2.38269281
      vertex 0.0149999997 -2.25423813 2.38257813
      vertex -0.0149999997 -2.25423813 2.38257813
    endloop
  endfacet
  facet normal 0 0.0336573161 0.999433398
    outer loop
      vertex -0.0149999997 -2.26104879 2.38280749
      vertex 0.0149999997 -2.25764346 2.38269281
      vertex -0.0149999997 -2.25764346 2.38269281
    endloop
  endfacet
  facet normal 0 0.0337295718 0.999431014
    outer loop
      vertex -0.0149999997 -2.26445389 2.38292241
      vertex 0.0149999997 -2.26104879 2.38280749
      vertex -0.0149999997 -2.26104879 2.38280749
    endloop
  endfacet
  facet normal 0 0.0336573161 0.999433398
    outer loop
      vertex -0.0149999997 -2.26785922 2.38303709
      vertex 0.0149999997 -2.26445389 2.38292241
      vertex -0.0149999997 -2.26445389 2.38292241
    endloop
  endfacet
  facet normal 0 0.0336573161 0.999433398
    outer loop
      vertex -0.0149999997 -2.27126455 2.38315177
      vertex 0.0149999997 -2.26785922 2.38303709
      vertex -0.0149999997 -2.26785922 2.38303709
    endloop
  endfacet
  facet normal 0 0.0336573161 0.999433398
    outer loop
      vertex -0.0149999997 -2.27466989 2.38326645
      vertex 0.0149999997 -2.27126455 2.38315177
      vertex -0.0149999997 -2.27126455 2.38315177
    endloop
  endfacet
  facet normal 0 0.0336573161 0.999433398
    outer loop
      vertex -0.0149999997 -2.27807522 2.38338113
      vertex 0.0149999997 -2.27466989 2.38326645
      vertex -0.0149999997 -2.27466989 2.38326645
    endloop
  endfacet
  facet normal 0 0.0336596742 0.999433398
    outer loop
      vertex -0.0149999997 -2.28148031 2.38349581
      vertex 0.0149999997 -2.27807522 2.38338113
      vertex -0.0149999997 -2.27807522 2.38338113
    endloop
  endfacet
  facet normal 0 0.0336573161 0.999433398
    outer loop
      vertex -0.0149999997 -2.28488564 2.38361049
      vertex 0.0149999997 -2.28148031 2.38349581
      vertex -0.0149999997 -2.28148031 2.38349581
    endloop
  endfacet
  facet normal 0 0.0336573161 0.999433398
    outer loop
      vertex -0.0149999997 -2.28829098 2.38372517
      vertex 0.0149999997 -2.28488564 2.38361049
      vertex -0.0149999997 -2.28488564 2.38361049
    endloop
  endfacet
  facet normal 0 0.0336573161 0.999433398
    outer loop
      vertex -0.0149999997 -2.29169631 2.38383985
      vertex 0.0149999997 -2.28829098 2.38372517
      vertex -0.0149999997 -2.28829098 2.38372517
    endloop
  endfacet
  facet normal 0 0.0336596742 0.999433398
    outer loop
      vertex -0.0149999997 -2.2951014 2.38395452
      vertex 0.0149999997 -2.29169631 2.38383985
      vertex -0.0149999997 -2.29169631 2.38383985
    endloop
  endfacet
  facet normal 0 0.0336573161 0.999433398
    outer loop
      vertex -0.0149999997 -2.29850674 2.3840692
      vertex 0.0149999997 -2.2951014 2.38395452
      vertex -0.0149999997 -2.2951014 2.38395452
    endloop
  endfacet
  facet normal 0 0 1
    outer loop
      vertex -0.0149999997 -2.30191207 2.3840692
      vertex 0.0149999997 -2.29850674 2.3840692
      vertex -0.0149999997 -2.29850674 2.3840692
    endloop
  endfacet
  facet normal 0 0 1
    outer loop
      vertex -0.0149999997 -2.3053174 2.3840692
      vertex 0.0149999997 -2.30191207 2.3840692
      vertex -0.0149999997 -2.30191207 2.3840692
    endloop
  endfacet
  facet normal 0 -0.0540411957 0.998538733
    outer loop
      vertex -0.0149999997 -2.30872273 2.38388491
      vertex 0.0149999997 -2.3053174 2.3840692
      vertex -0.0149999997 -2.3053174 2.3840692
    endloop
  endfacet
  facet normal 0 -0.0568327941 0.998383701
    outer loop
      vertex -0.0149999997 -2.31212783 2.38369107
      vertex 0.0149999997 -2.30872273 2.38388491
      vertex -0.0149999997 -2.30872273 2.38388491
    endloop
  endfacet
  facet normal 0 -0.0567591488 0.998387873
    outer loop
      vertex -0.0149999997 -2.31553316 2.38349748
      vertex 0.0149999997 -2.31212783 2.38369107
      vertex -0.0149999997 -2.31212783 2.38369107
    endloop
  endfacet
  facet normal 0 -0.0567591488 0.998387873
    outer loop
      vertex -0.0149999997 -2.31893849 2.38330388
      vertex 0.0149999997 -2.31553316 2.38349748
      vertex -0.0149999997 -2.31553316 2.38349748
    endloop
  endfacet
  facet normal 0 -0.0568288304 0.998383999
    outer loop
      vertex -0.0149999997 -2.32234383 2.38311005
      vertex 0.0149999997 -2.31893849 2.38330388
      vertex -0.0149999997 -2.31893849 2.38330388
    endloop
  endfacet
  facet normal 0 -0.0567631125 0.998387694
    outer loop
      vertex -0.0149999997 -2.32574892 2.38291645
      vertex 0.0149999997 -2.32234383 2.38311005
      vertex -0.0149999997 -2.32234383 2.38311005
    endloop
  endfacet
  facet normal 0 -0.0568288304 0.998383999
    outer loop
      vertex -0.0149999997 -2.32915425 2.38272262
      vertex 0.0149999997 -2.32574892 2.38291645
      vertex -0.0149999997 -2.32574892 2.38291645
    endloop
  endfacet
  facet normal 0 -0.0567591488 0.998387873
    outer loop
      vertex -0.0149999997 -2.33255959 2.38252902
      vertex 0.0149999997 -2.32915425 2.38272262
      vertex -0.0149999997 -2.32915425 2.38272262
    endloop
  endfacet
  facet normal 0 -0.0567591488 0.998387873
    outer loop
      vertex -0.0149999997 -2.33596492 2.38233542
      vertex 0.0149999997 -2.33255959 2.38252902
      vertex -0.0149999997 -2.33255959 2.38252902
    endloop
  endfacet
  facet normal 0 -0.0568288304 0.998383999
    outer loop
      vertex -0.0149999997 -2.33937025 2.38214159
      vertex 0.0149999997 -2.33596492 2.38233542
      vertex -0.0149999997 -2.33596492 2.38233542
    endloop
  endfacet
  facet normal 0 -0.0567631125 0.998387694
    outer loop
      vertex -0.0149999997 -2.34277534 2.38194799
      vertex 0.0149999997 -2.33937025 2.38214159
      vertex -0.0149999997 -2.33937025 2.38214159
    endloop
  endfacet
  facet normal 0 -0.0568288304 0.998383999
    outer loop
      vertex -0.0149999997 -2.34618068 2.38175416
      vertex 0.0149999997 -2.34277534 2.38194799
      vertex -0.0149999997 -2.34277534 2.38194799
    endloop
  endfacet
  facet normal 0 -0.0567591488 0.998387873
    outer loop
      vertex -0.0149999997 -2.34958601 2.38156056
      vertex 0.0149999997 -2.34618068 2.38175416
      vertex -0.0149999997 -2.34618068 2.38175416
    endloop
  endfacet
  facet normal 0 -0.0567591488 0.998387873
    outer loop
      vertex -0.0149999997 -2.35299134 2.38136697
      vertex 0.0149999997 -2.34958601 2.38156056
      vertex -0.0149999997 -2.34958601 2.38156056
    endloop
  endfacet
  facet normal 0 -0.0568288304 0.998383999
    outer loop
      vertex -0.0149999997 -2.35639668 2.38117313
      vertex 0.0149999997 -2.35299134 2.38136697
      vertex -0.0149999997 -2.35299134 2.38136697
    endloop
  endfacet
  facet normal 0 -0.0567631125 0.998387694
    outer loop
      vertex -0.0149999997 -2.35980177 2.38097954
      vertex 0.0149999997 -2.35639668 2.38117313
      vertex -0.0149999997 -2.35639668 2.38117313
    endloop
  endfacet
  facet normal 0 -0.0568288304 0.998383999
    outer loop
      vertex -0.0149999997 -2.3632071 2.3807857
      vertex 0.0149999997 -2.35980177 2.38097954
      vertex -0.0149999997 -2.35980177 2.38097954
    endloop
  endfacet
  facet normal 0 -0.0567591488 0.998387873
    outer loop
      vertex -0.0149999997 -2.36661243 2.38059211
      vertex 0.0149999997 -2.3632071 2.3807857
      vertex -0.0149999997 -2.3632071 2.3807857
    endloop
  endfacet
  facet normal 0 -0.0567591488 0.998387873
    outer loop
      vertex -0.0149999997 -2.37001777 2.38039851
      vertex 0.0149999997 -2.36661243 2.38059211
      vertex -0.0149999997 -2.36661243 2.38059211
    endloop
  endfacet
  facet normal 0 -0.0568327941 0.998383701
    outer loop
      vertex -0.0149999997 -2.37342286 2.38020468
      vertex 0.0149999997 -2.37001777 2.38039851
      vertex -0.0149999997 -2.37001777 2.38039851
    endloop
  endfacet
  facet normal 0 -0.0567591488 0.998387873
    outer loop
      vertex -0.0149999997 -2.37682819 2.38001108
      vertex 0.0149999997 -2.37342286 2.38020468
      vertex -0.0149999997 -2.37342286 2.38020468
    endloop
  endfacet
  facet normal 0 -0.0567591488 0.998387873
    outer loop
      vertex -0.0149999997 -2.38023353 2.37981749
      vertex 0.0149999997 -2.37682819 2.38001108
      vertex -0.0149999997 -2.37682819 2.38001108
    endloop
  endfacet
  facet normal 0 -0.0568288304 0.998383999
    outer loop
      vertex -0.0149999997 -2.38363886 2.37962365
      vertex 0.0149999997 -2.38023353 2.37981749
      vertex -0.0149999997 -2.38023353 2.37981749
    endloop
  endfacet
  facet normal 0 -0.0567591488 0.998387873
    outer loop
      vertex -0.0149999997 -2.38704419 2.37943006
      vertex 0.0149999997 -2.38363886 2.37962365
      vertex -0.0149999997 -2.38363886 2.37962365
    endloop
  endfacet
  facet normal 0 -0.111607529 0.99375236
    outer loop
      vertex -0.0149999997 -2.39044929 2.37904763
      vertex 0.0149999997 -2.38704419 2.37943006
      vertex -0.0149999997 -2.38704419 2.37943006
    endloop
  endfacet
  facet normal 0 -0.231252164 0.972893894
    outer loop
      vertex -0.0149999997 -2.39385462 2.3782382
      vertex 0.0149999997 -2.39044929 2.37904763
      vertex -0.0149999997 -2.39044929 2.37904763
    endloop
  endfacet
  facet normal 0 -0.231252164 0.972893894
    outer loop
      vertex -0.0149999997 -2.39725995 2.37742877
      vertex 0.0149999997 -2.39385462 2.3782382
      vertex -0.0149999997 -2.39385462 2.3782382
    endloop
  endfacet
  facet normal 0 -0.231252164 0.972893894
    outer loop
      vertex -0.0149999997 -2.40066528 2.37661934
      vertex 0.0149999997 -2.39725995 2.37742877
      vertex -0.0149999997 -2.39725995 2.37742877
    endloop
  endfacet
  facet normal 0 -0.231267497 0.972890198
    outer loop
      vertex -0.0149999997 -2.40407038 2.37580991
      vertex 0.0149999997 -2.40066528 2.37661934
      vertex -0.0149999997 -2.40066528 2.37661934
    endloop
  endfacet
  facet normal 0 -0.231252164 0.972893894
    outer loop
      vertex -0.0149999997 -2.40747571 2.37500048
      vertex 0.0149999997 -2.40407038 2.37580991
      vertex -0.0149999997 -2.40407038 2.37580991
    endloop
  endfacet
  facet normal 0 -0.231252164 0.972893894
    outer loop
      vertex -0.0149999997 -2.41088104 2.37419105
      vertex 0.0149999997 -2.40747571 2.37500048
      vertex -0.0149999997 -2.40747571 2.37500048
    endloop
  endfacet
  facet normal 0 -0.231252164 0.972893894
    outer loop
      vertex -0.0149999997 -2.41428638 2.37338161
      vertex 0.0149999997 -2.41088104 2.37419105
      vertex -0.0149999997 -2.41088104 2.37419105
    endloop
  endfacet
  facet normal 0 -0.231252164 0.972893894
    outer loop
      vertex -0.0149999997 -2.41769171 2.37257218
      vertex 0.0149999997 -2.41428638 2.37338161
      vertex -0.0149999997 -2.41428638 2.37338161
    endloop
  endfacet
  facet normal 0 -0.231267497 0.972890198
    outer loop
      vertex -0.0149999997 -2.4210968 2.37176275
      vertex 0.0149999997 -2.41769171 2.37257218
      vertex -0.0149999997 -2.41769171 2.37257218
    endloop
  endfacet
  facet normal 0 -0.231252164 0.972893894
    outer loop
      vertex -0.0149999997 -2.42450213 2.37095332
      vertex 0.0149999997 -2.4210968 2.37176275
      vertex -0.0149999997 -2.4210968 2.37176275
    endloop
  endfacet
  facet normal 0 -0.231252164 0.972893894
    outer loop
      vertex -0.0149999997 -2.42790747 2.37014389
      vertex 0.0149999997 -2.42450213 2.37095332
      vertex -0.0149999997 -2.42450213 2.37095332
    endloop
  endfacet
  facet normal 0 -0.231252164 0.972893894
    outer loop
      vertex -0.0149999997 -2.4313128 2.36933446
      vertex 0.0149999997 -2.42790747 2.37014389
      vertex -0.0149999997 -2.42790747 2.37014389
    endloop
  endfacet
  facet normal 0 -0.231267497 0.972890198
    outer loop
      vertex -0.0149999997 -2.43471789 2.36852503
      vertex 0.0149999997 -2.4313128 2.36933446
      vertex -0.0149999997 -2.4313128 2.36933446
    endloop
  endfacet
  facet normal 0 -0.231252164 0.972893894
    outer loop
      vertex -0.0149999997 -2.43812323 2.3677156
      vertex 0.0149999997 -2.43471789 2.36852503
      vertex -0.0149999997 -2.43471789 2.36852503
    endloop
  endfacet
  facet normal 0 -0.231252164 0.972893894
    outer loop
      vertex -0.0149999997 -2.44152856 2.36690617
      vertex 0.0149999997 -2.43812323 2.3677156
      vertex -0.0149999997 -2.43812323 2.3677156
    endloop
  endfacet
  facet normal 0 -0.231252164 0.972893894
    outer loop
      vertex -0.0149999997 -2.44493389 2.36609674
      vertex 0.0149999997 -2.44152856 2.36690617
      vertex -0.0149999997 -2.44152856 2.36690617
    endloop
  endfacet
  facet normal 0 -0.231252164 0.972893894
    outer loop
      vertex -0.0149999997 -2.44833922 2.3652873
      vertex 0.0149999997 -2.44493389 2.36609674
      vertex -0.0149999997 -2.44493389 2.36609674
    endloop
  endfacet
  facet normal 0 -0.231267497 0.972890198
    outer loop
      vertex -0.0149999997 -2.45174432 2.36447787
      vertex 0.0149999997 -2.44833922 2.3652873
      vertex -0.0149999997 -2.44833922 2.3652873
    endloop
  endfacet
  facet normal 0 -0.250199884 0.968194246
    outer loop
      vertex -0.0149999997 -2.45514965 2.36359787
      vertex 0.0149999997 -2.45174432 2.36447787
      vertex -0.0149999997 -2.45174432 2.36447787
    endloop
  endfacet
  facet normal 0 -0.28919813 0.957269311
    outer loop
      vertex -0.0149999997 -2.45855498 2.36256909
      vertex 0.0149999997 -2.45514965 2.36359787
      vertex -0.0149999997 -2.45514965 2.36359787
    endloop
  endfacet
  facet normal 0 -0.28919813 0.957269311
    outer loop
      vertex -0.0149999997 -2.46196032 2.36154032
      vertex 0.0149999997 -2.45855498 2.36256909
      vertex -0.0149999997 -2.45855498 2.36256909
    endloop
  endfacet
  facet normal 0 -0.289216667 0.957263649
    outer loop
      vertex -0.0149999997 -2.46536541 2.36051154
      vertex 0.0149999997 -2.46196032 2.36154032
      vertex -0.0149999997 -2.46196032 2.36154032
    endloop
  endfacet
  facet normal 0 -0.28919813 0.957269311
    outer loop
      vertex -0.0149999997 -2.46877074 2.35948277
      vertex 0.0149999997 -2.46536541 2.36051154
      vertex -0.0149999997 -2.46536541 2.36051154
    endloop
  endfacet
  facet normal 0 -0.289259553 0.957250714
    outer loop
      vertex -0.0149999997 -2.47217607 2.35845375
      vertex 0.0149999997 -2.46877074 2.35948277
      vertex -0.0149999997 -2.46877074 2.35948277
    endloop
  endfacet
  facet normal 0 -0.28919813 0.957269311
    outer loop
      vertex -0.0149999997 -2.47558141 2.35742497
      vertex 0.0149999997 -2.47217607 2.35845375
      vertex -0.0149999997 -2.47217607 2.35845375
    endloop
  endfacet
  facet normal 0 -0.28919813 0.957269311
    outer loop
      vertex -0.0149999997 -2.47898674 2.3563962
      vertex 0.0149999997 -2.47558141 2.35742497
      vertex -0.0149999997 -2.47558141 2.35742497
    endloop
  endfacet
  facet normal 0 -0.289216667 0.957263649
    outer loop
      vertex -0.0149999997 -2.48239183 2.35536742
      vertex 0.0149999997 -2.47898674 2.3563962
      vertex -0.0149999997 -2.47898674 2.3563962
    endloop
  endfacet
  facet normal 0 -0.28919813 0.957269311
    outer loop
      vertex -0.0149999997 -2.48579717 2.35433865
      vertex 0.0149999997 -2.48239183 2.35536742
      vertex -0.0149999997 -2.48239183 2.35536742
    endloop
  endfacet
  facet normal 0 -0.28919813 0.957269311
    outer loop
      vertex -0.0149999997 -2.4892025 2.35330987
      vertex 0.0149999997 -2.48579717 2.35433865
      vertex -0.0149999997 -2.48579717 2.35433865
    endloop
  endfacet
  facet normal 0 -0.28919813 0.957269311
    outer loop
      vertex -0.0149999997 -2.49260783 2.35228109
      vertex 0.0149999997 -2.4892025 2.35330987
      vertex -0.0149999997 -2.4892025 2.35330987
    endloop
  endfacet
  facet normal 0 -0.28927809 0.957245052
    outer loop
      vertex -0.0149999997 -2.49601293 2.35125208
      vertex 0.0149999997 -2.49260783 2.35228109
      vertex -0.0149999997 -2.49260783 2.35228109
    endloop
  endfacet
  facet normal 0 -0.28919813 0.957269311
    outer loop
      vertex -0.0149999997 -2.49941826 2.3502233
      vertex 0.0149999997 -2.49601293 2.35125208
      vertex -0.0149999997 -2.49601293 2.35125208
    endloop
  endfacet
  facet normal 0 -0.207325459 0.978272021
    outer loop
      vertex -0.0149999997 -2.50282359 2.34950161
      vertex 0.0149999997 -2.49941826 2.3502233
      vertex -0.0149999997 -2.49941826 2.3502233
    endloop
  endfacet
  facet normal 0 -0.205751494 0.978604257
    outer loop
      vertex -0.0149999997 -2.50622892 2.34878564
      vertex 0.0149999997 -2.50282359 2.34950161
      vertex -0.0149999997 -2.50282359 2.34950161
    endloop
  endfacet
  facet normal 0 -0.205751494 0.978604257
    outer loop
      vertex -0.0149999997 -2.50963426 2.34806967
      vertex 0.0149999997 -2.50622892 2.34878564
      vertex -0.0149999997 -2.50622892 2.34878564
    endloop
  endfacet
  facet normal 0 -0.205765292 0.978601396
    outer loop
      vertex -0.0149999997 -2.51303935 2.3473537
      vertex 0.0149999997 -2.50963426 2.34806967
      vertex -0.0149999997 -2.50963426 2.34806967
    endloop
  endfacet
  facet normal 0 -0.205751494 0.978604257
    outer loop
      vertex -0.0149999997 -2.51644468 2.34663773
      vertex 0.0149999997 -2.51303935 2.3473537
      vertex -0.0149999997 -2.51303935 2.3473537
    endloop
  endfacet
  facet normal 0 -0.205751494 0.978604257
    outer loop
      vertex -0.0149999997 -2.51985002 2.34592175
      vertex 0.0149999997 -2.51644468 2.34663773
      vertex -0.0149999997 -2.51644468 2.34663773
    endloop
  endfacet
  facet normal 0 -0.205751494 0.978604257
    outer loop
      vertex -0.0149999997 -2.52325535 2.34520578
      vertex 0.0149999997 -2.51985002 2.34592175
      vertex -0.0149999997 -2.51985002 2.34592175
    endloop
  endfacet
  facet normal 0 -0.205751494 0.978604257
    outer loop
      vertex -0.0149999997 -2.52666068 2.34448981
      vertex 0.0149999997 -2.52325535 2.34520578
      vertex -0.0149999997 -2.52325535 2.34520578
    endloop
  endfacet
  facet normal 0 -0.205765292 0.978601396
    outer loop
      vertex -0.0149999997 -2.53006577 2.34377384
      vertex 0.0149999997 -2.52666068 2.34448981
      vertex -0.0149999997 -2.52666068 2.34448981
    endloop
  endfacet
  facet normal 0 0 1
    outer loop
      vertex -0.0149999997 -2.53347111 2.34377384
      vertex 0.0149999997 -2.53006577 2.34377384
      vertex -0.0149999997 -2.53006577 2.34377384
    endloop
  endfacet
  facet normal 0 0 1
    outer loop
      vertex -0.0149999997 -2.53687644 2.34377384
      vertex 0.0149999997 -2.53347111 2.34377384
      vertex -0.0149999997 -2.53347111 2.34377384
    endloop
  endfacet
  facet normal 0 0.102861136 0.994695783
    outer loop
      vertex -0.0149999997 -2.54028177 2.34412599
      vertex 0.0149999997 -2.53687644 2.34377384
      vertex -0.0149999997 -2.53687644 2.34377384
    endloop
  endfacet
  facet normal 0 0.145609647 0.989342093
    outer loop
      vertex -0.0149999997 -2.54368687 2.34462714
      vertex 0.0149999997 -2.54028177 2.34412599
      vertex -0.0149999997 -2.54028177 2.34412599
    endloop
  endfacet
  facet normal 0 0.145667478 0.98933357
    outer loop
      vertex -0.0149999997 -2.5470922 2.34512854
      vertex 0.0149999997 -2.54368687 2.34462714
      vertex -0.0149999997 -2.54368687 2.34462714
    endloop
  endfacet
  facet normal 0 0.145667478 0.98933357
    outer loop
      vertex -0.0149999997 -2.55049753 2.34562993
      vertex 0.0149999997 -2.5470922 2.34512854
      vertex -0.0149999997 -2.5470922 2.34512854
    endloop
  endfacet
  facet normal 0 0.145599663 0.989343524
    outer loop
      vertex -0.0149999997 -2.55390286 2.34613109
      vertex 0.0149999997 -2.55049753 2.34562993
      vertex -0.0149999997 -2.55049753 2.34562993
    endloop
  endfacet
  facet normal 0 0.314792007 0.949160635
    outer loop
      vertex -0.0149999997 -2.5573082 2.34726048
      vertex 0.0149999997 -2.55390286 2.34613109
      vertex -0.0149999997 -2.55390286 2.34613109
    endloop
  endfacet
  facet normal 0 0.334655613 0.942340553
    outer loop
      vertex -0.0149999997 -2.56071329 2.34846973
      vertex 0.0149999997 -2.5573082 2.34726048
      vertex -0.0149999997 -2.5573082 2.34726048
    endloop
  endfacet
  facet normal 0 0.33457616 0.942368686
    outer loop
      vertex -0.0149999997 -2.56411862 2.34967875
      vertex 0.0149999997 -2.56071329 2.34846973
      vertex -0.0149999997 -2.56071329 2.34846973
    endloop
  endfacet
  facet normal 0 0 1
    outer loop
      vertex -0.0149999997 -2.56752396 2.34967875
      vertex 0.0149999997 -2.56411862 2.34967875
      vertex -0.0149999997 -2.56411862 2.34967875
    endloop
  endfacet
  facet normal 0 0 1
    outer loop
      vertex -0.0149999997 -2.57092929 2.34967875
      vertex 0.0149999997 -2.56752396 2.34967875
      vertex -0.0149999997 -2.56752396 2.34967875
    endloop
  endfacet
  facet normal 0 -0.0383417644 0.999264717
    outer loop
      vertex -0.0149999997 -2.57433438 2.3495481
      vertex 0.0149999997 -2.57092929 2.34967875
      vertex -0.0149999997 -2.57092929 2.34967875
    endloop
  endfacet
  facet normal 0 -0.153112516 0.988208771
    outer loop
      vertex -0.0149999997 -2.57773972 2.34902048
      vertex 0.0149999997 -2.57433438 2.3495481
      vertex -0.0149999997 -2.57433438 2.3495481
    endloop
  endfacet
  facet normal 0 -0.190190732 0.98174715
    outer loop
      vertex -0.0149999997 -2.58114505 2.34836078
      vertex 0.0149999997 -2.57773972 2.34902048
      vertex -0.0149999997 -2.57773972 2.34902048
    endloop
  endfacet
  facet normal 0 -0.194028795 0.980995834
    outer loop
      vertex -0.0149999997 -2.58455038 2.34768724
      vertex 0.0149999997 -2.58114505 2.34836078
      vertex -0.0149999997 -2.58114505 2.34836078
    endloop
  endfacet
  facet normal 0 -0.193962708 0.981008887
    outer loop
      vertex -0.0149999997 -2.58795571 2.34701395
      vertex 0.0149999997 -2.58455038 2.34768724
      vertex -0.0149999997 -2.58455038 2.34768724
    endloop
  endfacet
  facet normal 0 -0.193975776 0.981006384
    outer loop
      vertex -0.0149999997 -2.59136081 2.34634066
      vertex 0.0149999997 -2.58795571 2.34701395
      vertex -0.0149999997 -2.58795571 2.34701395
    endloop
  endfacet
  facet normal 0 -0.3083646 0.951268196
    outer loop
      vertex -0.0149999997 -2.59476614 2.34523678
      vertex 0.0149999997 -2.59136081 2.34634066
      vertex -0.0149999997 -2.59136081 2.34634066
    endloop
  endfacet
  facet normal 0 -0.320581526 0.947220922
    outer loop
      vertex -0.0149999997 -2.59817147 2.34408426
      vertex 0.0149999997 -2.59476614 2.34523678
      vertex -0.0149999997 -2.59476614 2.34523678
    endloop
  endfacet
  facet normal 0 -0.320581526 0.947220922
    outer loop
      vertex -0.0149999997 -2.60157681 2.34293175
      vertex 0.0149999997 -2.59817147 2.34408426
      vertex -0.0149999997 -2.59817147 2.34408426
    endloop
  endfacet
  facet normal 0 -0.320661187 0.94719398
    outer loop
      vertex -0.0149999997 -2.6049819 2.34177899
      vertex 0.0149999997 -2.60157681 2.34293175
      vertex -0.0149999997 -2.60157681 2.34293175
    endloop
  endfacet
  facet normal 0 -0.320581526 0.947220922
    outer loop
      vertex -0.0149999997 -2.60838723 2.34062648
      vertex 0.0149999997 -2.6049819 2.34177899
      vertex -0.0149999997 -2.6049819 2.34177899
    endloop
  endfacet
  facet normal 0 -0.320581526 0.947220922
    outer loop
      vertex -0.0149999997 -2.61179256 2.33947396
      vertex 0.0149999997 -2.60838723 2.34062648
      vertex -0.0149999997 -2.60838723 2.34062648
    endloop
  endfacet
  facet normal 0 -0.320581526 0.947220922
    outer loop
      vertex -0.0149999997 -2.6151979 2.33832145
      vertex 0.0149999997 -2.61179256 2.33947396
      vertex -0.0149999997 -2.61179256 2.33947396
    endloop
  endfacet
  facet normal 0 -0.320641071 0.947200835
    outer loop
      vertex -0.0149999997 -2.61860323 2.33716869
      vertex 0.0149999997 -2.6151979 2.33832145
      vertex -0.0149999997 -2.6151979 2.33832145
    endloop
  endfacet
  facet normal 0 -0.320601702 0.947214127
    outer loop
      vertex -0.0149999997 -2.62200832 2.33601618
      vertex 0.0149999997 -2.61860323 2.33716869
      vertex -0.0149999997 -2.61860323 2.33716869
    endloop
  endfacet
  facet normal 0 -0.320581526 0.947220922
    outer loop
      vertex -0.0149999997 -2.62541366 2.33486366
      vertex 0.0149999997 -2.62200832 2.33601618
      vertex -0.0149999997 -2.62200832 2.33601618
    endloop
  endfacet
  facet normal 0 -0.362757981 0.931883454
    outer loop
      vertex -0.0149999997 -2.62881899 2.33353806
      vertex 0.0149999997 -2.62541366 2.33486366
      vertex -0.0149999997 -2.62541366 2.33486366
    endloop
  endfacet
  facet normal 0 -0.367671996 0.929955542
    outer loop
      vertex -0.0149999997 -2.63222432 2.33219171
      vertex 0.0149999997 -2.62881899 2.33353806
      vertex -0.0149999997 -2.62881899 2.33353806
    endloop
  endfacet
  facet normal 0 -0.367694259 0.929946721
    outer loop
      vertex -0.0149999997 -2.63562942 2.33084536
      vertex 0.0149999997 -2.63222432 2.33219171
      vertex -0.0149999997 -2.63222432 2.33219171
    endloop
  endfacet
  facet normal 0 -0.322839886 0.946453631
    outer loop
      vertex -0.0149999997 -2.63903475 2.32968378
      vertex 0.0149999997 -2.63562942 2.33084536
      vertex -0.0149999997 -2.63562942 2.33084536
    endloop
  endfacet
  facet normal 0 -0.274045199 0.961716831
    outer loop
      vertex -0.0149999997 -2.64244008 2.32871342
      vertex 0.0149999997 -2.63903475 2.32968378
      vertex -0.0149999997 -2.63903475 2.32968378
    endloop
  endfacet
  facet normal 0 -0.00273050857 0.999996305
    outer loop
      vertex -0.0149999997 -2.64584541 2.32870412
      vertex 0.0149999997 -2.64244008 2.32871342
      vertex -0.0149999997 -2.64244008 2.32871342
    endloop
  endfacet
  facet normal 0 0 1
    outer loop
      vertex -0.0149999997 -2.64925075 2.32870412
      vertex 0.0149999997 -2.64584541 2.32870412
      vertex -0.0149999997 -2.64584541 2.32870412
    endloop
  endfacet
  facet normal 0 0 1
    outer loop
      vertex -0.0149999997 -2.65265584 2.32870412
      vertex 0.0149999997 -2.64925075 2.32870412
      vertex -0.0149999997 -2.64925075 2.32870412
    endloop
  endfacet
  facet normal 0 0.334165961 0.942514241
    outer loop
      vertex -0.0149999997 -2.65606117 2.32991147
      vertex 0.0149999997 -2.65265584 2.32870412
      vertex -0.0149999997 -2.65265584 2.32870412
    endloop
  endfacet
  facet normal 0 0.615623713 0.78804028
    outer loop
      vertex -0.0149999997 -2.65946651 2.33257174
      vertex 0.0149999997 -2.65606117 2.32991147
      vertex -0.0149999997 -2.65606117 2.32991147
    endloop
  endfacet
  facet normal 0 0.615623713 0.78804028
    outer loop
      vertex -0.0149999997 -2.66287184 2.33523202
      vertex 0.0149999997 -2.65946651 2.33257174
      vertex -0.0149999997 -2.65946651 2.33257174
    endloop
  endfacet
  facet normal 0 0.935279191 0.353910863
    outer loop
      vertex -0.0149999997 -2.66627693 2.34423065
      vertex 0.0149999997 -2.66287184 2.33523202
      vertex -0.0149999997 -2.66287184 2.33523202
    endloop
  endfacet
  facet normal 0 0.944656253 0.328061789
    outer loop
      vertex -0.0149999997 -2.66968226 2.35403633
      vertex 0.0149999997 -2.66627693 2.34423065
      vertex -0.0149999997 -2.66627693 2.34423065
    endloop
  endfacet
  facet normal 0 0.944656253 0.328061789
    outer loop
      vertex -0.0149999997 -2.6730876 2.36384201
      vertex 0.0149999997 -2.66968226 2.35403633
      vertex -0.0149999997 -2.66968226 2.35403633
    endloop
  endfacet
  facet normal 0 0.934304595 0.35647583
    outer loop
      vertex -0.0149999997 -2.67649293 2.37276721
      vertex 0.0149999997 -2.6730876 2.36384201
      vertex -0.0149999997 -2.6730876 2.36384201
    endloop
  endfacet
  facet normal 0 0.922022223 0.387137115
    outer loop
      vertex -0.0149999997 -2.67989826 2.38087749
      vertex 0.0149999997 -2.67649293 2.37276721
      vertex -0.0149999997 -2.67649293 2.37276721
    endloop
  endfacet
  facet normal 0 0.922035873 0.387104392
    outer loop
      vertex -0.0149999997 -2.68330336 2.38898802
      vertex 0.0149999997 -2.67989826 2.38087749
      vertex -0.0149999997 -2.67989826 2.38087749
    endloop
  endfacet
  facet normal 0 0.922022223 0.387137115
    outer loop
      vertex -0.0149999997 -2.68670869 2.3970983
      vertex 0.0149999997 -2.68330336 2.38898802
      vertex -0.0149999997 -2.68330336 2.38898802
    endloop
  endfacet
  facet normal 0 0.922022223 0.387137115
    outer loop
      vertex -0.0149999997 -2.69011402 2.40520859
      vertex 0.0149999997 -2.68670869 2.3970983
      vertex -0.0149999997 -2.68670869 2.3970983
    endloop
  endfacet
  facet normal 0 0.922026217 0.387127429
    outer loop
      vertex -0.0149999997 -2.69351935 2.41331911
      vertex 0.0149999997 -2.69011402 2.40520859
      vertex -0.0149999997 -2.69011402 2.40520859
    endloop
  endfacet
  facet normal 0 0.922022223 0.387137115
    outer loop
      vertex -0.0149999997 -2.69692469 2.4214294
      vertex 0.0149999997 -2.69351935 2.41331911
      vertex -0.0149999997 -2.69351935 2.41331911
    endloop
  endfacet
  facet normal 0 0.922035873 0.387104392
    outer loop
      vertex -0.0149999997 -2.70032978 2.42953992
      vertex 0.0149999997 -2.69692469 2.4214294
      vertex -0.0149999997 -2.69692469 2.4214294
    endloop
  endfacet
  facet normal 0 0.922022223 0.387137115
    outer loop
      vertex -0.0149999997 -2.70373511 2.4376502
      vertex 0.0149999997 -2.70032978 2.42953992
      vertex -0.0149999997 -2.70032978 2.42953992
    endloop
  endfacet
  facet normal 0 0.922022223 0.387137115
    outer loop
      vertex -0.0149999997 -2.70714045 2.44576049
      vertex 0.0149999997 -2.70373511 2.4376502
      vertex -0.0149999997 -2.70373511 2.4376502
    endloop
  endfacet
  facet normal 0 0.922026217 0.387127429
    outer loop
      vertex -0.0149999997 -2.71054578 2.45387101
      vertex 0.0149999997 -2.70714045 2.44576049
      vertex -0.0149999997 -2.70714045 2.44576049
    endloop
  endfacet
  facet normal 0 0.92203182 0.387114048
    outer loop
      vertex -0.0149999997 -2.71395087 2.4619813
      vertex 0.0149999997 -2.71054578 2.45387101
      vertex -0.0149999997 -2.71054578 2.45387101
    endloop
  endfacet
  facet normal 0 0.922026217 0.387127429
    outer loop
      vertex -0.0149999997 -2.7173562 2.47009182
      vertex 0.0149999997 -2.71395087 2.4619813
      vertex -0.0149999997 -2.71395087 2.4619813
    endloop
  endfacet
  facet normal 0 0.877359688 0.479833364
    outer loop
      vertex -0.0149999997 -2.72076154 2.47631836
      vertex 0.0149999997 -2.7173562 2.47009182
      vertex -0.0149999997 -2.7173562 2.47009182
    endloop
  endfacet
  facet normal 0 0.820411265 0.571773887
    outer loop
      vertex -0.0149999997 -2.72416687 2.48120451
      vertex 0.0149999997 -2.72076154 2.47631836
      vertex -0.0149999997 -2.72076154 2.47631836
    endloop
  endfacet
  facet normal 0 0.820411265 0.571773887
    outer loop
      vertex -0.0149999997 -2.7275722 2.48609066
      vertex 0.0149999997 -2.72416687 2.48120451
      vertex -0.0149999997 -2.72416687 2.48120451
    endloop
  endfacet
  facet normal 0 0.820429981 0.571746886
    outer loop
      vertex -0.0149999997 -2.7309773 2.49097681
      vertex 0.0149999997 -2.7275722 2.48609066
      vertex -0.0149999997 -2.7275722 2.48609066
    endloop
  endfacet
  facet normal 0 0.820411265 0.571773887
    outer loop
      vertex -0.0149999997 -2.73438263 2.49586296
      vertex 0.0149999997 -2.7309773 2.49097681
      vertex -0.0149999997 -2.7309773 2.49097681
    endloop
  endfacet
  facet normal 0 0.820411265 0.571773887
    outer loop
      vertex -0.0149999997 -2.73778796 2.50074911
      vertex 0.0149999997 -2.73438263 2.49586296
      vertex -0.0149999997 -2.73438263 2.49586296
    endloop
  endfacet
  facet normal 0 0.820411265 0.571773887
    outer loop
      vertex -0.0149999997 -2.74119329 2.50563526
      vertex 0.0149999997 -2.73778796 2.50074911
      vertex -0.0149999997 -2.73778796 2.50074911
    endloop
  endfacet
  facet normal 0 0.820429981 0.571746886
    outer loop
      vertex -0.0149999997 -2.74459839 2.51052141
      vertex 0.0149999997 -2.74119329 2.50563526
      vertex -0.0149999997 -2.74119329 2.50563526
    endloop
  endfacet
  facet normal 0 0.820411265 0.571773887
    outer loop
      vertex -0.0149999997 -2.74800372 2.51540756
      vertex 0.0149999997 -2.74459839 2.51052141
      vertex -0.0149999997 -2.74459839 2.51052141
    endloop
  endfacet
  facet normal 0 0.820411265 0.571773887
    outer loop
      vertex -0.0149999997 -2.75140905 2.52029371
      vertex 0.0149999997 -2.74800372 2.51540756
      vertex -0.0149999997 -2.74800372 2.51540756
    endloop
  endfacet
  facet normal 0 0.820411265 0.571773887
    outer loop
      vertex -0.0149999997 -2.75481439 2.52517986
      vertex 0.0149999997 -2.75140905 2.52029371
      vertex -0.0149999997 -2.75140905 2.52029371
    endloop
  endfacet
  facet normal 0 0.820411265 0.571773887
    outer loop
      vertex -0.0149999997 -2.75821972 2.53006601
      vertex 0.0149999997 -2.75481439 2.52517986
      vertex -0.0149999997 -2.75481439 2.52517986
    endloop
  endfacet
  facet normal 0 0.820429981 0.571746886
    outer loop
      vertex -0.0149999997 -2.76162481 2.53495216
      vertex 0.0149999997 -2.75821972 2.53006601
      vertex -0.0149999997 -2.75821972 2.53006601
    endloop
  endfacet
  facet normal 0 0.820411265 0.571773887
    outer loop
      vertex -0.0149999997 -2.76503015 2.53983831
      vertex 0.0149999997 -2.76162481 2.53495216
      vertex -0.0149999997 -2.76162481 2.53495216
    endloop
  endfacet
  facet normal 0 0.820411265 0.571773887
    outer loop
      vertex -0.0149999997 -2.76843548 2.54472446
      vertex 0.0149999997 -2.76503015 2.53983831
      vertex -0.0149999997 -2.76503015 2.53983831
    endloop
  endfacet
  facet normal 0 0.820411265 0.571773887
    outer loop
      vertex -0.0149999997 -2.77184081 2.54961061
      vertex 0.0149999997 -2.76843548 2.54472446
      vertex -0.0149999997 -2.76843548 2.54472446
    endloop
  endfacet
  facet normal 0 0.820429981 0.571746886
    outer loop
      vertex -0.0149999997 -2.7752459 2.55449677
      vertex 0.0149999997 -2.77184081 2.54961061
      vertex -0.0149999997 -2.77184081 2.54961061
    endloop
  endfacet
  facet normal 0 0.820411265 0.571773887
    outer loop
      vertex -0.0149999997 -2.77865124 2.55938292
      vertex 0.0149999997 -2.7752459 2.55449677
      vertex -0.0149999997 -2.7752459 2.55449677
    endloop
  endfacet
  facet normal 0 0.820411265 0.571773887
    outer loop
      vertex -0.0149999997 -2.78205657 2.56426907
      vertex 0.0149999997 -2.77865124 2.55938292
      vertex -0.0149999997 -2.77865124 2.55938292
    endloop
  endfacet
  facet normal 0 0.820411265 0.571773887
    outer loop
      vertex -0.0149999997 -2.7854619 2.56915522
      vertex 0.0149999997 -2.78205657 2.56426907
      vertex -0.0149999997 -2.78205657 2.56426907
    endloop
  endfacet
  facet normal 0 0.820411265 0.571773887
    outer loop
      vertex -0.0149999997 -2.78886724 2.57404137
      vertex 0.0149999997 -2.7854619 2.56915522
      vertex -0.0149999997 -2.7854619 2.56915522
    endloop
  endfacet
  facet normal 0 0.820429981 0.571746886
    outer loop
      vertex -0.0149999997 -2.79227233 2.57892752
      vertex 0.0149999997 -2.78886724 2.57404137
      vertex -0.0149999997 -2.78886724 2.57404137
    endloop
  endfacet
  facet normal 0 0.811443508 0.584430814
    outer loop
      vertex -0.0149999997 -2.79567766 2.5836556
      vertex 0.0149999997 -2.79227233 2.57892752
      vertex -0.0149999997 -2.79227233 2.57892752
    endloop
  endfacet
  facet normal 0 0.762991309 0.646408737
    outer loop
      vertex -0.0149999997 -2.79908299 2.58767509
      vertex 0.0149999997 -2.79567766 2.5836556
      vertex -0.0149999997 -2.79567766 2.5836556
    endloop
  endfacet
  facet normal 0 0.762991309 0.646408737
    outer loop
      vertex -0.0149999997 -2.80248833 2.59169459
      vertex 0.0149999997 -2.79908299 2.58767509
      vertex -0.0149999997 -2.79908299 2.58767509
    endloop
  endfacet
  facet normal 0 0.412966788 0.910746098
    outer loop
      vertex -0.0149999997 -2.80589342 2.59323859
      vertex 0.0149999997 -2.80248833 2.59169459
      vertex -0.0149999997 -2.80248833 2.59169459
    endloop
  endfacet
  facet normal 0 0 1
    outer loop
      vertex -0.0149999997 -2.80929875 2.59323859
      vertex 0.0149999997 -2.80589342 2.59323859
      vertex -0.0149999997 -2.80589342 2.59323859
    endloop
  endfacet
  facet normal 0 0 1
    outer loop
      vertex -0.0149999997 -2.81270409 2.59323859
      vertex 0.0149999997 -2.80929875 2.59323859
      vertex -0.0149999997 -2.80929875 2.59323859
    endloop
  endfacet
  facet normal 0 -0.482358962 0.875973701
    outer loop
      vertex -0.0149999997 -2.81610942 2.59136343
      vertex 0.0149999997 -2.81270409 2.59323859
      vertex -0.0149999997 -2.81270409 2.59323859
    endloop
  endfacet
  facet normal 0 -0.769946933 0.638107955
    outer loop
      vertex -0.0149999997 -2.81951475 2.58725452
      vertex 0.0149999997 -2.81610942 2.59136343
      vertex -0.0149999997 -2.81610942 2.59136343
    endloop
  endfacet
  facet normal 0 -0.891124368 0.453759193
    outer loop
      vertex -0.0149999997 -2.82291985 2.58056736
      vertex 0.0149999997 -2.81951475 2.58725452
      vertex -0.0149999997 -2.81951475 2.58725452
    endloop
  endfacet
  facet normal 0 -0.999919236 0.0127117885
    outer loop
      vertex -0.0149999997 -2.82632518 2.31270123
      vertex 0.0149999997 -2.82291985 2.58056736
      vertex -0.0149999997 -2.82291985 2.58056736
    endloop
  endfacet
  facet normal 0 -0.0545291267 0.998512208
    outer loop
      vertex -0.0149999997 -2.82973051 2.31251526
      vertex 0.0149999997 -2.82632518 2.31270123
      vertex -0.0149999997 -2.82632518 2.31270123
    endloop
  endfacet
  facet normal 0 -0.0971370041 0.995271027
    outer loop
      vertex -0.0149999997 -2.83313584 2.3121829
      vertex 0.0149999997 -2.82973051 2.31251526
      vertex -0.0149999997 -2.82973051 2.31251526
    endloop
  endfacet
  facet normal 0 -0.618516207 0.785772026
    outer loop
      vertex -0.0149999997 -2.83654094 2.3095026
      vertex 0.0149999997 -2.83313584 2.3121829
      vertex -0.0149999997 -2.83313584 2.3121829
    endloop
  endfacet
  facet normal 0 -0.997052252 0.076726079
    outer loop
      vertex -0.0149999997 -2.83994627 2.26525044
      vertex 0.0149999997 -2.83654094 2.3095026
      vertex -0.0149999997 -2.83654094 2.3095026
    endloop
  endfacet
  facet normal 0 -0.527607143 0.849488497
    outer loop
      vertex -0.0149999997 -2.8433516 2.26313543
      vertex 0.0149999997 -2.83994627 2.26525044
      vertex -0.0149999997 -2.83994627 2.26525044
    endloop
  endfacet
  facet normal 0 -0.67671138 0.736248374
    outer loop
      vertex -0.0149999997 -2.84675694 2.26000547
      vertex 0.0149999997 -2.8433516 2.26313543
      vertex -0.0149999997 -2.8433516 2.26313543
    endloop
  endfacet
  facet normal 0 -0.991593421 0.129392624
    outer loop
      vertex -0.0149999997 -2.85016227 2.23390889
      vertex 0.0149999997 -2.84675694 2.26000547
      vertex -0.0149999997 -2.84675694 2.26000547
    endloop
  endfacet
  facet normal 0 -0.771129251 0.636678696
    outer loop
      vertex -0.0149999997 -2.85356736 2.22978473
      vertex 0.0149999997 -2.85016227 2.23390889
      vertex -0.0149999997 -2.85016227 2.23390889
    endloop
  endfacet
  facet normal 0 -0.866767466 0.49871251
    outer loop
      vertex -0.0149999997 -2.85697269 2.22386622
      vertex 0.0149999997 -2.85356736 2.22978473
      vertex -0.0149999997 -2.85356736 2.22978473
    endloop
  endfacet
  facet normal 0 -0.580742061 0.814087629
    outer loop
      vertex -0.0149999997 -2.86037803 2.22143698
      vertex 0.0149999997 -2.85697269 2.22386622
      vertex -0.0149999997 -2.85697269 2.22386622
    endloop
  endfacet
  facet normal 0 -0.580742061 0.814087629
    outer loop
      vertex -0.0149999997 -2.86378336 2.21900773
      vertex 0.0149999997 -2.86037803 2.22143698
      vertex -0.0149999997 -2.86037803 2.22143698
    endloop
  endfacet
  facet normal 0 -0.547048807 0.837100744
    outer loop
      vertex -0.0149999997 -2.86718869 2.21678233
      vertex 0.0149999997 -2.86378336 2.21900773
      vertex -0.0149999997 -2.86378336 2.21900773
    endloop
  endfacet
  facet normal 0 -0.532840014 0.846216023
    outer loop
      vertex -0.0149999997 -2.87059379 2.21463823
      vertex 0.0149999997 -2.86718869 2.21678233
      vertex -0.0149999997 -2.86718869 2.21678233
    endloop
  endfacet
  facet normal 0 -0.532770872 0.846259594
    outer loop
      vertex -0.0149999997 -2.87399912 2.21249437
      vertex 0.0149999997 -2.87059379 2.21463823
      vertex -0.0149999997 -2.87059379 2.21463823
    endloop
  endfacet
  facet normal 0 -0.532813251 0.846232772
    outer loop
      vertex -0.0149999997 -2.87740445 2.21035028
      vertex 0.0149999997 -2.87399912 2.21249437
      vertex -0.0149999997 -2.87399912 2.21249437
    endloop
  endfacet
  facet normal 0 -0.532813251 0.846232772
    outer loop
      vertex -0.0149999997 -2.88080978 2.20820618
      vertex 0.0149999997 -2.87740445 2.21035028
      vertex -0.0149999997 -2.87740445 2.21035028
    endloop
  endfacet
  facet normal 0 -0.532797515 0.846242785
    outer loop
      vertex -0.0149999997 -2.88421488 2.20606232
      vertex 0.0149999997 -2.88080978 2.20820618
      vertex -0.0149999997 -2.88080978 2.20820618
    endloop
  endfacet
  facet normal 0 -0.532813251 0.846232772
    outer loop
      vertex -0.0149999997 -2.88762021 2.20391822
      vertex 0.0149999997 -2.88421488 2.20606232
      vertex -0.0149999997 -2.88421488 2.20606232
    endloop
  endfacet
  facet normal 0 -0.532770872 0.846259594
    outer loop
      vertex -0.0149999997 -2.89102554 2.20177436
      vertex 0.0149999997 -2.88762021 2.20391822
      vertex -0.0149999997 -2.88762021 2.20391822
    endloop
  endfacet
  facet normal 0 -0.538420737 0.842676222
    outer loop
      vertex -0.0149999997 -2.89443088 2.19959855
      vertex 0.0149999997 -2.89102554 2.20177436
      vertex -0.0149999997 -2.89102554 2.20177436
    endloop
  endfacet
  facet normal 0 -0.681666374 0.731663108
    outer loop
      vertex -0.0149999997 -2.89783621 2.19642591
      vertex 0.0149999997 -2.89443088 2.19959855
      vertex -0.0149999997 -2.89443088 2.19959855
    endloop
  endfacet
  facet normal 0 -0.681664586 0.731664896
    outer loop
      vertex -0.0149999997 -2.9012413 2.19325352
      vertex 0.0149999997 -2.89783621 2.19642591
      vertex -0.0149999997 -2.89783621 2.19642591
    endloop
  endfacet
  facet normal 0 -0.681666374 0.731663108
    outer loop
      vertex -0.0149999997 -2.90464664 2.19008088
      vertex 0.0149999997 -2.9012413 2.19325352
      vertex -0.0149999997 -2.9012413 2.19325352
    endloop
  endfacet
  facet normal 0 -0.681666374 0.731663108
    outer loop
      vertex -0.0149999997 -2.90805197 2.18690825
      vertex 0.0149999997 -2.90464664 2.19008088
      vertex -0.0149999997 -2.90464664 2.19008088
    endloop
  endfacet
  facet normal 0 -0.681666374 0.731663108
    outer loop
      vertex -0.0149999997 -2.9114573 2.18373561
      vertex 0.0149999997 -2.90805197 2.18690825
      vertex -0.0149999997 -2.90805197 2.18690825
    endloop
  endfacet
  facet normal 0 -0.681692004 0.731639385
    outer loop
      vertex -0.0149999997 -2.91486239 2.18056297
      vertex 0.0149999997 -2.9114573 2.18373561
      vertex -0.0149999997 -2.9114573 2.18373561
    endloop
  endfacet
  facet normal 0 -0.681666374 0.731663108
    outer loop
      vertex -0.0149999997 -2.91826773 2.17739034
      vertex 0.0149999997 -2.91486239 2.18056297
      vertex -0.0149999997 -2.91486239 2.18056297
    endloop
  endfacet
  facet normal 0 -0.681666374 0.731663108
    outer loop
      vertex -0.0149999997 -2.92167306 2.1742177
      vertex 0.0149999997 -2.91826773 2.17739034
      vertex -0.0149999997 -2.91826773 2.17739034
    endloop
  endfacet
  facet normal 0 -0.681666374 0.731663108
    outer loop
      vertex -0.0149999997 -2.92507839 2.17104506
      vertex 0.0149999997 -2.92167306 2.1742177
      vertex -0.0149999997 -2.92167306 2.1742177
    endloop
  endfacet
  facet normal 0 -0.663632095 0.748059154
    outer loop
      vertex -0.0149999997 -2.92848372 2.16802406
      vertex 0.0149999997 -2.92507839 2.17104506
      vertex -0.0149999997 -2.92507839 2.17104506
    endloop
  endfacet
  facet normal 0 -0.606517792 0.795069933
    outer loop
      vertex -0.0149999997 -2.93188882 2.16542649
      vertex 0.0149999997 -2.92848372 2.16802406
      vertex -0.0149999997 -2.92848372 2.16802406
    endloop
  endfacet
  facet normal 0 -0.606526136 0.795063555
    outer loop
      vertex -0.0149999997 -2.93529415 2.16282868
      vertex 0.0149999997 -2.93188882 2.16542649
      vertex -0.0149999997 -2.93188882 2.16542649
    endloop
  endfacet
  facet normal 0 -0.60649091 0.795090377
    outer loop
      vertex -0.0149999997 -2.93869948 2.16023111
      vertex 0.0149999997 -2.93529415 2.16282868
      vertex -0.0149999997 -2.93529415 2.16282868
    endloop
  endfacet
  facet normal 0 -0.606526136 0.795063555
    outer loop
      vertex -0.0149999997 -2.94210482 2.1576333
      vertex 0.0149999997 -2.93869948 2.16023111
      vertex -0.0149999997 -2.93869948 2.16023111
    endloop
  endfacet
  facet normal 0 -0.606553018 0.795043111
    outer loop
      vertex -0.0149999997 -2.94550991 2.1550355
      vertex 0.0149999997 -2.94210482 2.1576333
      vertex -0.0149999997 -2.94210482 2.1576333
    endloop
  endfacet
  facet normal 0 -0.60649091 0.795090377
    outer loop
      vertex -0.0149999997 -2.94891524 2.15243793
      vertex 0.0149999997 -2.94550991 2.1550355
      vertex -0.0149999997 -2.94550991 2.1550355
    endloop
  endfacet
  facet normal 0 -0.606526136 0.795063555
    outer loop
      vertex -0.0149999997 -2.95232058 2.14984012
      vertex 0.0149999997 -2.94891524 2.15243793
      vertex -0.0149999997 -2.94891524 2.15243793
    endloop
  endfacet
  facet normal 0 -0.60649091 0.795090377
    outer loop
      vertex -0.0149999997 -2.95572591 2.14724255
      vertex 0.0149999997 -2.95232058 2.14984012
      vertex -0.0149999997 -2.95232058 2.14984012
    endloop
  endfacet
  facet normal 0 -0.606526136 0.795063555
    outer loop
      vertex -0.0149999997 -2.95913124 2.14464474
      vertex 0.0149999997 -2.95572591 2.14724255
      vertex -0.0149999997 -2.95572591 2.14724255
    endloop
  endfacet
  facet normal 0 -0.606553018 0.795043111
    outer loop
      vertex -0.0149999997 -2.96253633 2.14204693
      vertex 0.0149999997 -2.95913124 2.14464474
      vertex -0.0149999997 -2.95913124 2.14464474
    endloop
  endfacet
  facet normal 0 -0.60649091 0.795090377
    outer loop
      vertex -0.0149999997 -2.96594167 2.13944936
      vertex 0.0149999997 -2.96253633 2.14204693
      vertex -0.0149999997 -2.96253633 2.14204693
    endloop
  endfacet
  facet normal 0 -0.606526136 0.795063555
    outer loop
      vertex -0.0149999997 -2.969347 2.13685155
      vertex 0.0149999997 -2.96594167 2.13944936
      vertex -0.0149999997 -2.96594167 2.13944936
    endloop
  endfacet
  facet normal 0 -0.60649091 0.795090377
    outer loop
      vertex -0.0149999997 -2.97275233 2.13425398
      vertex 0.0149999997 -2.969347 2.13685155
      vertex -0.0149999997 -2.969347 2.13685155
    endloop
  endfacet
  facet normal 0 -0.546500325 0.837458909
    outer loop
      vertex -0.0149999997 -2.97615743 2.13203192
      vertex 0.0149999997 -2.97275233 2.13425398
      vertex -0.0149999997 -2.97275233 2.13425398
    endloop
  endfacet
  facet normal 0 -0.545773745 0.837932587
    outer loop
      vertex -0.0149999997 -2.97956276 2.12981391
      vertex 0.0149999997 -2.97615743 2.13203192
      vertex -0.0149999997 -2.97615743 2.13203192
    endloop
  endfacet
  facet normal 0 -0.545773745 0.837932587
    outer loop
      vertex -0.0149999997 -2.98296809 2.1275959
      vertex 0.0149999997 -2.97956276 2.12981391
      vertex -0.0149999997 -2.97956276 2.12981391
    endloop
  endfacet
  facet normal 0 -0.545814931 0.837905765
    outer loop
      vertex -0.0149999997 -2.98637342 2.12537766
      vertex 0.0149999997 -2.98296809 2.1275959
      vertex -0.0149999997 -2.98296809 2.1275959
    endloop
  endfacet
  facet normal 0 -0.545773745 0.837932587
    outer loop
      vertex -0.0149999997 -2.98977876 2.12315965
      vertex 0.0149999997 -2.98637342 2.12537766
      vertex -0.0149999997 -2.98637342 2.12537766
    endloop
  endfacet
  facet normal 0 -0.545800626 0.837915123
    outer loop
      vertex -0.0149999997 -2.99318385 2.12094164
      vertex 0.0149999997 -2.98977876 2.12315965
      vertex -0.0149999997 -2.98977876 2.12315965
    endloop
  endfacet
  facet normal 0 -0.545814931 0.837905765
    outer loop
      vertex -0.0149999997 -2.99658918 2.11872339
      vertex 0.0149999997 -2.99318385 2.12094164
      vertex -0.0149999997 -2.99318385 2.12094164
    endloop
  endfacet
  facet normal 0 -0.545773745 0.837932587
    outer loop
      vertex -0.0149999997 -2.99999452 2.11650538
      vertex 0.0149999997 -2.99658918 2.11872339
      vertex -0.0149999997 -2.99658918 2.11872339
    endloop
  endfacet
  facet normal 0 -0.545773745 0.837932587
    outer loop
      vertex -0.0149999997 -3.00339985 2.11428738
      vertex 0.0149999997 -2.99999452 2.11650538
      vertex -0.0149999997 -2.99999452 2.11650538
    endloop
  endfacet
  facet normal 0 -0.545841813 0.8378883
    outer loop
      vertex -0.0149999997 -3.00680494 2.11206913
      vertex 0.0149999997 -3.00339985 2.11428738
      vertex -0.0149999997 -3.00339985 2.11428738
    endloop
  endfacet
  facet normal 0 -0.545773745 0.837932587
    outer loop
      vertex -0.0149999997 -3.01021028 2.10985112
      vertex 0.0149999997 -3.00680494 2.11206913
      vertex -0.0149999997 -3.00680494 2.11206913
    endloop
  endfacet
  facet normal 0 -0.545773745 0.837932587
    outer loop
      vertex -0.0149999997 -3.01361561 2.10763311
      vertex 0.0149999997 -3.01021028 2.10985112
      vertex -0.0149999997 -3.01021028 2.10985112
    endloop
  endfacet
  facet normal 0 -0.545814931 0.837905765
    outer loop
      vertex -0.0149999997 -3.01702094 2.10541487
      vertex 0.0149999997 -3.01361561 2.10763311
      vertex -0.0149999997 -3.01361561 2.10763311
    endloop
  endfacet
  facet normal 0 -0.545773745 0.837932587
    outer loop
      vertex -0.0149999997 -3.02042627 2.10319686
      vertex 0.0149999997 -3.01702094 2.10541487
      vertex -0.0149999997 -3.01702094 2.10541487
    endloop
  endfacet
  facet normal 0 -0.545800626 0.837915123
    outer loop
      vertex -0.0149999997 -3.02383137 2.10097885
      vertex 0.0149999997 -3.02042627 2.10319686
      vertex -0.0149999997 -3.02042627 2.10319686
    endloop
  endfacet
  facet normal 0 -0.531112969 0.847301066
    outer loop
      vertex -0.0149999997 -3.0272367 2.09884429
      vertex 0.0149999997 -3.02383137 2.10097885
      vertex -0.0149999997 -3.02383137 2.10097885
    endloop
  endfacet
  facet normal 0 -0.480189741 0.877164602
    outer loop
      vertex -0.0149999997 -3.03064203 2.09698009
      vertex 0.0149999997 -3.0272367 2.09884429
      vertex -0.0149999997 -3.0272367 2.09884429
    endloop
  endfacet
  facet normal 0 -0.480189741 0.877164602
    outer loop
      vertex -0.0149999997 -3.03404737 2.0951159
      vertex 0.0149999997 -3.03064203 2.09698009
      vertex -0.0149999997 -3.03064203 2.09698009
    endloop
  endfacet
  facet normal 0 -0.480189741 0.877164602
    outer loop
      vertex -0.0149999997 -3.0374527 2.09325171
      vertex 0.0149999997 -3.03404737 2.0951159
      vertex -0.0149999997 -3.03404737 2.0951159
    endloop
  endfacet
  facet normal 0 -0.480215609 0.877150476
    outer loop
      vertex -0.0149999997 -3.04085779 2.09138751
      vertex 0.0149999997 -3.0374527 2.09325171
      vertex -0.0149999997 -3.0374527 2.09325171
    endloop
  endfacet
  facet normal 0 -0.480189741 0.877164602
    outer loop
      vertex -0.0149999997 -3.04426312 2.08952332
      vertex 0.0149999997 -3.04085779 2.09138751
      vertex -0.0149999997 -3.04085779 2.09138751
    endloop
  endfacet
  facet normal 0 -0.480189741 0.877164602
    outer loop
      vertex -0.0149999997 -3.04766846 2.08765912
      vertex 0.0149999997 -3.04426312 2.08952332
      vertex -0.0149999997 -3.04426312 2.08952332
    endloop
  endfacet
  facet normal 0 -0.480189741 0.877164602
    outer loop
      vertex -0.0149999997 -3.05107379 2.08579493
      vertex 0.0149999997 -3.04766846 2.08765912
      vertex -0.0149999997 -3.04766846 2.08765912
    endloop
  endfacet
  facet normal 0 -0.480215609 0.877150476
    outer loop
      vertex -0.0149999997 -3.05447888 2.08393073
      vertex 0.0149999997 -3.05107379 2.08579493
      vertex -0.0149999997 -3.05107379 2.08579493
    endloop
  endfacet
  facet normal 0 -0.480189741 0.877164602
    outer loop
      vertex -0.0149999997 -3.05788422 2.08206654
      vertex 0.0149999997 -3.05447888 2.08393073
      vertex -0.0149999997 -3.05447888 2.08393073
    endloop
  endfacet
  facet normal 0 -0.480189741 0.877164602
    outer loop
      vertex -0.0149999997 -3.06128955 2.08020234
      vertex 0.0149999997 -3.05788422 2.08206654
      vertex -0.0149999997 -3.05788422 2.08206654
    endloop
  endfacet
  facet normal 0 -0.480189741 0.877164602
    outer loop
      vertex -0.0149999997 -3.06469488 2.07833815
      vertex 0.0149999997 -3.06128955 2.08020234
      vertex -0.0149999997 -3.06128955 2.08020234
    endloop
  endfacet
  facet normal 0 -0.480189741 0.877164602
    outer loop
      vertex -0.0149999997 -3.06810021 2.07647395
      vertex 0.0149999997 -3.06469488 2.07833815
      vertex -0.0149999997 -3.06469488 2.07833815
    endloop
  endfacet
  facet normal 0 -0.480215609 0.877150476
    outer loop
      vertex -0.0149999997 -3.07150531 2.07460976
      vertex 0.0149999997 -3.06810021 2.07647395
      vertex -0.0149999997 -3.06810021 2.07647395
    endloop
  endfacet
  facet normal 0 -0.480189741 0.877164602
    outer loop
      vertex -0.0149999997 -3.07491064 2.07274556
      vertex 0.0149999997 -3.07150531 2.07460976
      vertex -0.0149999997 -3.07150531 2.07460976
    endloop
  endfacet
  facet normal 0 -0.468825102 0.883291006
    outer loop
      vertex -0.0149999997 -3.07831597 2.07093811
      vertex 0.0149999997 -3.07491064 2.07274556
      vertex -0.0149999997 -3.07491064 2.07274556
    endloop
  endfacet
  facet normal 0 -0.462175548 0.886788487
    outer loop
      vertex -0.0149999997 -3.08172131 2.06916332
      vertex 0.0149999997 -3.07831597 2.07093811
      vertex -0.0149999997 -3.07831597 2.07093811
    endloop
  endfacet
  facet normal 0 -0.462152153 0.886800647
    outer loop
      vertex -0.0149999997 -3.0851264 2.06738877
      vertex 0.0149999997 -3.08172131 2.06916332
      vertex -0.0149999997 -3.08172131 2.06916332
    endloop
  endfacet
  facet normal 0 -0.462175548 0.886788487
    outer loop
      vertex -0.0149999997 -3.08853173 2.06561399
      vertex 0.0149999997 -3.0851264 2.06738877
      vertex -0.0149999997 -3.0851264 2.06738877
    endloop
  endfacet
  facet normal 0 -0.462175548 0.886788487
    outer loop
      vertex -0.0149999997 -3.09193707 2.0638392
      vertex 0.0149999997 -3.08853173 2.06561399
      vertex -0.0149999997 -3.08853173 2.06561399
    endloop
  endfacet
  facet normal 0 -0.462175548 0.886788487
    outer loop
      vertex -0.0149999997 -3.0953424 2.06206441
      vertex 0.0149999997 -3.09193707 2.0638392
      vertex -0.0149999997 -3.09193707 2.0638392
    endloop
  endfacet
  facet normal 0 -0.462175548 0.886788487
    outer loop
      vertex -0.0149999997 -3.09874773 2.06028962
      vertex 0.0149999997 -3.0953424 2.06206441
      vertex -0.0149999997 -3.0953424 2.06206441
    endloop
  endfacet
  facet normal 0 -0.462152153 0.886800647
    outer loop
      vertex -0.0149999997 -3.10215282 2.05851507
      vertex 0.0149999997 -3.09874773 2.06028962
      vertex -0.0149999997 -3.09874773 2.06028962
    endloop
  endfacet
  facet normal 0 -0.462175548 0.886788487
    outer loop
      vertex -0.0149999997 -3.10555816 2.05674028
      vertex 0.0149999997 -3.10215282 2.05851507
      vertex -0.0149999997 -3.10215282 2.05851507
    endloop
  endfacet
  facet normal 0 -0.462175548 0.886788487
    outer loop
      vertex -0.0149999997 -3.10896349 2.0549655
      vertex 0.0149999997 -3.10555816 2.05674028
      vertex -0.0149999997 -3.10555816 2.05674028
    endloop
  endfacet
  facet normal 0 -0.462175548 0.886788487
    outer loop
      vertex -0.0149999997 -3.11236882 2.05319071
      vertex 0.0149999997 -3.10896349 2.0549655
      vertex -0.0149999997 -3.10896349 2.0549655
    endloop
  endfacet
  facet normal 0 -0.481489956 0.876451671
    outer loop
      vertex -0.0149999997 -3.11577392 2.05132008
      vertex 0.0149999997 -3.11236882 2.05319071
      vertex -0.0149999997 -3.11236882 2.05319071
    endloop
  endfacet
  facet normal 0 -0.495510101 0.868602216
    outer loop
      vertex -0.0149999997 -3.11917925 2.04937744
      vertex 0.0149999997 -3.11577392 2.05132008
      vertex -0.0149999997 -3.11577392 2.05132008
    endloop
  endfacet
  facet normal 0 -0.495510101 0.868602216
    outer loop
      vertex -0.0149999997 -3.12258458 2.04743481
      vertex 0.0149999997 -3.11917925 2.04937744
      vertex -0.0149999997 -3.11917925 2.04937744
    endloop
  endfacet
  facet normal 0 -0.495510101 0.868602216
    outer loop
      vertex -0.0149999997 -3.12598991 2.04549217
      vertex 0.0149999997 -3.12258458 2.04743481
      vertex -0.0149999997 -3.12258458 2.04743481
    endloop
  endfacet
  facet normal 0 -0.495510101 0.868602216
    outer loop
      vertex -0.0149999997 -3.12939525 2.04354954
      vertex 0.0149999997 -3.12598991 2.04549217
      vertex -0.0149999997 -3.12598991 2.04549217
    endloop
  endfacet
  facet normal 0 -0.495536268 0.868587315
    outer loop
      vertex -0.0149999997 -3.13280034 2.0416069
      vertex 0.0149999997 -3.12939525 2.04354954
      vertex -0.0149999997 -3.12939525 2.04354954
    endloop
  endfacet
  facet normal 0 -0.495510101 0.868602216
    outer loop
      vertex -0.0149999997 -3.13620567 2.03966427
      vertex 0.0149999997 -3.13280034 2.0416069
      vertex -0.0149999997 -3.13280034 2.0416069
    endloop
  endfacet
  facet normal 0 -0.495510101 0.868602216
    outer loop
      vertex -0.0149999997 -3.13961101 2.03772163
      vertex 0.0149999997 -3.13620567 2.03966427
      vertex -0.0149999997 -3.13620567 2.03966427
    endloop
  endfacet
  facet normal 0 -0.478248864 0.878224313
    outer loop
      vertex -0.0149999997 -3.14301634 2.03586721
      vertex 0.0149999997 -3.13961101 2.03772163
      vertex -0.0149999997 -3.13961101 2.03772163
    endloop
  endfacet
  facet normal 0 -0.466481417 0.884531021
    outer loop
      vertex -0.0149999997 -3.14642143 2.03407145
      vertex 0.0149999997 -3.14301634 2.03586721
      vertex -0.0149999997 -3.14301634 2.03586721
    endloop
  endfacet
  facet normal 0 -0.466455847 0.884544432
    outer loop
      vertex -0.0149999997 -3.14982677 2.03227568
      vertex 0.0149999997 -3.14642143 2.03407145
      vertex -0.0149999997 -3.14642143 2.03407145
    endloop
  endfacet
  facet normal 0 -0.466455847 0.884544432
    outer loop
      vertex -0.0149999997 -3.1532321 2.03047991
      vertex 0.0149999997 -3.14982677 2.03227568
      vertex -0.0149999997 -3.14982677 2.03227568
    endloop
  endfacet
  facet normal 0 -0.466455847 0.884544432
    outer loop
      vertex -0.0149999997 -3.15663743 2.02868414
      vertex 0.0149999997 -3.1532321 2.03047991
      vertex -0.0149999997 -3.1532321 2.03047991
    endloop
  endfacet
  facet normal 0 -0.466407388 0.884570003
    outer loop
      vertex -0.0149999997 -3.16004276 2.02688861
      vertex 0.0149999997 -3.15663743 2.02868414
      vertex -0.0149999997 -3.15663743 2.02868414
    endloop
  endfacet
  facet normal 0 -0.466481417 0.884531021
    outer loop
      vertex -0.0149999997 -3.16344786 2.02509284
      vertex 0.0149999997 -3.16004276 2.02688861
      vertex -0.0149999997 -3.16004276 2.02688861
    endloop
  endfacet
  facet normal 0 -0.467907637 0.88377738
    outer loop
      vertex -0.0149999997 -3.16685319 2.02328992
      vertex 0.0149999997 -3.16344786 2.02509284
      vertex -0.0149999997 -3.16344786 2.02509284
    endloop
  endfacet
  facet normal 0 -0.468197525 0.883623838
    outer loop
      vertex -0.0149999997 -3.17025852 2.02148557
      vertex 0.0149999997 -3.16685319 2.02328992
      vertex -0.0149999997 -3.16685319 2.02328992
    endloop
  endfacet
  facet normal 0 -0.468197525 0.883623838
    outer loop
      vertex -0.0149999997 -3.17366385 2.01968122
      vertex 0.0149999997 -3.17025852 2.02148557
      vertex -0.0149999997 -3.17025852 2.02148557
    endloop
  endfacet
  facet normal 0 -0.468271434 0.883584678
    outer loop
      vertex -0.0149999997 -3.17706895 2.01787663
      vertex 0.0149999997 -3.17366385 2.01968122
      vertex -0.0149999997 -3.17366385 2.01968122
    endloop
  endfacet
  facet normal 0 -0.468197525 0.883623838
    outer loop
      vertex -0.0149999997 -3.18047428 2.01607227
      vertex 0.0149999997 -3.17706895 2.01787663
      vertex -0.0149999997 -3.17706895 2.01787663
    endloop
  endfacet
  facet normal 0 -0.468197525 0.883623838
    outer loop
      vertex -0.0149999997 -3.18387961 2.01426792
      vertex 0.0149999997 -3.18047428 2.01607227
      vertex -0.0149999997 -3.18047428 2.01607227
    endloop
  endfacet
  facet normal 0 -0.48909232 0.87223196
    outer loop
      vertex -0.0149999997 -3.18728495 2.01235843
      vertex 0.0149999997 -3.18387961 2.01426792
      vertex -0.0149999997 -3.18387961 2.01426792
    endloop
  endfacet
  facet normal 0 -0.490947396 0.871189117
    outer loop
      vertex -0.0149999997 -3.19069028 2.0104394
      vertex 0.0149999997 -3.18728495 2.01235843
      vertex -0.0149999997 -3.18728495 2.01235843
    endloop
  endfacet
  facet normal 0 -0.490927219 0.871200681
    outer loop
      vertex -0.0149999997 -3.19409537 2.0085206
      vertex 0.0149999997 -3.19069028 2.0104394
      vertex -0.0149999997 -3.19069028 2.0104394
    endloop
  endfacet
  facet normal 0 -0.490947396 0.871189117
    outer loop
      vertex -0.0149999997 -3.19750071 2.00660157
      vertex 0.0149999997 -3.19409537 2.0085206
      vertex -0.0149999997 -3.19409537 2.0085206
    endloop
  endfacet
  facet normal 0 -0.490901083 0.871215284
    outer loop
      vertex -0.0149999997 -3.20090604 2.00468278
      vertex 0.0149999997 -3.19750071 2.00660157
      vertex -0.0149999997 -3.19750071 2.00660157
    endloop
  endfacet
  facet normal 0 -0.489371032 0.872075677
    outer loop
      vertex -0.0149999997 -3.20431137 2.00277185
      vertex 0.0149999997 -3.20090604 2.00468278
      vertex -0.0149999997 -3.20090604 2.00468278
    endloop
  endfacet
  facet normal 0 -0.487743258 0.872987092
    outer loop
      vertex -0.0149999997 -3.2077167 2.00086927
      vertex 0.0149999997 -3.20431137 2.00277185
      vertex -0.0149999997 -3.20431137 2.00277185
    endloop
  endfacet
  facet normal 0 -0.48774603 0.872985661
    outer loop
      vertex -0.0149999997 -3.2111218 1.99896681
      vertex 0.0149999997 -3.2077167 2.00086927
      vertex -0.0149999997 -3.2077167 2.00086927
    endloop
  endfacet
  facet normal 0 -0.487743258 0.872987092
    outer loop
      vertex -0.0149999997 -3.21452713 1.99706423
      vertex 0.0149999997 -3.2111218 1.99896681
      vertex -0.0149999997 -3.2111218 1.99896681
    endloop
  endfacet
  facet normal 0 -0.487720013 0.873000205
    outer loop
      vertex -0.0149999997 -3.21793246 1.99516177
      vertex 0.0149999997 -3.21452713 1.99706423
      vertex -0.0149999997 -3.21452713 1.99706423
    endloop
  endfacet
  facet normal 0 -0.48634395 0.873767376
    outer loop
      vertex -0.0149999997 -3.2213378 1.99326634
      vertex 0.0149999997 -3.21793246 1.99516177
      vertex -0.0149999997 -3.21793246 1.99516177
    endloop
  endfacet
  facet normal 0 -0.477349102 0.878713667
    outer loop
      vertex -0.0149999997 -3.22474289 1.99141657
      vertex 0.0149999997 -3.2213378 1.99326634
      vertex -0.0149999997 -3.2213378 1.99326634
    endloop
  endfacet
  facet normal 0 -0.477299601 0.878740668
    outer loop
      vertex -0.0149999997 -3.22814822 1.98956692
      vertex 0.0149999997 -3.22474289 1.99141657
      vertex -0.0149999997 -3.22474289 1.99141657
    endloop
  endfacet
  facet normal 0 -0.477299601 0.878740668
    outer loop
      vertex -0.0149999997 -3.23155355 1.98771727
      vertex 0.0149999997 -3.22814822 1.98956692
      vertex -0.0149999997 -3.22814822 1.98956692
    endloop
  endfacet
  facet normal 0 -0.477299601 0.878740668
    outer loop
      vertex -0.0149999997 -3.23495889 1.98586762
      vertex 0.0149999997 -3.23155355 1.98771727
      vertex -0.0149999997 -3.23155355 1.98771727
    endloop
  endfacet
  facet normal 0 -0.477299601 0.878740668
    outer loop
      vertex -0.0149999997 -3.23836422 1.98401797
      vertex 0.0149999997 -3.23495889 1.98586762
      vertex -0.0149999997 -3.23495889 1.98586762
    endloop
  endfacet
  facet normal 0 -0.477824003 0.878455639
    outer loop
      vertex -0.0149999997 -3.24176931 1.98216581
      vertex 0.0149999997 -3.23836422 1.98401797
      vertex -0.0149999997 -3.23836422 1.98401797
    endloop
  endfacet
  facet normal 0 -0.478651881 0.878004849
    outer loop
      vertex -0.0149999997 -3.24517465 1.98030937
      vertex 0.0149999997 -3.24176931 1.98216581
      vertex -0.0149999997 -3.24176931 1.98216581
    endloop
  endfacet
  facet normal 0 -0.478651881 0.878004849
    outer loop
      vertex -0.0149999997 -3.24857998 1.97845292
      vertex 0.0149999997 -3.24517465 1.98030937
      vertex -0.0149999997 -3.24517465 1.98030937
    endloop
  endfacet
  facet normal 0 -0.478628159 0.878017664
    outer loop
      vertex -0.0149999997 -3.25198531 1.97659659
      vertex 0.0149999997 -3.24857998 1.97845292
      vertex -0.0149999997 -3.24857998 1.97845292
    endloop
  endfacet
  facet normal 0 -0.47867766 0.877990663
    outer loop
      vertex -0.0149999997 -3.25539041 1.97474015
      vertex 0.0149999997 -3.25198531 1.97659659
      vertex -0.0149999997 -3.25198531 1.97659659
    endloop
  endfacet
  facet normal 0 -0.478651881 0.878004849
    outer loop
      vertex -0.0149999997 -3.25879574 1.9728837
      vertex 0.0149999997 -3.25539041 1.97474015
      vertex -0.0149999997 -3.25539041 1.97474015
    endloop
  endfacet
  facet normal 0 -0.478651881 0.878004849
    outer loop
      vertex -0.0149999997 -3.26220107 1.97102726
      vertex 0.0149999997 -3.25879574 1.9728837
      vertex -0.0149999997 -3.25879574 1.9728837
    endloop
  endfacet
  facet normal 0 -0.479480535 0.877552569
    outer loop
      vertex -0.0149999997 -3.2656064 1.96916664
      vertex 0.0149999997 -3.26220107 1.97102726
      vertex -0.0149999997 -3.26220107 1.97102726
    endloop
  endfacet
  facet normal 0 -0.480142474 0.877190411
    outer loop
      vertex -0.0149999997 -3.26901174 1.96730268
      vertex 0.0149999997 -3.2656064 1.96916664
      vertex -0.0149999997 -3.2656064 1.96916664
    endloop
  endfacet
  facet normal 0 -0.480168402 0.877176404
    outer loop
      vertex -0.0149999997 -3.27241683 1.96543872
      vertex 0.0149999997 -3.26901174 1.96730268
      vertex -0.0149999997 -3.26901174 1.96730268
    endloop
  endfacet
  facet normal 0 -0.480142474 0.877190411
    outer loop
      vertex -0.0149999997 -3.27582216 1.96357477
      vertex 0.0149999997 -3.27241683 1.96543872
      vertex -0.0149999997 -3.27241683 1.96543872
    endloop
  endfacet
  facet normal 0 -0.480142474 0.877190411
    outer loop
      vertex -0.0149999997 -3.2792275 1.96171081
      vertex 0.0149999997 -3.27582216 1.96357477
      vertex -0.0149999997 -3.27582216 1.96357477
    endloop
  endfacet
  facet normal 0 -0.480118841 0.877203405
    outer loop
      vertex -0.0149999997 -3.28263283 1.95984697
      vertex 0.0149999997 -3.2792275 1.96171081
      vertex -0.0149999997 -3.2792275 1.96171081
    endloop
  endfacet
  facet normal 0 -0.480168402 0.877176404
    outer loop
      vertex -0.0149999997 -3.28603792 1.95798302
      vertex 0.0149999997 -3.28263283 1.95984697
      vertex -0.0149999997 -3.28263283 1.95984697
    endloop
  endfacet
  facet normal 0 -0.438331246 0.898813426
    outer loop
      vertex -0.0149999997 -3.28944325 1.95632231
      vertex 0.0149999997 -3.28603792 1.95798302
      vertex -0.0149999997 -3.28603792 1.95798302
    endloop
  endfacet
  facet normal 0 -0.372471482 0.928043664
    outer loop
      vertex -0.0149999997 -3.29284859 1.95495558
      vertex 0.0149999997 -3.28944325 1.95632231
      vertex -0.0149999997 -3.28944325 1.95632231
    endloop
  endfacet
  facet normal 0 -0.372471482 0.928043664
    outer loop
      vertex -0.0149999997 -3.29625392 1.95358884
      vertex 0.0149999997 -3.29284859 1.95495558
      vertex -0.0149999997 -3.29284859 1.95495558
    endloop
  endfacet
  facet normal 0 -0.372499436 0.928032398
    outer loop
      vertex -0.0149999997 -3.29965925 1.95222199
      vertex 0.0149999997 -3.29625392 1.95358884
      vertex -0.0149999997 -3.29625392 1.95358884
    endloop
  endfacet
  facet normal 0 -0.372493953 0.928034663
    outer loop
      vertex -0.0149999997 -3.30306435 1.95085526
      vertex 0.0149999997 -3.29965925 1.95222199
      vertex -0.0149999997 -3.29965925 1.95222199
    endloop
  endfacet
  facet normal 0 -0.372471482 0.928043664
    outer loop
      vertex -0.0149999997 -3.30646968 1.94948852
      vertex 0.0149999997 -3.30306435 1.95085526
      vertex -0.0149999997 -3.30306435 1.95085526
    endloop
  endfacet
  facet normal 0 -0.372499436 0.928032398
    outer loop
      vertex -0.0149999997 -3.30987501 1.94812167
      vertex 0.0149999997 -3.30646968 1.94948852
      vertex -0.0149999997 -3.30646968 1.94948852
    endloop
  endfacet
  facet normal 0 -0.372471482 0.928043664
    outer loop
      vertex -0.0149999997 -3.31328034 1.94675493
      vertex 0.0149999997 -3.30987501 1.94812167
      vertex -0.0149999997 -3.30987501 1.94812167
    endloop
  endfacet
  facet normal 0 -0.363572896 0.931565821
    outer loop
      vertex -0.0149999997 -3.31668544 1.94542599
      vertex 0.0149999997 -3.31328034 1.94675493
      vertex -0.0149999997 -3.31328034 1.94675493
    endloop
  endfacet
  facet normal 0 -0.351374835 0.936234832
    outer loop
      vertex -0.0149999997 -3.32009077 1.94414794
      vertex 0.0149999997 -3.31668544 1.94542599
      vertex -0.0149999997 -3.31668544 1.94542599
    endloop
  endfacet
  facet normal 0 -0.351374835 0.936234832
    outer loop
      vertex -0.0149999997 -3.3234961 1.9428699
      vertex 0.0149999997 -3.32009077 1.94414794
      vertex -0.0149999997 -3.32009077 1.94414794
    endloop
  endfacet
  facet normal 0 -0.351374835 0.936234832
    outer loop
      vertex -0.0149999997 -3.32690144 1.94159186
      vertex 0.0149999997 -3.3234961 1.9428699
      vertex -0.0149999997 -3.3234961 1.9428699
    endloop
  endfacet
  facet normal 0 -0.351346165 0.93624568
    outer loop
      vertex -0.0149999997 -3.33030677 1.94031394
      vertex 0.0149999997 -3.32690144 1.94159186
      vertex -0.0149999997 -3.32690144 1.94159186
    endloop
  endfacet
  facet normal 0 -0.351396412 0.936226726
    outer loop
      vertex -0.0149999997 -3.33371186 1.93903589
      vertex 0.0149999997 -3.33030677 1.94031394
      vertex -0.0149999997 -3.33030677 1.94031394
    endloop
  endfacet
  facet normal 0 -0.351374835 0.936234832
    outer loop
      vertex -0.0149999997 -3.3371172 1.93775785
      vertex 0.0149999997 -3.33371186 1.93903589
      vertex -0.0149999997 -3.33371186 1.93903589
    endloop
  endfacet
  facet normal 0 -0.351346165 0.93624568
    outer loop
      vertex -0.0149999997 -3.34052253 1.93647993
      vertex 0.0149999997 -3.3371172 1.93775785
      vertex -0.0149999997 -3.3371172 1.93775785
    endloop
  endfacet
  facet normal 0 -0.370482296 0.928839505
    outer loop
      vertex -0.0149999997 -3.34392786 1.93512166
      vertex 0.0149999997 -3.34052253 1.93647993
      vertex -0.0149999997 -3.34052253 1.93647993
    endloop
  endfacet
  facet normal 0 -0.419205308 0.907891512
    outer loop
      vertex -0.0149999997 -3.34733295 1.9335494
      vertex 0.0149999997 -3.34392786 1.93512166
      vertex -0.0149999997 -3.34392786 1.93512166
    endloop
  endfacet
  facet normal 0 -0.419154912 0.907914758
    outer loop
      vertex -0.0149999997 -3.35073829 1.93197727
      vertex 0.0149999997 -3.34733295 1.9335494
      vertex -0.0149999997 -3.34733295 1.9335494
    endloop
  endfacet
  facet normal 0 -0.419154912 0.907914758
    outer loop
      vertex -0.0149999997 -3.35414362 1.93040514
      vertex 0.0149999997 -3.35073829 1.93197727
      vertex -0.0149999997 -3.35073829 1.93197727
    endloop
  endfacet
  facet normal 0 -0.419154912 0.907914758
    outer loop
      vertex -0.0149999997 -3.35754895 1.92883301
      vertex 0.0149999997 -3.35414362 1.93040514
      vertex -0.0149999997 -3.35414362 1.93040514
    endloop
  endfacet
  facet normal 0 -0.419154912 0.907914758
    outer loop
      vertex -0.0149999997 -3.36095428 1.92726088
      vertex 0.0149999997 -3.35754895 1.92883301
      vertex -0.0149999997 -3.35754895 1.92883301
    endloop
  endfacet
  facet normal 0 -0.419179112 0.907903552
    outer loop
      vertex -0.0149999997 -3.36435938 1.92568874
      vertex 0.0149999997 -3.36095428 1.92726088
      vertex -0.0149999997 -3.36095428 1.92726088
    endloop
  endfacet
  facet normal 0 -0.419154912 0.907914758
    outer loop
      vertex -0.0149999997 -3.36776471 1.92411661
      vertex 0.0149999997 -3.36435938 1.92568874
      vertex -0.0149999997 -3.36435938 1.92568874
    endloop
  endfacet
  facet normal 0 -0.421378076 0.906885087
    outer loop
      vertex -0.0149999997 -3.37117004 1.92253435
      vertex 0.0149999997 -3.36776471 1.92411661
      vertex -0.0149999997 -3.36776471 1.92411661
    endloop
  endfacet
  facet normal 0 -0.453715473 0.89114666
    outer loop
      vertex -0.0149999997 -3.37457538 1.92080057
      vertex 0.0149999997 -3.37117004 1.92253435
      vertex -0.0149999997 -3.37117004 1.92253435
    endloop
  endfacet
  facet normal 0 -0.453690678 0.891159236
    outer loop
      vertex -0.0149999997 -3.37798071 1.91906691
      vertex 0.0149999997 -3.37457538 1.92080057
      vertex -0.0149999997 -3.37457538 1.92080057
    endloop
  endfacet
  facet normal 0 -0.45371592 0.891146421
    outer loop
      vertex -0.0149999997 -3.3813858 1.91733325
      vertex 0.0149999997 -3.37798071 1.91906691
      vertex -0.0149999997 -3.37798071 1.91906691
    endloop
  endfacet
  facet normal 0 -0.453715473 0.89114666
    outer loop
      vertex -0.0149999997 -3.38479114 1.91559947
      vertex 0.0149999997 -3.3813858 1.91733325
      vertex -0.0149999997 -3.3813858 1.91733325
    endloop
  endfacet
  facet normal 0 -0.453690678 0.891159236
    outer loop
      vertex -0.0149999997 -3.38819647 1.9138658
      vertex 0.0149999997 -3.38479114 1.91559947
      vertex -0.0149999997 -3.38479114 1.91559947
    endloop
  endfacet
  facet normal 0 -0.453690678 0.891159236
    outer loop
      vertex -0.0149999997 -3.3916018 1.91213214
      vertex 0.0149999997 -3.38819647 1.9138658
      vertex -0.0149999997 -3.38819647 1.9138658
    endloop
  endfacet
  facet normal 0 -0.45371592 0.891146421
    outer loop
      vertex -0.0149999997 -3.3950069 1.91039848
      vertex 0.0149999997 -3.3916018 1.91213214
      vertex -0.0149999997 -3.3916018 1.91213214
    endloop
  endfacet
  facet normal 0 -0.456039608 0.889959514
    outer loop
      vertex -0.0149999997 -3.39841223 1.9086535
      vertex 0.0149999997 -3.3950069 1.91039848
      vertex -0.0149999997 -3.3950069 1.91039848
    endloop
  endfacet
  facet normal 0 -0.536741674 0.843746603
    outer loop
      vertex -0.0149999997 -3.40181756 1.90648723
      vertex 0.0149999997 -3.39841223 1.9086535
      vertex -0.0149999997 -3.39841223 1.9086535
    endloop
  endfacet
  facet normal 0 -0.536741674 0.843746603
    outer loop
      vertex -0.0149999997 -3.40522289 1.90432096
      vertex 0.0149999997 -3.40181756 1.90648723
      vertex -0.0149999997 -3.40181756 1.90648723
    endloop
  endfacet
  facet normal 0 -0.536741674 0.843746603
    outer loop
      vertex -0.0149999997 -3.40862823 1.90215468
      vertex 0.0149999997 -3.40522289 1.90432096
      vertex -0.0149999997 -3.40522289 1.90432096
    endloop
  endfacet
  facet normal 0 -0.536768496 0.843729615
    outer loop
      vertex -0.0149999997 -3.41203332 1.89998841
      vertex 0.0149999997 -3.40862823 1.90215468
      vertex -0.0149999997 -3.40862823 1.90215468
    endloop
  endfacet
  facet normal 0 -0.536741674 0.843746603
    outer loop
      vertex -0.0149999997 -3.41543865 1.89782214
      vertex 0.0149999997 -3.41203332 1.89998841
      vertex -0.0149999997 -3.41203332 1.89998841
    endloop
  endfacet
  facet normal 0 -0.536741674 0.843746603
    outer loop
      vertex -0.0149999997 -3.41884398 1.89565587
      vertex 0.0149999997 -3.41543865 1.89782214
      vertex -0.0149999997 -3.41543865 1.89782214
    endloop
  endfacet
  facet normal 0 -0.539717495 0.841846168
    outer loop
      vertex -0.0149999997 -3.42224932 1.89347267
      vertex 0.0149999997 -3.41884398 1.89565587
      vertex -0.0149999997 -3.41884398 1.89565587
    endloop
  endfacet
  facet normal 0 -0.550898373 0.834572375
    outer loop
      vertex -0.0149999997 -3.42565441 1.89122498
      vertex 0.0149999997 -3.42224932 1.89347267
      vertex -0.0149999997 -3.42224932 1.89347267
    endloop
  endfacet
  facet normal 0 -0.550891876 0.834576607
    outer loop
      vertex -0.0149999997 -3.42905974 1.88897717
      vertex 0.0149999997 -3.42565441 1.89122498
      vertex -0.0149999997 -3.42565441 1.89122498
    endloop
  endfacet
  facet normal 0 -0.550871551 0.834590137
    outer loop
      vertex -0.0149999997 -3.43246508 1.88672948
      vertex 0.0149999997 -3.42905974 1.88897717
      vertex -0.0149999997 -3.42905974 1.88897717
    endloop
  endfacet
  facet normal 0 -0.550891876 0.834576607
    outer loop
      vertex -0.0149999997 -3.43587041 1.88448167
      vertex 0.0149999997 -3.43246508 1.88672948
      vertex -0.0149999997 -3.43246508 1.88672948
    endloop
  endfacet
  facet normal 0 -0.551644146 0.834079623
    outer loop
      vertex -0.0149999997 -3.43927574 1.88222945
      vertex 0.0149999997 -3.43587041 1.88448167
      vertex -0.0149999997 -3.43587041 1.88448167
    endloop
  endfacet
  facet normal 0 -0.586262822 0.81012094
    outer loop
      vertex -0.0149999997 -3.44268084 1.87976527
      vertex 0.0149999997 -3.43927574 1.88222945
      vertex -0.0149999997 -3.43927574 1.88222945
    endloop
  endfacet
  facet normal 0 -0.586235881 0.810140491
    outer loop
      vertex -0.0149999997 -3.44608617 1.8773011
      vertex 0.0149999997 -3.44268084 1.87976527
      vertex -0.0149999997 -3.44268084 1.87976527
    endloop
  endfacet
  facet normal 0 -0.586235881 0.810140491
    outer loop
      vertex -0.0149999997 -3.4494915 1.87483692
      vertex 0.0149999997 -3.44608617 1.8773011
      vertex -0.0149999997 -3.44608617 1.8773011
    endloop
  endfacet
  facet normal 0 -0.725211263 0.688526511
    outer loop
      vertex -0.0149999997 -3.45289683 1.87125015
      vertex 0.0149999997 -3.4494915 1.87483692
      vertex -0.0149999997 -3.4494915 1.87483692
    endloop
  endfacet
  facet normal 0 -0.876974642 0.480536789
    outer loop
      vertex -0.0149999997 -3.45630193 1.86503589
      vertex 0.0149999997 -3.45289683 1.87125015
      vertex -0.0149999997 -3.45289683 1.87125015
    endloop
  endfacet
  facet normal 0 -0.778015614 0.628244936
    outer loop
      vertex -0.0149999997 -3.45970726 1.86081874
      vertex 0.0149999997 -3.45630193 1.86503589
      vertex -0.0149999997 -3.45630193 1.86503589
    endloop
  endfacet
  facet normal 0 -0.778015614 0.628244936
    outer loop
      vertex -0.0149999997 -3.46311259 1.8566016
      vertex 0.0149999997 -3.45970726 1.86081874
      vertex -0.0149999997 -3.45970726 1.86081874
    endloop
  endfacet
  facet normal 0 -1 0
    outer loop
      vertex -0.0149999997 -3.46311259 1.81802428
      vertex 0.0149999997 -3.46311259 1.8566016
      vertex -0.0149999997 -3.46311259 1.8566016
    endloop
  endfacet
  facet normal -1 0 0
    outer loop
      vertex -0.0149999997 -1.95797884 1.45193684
      vertex -0.0149999997 -1.96138406 1.45382023
      vertex -0.0149999997 -1.9818157 1.46727741
    endloop
  endfacet
  facet normal 1 -0 -0
    outer loop
      vertex 0.0149999997 -1.95797884 1.45193684
      vertex 0.0149999997 -1.95457351 1.45005357
      vertex 0.0149999997 -1.9818157 1.46727741
    endloop
  endfacet
  facet normal 0 -0.933128774 -0.359542429
    outer loop
      vertex -0.0149999997 -3.45970726 1.80918634
      vertex 0.0149999997 -3.45970726 1.80918634
      vertex 0.0149999997 -3.46311259 1.81802428
    endloop
  endfacet
  facet normal 0 -0.933130324 -0.359538198
    outer loop
      vertex -0.0149999997 -3.45630193 1.80034828
      vertex 0.0149999997 -3.45630193 1.80034828
      vertex 0.0149999997 -3.45970726 1.80918634
    endloop
  endfacet
  facet normal 0 -0.948141158 -0.317849725
    outer loop
      vertex -0.0149999997 -3.45289683 1.79019094
      vertex 0.0149999997 -3.45289683 1.79019094
      vertex 0.0149999997 -3.45630193 1.80034828
    endloop
  endfacet
  facet normal 0 -0.948134482 -0.317869753
    outer loop
      vertex -0.0149999997 -3.4494915 1.78003359
      vertex 0.0149999997 -3.4494915 1.78003359
      vertex 0.0149999997 -3.45289683 1.79019094
    endloop
  endfacet
  facet normal 0 -0.948135555 -0.317866385
    outer loop
      vertex -0.0149999997 -3.44608617 1.76987612
      vertex 0.0149999997 -3.44608617 1.76987612
      vertex 0.0149999997 -3.4494915 1.78003359
    endloop
  endfacet
  facet normal 0 -0.948134482 -0.317869753
    outer loop
      vertex -0.0149999997 -3.44268084 1.75971878
      vertex 0.0149999997 -3.44268084 1.75971878
      vertex 0.0149999997 -3.44608617 1.76987612
    endloop
  endfacet
  facet normal 0 -0.937991798 -0.346657336
    outer loop
      vertex -0.0149999997 -3.43927574 1.75050521
      vertex 0.0149999997 -3.43927574 1.75050521
      vertex 0.0149999997 -3.44268084 1.75971878
    endloop
  endfacet
  facet normal 0 -0.827765107 -0.561074853
    outer loop
      vertex -0.0149999997 -3.43587041 1.74548125
      vertex 0.0149999997 -3.43587041 1.74548125
      vertex 0.0149999997 -3.43927574 1.75050521
    endloop
  endfacet
  facet normal 0 -0.808306277 -0.588762224
    outer loop
      vertex -0.0149999997 -3.43246508 1.7408061
      vertex 0.0149999997 -3.43246508 1.7408061
      vertex 0.0149999997 -3.43587041 1.74548125
    endloop
  endfacet
  facet normal 0 -0.640025616 -0.768353522
    outer loop
      vertex -0.0149999997 -3.42905974 1.73796952
      vertex 0.0149999997 -3.42905974 1.73796952
      vertex 0.0149999997 -3.43246508 1.7408061
    endloop
  endfacet
  facet normal 0 -0.604514658 -0.796594024
    outer loop
      vertex -0.0149999997 -3.42565441 1.7353853
      vertex 0.0149999997 -3.42565441 1.7353853
      vertex 0.0149999997 -3.42905974 1.73796952
    endloop
  endfacet
  facet normal 0 -0.0875355378 -0.996161401
    outer loop
      vertex -0.0149999997 -3.42224932 1.73508608
      vertex 0.0149999997 -3.42224932 1.73508608
      vertex 0.0149999997 -3.42565441 1.7353853
    endloop
  endfacet
  facet normal 0 -0.128519878 -0.991706908
    outer loop
      vertex -0.0149999997 -3.41884398 1.73464477
      vertex 0.0149999997 -3.41884398 1.73464477
      vertex 0.0149999997 -3.42224932 1.73508608
    endloop
  endfacet
  facet normal 0 -0.941707551 -0.336432636
    outer loop
      vertex -0.0149999997 -3.41543865 1.72511292
      vertex 0.0149999997 -3.41543865 1.72511292
      vertex 0.0149999997 -3.41884398 1.73464477
    endloop
  endfacet
  facet normal 0 -0.941706181 -0.336436361
    outer loop
      vertex -0.0149999997 -3.41203332 1.71558118
      vertex 0.0149999997 -3.41203332 1.71558118
      vertex 0.0149999997 -3.41543865 1.72511292
    endloop
  endfacet
  facet normal 0 -0.941715002 -0.336411744
    outer loop
      vertex -0.0149999997 -3.40862823 1.70604932
      vertex 0.0149999997 -3.40862823 1.70604932
      vertex 0.0149999997 -3.41203332 1.71558118
    endloop
  endfacet
  facet normal 0 -0.721302986 -0.692619622
    outer loop
      vertex -0.0149999997 -3.40522289 1.70250297
      vertex 0.0149999997 -3.40522289 1.70250297
      vertex 0.0149999997 -3.40862823 1.70604932
    endloop
  endfacet
  facet normal 0 -0.335893542 -0.941900015
    outer loop
      vertex -0.0149999997 -3.40181756 1.70128858
      vertex 0.0149999997 -3.40181756 1.70128858
      vertex 0.0149999997 -3.40522289 1.70250297
    endloop
  endfacet
  facet normal 0 -0.335893542 -0.941900015
    outer loop
      vertex -0.0149999997 -3.39841223 1.7000742
      vertex 0.0149999997 -3.39841223 1.7000742
      vertex 0.0149999997 -3.40181756 1.70128858
    endloop
  endfacet
  facet normal 0 -0.335922778 -0.941889524
    outer loop
      vertex -0.0149999997 -3.3950069 1.69885969
      vertex 0.0149999997 -3.3950069 1.69885969
      vertex 0.0149999997 -3.39841223 1.7000742
    endloop
  endfacet
  facet normal 0 -0.335914403 -0.941892505
    outer loop
      vertex -0.0149999997 -3.3916018 1.69764531
      vertex 0.0149999997 -3.3916018 1.69764531
      vertex 0.0149999997 -3.3950069 1.69885969
    endloop
  endfacet
  facet normal 0 -0.335893542 -0.941900015
    outer loop
      vertex -0.0149999997 -3.38819647 1.69643092
      vertex 0.0149999997 -3.38819647 1.69643092
      vertex 0.0149999997 -3.3916018 1.69764531
    endloop
  endfacet
  facet normal 0 -0.335893542 -0.941900015
    outer loop
      vertex -0.0149999997 -3.38479114 1.69521654
      vertex 0.0149999997 -3.38479114 1.69521654
      vertex 0.0149999997 -3.38819647 1.69643092
    endloop
  endfacet
  facet normal 0 -0.335922778 -0.941889524
    outer loop
      vertex -0.0149999997 -3.3813858 1.69400203
      vertex 0.0149999997 -3.3813858 1.69400203
      vertex 0.0149999997 -3.38479114 1.69521654
    endloop
  endfacet
  facet normal 0 -0.335914403 -0.941892505
    outer loop
      vertex -0.0149999997 -3.37798071 1.69278765
      vertex 0.0149999997 -3.37798071 1.69278765
      vertex 0.0149999997 -3.3813858 1.69400203
    endloop
  endfacet
  facet normal 0 -0.335893542 -0.941900015
    outer loop
      vertex -0.0149999997 -3.37457538 1.69157326
      vertex 0.0149999997 -3.37457538 1.69157326
      vertex 0.0149999997 -3.37798071 1.69278765
    endloop
  endfacet
  facet normal 0 -0.335893542 -0.941900015
    outer loop
      vertex -0.0149999997 -3.37117004 1.69035888
      vertex 0.0149999997 -3.37117004 1.69035888
      vertex 0.0149999997 -3.37457538 1.69157326
    endloop
  endfacet
  facet normal 0 -0.335922778 -0.941889524
    outer loop
      vertex -0.0149999997 -3.36776471 1.68914437
      vertex 0.0149999997 -3.36776471 1.68914437
      vertex 0.0149999997 -3.37117004 1.69035888
    endloop
  endfacet
  facet normal 0 -0.335893542 -0.941900015
    outer loop
      vertex -0.0149999997 -3.36435938 1.68792999
      vertex 0.0149999997 -3.36435938 1.68792999
      vertex 0.0149999997 -3.36776471 1.68914437
    endloop
  endfacet
  facet normal 0 -0.107378624 -0.99421823
    outer loop
      vertex -0.0149999997 -3.36095428 1.68756223
      vertex 0.0149999997 -3.36095428 1.68756223
      vertex 0.0149999997 -3.36435938 1.68792999
    endloop
  endfacet
  facet normal 0 0 -1
    outer loop
      vertex -0.0149999997 -3.35754895 1.68756223
      vertex 0.0149999997 -3.35754895 1.68756223
      vertex 0.0149999997 -3.36095428 1.68756223
    endloop
  endfacet
  facet normal 0 0 -1
    outer loop
      vertex -0.0149999997 -3.35414362 1.68756223
      vertex 0.0149999997 -3.35414362 1.68756223
      vertex 0.0149999997 -3.35754895 1.68756223
    endloop
  endfacet
  facet normal 0 0.127358764 -0.991856754
    outer loop
      vertex -0.0149999997 -3.35073829 1.68799949
      vertex 0.0149999997 -3.35073829 1.68799949
      vertex 0.0149999997 -3.35414362 1.68756223
    endloop
  endfacet
  facet normal 0 0.127358764 -0.991856754
    outer loop
      vertex -0.0149999997 -3.34733295 1.68843675
      vertex 0.0149999997 -3.34733295 1.68843675
      vertex 0.0149999997 -3.35073829 1.68799949
    endloop
  endfacet
  facet normal 0 0.127367526 -0.991855502
    outer loop
      vertex -0.0149999997 -3.34392786 1.68887401
      vertex 0.0149999997 -3.34392786 1.68887401
      vertex 0.0149999997 -3.34733295 1.68843675
    endloop
  endfacet
  facet normal 0 0.127358764 -0.991856754
    outer loop
      vertex -0.0149999997 -3.34052253 1.68931127
      vertex 0.0149999997 -3.34052253 1.68931127
      vertex 0.0149999997 -3.34392786 1.68887401
    endloop
  endfacet
  facet normal 0 0.127358764 -0.991856754
    outer loop
      vertex -0.0149999997 -3.3371172 1.68974853
      vertex 0.0149999997 -3.3371172 1.68974853
      vertex 0.0149999997 -3.34052253 1.68931127
    endloop
  endfacet
  facet normal 0 0.127358764 -0.991856754
    outer loop
      vertex -0.0149999997 -3.33371186 1.69018579
      vertex 0.0149999997 -3.33371186 1.69018579
      vertex 0.0149999997 -3.3371172 1.68974853
    endloop
  endfacet
  facet normal 0 0.127367526 -0.991855502
    outer loop
      vertex -0.0149999997 -3.33030677 1.69062304
      vertex 0.0149999997 -3.33030677 1.69062304
      vertex 0.0149999997 -3.33371186 1.69018579
    endloop
  endfacet
  facet normal 0 0.127358764 -0.991856754
    outer loop
      vertex -0.0149999997 -3.32690144 1.6910603
      vertex 0.0149999997 -3.32690144 1.6910603
      vertex 0.0149999997 -3.33030677 1.69062304
    endloop
  endfacet
  facet normal 0 0.127324596 -0.991861105
    outer loop
      vertex -0.0149999997 -3.3234961 1.69149745
      vertex 0.0149999997 -3.3234961 1.69149745
      vertex 0.0149999997 -3.32690144 1.6910603
    endloop
  endfacet
  facet normal 0 0.12650466 -0.99196595
    outer loop
      vertex -0.0149999997 -3.32009077 1.69193172
      vertex 0.0149999997 -3.32009077 1.69193172
      vertex 0.0149999997 -3.3234961 1.69149745
    endloop
  endfacet
  facet normal 0 0.0468922742 -0.998899877
    outer loop
      vertex -0.0149999997 -3.31668544 1.69209158
      vertex 0.0149999997 -3.31668544 1.69209158
      vertex 0.0149999997 -3.32009077 1.69193172
    endloop
  endfacet
  facet normal 0 0.0468955562 -0.998899758
    outer loop
      vertex -0.0149999997 -3.31328034 1.69225144
      vertex 0.0149999997 -3.31328034 1.69225144
      vertex 0.0149999997 -3.31668544 1.69209158
    endloop
  endfacet
  facet normal 0 0.0468922742 -0.998899877
    outer loop
      vertex -0.0149999997 -3.30987501 1.6924113
      vertex 0.0149999997 -3.30987501 1.6924113
      vertex 0.0149999997 -3.31328034 1.69225144
    endloop
  endfacet
  facet normal 0 0.0468922742 -0.998899877
    outer loop
      vertex -0.0149999997 -3.30646968 1.69257116
      vertex 0.0149999997 -3.30646968 1.69257116
      vertex 0.0149999997 -3.30987501 1.6924113
    endloop
  endfacet
  facet normal 0 0.0468922742 -0.998899877
    outer loop
      vertex -0.0149999997 -3.30306435 1.69273102
      vertex 0.0149999997 -3.30306435 1.69273102
      vertex 0.0149999997 -3.30646968 1.69257116
    endloop
  endfacet
  facet normal 0 0.0468955562 -0.998899758
    outer loop
      vertex -0.0149999997 -3.29965925 1.69289088
      vertex 0.0149999997 -3.29965925 1.69289088
      vertex 0.0149999997 -3.30306435 1.69273102
    endloop
  endfacet
  facet normal 0 0.0468922742 -0.998899877
    outer loop
      vertex -0.0149999997 -3.29625392 1.69305074
      vertex 0.0149999997 -3.29625392 1.69305074
      vertex 0.0149999997 -3.29965925 1.69289088
    endloop
  endfacet
  facet normal 0 0.0468922742 -0.998899877
    outer loop
      vertex -0.0149999997 -3.29284859 1.6932106
      vertex 0.0149999997 -3.29284859 1.6932106
      vertex 0.0149999997 -3.29625392 1.69305074
    endloop
  endfacet
  facet normal 0 0.222099081 -0.975024164
    outer loop
      vertex -0.0149999997 -3.28944325 1.6939863
      vertex 0.0149999997 -3.28944325 1.6939863
      vertex 0.0149999997 -3.29284859 1.6932106
    endloop
  endfacet
  facet normal 0 0.224530622 -0.97446698
    outer loop
      vertex -0.0149999997 -3.28603792 1.69477093
      vertex 0.0149999997 -3.28603792 1.69477093
      vertex 0.0149999997 -3.28944325 1.6939863
    endloop
  endfacet
  facet normal 0 0.224577948 -0.974456131
    outer loop
      vertex -0.0149999997 -3.28263283 1.69555569
      vertex 0.0149999997 -3.28263283 1.69555569
      vertex 0.0149999997 -3.28603792 1.69477093
    endloop
  endfacet
  facet normal 0 0.224530622 -0.97446698
    outer loop
      vertex -0.0149999997 -3.2792275 1.69634032
      vertex 0.0149999997 -3.2792275 1.69634032
      vertex 0.0149999997 -3.28263283 1.69555569
    endloop
  endfacet
  facet normal 0 0.224530622 -0.97446698
    outer loop
      vertex -0.0149999997 -3.27582216 1.69712496
      vertex 0.0149999997 -3.27582216 1.69712496
      vertex 0.0149999997 -3.2792275 1.69634032
    endloop
  endfacet
  facet normal 0 0.224530622 -0.97446698
    outer loop
      vertex -0.0149999997 -3.27241683 1.69790959
      vertex 0.0149999997 -3.27241683 1.69790959
      vertex 0.0149999997 -3.27582216 1.69712496
    endloop
  endfacet
  facet normal 0 0.224577948 -0.974456131
    outer loop
      vertex -0.0149999997 -3.26901174 1.69869435
      vertex 0.0149999997 -3.26901174 1.69869435
      vertex 0.0149999997 -3.27241683 1.69790959
    endloop
  endfacet
  facet normal 0 0.306101948 -0.95199877
    outer loop
      vertex -0.0149999997 -3.2656064 1.69978929
      vertex 0.0149999997 -3.2656064 1.69978929
      vertex 0.0149999997 -3.26901174 1.69869435
    endloop
  endfacet
  facet normal 0 0.307882369 -0.95142442
    outer loop
      vertex -0.0149999997 -3.26220107 1.70089126
      vertex 0.0149999997 -3.26220107 1.70089126
      vertex 0.0149999997 -3.2656064 1.69978929
    endloop
  endfacet
  facet normal 0 0.307882369 -0.95142442
    outer loop
      vertex -0.0149999997 -3.25879574 1.70199323
      vertex 0.0149999997 -3.25879574 1.70199323
      vertex 0.0149999997 -3.26220107 1.70089126
    endloop
  endfacet
  facet normal 0 0.307882369 -0.95142442
    outer loop
      vertex -0.0149999997 -3.25539041 1.7030952
      vertex 0.0149999997 -3.25539041 1.7030952
      vertex 0.0149999997 -3.25879574 1.70199323
    endloop
  endfacet
  facet normal 0 0.307901859 -0.951418042
    outer loop
      vertex -0.0149999997 -3.25198531 1.70419717
      vertex 0.0149999997 -3.25198531 1.70419717
      vertex 0.0149999997 -3.25539041 1.7030952
    endloop
  endfacet
  facet normal 0 0.307882369 -0.95142442
    outer loop
      vertex -0.0149999997 -3.24857998 1.70529914
      vertex 0.0149999997 -3.24857998 1.70529914
      vertex 0.0149999997 -3.25198531 1.70419717
    endloop
  endfacet
  facet normal 0 0.307882369 -0.95142442
    outer loop
      vertex -0.0149999997 -3.24517465 1.70640111
      vertex 0.0149999997 -3.24517465 1.70640111
      vertex 0.0149999997 -3.24857998 1.70529914
    endloop
  endfacet
  facet normal 0 0.307882369 -0.95142442
    outer loop
      vertex -0.0149999997 -3.24176931 1.70750308
      vertex 0.0149999997 -3.24176931 1.70750308
      vertex 0.0149999997 -3.24517465 1.70640111
    endloop
  endfacet
  facet normal 0 0.305940121 -0.952050745
    outer loop
      vertex -0.0149999997 -3.23836422 1.7085973
      vertex 0.0149999997 -3.23836422 1.7085973
      vertex 0.0149999997 -3.24176931 1.70750308
    endloop
  endfacet
  facet normal 0 0.299313247 -0.954154909
    outer loop
      vertex -0.0149999997 -3.23495889 1.70966554
      vertex 0.0149999997 -3.23495889 1.70966554
      vertex 0.0149999997 -3.23836422 1.7085973
    endloop
  endfacet
  facet normal 0 0.299343675 -0.954145432
    outer loop
      vertex -0.0149999997 -3.23155355 1.71073389
      vertex 0.0149999997 -3.23155355 1.71073389
      vertex 0.0149999997 -3.23495889 1.70966554
    endloop
  endfacet
  facet normal 0 0.299313247 -0.954154909
    outer loop
      vertex -0.0149999997 -3.22814822 1.71180212
      vertex 0.0149999997 -3.22814822 1.71180212
      vertex 0.0149999997 -3.23155355 1.71073389
    endloop
  endfacet
  facet normal 0 0.299313247 -0.954154909
    outer loop
      vertex -0.0149999997 -3.22474289 1.71287036
      vertex 0.0149999997 -3.22474289 1.71287036
      vertex 0.0149999997 -3.22814822 1.71180212
    endloop
  endfacet
  facet normal 0 0.299362719 -0.954139411
    outer loop
      vertex -0.0149999997 -3.2213378 1.71393871
      vertex 0.0149999997 -3.2213378 1.71393871
      vertex 0.0149999997 -3.22474289 1.71287036
    endloop
  endfacet
  facet normal 0 0.299313247 -0.954154909
    outer loop
      vertex -0.0149999997 -3.21793246 1.71500695
      vertex 0.0149999997 -3.21793246 1.71500695
      vertex 0.0149999997 -3.2213378 1.71393871
    endloop
  endfacet
  facet normal 0 0.299343675 -0.954145432
    outer loop
      vertex -0.0149999997 -3.21452713 1.7160753
      vertex 0.0149999997 -3.21452713 1.7160753
      vertex 0.0149999997 -3.21793246 1.71500695
    endloop
  endfacet
  facet normal 0 0.299313247 -0.954154909
    outer loop
      vertex -0.0149999997 -3.2111218 1.71714354
      vertex 0.0149999997 -3.2111218 1.71714354
      vertex 0.0149999997 -3.21452713 1.7160753
    endloop
  endfacet
  facet normal 0 0.299362719 -0.954139411
    outer loop
      vertex -0.0149999997 -3.2077167 1.71821189
      vertex 0.0149999997 -3.2077167 1.71821189
      vertex 0.0149999997 -3.2111218 1.71714354
    endloop
  endfacet
  facet normal 0 0.299313247 -0.954154909
    outer loop
      vertex -0.0149999997 -3.20431137 1.71928012
      vertex 0.0149999997 -3.20431137 1.71928012
      vertex 0.0149999997 -3.2077167 1.71821189
    endloop
  endfacet
  facet normal 0 0.356957883 -0.934120476
    outer loop
      vertex -0.0149999997 -3.20090604 1.72058141
      vertex 0.0149999997 -3.20090604 1.72058141
      vertex 0.0149999997 -3.20431137 1.71928012
    endloop
  endfacet
  facet normal 0 0.396725327 -0.917937398
    outer loop
      vertex -0.0149999997 -3.19750071 1.72205317
      vertex 0.0149999997 -3.19750071 1.72205317
      vertex 0.0149999997 -3.20090604 1.72058141
    endloop
  endfacet
  facet normal 0 0.396725327 -0.917937398
    outer loop
      vertex -0.0149999997 -3.19409537 1.72352493
      vertex 0.0149999997 -3.19409537 1.72352493
      vertex 0.0149999997 -3.19750071 1.72205317
    endloop
  endfacet
  facet normal 0 0.396748692 -0.917927206
    outer loop
      vertex -0.0149999997 -3.19069028 1.72499669
      vertex 0.0149999997 -3.19069028 1.72499669
      vertex 0.0149999997 -3.19409537 1.72352493
    endloop
  endfacet
  facet normal 0 0.396752357 -0.917925656
    outer loop
      vertex -0.0149999997 -3.18728495 1.72646856
      vertex 0.0149999997 -3.18728495 1.72646856
      vertex 0.0149999997 -3.19069028 1.72499669
    endloop
  endfacet
  facet normal 0 0.396725327 -0.917937398
    outer loop
      vertex -0.0149999997 -3.18387961 1.72794032
      vertex 0.0149999997 -3.18387961 1.72794032
      vertex 0.0149999997 -3.18728495 1.72646856
    endloop
  endfacet
  facet normal 0 0.396725327 -0.917937398
    outer loop
      vertex -0.0149999997 -3.18047428 1.72941208
      vertex 0.0149999997 -3.18047428 1.72941208
      vertex 0.0149999997 -3.18387961 1.72794032
    endloop
  endfacet
  facet normal 0 0.396725327 -0.917937398
    outer loop
      vertex -0.0149999997 -3.17706895 1.73088384
      vertex 0.0149999997 -3.17706895 1.73088384
      vertex 0.0149999997 -3.18047428 1.72941208
    endloop
  endfacet
  facet normal 0 0.396748692 -0.917927206
    outer loop
      vertex -0.0149999997 -3.17366385 1.73235559
      vertex 0.0149999997 -3.17366385 1.73235559
      vertex 0.0149999997 -3.17706895 1.73088384
    endloop
  endfacet
  facet normal 0 0.396725327 -0.917937398
    outer loop
      vertex -0.0149999997 -3.17025852 1.73382735
      vertex 0.0149999997 -3.17025852 1.73382735
      vertex 0.0149999997 -3.17366385 1.73235559
    endloop
  endfacet
  facet normal 0 0.348641247 -0.937256336
    outer loop
      vertex -0.0149999997 -3.16685319 1.73509407
      vertex 0.0149999997 -3.16685319 1.73509407
      vertex 0.0149999997 -3.17025852 1.73382735
    endloop
  endfacet
  facet normal 0 0.337296546 -0.941398501
    outer loop
      vertex -0.0149999997 -3.16344786 1.73631418
      vertex 0.0149999997 -3.16344786 1.73631418
      vertex 0.0149999997 -3.16685319 1.73509407
    endloop
  endfacet
  facet normal 0 0.337317467 -0.941390932
    outer loop
      vertex -0.0149999997 -3.16004276 1.73753428
      vertex 0.0149999997 -3.16004276 1.73753428
      vertex 0.0149999997 -3.16344786 1.73631418
    endloop
  endfacet
  facet normal 0 0.337296546 -0.941398501
    outer loop
      vertex -0.0149999997 -3.15663743 1.73875439
      vertex 0.0149999997 -3.15663743 1.73875439
      vertex 0.0149999997 -3.16004276 1.73753428
    endloop
  endfacet
  facet normal 0 0.337296546 -0.941398501
    outer loop
      vertex -0.0149999997 -3.1532321 1.7399745
      vertex 0.0149999997 -3.1532321 1.7399745
      vertex 0.0149999997 -3.15663743 1.73875439
    endloop
  endfacet
  facet normal 0 0.337296546 -0.941398501
    outer loop
      vertex -0.0149999997 -3.14982677 1.74119461
      vertex 0.0149999997 -3.14982677 1.74119461
      vertex 0.0149999997 -3.1532321 1.7399745
    endloop
  endfacet
  facet normal 0 0.337325752 -0.941388011
    outer loop
      vertex -0.0149999997 -3.14642143 1.74241483
      vertex 0.0149999997 -3.14642143 1.74241483
      vertex 0.0149999997 -3.14982677 1.74119461
    endloop
  endfacet
  facet normal 0 0.337317467 -0.941390932
    outer loop
      vertex -0.0149999997 -3.14301634 1.74363494
      vertex 0.0149999997 -3.14301634 1.74363494
      vertex 0.0149999997 -3.14642143 1.74241483
    endloop
  endfacet
  facet normal 0 0.337296546 -0.941398501
    outer loop
      vertex -0.0149999997 -3.13961101 1.74485505
      vertex 0.0149999997 -3.13961101 1.74485505
      vertex 0.0149999997 -3.14301634 1.74363494
    endloop
  endfacet
  facet normal 0 0.337296546 -0.941398501
    outer loop
      vertex -0.0149999997 -3.13620567 1.74607515
      vertex 0.0149999997 -3.13620567 1.74607515
      vertex 0.0149999997 -3.13961101 1.74485505
    endloop
  endfacet
  facet normal 0 0.333667517 -0.94269073
    outer loop
      vertex -0.0149999997 -3.13280034 1.74728048
      vertex 0.0149999997 -3.13280034 1.74728048
      vertex 0.0149999997 -3.13620567 1.74607515
    endloop
  endfacet
  facet normal 0 0.214304641 -0.976766825
    outer loop
      vertex -0.0149999997 -3.12939525 1.74802756
      vertex 0.0149999997 -3.12939525 1.74802756
      vertex 0.0149999997 -3.13280034 1.74728048
    endloop
  endfacet
  facet normal 0 0.214290321 -0.976769984
    outer loop
      vertex -0.0149999997 -3.12598991 1.74877465
      vertex 0.0149999997 -3.12598991 1.74877465
      vertex 0.0149999997 -3.12939525 1.74802756
    endloop
  endfacet
  facet normal 0 0.214290321 -0.976769984
    outer loop
      vertex -0.0149999997 -3.12258458 1.74952173
      vertex 0.0149999997 -3.12258458 1.74952173
      vertex 0.0149999997 -3.12598991 1.74877465
    endloop
  endfacet
  facet normal 0 0.214322954 -0.976762891
    outer loop
      vertex -0.0149999997 -3.11917925 1.75026894
      vertex 0.0149999997 -3.11917925 1.75026894
      vertex 0.0149999997 -3.12258458 1.74952173
    endloop
  endfacet
  facet normal 0 0.214290321 -0.976769984
    outer loop
      vertex -0.0149999997 -3.11577392 1.75101602
      vertex 0.0149999997 -3.11577392 1.75101602
      vertex 0.0149999997 -3.11917925 1.75026894
    endloop
  endfacet
  facet normal 0 0.214304641 -0.976766825
    outer loop
      vertex -0.0149999997 -3.11236882 1.75176311
      vertex 0.0149999997 -3.11236882 1.75176311
      vertex 0.0149999997 -3.11577392 1.75101602
    endloop
  endfacet
  facet normal 0 0.214322954 -0.976762891
    outer loop
      vertex -0.0149999997 -3.10896349 1.75251031
      vertex 0.0149999997 -3.10896349 1.75251031
      vertex 0.0149999997 -3.11236882 1.75176311
    endloop
  endfacet
  facet normal 0 0.214290321 -0.976769984
    outer loop
      vertex -0.0149999997 -3.10555816 1.75325739
      vertex 0.0149999997 -3.10555816 1.75325739
      vertex 0.0149999997 -3.10896349 1.75251031
    endloop
  endfacet
  facet normal 0 0.214290321 -0.976769984
    outer loop
      vertex -0.0149999997 -3.10215282 1.75400448
      vertex 0.0149999997 -3.10215282 1.75400448
      vertex 0.0149999997 -3.10555816 1.75325739
    endloop
  endfacet
  facet normal 0 0.214304641 -0.976766825
    outer loop
      vertex -0.0149999997 -3.09874773 1.75475156
      vertex 0.0149999997 -3.09874773 1.75475156
      vertex 0.0149999997 -3.10215282 1.75400448
    endloop
  endfacet
  facet normal 0 0.214322954 -0.976762891
    outer loop
      vertex -0.0149999997 -3.0953424 1.75549877
      vertex 0.0149999997 -3.0953424 1.75549877
      vertex 0.0149999997 -3.09874773 1.75475156
    endloop
  endfacet
  facet normal 0 0.214290321 -0.976769984
    outer loop
      vertex -0.0149999997 -3.09193707 1.75624585
      vertex 0.0149999997 -3.09193707 1.75624585
      vertex 0.0149999997 -3.0953424 1.75549877
    endloop
  endfacet
  facet normal 0 0.214257702 -0.976777136
    outer loop
      vertex -0.0149999997 -3.08853173 1.75699282
      vertex 0.0149999997 -3.08853173 1.75699282
      vertex 0.0149999997 -3.09193707 1.75624585
    endloop
  endfacet
  facet normal 0 0.20991239 -0.977720141
    outer loop
      vertex -0.0149999997 -3.0851264 1.75772393
      vertex 0.0149999997 -3.0851264 1.75772393
      vertex 0.0149999997 -3.08853173 1.75699282
    endloop
  endfacet
  facet normal 0 0.209926441 -0.977717161
    outer loop
      vertex -0.0149999997 -3.08172131 1.75845504
      vertex 0.0149999997 -3.08172131 1.75845504
      vertex 0.0149999997 -3.0851264 1.75772393
    endloop
  endfacet
  facet normal 0 0.20991239 -0.977720141
    outer loop
      vertex -0.0149999997 -3.07831597 1.75918615
      vertex 0.0149999997 -3.07831597 1.75918615
      vertex 0.0149999997 -3.08172131 1.75845504
    endloop
  endfacet
  facet normal 0 0.20991239 -0.977720141
    outer loop
      vertex -0.0149999997 -3.07491064 1.75991726
      vertex 0.0149999997 -3.07491064 1.75991726
      vertex 0.0149999997 -3.07831597 1.75918615
    endloop
  endfacet
  facet normal 0 0.20991239 -0.977720141
    outer loop
      vertex -0.0149999997 -3.07150531 1.76064837
      vertex 0.0149999997 -3.07150531 1.76064837
      vertex 0.0149999997 -3.07491064 1.75991726
    endloop
  endfacet
  facet normal 0 0.209926441 -0.977717161
    outer loop
      vertex -0.0149999997 -3.06810021 1.76137948
      vertex 0.0149999997 -3.06810021 1.76137948
      vertex 0.0149999997 -3.07150531 1.76064837
    endloop
  endfacet
  facet normal 0 0.20991239 -0.977720141
    outer loop
      vertex -0.0149999997 -3.06469488 1.76211059
      vertex 0.0149999997 -3.06469488 1.76211059
      vertex 0.0149999997 -3.06810021 1.76137948
    endloop
  endfacet
  facet normal 0 0.20991239 -0.977720141
    outer loop
      vertex -0.0149999997 -3.06128955 1.7628417
      vertex 0.0149999997 -3.06128955 1.7628417
      vertex 0.0149999997 -3.06469488 1.76211059
    endloop
  endfacet
  facet normal 0 0.20991239 -0.977720141
    outer loop
      vertex -0.0149999997 -3.05788422 1.76357281
      vertex 0.0149999997 -3.05788422 1.76357281
      vertex 0.0149999997 -3.06128955 1.7628417
    endloop
  endfacet
  facet normal 0 0.20991239 -0.977720141
    outer loop
      vertex -0.0149999997 -3.05447888 1.76430392
      vertex 0.0149999997 -3.05447888 1.76430392
      vertex 0.0149999997 -3.05788422 1.76357281
    endloop
  endfacet
  facet normal 0 0.209926441 -0.977717161
    outer loop
      vertex -0.0149999997 -3.05107379 1.76503503
      vertex 0.0149999997 -3.05107379 1.76503503
      vertex 0.0149999997 -3.05447888 1.76430392
    endloop
  endfacet
  facet normal 0 0.20991239 -0.977720141
    outer loop
      vertex -0.0149999997 -3.04766846 1.76576614
      vertex 0.0149999997 -3.04766846 1.76576614
      vertex 0.0149999997 -3.05107379 1.76503503
    endloop
  endfacet
  facet normal 0 0.20991239 -0.977720141
    outer loop
      vertex -0.0149999997 -3.04426312 1.76649725
      vertex 0.0149999997 -3.04426312 1.76649725
      vertex 0.0149999997 -3.04766846 1.76576614
    endloop
  endfacet
  facet normal 0 0.228509307 -0.973541677
    outer loop
      vertex -0.0149999997 -3.04085779 1.76729655
      vertex 0.0149999997 -3.04085779 1.76729655
      vertex 0.0149999997 -3.04426312 1.76649725
    endloop
  endfacet
  facet normal 0 0.23033224 -0.973111987
    outer loop
      vertex -0.0149999997 -3.0374527 1.76810253
      vertex 0.0149999997 -3.0374527 1.76810253
      vertex 0.0149999997 -3.04085779 1.76729655
    endloop
  endfacet
  facet normal 0 0.230316997 -0.973115683
    outer loop
      vertex -0.0149999997 -3.03404737 1.7689085
      vertex 0.0149999997 -3.03404737 1.7689085
      vertex 0.0149999997 -3.0374527 1.76810253
    endloop
  endfacet
  facet normal 0 0.230316997 -0.973115683
    outer loop
      vertex -0.0149999997 -3.03064203 1.76971447
      vertex 0.0149999997 -3.03064203 1.76971447
      vertex 0.0149999997 -3.03404737 1.7689085
    endloop
  endfacet
  facet normal 0 0.230284721 -0.973123252
    outer loop
      vertex -0.0149999997 -3.0272367 1.77052033
      vertex 0.0149999997 -3.0272367 1.77052033
      vertex 0.0149999997 -3.03064203 1.76971447
    endloop
  endfacet
  facet normal 0 0.230316997 -0.973115683
    outer loop
      vertex -0.0149999997 -3.02383137 1.7713263
      vertex 0.0149999997 -3.02383137 1.7713263
      vertex 0.0149999997 -3.0272367 1.77052033
    endloop
  endfacet
  facet normal 0 0.23033224 -0.973111987
    outer loop
      vertex -0.0149999997 -3.02042627 1.77213228
      vertex 0.0149999997 -3.02042627 1.77213228
      vertex 0.0149999997 -3.02383137 1.7713263
    endloop
  endfacet
  facet normal 0 0.230284721 -0.973123252
    outer loop
      vertex -0.0149999997 -3.01702094 1.77293813
      vertex 0.0149999997 -3.01702094 1.77293813
      vertex 0.0149999997 -3.02042627 1.77213228
    endloop
  endfacet
  facet normal 0 0.230316997 -0.973115683
    outer loop
      vertex -0.0149999997 -3.01361561 1.77374411
      vertex 0.0149999997 -3.01361561 1.77374411
      vertex 0.0149999997 -3.01702094 1.77293813
    endloop
  endfacet
  facet normal 0 0.230316997 -0.973115683
    outer loop
      vertex -0.0149999997 -3.01021028 1.77455008
      vertex 0.0149999997 -3.01021028 1.77455008
      vertex 0.0149999997 -3.01361561 1.77374411
    endloop
  endfacet
  facet normal 0 0.230284721 -0.973123252
    outer loop
      vertex -0.0149999997 -3.00680494 1.77535594
      vertex 0.0149999997 -3.00680494 1.77535594
      vertex 0.0149999997 -3.01021028 1.77455008
    endloop
  endfacet
  facet normal 0 0.109064028 -0.994034767
    outer loop
      vertex -0.0149999997 -3.00339985 1.77572954
      vertex 0.0149999997 -3.00339985 1.77572954
      vertex 0.0149999997 -3.00680494 1.77535594
    endloop
  endfacet
  facet normal 0 0.0999658257 -0.994990885
    outer loop
      vertex -0.0149999997 -2.99999452 1.77607167
      vertex 0.0149999997 -2.99999452 1.77607167
      vertex 0.0149999997 -3.00339985 1.77572954
    endloop
  endfacet
  facet normal 0 0.0999313444 -0.994994342
    outer loop
      vertex -0.0149999997 -2.99658918 1.77641368
      vertex 0.0149999997 -2.99658918 1.77641368
      vertex 0.0149999997 -2.99999452 1.77607167
    endloop
  endfacet
  facet normal 0 0.0999313444 -0.994994342
    outer loop
      vertex -0.0149999997 -2.99318385 1.77675569
      vertex 0.0149999997 -2.99318385 1.77675569
      vertex 0.0149999997 -2.99658918 1.77641368
    endloop
  endfacet
  facet normal 0 0.0999382734 -0.994993627
    outer loop
      vertex -0.0149999997 -2.98977876 1.7770977
      vertex 0.0149999997 -2.98977876 1.7770977
      vertex 0.0149999997 -2.99318385 1.77675569
    endloop
  endfacet
  facet normal 0 0.0999658257 -0.994990885
    outer loop
      vertex -0.0149999997 -2.98637342 1.77743983
      vertex 0.0149999997 -2.98637342 1.77743983
      vertex 0.0149999997 -2.98977876 1.7770977
    endloop
  endfacet
  facet normal 0 0.0999313444 -0.994994342
    outer loop
      vertex -0.0149999997 -2.98296809 1.77778184
      vertex 0.0149999997 -2.98296809 1.77778184
      vertex 0.0149999997 -2.98637342 1.77743983
    endloop
  endfacet
  facet normal 0 0.0999313444 -0.994994342
    outer loop
      vertex -0.0149999997 -2.97956276 1.77812386
      vertex 0.0149999997 -2.97956276 1.77812386
      vertex 0.0149999997 -2.98296809 1.77778184
    endloop
  endfacet
  facet normal 0 0.0999658257 -0.994990885
    outer loop
      vertex -0.0149999997 -2.97615743 1.77846599
      vertex 0.0149999997 -2.97615743 1.77846599
      vertex 0.0149999997 -2.97956276 1.77812386
    endloop
  endfacet
  facet normal 0 0.0999382734 -0.994993627
    outer loop
      vertex -0.0149999997 -2.97275233 1.778808
      vertex 0.0149999997 -2.97275233 1.778808
      vertex 0.0149999997 -2.97615743 1.77846599
    endloop
  endfacet
  facet normal 0 0.0532046594 -0.998583615
    outer loop
      vertex -0.0149999997 -2.969347 1.77898943
      vertex 0.0149999997 -2.969347 1.77898943
      vertex 0.0149999997 -2.97275233 1.778808
    endloop
  endfacet
  facet normal 0 0.00812127627 -0.999967098
    outer loop
      vertex -0.0149999997 -2.96594167 1.77901709
      vertex 0.0149999997 -2.96594167 1.77901709
      vertex 0.0149999997 -2.969347 1.77898943
    endloop
  endfacet
  facet normal 0 0.00812127627 -0.999967098
    outer loop
      vertex -0.0149999997 -2.96253633 1.77904475
      vertex 0.0149999997 -2.96253633 1.77904475
      vertex 0.0149999997 -2.96594167 1.77901709
    endloop
  endfacet
  facet normal 0 0.00812184345 -0.999966979
    outer loop
      vertex -0.0149999997 -2.95913124 1.7790724
      vertex 0.0149999997 -2.95913124 1.7790724
      vertex 0.0149999997 -2.96253633 1.77904475
    endloop
  endfacet
  facet normal 0 0.00812127627 -0.999967098
    outer loop
      vertex -0.0149999997 -2.95572591 1.77910006
      vertex 0.0149999997 -2.95572591 1.77910006
      vertex 0.0149999997 -2.95913124 1.7790724
    endloop
  endfacet
  facet normal 0 0.00812127627 -0.999967098
    outer loop
      vertex -0.0149999997 -2.95232058 1.77912772
      vertex 0.0149999997 -2.95232058 1.77912772
      vertex 0.0149999997 -2.95572591 1.77910006
    endloop
  endfacet
  facet normal 0 0.00808627158 -0.999967277
    outer loop
      vertex -0.0149999997 -2.94891524 1.77915525
      vertex 0.0149999997 -2.94891524 1.77915525
      vertex 0.0149999997 -2.95232058 1.77912772
    endloop
  endfacet
  facet normal 0 0.00812127627 -0.999967098
    outer loop
      vertex -0.0149999997 -2.94550991 1.77918291
      vertex 0.0149999997 -2.94550991 1.77918291
      vertex 0.0149999997 -2.94891524 1.77915525
    endloop
  endfacet
  facet normal 0 0.00812184345 -0.999966979
    outer loop
      vertex -0.0149999997 -2.94210482 1.77921057
      vertex 0.0149999997 -2.94210482 1.77921057
      vertex 0.0149999997 -2.94550991 1.77918291
    endloop
  endfacet
  facet normal 0 0.00812127627 -0.999967098
    outer loop
      vertex -0.0149999997 -2.93869948 1.77923822
      vertex 0.0149999997 -2.93869948 1.77923822
      vertex 0.0149999997 -2.94210482 1.77921057
    endloop
  endfacet
  facet normal 0 0.00812127627 -0.999967098
    outer loop
      vertex -0.0149999997 -2.93529415 1.77926588
      vertex 0.0149999997 -2.93529415 1.77926588
      vertex 0.0149999997 -2.93869948 1.77923822
    endloop
  endfacet
  facet normal 0 0 -1
    outer loop
      vertex -0.0149999997 -2.93188882 1.77926588
      vertex 0.0149999997 -2.93188882 1.77926588
      vertex 0.0149999997 -2.93529415 1.77926588
    endloop
  endfacet
  facet normal 0 0 -1
    outer loop
      vertex -0.0149999997 -2.92848372 1.77926588
      vertex 0.0149999997 -2.92848372 1.77926588
      vertex 0.0149999997 -2.93188882 1.77926588
    endloop
  endfacet
  facet normal 0 -0.0450777039 -0.998983502
    outer loop
      vertex -0.0149999997 -2.92507839 1.77911222
      vertex 0.0149999997 -2.92507839 1.77911222
      vertex 0.0149999997 -2.92848372 1.77926588
    endloop
  endfacet
  facet normal 0 -0.0548427738 -0.998495042
    outer loop
      vertex -0.0149999997 -2.92167306 1.77892518
      vertex 0.0149999997 -2.92167306 1.77892518
      vertex 0.0149999997 -2.92507839 1.77911222
    endloop
  endfacet
  facet normal 0 -0.0548427738 -0.998495042
    outer loop
      vertex -0.0149999997 -2.91826773 1.77873814
      vertex 0.0149999997 -2.91826773 1.77873814
      vertex 0.0149999997 -2.92167306 1.77892518
    endloop
  endfacet
  facet normal 0 -0.0548427738 -0.998495042
    outer loop
      vertex -0.0149999997 -2.91486239 1.7785511
      vertex 0.0149999997 -2.91486239 1.7785511
      vertex 0.0149999997 -2.91826773 1.77873814
    endloop
  endfacet
  facet normal 0 -0.0548465997 -0.998494744
    outer loop
      vertex -0.0149999997 -2.9114573 1.77836406
      vertex 0.0149999997 -2.9114573 1.77836406
      vertex 0.0149999997 -2.91486239 1.7785511
    endloop
  endfacet
  facet normal 0 -0.0548776239 -0.998493135
    outer loop
      vertex -0.0149999997 -2.90805197 1.7781769
      vertex 0.0149999997 -2.90805197 1.7781769
      vertex 0.0149999997 -2.9114573 1.77836406
    endloop
  endfacet
  facet normal 0 -0.0548427738 -0.998495042
    outer loop
      vertex -0.0149999997 -2.90464664 1.77798986
      vertex 0.0149999997 -2.90464664 1.77798986
      vertex 0.0149999997 -2.90805197 1.7781769
    endloop
  endfacet
  facet normal 0 -0.0548427738 -0.998495042
    outer loop
      vertex -0.0149999997 -2.9012413 1.77780282
      vertex 0.0149999997 -2.9012413 1.77780282
      vertex 0.0149999997 -2.90464664 1.77798986
    endloop
  endfacet
  facet normal 0 -0.0548465997 -0.998494744
    outer loop
      vertex -0.0149999997 -2.89783621 1.77761579
      vertex 0.0149999997 -2.89783621 1.77761579
      vertex 0.0149999997 -2.9012413 1.77780282
    endloop
  endfacet
  facet normal 0 -0.0548427738 -0.998495042
    outer loop
      vertex -0.0149999997 -2.89443088 1.77742875
      vertex 0.0149999997 -2.89443088 1.77742875
      vertex 0.0149999997 -2.89783621 1.77761579
    endloop
  endfacet
  facet normal 0 -0.0548427738 -0.998495042
    outer loop
      vertex -0.0149999997 -2.89102554 1.77724171
      vertex 0.0149999997 -2.89102554 1.77724171
      vertex 0.0149999997 -2.89443088 1.77742875
    endloop
  endfacet
  facet normal 0 -0.0548427738 -0.998495042
    outer loop
      vertex -0.0149999997 -2.88762021 1.77705467
      vertex 0.0149999997 -2.88762021 1.77705467
      vertex 0.0149999997 -2.89102554 1.77724171
    endloop
  endfacet
  facet normal 0 -0.0548776239 -0.998493135
    outer loop
      vertex -0.0149999997 -2.88421488 1.77686751
      vertex 0.0149999997 -2.88421488 1.77686751
      vertex 0.0149999997 -2.88762021 1.77705467
    endloop
  endfacet
  facet normal 0 -0.0548465997 -0.998494744
    outer loop
      vertex -0.0149999997 -2.88080978 1.77668047
      vertex 0.0149999997 -2.88080978 1.77668047
      vertex 0.0149999997 -2.88421488 1.77686751
    endloop
  endfacet
  facet normal 0 -0.0548427738 -0.998495042
    outer loop
      vertex -0.0149999997 -2.87740445 1.77649343
      vertex 0.0149999997 -2.87740445 1.77649343
      vertex 0.0149999997 -2.88080978 1.77668047
    endloop
  endfacet
  facet normal 0 -0.0548427738 -0.998495042
    outer loop
      vertex -0.0149999997 -2.87399912 1.77630639
      vertex 0.0149999997 -2.87399912 1.77630639
      vertex 0.0149999997 -2.87740445 1.77649343
    endloop
  endfacet
  facet normal 0 -0.0548427738 -0.998495042
    outer loop
      vertex -0.0149999997 -2.87059379 1.77611935
      vertex 0.0149999997 -2.87059379 1.77611935
      vertex 0.0149999997 -2.87399912 1.77630639
    endloop
  endfacet
  facet normal 0 -0.0548465997 -0.998494744
    outer loop
      vertex -0.0149999997 -2.86718869 1.77593231
      vertex 0.0149999997 -2.86718869 1.77593231
      vertex 0.0149999997 -2.87059379 1.77611935
    endloop
  endfacet
  facet normal 0 -0.0548776239 -0.998493135
    outer loop
      vertex -0.0149999997 -2.86378336 1.77574515
      vertex 0.0149999997 -2.86378336 1.77574515
      vertex 0.0149999997 -2.86718869 1.77593231
    endloop
  endfacet
  facet normal 0 -0.0548427738 -0.998495042
    outer loop
      vertex -0.0149999997 -2.86037803 1.77555811
      vertex 0.0149999997 -2.86037803 1.77555811
      vertex 0.0149999997 -2.86378336 1.77574515
    endloop
  endfacet
  facet normal 0 -0.0803249106 -0.996768713
    outer loop
      vertex -0.0149999997 -2.85697269 1.77528369
      vertex 0.0149999997 -2.85697269 1.77528369
      vertex 0.0149999997 -2.86037803 1.77555811
    endloop
  endfacet
  facet normal 0 -0.379018813 -0.925388992
    outer loop
      vertex -0.0149999997 -2.85356736 1.77388895
      vertex 0.0149999997 -2.85356736 1.77388895
      vertex 0.0149999997 -2.85697269 1.77528369
    endloop
  endfacet
  facet normal 0 -0.379041523 -0.925379694
    outer loop
      vertex -0.0149999997 -2.85016227 1.7724942
      vertex 0.0149999997 -2.85016227 1.7724942
      vertex 0.0149999997 -2.85356736 1.77388895
    endloop
  endfacet
  facet normal 0 -0.379046559 -0.925377607
    outer loop
      vertex -0.0149999997 -2.84675694 1.77109933
      vertex 0.0149999997 -2.84675694 1.77109933
      vertex 0.0149999997 -2.85016227 1.7724942
    endloop
  endfacet
  facet normal 0 -0.379018813 -0.925388992
    outer loop
      vertex -0.0149999997 -2.8433516 1.76970458
      vertex 0.0149999997 -2.8433516 1.76970458
      vertex 0.0149999997 -2.84675694 1.77109933
    endloop
  endfacet
  facet normal 0 -0.379018813 -0.925388992
    outer loop
      vertex -0.0149999997 -2.83994627 1.76830983
      vertex 0.0149999997 -2.83994627 1.76830983
      vertex 0.0149999997 -2.8433516 1.76970458
    endloop
  endfacet
  facet normal 0 -0.379046559 -0.925377607
    outer loop
      vertex -0.0149999997 -2.83654094 1.76691496
      vertex 0.0149999997 -2.83654094 1.76691496
      vertex 0.0149999997 -2.83994627 1.76830983
    endloop
  endfacet
  facet normal 0 -0.379041523 -0.925379694
    outer loop
      vertex -0.0149999997 -2.83313584 1.76552022
      vertex 0.0149999997 -2.83313584 1.76552022
      vertex 0.0149999997 -2.83654094 1.76691496
    endloop
  endfacet
  facet normal 0 -0.379046559 -0.925377607
    outer loop
      vertex -0.0149999997 -2.82973051 1.76412535
      vertex 0.0149999997 -2.82973051 1.76412535
      vertex 0.0149999997 -2.83313584 1.76552022
    endloop
  endfacet
  facet normal 0 -0.379018813 -0.925388992
    outer loop
      vertex -0.0149999997 -2.82632518 1.7627306
      vertex 0.0149999997 -2.82632518 1.7627306
      vertex 0.0149999997 -2.82973051 1.76412535
    endloop
  endfacet
  facet normal 0 -0.379018813 -0.925388992
    outer loop
      vertex -0.0149999997 -2.82291985 1.76133585
      vertex 0.0149999997 -2.82291985 1.76133585
      vertex 0.0149999997 -2.82632518 1.7627306
    endloop
  endfacet
  facet normal 0 -0.379069269 -0.925368309
    outer loop
      vertex -0.0149999997 -2.81951475 1.75994098
      vertex 0.0149999997 -2.81951475 1.75994098
      vertex 0.0149999997 -2.82291985 1.76133585
    endloop
  endfacet
  facet normal 0 -0.379018813 -0.925388992
    outer loop
      vertex -0.0149999997 -2.81610942 1.75854623
      vertex 0.0149999997 -2.81610942 1.75854623
      vertex 0.0149999997 -2.81951475 1.75994098
    endloop
  endfacet
  facet normal 0 -0.379046559 -0.925377607
    outer loop
      vertex -0.0149999997 -2.81270409 1.75715137
      vertex 0.0149999997 -2.81270409 1.75715137
      vertex 0.0149999997 -2.81610942 1.75854623
    endloop
  endfacet
  facet normal 0 -0.379018813 -0.925388992
    outer loop
      vertex -0.0149999997 -2.80929875 1.75575662
      vertex 0.0149999997 -2.80929875 1.75575662
      vertex 0.0149999997 -2.81270409 1.75715137
    endloop
  endfacet
  facet normal 0 -0.379018813 -0.925388992
    outer loop
      vertex -0.0149999997 -2.80589342 1.75436187
      vertex 0.0149999997 -2.80589342 1.75436187
      vertex 0.0149999997 -2.80929875 1.75575662
    endloop
  endfacet
  facet normal 0 -0.379069269 -0.925368309
    outer loop
      vertex -0.0149999997 -2.80248833 1.752967
      vertex 0.0149999997 -2.80248833 1.752967
      vertex 0.0149999997 -2.80589342 1.75436187
    endloop
  endfacet
  facet normal 0 -0.379018813 -0.925388992
    outer loop
      vertex -0.0149999997 -2.79908299 1.75157225
      vertex 0.0149999997 -2.79908299 1.75157225
      vertex 0.0149999997 -2.80248833 1.752967
    endloop
  endfacet
  facet normal 0 -0.379018813 -0.925388992
    outer loop
      vertex -0.0149999997 -2.79567766 1.7501775
      vertex 0.0149999997 -2.79567766 1.7501775
      vertex 0.0149999997 -2.79908299 1.75157225
    endloop
  endfacet
  facet normal 0 -0.379046559 -0.925377607
    outer loop
      vertex -0.0149999997 -2.79227233 1.74878263
      vertex 0.0149999997 -2.79227233 1.74878263
      vertex 0.0149999997 -2.79567766 1.7501775
    endloop
  endfacet
  facet normal 0 -0.379041523 -0.925379694
    outer loop
      vertex -0.0149999997 -2.78886724 1.74738789
      vertex 0.0149999997 -2.78886724 1.74738789
      vertex 0.0149999997 -2.79227233 1.74878263
    endloop
  endfacet
  facet normal 0 -0.380930513 -0.924603641
    outer loop
      vertex -0.0149999997 -2.7854619 1.74598491
      vertex 0.0149999997 -2.7854619 1.74598491
      vertex 0.0149999997 -2.78886724 1.74738789
    endloop
  endfacet
  facet normal 0 -0.384931922 -0.922944963
    outer loop
      vertex -0.0149999997 -2.78205657 1.74456465
      vertex 0.0149999997 -2.78205657 1.74456465
      vertex 0.0149999997 -2.7854619 1.74598491
    endloop
  endfacet
  facet normal 0 -0.384931922 -0.922944963
    outer loop
      vertex -0.0149999997 -2.77865124 1.74314439
      vertex 0.0149999997 -2.77865124 1.74314439
      vertex 0.0149999997 -2.78205657 1.74456465
    endloop
  endfacet
  facet normal 0 -0.384959459 -0.922933459
    outer loop
      vertex -0.0149999997 -2.7752459 1.74172401
      vertex 0.0149999997 -2.7752459 1.74172401
      vertex 0.0149999997 -2.77865124 1.74314439
    endloop
  endfacet
  facet normal 0 -0.3849549 -0.922935367
    outer loop
      vertex -0.0149999997 -2.77184081 1.74030375
      vertex 0.0149999997 -2.77184081 1.74030375
      vertex 0.0149999997 -2.7752459 1.74172401
    endloop
  endfacet
  facet normal 0 -0.384931922 -0.922944963
    outer loop
      vertex -0.0149999997 -2.76843548 1.7388835
      vertex 0.0149999997 -2.76843548 1.7388835
      vertex 0.0149999997 -2.77184081 1.74030375
    endloop
  endfacet
  facet normal 0 -0.384959459 -0.922933459
    outer loop
      vertex -0.0149999997 -2.76503015 1.73746312
      vertex 0.0149999997 -2.76503015 1.73746312
      vertex 0.0149999997 -2.76843548 1.7388835
    endloop
  endfacet
  facet normal 0 -0.384931922 -0.922944963
    outer loop
      vertex -0.0149999997 -2.76162481 1.73604286
      vertex 0.0149999997 -2.76162481 1.73604286
      vertex 0.0149999997 -2.76503015 1.73746312
    endloop
  endfacet
  facet normal 0 -0.3849549 -0.922935367
    outer loop
      vertex -0.0149999997 -2.75821972 1.7346226
      vertex 0.0149999997 -2.75821972 1.7346226
      vertex 0.0149999997 -2.76162481 1.73604286
    endloop
  endfacet
  facet normal 0 -0.384959459 -0.922933459
    outer loop
      vertex -0.0149999997 -2.75481439 1.73320222
      vertex 0.0149999997 -2.75481439 1.73320222
      vertex 0.0149999997 -2.75821972 1.7346226
    endloop
  endfacet
  facet normal 0 -0.384931922 -0.922944963
    outer loop
      vertex -0.0149999997 -2.75140905 1.73178196
      vertex 0.0149999997 -2.75140905 1.73178196
      vertex 0.0149999997 -2.75481439 1.73320222
    endloop
  endfacet
  facet normal 0 -0.384931922 -0.922944963
    outer loop
      vertex -0.0149999997 -2.74800372 1.7303617
      vertex 0.0149999997 -2.74800372 1.7303617
      vertex 0.0149999997 -2.75140905 1.73178196
    endloop
  endfacet
  facet normal 0 -0.384959459 -0.922933459
    outer loop
      vertex -0.0149999997 -2.74459839 1.72894132
      vertex 0.0149999997 -2.74459839 1.72894132
      vertex 0.0149999997 -2.74800372 1.7303617
    endloop
  endfacet
  facet normal 0 -0.416474938 -0.909147143
    outer loop
      vertex -0.0149999997 -2.74119329 1.72738147
      vertex 0.0149999997 -2.74119329 1.72738147
      vertex 0.0149999997 -2.74459839 1.72894132
    endloop
  endfacet
  facet normal 0 -0.429163903 -0.903226674
    outer loop
      vertex -0.0149999997 -2.73778796 1.72576344
      vertex 0.0149999997 -2.73778796 1.72576344
      vertex 0.0149999997 -2.74119329 1.72738147
    endloop
  endfacet
  facet normal 0 -0.429138094 -0.903238952
    outer loop
      vertex -0.0149999997 -2.73438263 1.72414553
      vertex 0.0149999997 -2.73438263 1.72414553
      vertex 0.0149999997 -2.73778796 1.72576344
    endloop
  endfacet
  facet normal 0 -0.429163903 -0.903226674
    outer loop
      vertex -0.0149999997 -2.7309773 1.7225275
      vertex 0.0149999997 -2.7309773 1.7225275
      vertex 0.0149999997 -2.73438263 1.72414553
    endloop
  endfacet
  facet normal 0 -0.429162621 -0.90322727
    outer loop
      vertex -0.0149999997 -2.7275722 1.7209096
      vertex 0.0149999997 -2.7275722 1.7209096
      vertex 0.0149999997 -2.7309773 1.7225275
    endloop
  endfacet
  facet normal 0 -0.429138094 -0.903238952
    outer loop
      vertex -0.0149999997 -2.72416687 1.71929169
      vertex 0.0149999997 -2.72416687 1.71929169
      vertex 0.0149999997 -2.7275722 1.7209096
    endloop
  endfacet
  facet normal 0 -0.429163903 -0.903226674
    outer loop
      vertex -0.0149999997 -2.72076154 1.71767366
      vertex 0.0149999997 -2.72076154 1.71767366
      vertex 0.0149999997 -2.72416687 1.71929169
    endloop
  endfacet
  facet normal 0 -0.429138094 -0.903238952
    outer loop
      vertex -0.0149999997 -2.7173562 1.71605575
      vertex 0.0149999997 -2.7173562 1.71605575
      vertex 0.0149999997 -2.72076154 1.71767366
    endloop
  endfacet
  facet normal 0 -0.429138094 -0.903238952
    outer loop
      vertex -0.0149999997 -2.71395087 1.71443784
      vertex 0.0149999997 -2.71395087 1.71443784
      vertex 0.0149999997 -2.7173562 1.71605575
    endloop
  endfacet
  facet normal 0 -0.429188401 -0.903214991
    outer loop
      vertex -0.0149999997 -2.71054578 1.71281981
      vertex 0.0149999997 -2.71054578 1.71281981
      vertex 0.0149999997 -2.71395087 1.71443784
    endloop
  endfacet
  facet normal 0 -0.429138094 -0.903238952
    outer loop
      vertex -0.0149999997 -2.70714045 1.71120191
      vertex 0.0149999997 -2.70714045 1.71120191
      vertex 0.0149999997 -2.71054578 1.71281981
    endloop
  endfacet
  facet normal 0 -0.429138094 -0.903238952
    outer loop
      vertex -0.0149999997 -2.70373511 1.709584
      vertex 0.0149999997 -2.70373511 1.709584
      vertex 0.0149999997 -2.70714045 1.71120191
    endloop
  endfacet
  facet normal 0 -0.435069025 -0.900397122
    outer loop
      vertex -0.0149999997 -2.70032978 1.70793855
      vertex 0.0149999997 -2.70032978 1.70793855
      vertex 0.0149999997 -2.70373511 1.709584
    endloop
  endfacet
  facet normal 0 -0.445281565 -0.895390511
    outer loop
      vertex -0.0149999997 -2.69692469 1.70624518
      vertex 0.0149999997 -2.69692469 1.70624518
      vertex 0.0149999997 -2.70032978 1.70793855
    endloop
  endfacet
  facet normal 0 -0.445256621 -0.895403028
    outer loop
      vertex -0.0149999997 -2.69351935 1.70455182
      vertex 0.0149999997 -2.69351935 1.70455182
      vertex 0.0149999997 -2.69692469 1.70624518
    endloop
  endfacet
  facet normal 0 -0.445231467 -0.895415545
    outer loop
      vertex -0.0149999997 -2.69011402 1.70285857
      vertex 0.0149999997 -2.69011402 1.70285857
      vertex 0.0149999997 -2.69351935 1.70455182
    endloop
  endfacet
  facet normal 0 -0.445256621 -0.895403028
    outer loop
      vertex -0.0149999997 -2.68670869 1.7011652
      vertex 0.0149999997 -2.68670869 1.7011652
      vertex 0.0149999997 -2.69011402 1.70285857
    endloop
  endfacet
  facet normal 0 -0.445256621 -0.895403028
    outer loop
      vertex -0.0149999997 -2.68330336 1.69947183
      vertex 0.0149999997 -2.68330336 1.69947183
      vertex 0.0149999997 -2.68670869 1.7011652
    endloop
  endfacet
  facet normal 0 -0.445281565 -0.895390511
    outer loop
      vertex -0.0149999997 -2.67989826 1.69777846
      vertex 0.0149999997 -2.67989826 1.69777846
      vertex 0.0149999997 -2.68330336 1.69947183
    endloop
  endfacet
  facet normal 0 -0.445256621 -0.895403028
    outer loop
      vertex -0.0149999997 -2.67649293 1.6960851
      vertex 0.0149999997 -2.67649293 1.6960851
      vertex 0.0149999997 -2.67989826 1.69777846
    endloop
  endfacet
  facet normal 0 -0.445231467 -0.895415545
    outer loop
      vertex -0.0149999997 -2.6730876 1.69439185
      vertex 0.0149999997 -2.6730876 1.69439185
      vertex 0.0149999997 -2.67649293 1.6960851
    endloop
  endfacet
  facet normal 0 -0.445256621 -0.895403028
    outer loop
      vertex -0.0149999997 -2.66968226 1.69269848
      vertex 0.0149999997 -2.66968226 1.69269848
      vertex 0.0149999997 -2.6730876 1.69439185
    endloop
  endfacet
  facet normal 0 -0.445256621 -0.895403028
    outer loop
      vertex -0.0149999997 -2.66627693 1.69100511
      vertex 0.0149999997 -2.66627693 1.69100511
      vertex 0.0149999997 -2.66968226 1.69269848
    endloop
  endfacet
  facet normal 0 -0.445281565 -0.895390511
    outer loop
      vertex -0.0149999997 -2.66287184 1.68931174
      vertex 0.0149999997 -2.66287184 1.68931174
      vertex 0.0149999997 -2.66627693 1.69100511
    endloop
  endfacet
  facet normal 0 -0.445231467 -0.895415545
    outer loop
      vertex -0.0149999997 -2.65946651 1.68761849
      vertex 0.0149999997 -2.65946651 1.68761849
      vertex 0.0149999997 -2.66287184 1.68931174
    endloop
  endfacet
  facet normal 0 -0.445256621 -0.895403028
    outer loop
      vertex -0.0149999997 -2.65606117 1.68592513
      vertex 0.0149999997 -2.65606117 1.68592513
      vertex 0.0149999997 -2.65946651 1.68761849
    endloop
  endfacet
  facet normal 0 -0.345291197 -0.938495576
    outer loop
      vertex -0.0149999997 -2.65265584 1.68467224
      vertex 0.0149999997 -2.65265584 1.68467224
      vertex 0.0149999997 -2.65606117 1.68592513
    endloop
  endfacet
  facet normal 0 -0.277793497 -0.960640848
    outer loop
      vertex -0.0149999997 -2.64925075 1.68368757
      vertex 0.0149999997 -2.64925075 1.68368757
      vertex 0.0149999997 -2.65265584 1.68467224
    endloop
  endfacet
  facet normal 0 -0.277775556 -0.960646033
    outer loop
      vertex -0.0149999997 -2.64584541 1.6827029
      vertex 0.0149999997 -2.64584541 1.6827029
      vertex 0.0149999997 -2.64925075 1.68368757
    endloop
  endfacet
  facet normal 0 -0.277775556 -0.960646033
    outer loop
      vertex -0.0149999997 -2.64244008 1.68171823
      vertex 0.0149999997 -2.64244008 1.68171823
      vertex 0.0149999997 -2.64584541 1.6827029
    endloop
  endfacet
  facet normal 0 -0.277775556 -0.960646033
    outer loop
      vertex -0.0149999997 -2.63903475 1.68073356
      vertex 0.0149999997 -2.63903475 1.68073356
      vertex 0.0149999997 -2.64244008 1.68171823
    endloop
  endfacet
  facet normal 0 -0.277775556 -0.960646033
    outer loop
      vertex -0.0149999997 -2.63562942 1.67974889
      vertex 0.0149999997 -2.63562942 1.67974889
      vertex 0.0149999997 -2.63903475 1.68073356
    endloop
  endfacet
  facet normal 0 -0.277793497 -0.960640848
    outer loop
      vertex -0.0149999997 -2.63222432 1.67876422
      vertex 0.0149999997 -2.63222432 1.67876422
      vertex 0.0149999997 -2.63562942 1.67974889
    endloop
  endfacet
  facet normal 0 -0.277775556 -0.960646033
    outer loop
      vertex -0.0149999997 -2.62881899 1.67777956
      vertex 0.0149999997 -2.62881899 1.67777956
      vertex 0.0149999997 -2.63222432 1.67876422
    endloop
  endfacet
  facet normal 0 -0.277775556 -0.960646033
    outer loop
      vertex -0.0149999997 -2.62541366 1.67679489
      vertex 0.0149999997 -2.62541366 1.67679489
      vertex 0.0149999997 -2.62881899 1.67777956
    endloop
  endfacet
  facet normal 0 -0.277775556 -0.960646033
    outer loop
      vertex -0.0149999997 -2.62200832 1.67581022
      vertex 0.0149999997 -2.62200832 1.67581022
      vertex 0.0149999997 -2.62541366 1.67679489
    endloop
  endfacet
  facet normal 0 -0.277793497 -0.960640848
    outer loop
      vertex -0.0149999997 -2.61860323 1.67482555
      vertex 0.0149999997 -2.61860323 1.67482555
      vertex 0.0149999997 -2.62200832 1.67581022
    endloop
  endfacet
  facet normal 0 -0.277775556 -0.960646033
    outer loop
      vertex -0.0149999997 -2.6151979 1.67384088
      vertex 0.0149999997 -2.6151979 1.67384088
      vertex 0.0149999997 -2.61860323 1.67482555
    endloop
  endfacet
  facet normal 0 -0.277775556 -0.960646033
    outer loop
      vertex -0.0149999997 -2.61179256 1.67285621
      vertex 0.0149999997 -2.61179256 1.67285621
      vertex 0.0149999997 -2.6151979 1.67384088
    endloop
  endfacet
  facet normal 0 -0.277775556 -0.960646033
    outer loop
      vertex -0.0149999997 -2.60838723 1.67187154
      vertex 0.0149999997 -2.60838723 1.67187154
      vertex 0.0149999997 -2.61179256 1.67285621
    endloop
  endfacet
  facet normal 0 -0.253911585 -0.967227399
    outer loop
      vertex -0.0149999997 -2.6049819 1.67097759
      vertex 0.0149999997 -2.6049819 1.67097759
      vertex 0.0149999997 -2.60838723 1.67187154
    endloop
  endfacet
  facet normal 0 -0.249834955 -0.968288422
    outer loop
      vertex -0.0149999997 -2.60157681 1.67009902
      vertex 0.0149999997 -2.60157681 1.67009902
      vertex 0.0149999997 -2.6049819 1.67097759
    endloop
  endfacet
  facet normal 0 -0.249850348 -0.968284488
    outer loop
      vertex -0.0149999997 -2.59817147 1.66922033
      vertex 0.0149999997 -2.59817147 1.66922033
      vertex 0.0149999997 -2.60157681 1.67009902
    endloop
  endfacet
  facet normal 0 -0.249850348 -0.968284488
    outer loop
      vertex -0.0149999997 -2.59476614 1.66834164
      vertex 0.0149999997 -2.59476614 1.66834164
      vertex 0.0149999997 -2.59817147 1.66922033
    endloop
  endfacet
  facet normal 0 -0.249850348 -0.968284488
    outer loop
      vertex -0.0149999997 -2.59136081 1.66746294
      vertex 0.0149999997 -2.59136081 1.66746294
      vertex 0.0149999997 -2.59476614 1.66834164
    endloop
  endfacet
  facet normal 0 -0.249866739 -0.968280256
    outer loop
      vertex -0.0149999997 -2.58795571 1.66658425
      vertex 0.0149999997 -2.58795571 1.66658425
      vertex 0.0149999997 -2.59136081 1.66746294
    endloop
  endfacet
  facet normal 0 -0.249818563 -0.968292713
    outer loop
      vertex -0.0149999997 -2.58455038 1.66570568
      vertex 0.0149999997 -2.58455038 1.66570568
      vertex 0.0149999997 -2.58795571 1.66658425
    endloop
  endfacet
  facet normal 0 -0.249850348 -0.968284488
    outer loop
      vertex -0.0149999997 -2.58114505 1.66482699
      vertex 0.0149999997 -2.58114505 1.66482699
      vertex 0.0149999997 -2.58455038 1.66570568
    endloop
  endfacet
  facet normal 0 -0.249850348 -0.968284488
    outer loop
      vertex -0.0149999997 -2.57773972 1.6639483
      vertex 0.0149999997 -2.57773972 1.6639483
      vertex 0.0149999997 -2.58114505 1.66482699
    endloop
  endfacet
  facet normal 0 -0.249850348 -0.968284488
    outer loop
      vertex -0.0149999997 -2.57433438 1.66306961
      vertex 0.0149999997 -2.57433438 1.66306961
      vertex 0.0149999997 -2.57773972 1.6639483
    endloop
  endfacet
  facet normal 0 -0.249866739 -0.968280256
    outer loop
      vertex -0.0149999997 -2.57092929 1.66219091
      vertex 0.0149999997 -2.57092929 1.66219091
      vertex 0.0149999997 -2.57433438 1.66306961
    endloop
  endfacet
  facet normal 0 -0.249818563 -0.968292713
    outer loop
      vertex -0.0149999997 -2.56752396 1.66131234
      vertex 0.0149999997 -2.56752396 1.66131234
      vertex 0.0149999997 -2.57092929 1.66219091
    endloop
  endfacet
  facet normal 0 -0.249850348 -0.968284488
    outer loop
      vertex -0.0149999997 -2.56411862 1.66043365
      vertex 0.0149999997 -2.56411862 1.66043365
      vertex 0.0149999997 -2.56752396 1.66131234
    endloop
  endfacet
  facet normal 0 -0.249850348 -0.968284488
    outer loop
      vertex -0.0149999997 -2.56071329 1.65955496
      vertex 0.0149999997 -2.56071329 1.65955496
      vertex 0.0149999997 -2.56411862 1.66043365
    endloop
  endfacet
  facet normal 0 -0.2713193 -0.962489367
    outer loop
      vertex -0.0149999997 -2.5573082 1.65859509
      vertex 0.0149999997 -2.5573082 1.65859509
      vertex 0.0149999997 -2.56071329 1.65955496
    endloop
  endfacet
  facet normal 0 -0.325122327 -0.945671916
    outer loop
      vertex -0.0149999997 -2.55390286 1.65742433
      vertex 0.0149999997 -2.55390286 1.65742433
      vertex 0.0149999997 -2.5573082 1.65859509
    endloop
  endfacet
  facet normal 0 -0.325092733 -0.945682108
    outer loop
      vertex -0.0149999997 -2.55049753 1.6562537
      vertex 0.0149999997 -2.55049753 1.6562537
      vertex 0.0149999997 -2.55390286 1.65742433
    endloop
  endfacet
  facet normal 0 -0.325122327 -0.945671916
    outer loop
      vertex -0.0149999997 -2.5470922 1.65508294
      vertex 0.0149999997 -2.5470922 1.65508294
      vertex 0.0149999997 -2.55049753 1.6562537
    endloop
  endfacet
  facet normal 0 -0.325092733 -0.945682108
    outer loop
      vertex -0.0149999997 -2.54368687 1.65391231
      vertex 0.0149999997 -2.54368687 1.65391231
      vertex 0.0149999997 -2.5470922 1.65508294
    endloop
  endfacet
  facet normal 0 -0.325142711 -0.945665002
    outer loop
      vertex -0.0149999997 -2.54028177 1.65274155
      vertex 0.0149999997 -2.54028177 1.65274155
      vertex 0.0149999997 -2.54368687 1.65391231
    endloop
  endfacet
  facet normal 0 -0.325092733 -0.945682108
    outer loop
      vertex -0.0149999997 -2.53687644 1.65157092
      vertex 0.0149999997 -2.53687644 1.65157092
      vertex 0.0149999997 -2.54028177 1.65274155
    endloop
  endfacet
  facet normal 0 -0.325122327 -0.945671916
    outer loop
      vertex -0.0149999997 -2.53347111 1.65040016
      vertex 0.0149999997 -2.53347111 1.65040016
      vertex 0.0149999997 -2.53687644 1.65157092
    endloop
  endfacet
  facet normal 0 -0.325092733 -0.945682108
    outer loop
      vertex -0.0149999997 -2.53006577 1.64922953
      vertex 0.0149999997 -2.53006577 1.64922953
      vertex 0.0149999997 -2.53347111 1.65040016
    endloop
  endfacet
  facet normal 0 -0.325142711 -0.945665002
    outer loop
      vertex -0.0149999997 -2.52666068 1.64805877
      vertex 0.0149999997 -2.52666068 1.64805877
      vertex 0.0149999997 -2.53006577 1.64922953
    endloop
  endfacet
  facet normal 0 -0.325092733 -0.945682108
    outer loop
      vertex -0.0149999997 -2.52325535 1.64688814
      vertex 0.0149999997 -2.52325535 1.64688814
      vertex 0.0149999997 -2.52666068 1.64805877
    endloop
  endfacet
  facet normal 0 -0.325122327 -0.945671916
    outer loop
      vertex -0.0149999997 -2.51985002 1.64571738
      vertex 0.0149999997 -2.51985002 1.64571738
      vertex 0.0149999997 -2.52325535 1.64688814
    endloop
  endfacet
  facet normal 0 -0.325092733 -0.945682108
    outer loop
      vertex -0.0149999997 -2.51644468 1.64454675
      vertex 0.0149999997 -2.51644468 1.64454675
      vertex 0.0149999997 -2.51985002 1.64571738
    endloop
  endfacet
  facet normal 0 -0.325122327 -0.945671916
    outer loop
      vertex -0.0149999997 -2.51303935 1.64337599
      vertex 0.0149999997 -2.51303935 1.64337599
      vertex 0.0149999997 -2.51644468 1.64454675
    endloop
  endfacet
  facet normal 0 -0.222340986 -0.97496897
    outer loop
      vertex -0.0149999997 -2.50963426 1.64259946
      vertex 0.0149999997 -2.50963426 1.64259946
      vertex 0.0149999997 -2.51303935 1.64337599
    endloop
  endfacet
  facet normal 0 -0.188798934 -0.982015729
    outer loop
      vertex -0.0149999997 -2.50622892 1.64194477
      vertex 0.0149999997 -2.50622892 1.64194477
      vertex 0.0149999997 -2.50963426 1.64259946
    endloop
  endfacet
  facet normal 0 -0.188798934 -0.982015729
    outer loop
      vertex -0.0149999997 -2.50282359 1.64129007
      vertex 0.0149999997 -2.50282359 1.64129007
      vertex 0.0149999997 -2.50622892 1.64194477
    endloop
  endfacet
  facet normal 0 -0.188765794 -0.982022107
    outer loop
      vertex -0.0149999997 -2.49941826 1.64063549
      vertex 0.0149999997 -2.49941826 1.64063549
      vertex 0.0149999997 -2.50282359 1.64129007
    endloop
  endfacet
  facet normal 0 -0.188798934 -0.982015729
    outer loop
      vertex -0.0149999997 -2.49601293 1.63998079
      vertex 0.0149999997 -2.49601293 1.63998079
      vertex 0.0149999997 -2.49941826 1.64063549
    endloop
  endfacet
  facet normal 0 -0.18881169 -0.982013345
    outer loop
      vertex -0.0149999997 -2.49260783 1.6393261
      vertex 0.0149999997 -2.49260783 1.6393261
      vertex 0.0149999997 -2.49601293 1.63998079
    endloop
  endfacet
  facet normal 0 -0.188798934 -0.982015729
    outer loop
      vertex -0.0149999997 -2.4892025 1.6386714
      vertex 0.0149999997 -2.4892025 1.6386714
      vertex 0.0149999997 -2.49260783 1.6393261
    endloop
  endfacet
  facet normal 0 -0.188798934 -0.982015729
    outer loop
      vertex -0.0149999997 -2.48579717 1.6380167
      vertex 0.0149999997 -2.48579717 1.6380167
      vertex 0.0149999997 -2.4892025 1.6386714
    endloop
  endfacet
  facet normal 0 -0.188798934 -0.982015729
    outer loop
      vertex -0.0149999997 -2.48239183 1.637362
      vertex 0.0149999997 -2.48239183 1.637362
      vertex 0.0149999997 -2.48579717 1.6380167
    endloop
  endfacet
  facet normal 0 -0.18881169 -0.982013345
    outer loop
      vertex -0.0149999997 -2.47898674 1.63670731
      vertex 0.0149999997 -2.47898674 1.63670731
      vertex 0.0149999997 -2.48239183 1.637362
    endloop
  endfacet
  facet normal 0 -0.188798934 -0.982015729
    outer loop
      vertex -0.0149999997 -2.47558141 1.63605261
      vertex 0.0149999997 -2.47558141 1.63605261
      vertex 0.0149999997 -2.47898674 1.63670731
    endloop
  endfacet
  facet normal 0 -0.10100016 -0.994886398
    outer loop
      vertex -0.0149999997 -2.47217607 1.6357069
      vertex 0.0149999997 -2.47217607 1.6357069
      vertex 0.0149999997 -2.47558141 1.63605261
    endloop
  endfacet
  facet normal 0 -0.0877024829 -0.996146739
    outer loop
      vertex -0.0149999997 -2.46877074 1.63540709
      vertex 0.0149999997 -2.46877074 1.63540709
      vertex 0.0149999997 -2.47217607 1.6357069
    endloop
  endfacet
  facet normal 0 -0.0877024829 -0.996146739
    outer loop
      vertex -0.0149999997 -2.46536541 1.63510728
      vertex 0.0149999997 -2.46536541 1.63510728
      vertex 0.0149999997 -2.46877074 1.63540709
    endloop
  endfacet
  facet normal 0 -0.0877085701 -0.996146142
    outer loop
      vertex -0.0149999997 -2.46196032 1.63480747
      vertex 0.0149999997 -2.46196032 1.63480747
      vertex 0.0149999997 -2.46536541 1.63510728
    endloop
  endfacet
  facet normal 0 -0.0877024829 -0.996146739
    outer loop
      vertex -0.0149999997 -2.45855498 1.63450766
      vertex 0.0149999997 -2.45855498 1.63450766
      vertex 0.0149999997 -2.46196032 1.63480747
    endloop
  endfacet
  facet normal 0 -0.0877024829 -0.996146739
    outer loop
      vertex -0.0149999997 -2.45514965 1.63420784
      vertex 0.0149999997 -2.45514965 1.63420784
      vertex 0.0149999997 -2.45855498 1.63450766
    endloop
  endfacet
  facet normal 0 -0.0877024829 -0.996146739
    outer loop
      vertex -0.0149999997 -2.45174432 1.63390803
      vertex 0.0149999997 -2.45174432 1.63390803
      vertex 0.0149999997 -2.45514965 1.63420784
    endloop
  endfacet
  facet normal 0 -0.0754738003 -0.997147799
    outer loop
      vertex -0.0149999997 -2.44833922 1.6336503
      vertex 0.0149999997 -2.44833922 1.6336503
      vertex 0.0149999997 -2.45174432 1.63390803
    endloop
  endfacet
  facet normal 0 -0.0611818135 -0.998126626
    outer loop
      vertex -0.0149999997 -2.44493389 1.63344157
      vertex 0.0149999997 -2.44493389 1.63344157
      vertex 0.0149999997 -2.44833922 1.6336503
    endloop
  endfacet
  facet normal 0 -0.0611818135 -0.998126626
    outer loop
      vertex -0.0149999997 -2.44152856 1.63323283
      vertex 0.0149999997 -2.44152856 1.63323283
      vertex 0.0149999997 -2.44493389 1.63344157
    endloop
  endfacet
  facet normal 0 -0.0611818135 -0.998126626
    outer loop
      vertex -0.0149999997 -2.43812323 1.6330241
      vertex 0.0149999997 -2.43812323 1.6330241
      vertex 0.0149999997 -2.44152856 1.63323283
    endloop
  endfacet
  facet normal 0 -0.0611818135 -0.998126626
    outer loop
      vertex -0.0149999997 -2.43471789 1.63281536
      vertex 0.0149999997 -2.43471789 1.63281536
      vertex 0.0149999997 -2.43812323 1.6330241
    endloop
  endfacet
  facet normal 0 -0.0611860827 -0.998126328
    outer loop
      vertex -0.0149999997 -2.4313128 1.63260663
      vertex 0.0149999997 -2.4313128 1.63260663
      vertex 0.0149999997 -2.43471789 1.63281536
    endloop
  endfacet
  facet normal 0 -0.0611818135 -0.998126626
    outer loop
      vertex -0.0149999997 -2.42790747 1.63239789
      vertex 0.0149999997 -2.42790747 1.63239789
      vertex 0.0149999997 -2.4313128 1.63260663
    endloop
  endfacet
  facet normal 0 -0.0435419455 -0.99905163
    outer loop
      vertex -0.0149999997 -2.42450213 1.63224947
      vertex 0.0149999997 -2.42450213 1.63224947
      vertex 0.0149999997 -2.42790747 1.63239789
    endloop
  endfacet
  facet normal 0 0 -1
    outer loop
      vertex -0.0149999997 -2.4210968 1.63224947
      vertex 0.0149999997 -2.4210968 1.63224947
      vertex 0.0149999997 -2.42450213 1.63224947
    endloop
  endfacet
  facet normal 0 0 -1
    outer loop
      vertex -0.0149999997 -2.41769171 1.63224947
      vertex 0.0149999997 -2.41769171 1.63224947
      vertex 0.0149999997 -2.4210968 1.63224947
    endloop
  endfacet
  facet normal 0 0.0472760685 -0.998881817
    outer loop
      vertex -0.0149999997 -2.41428638 1.63241065
      vertex 0.0149999997 -2.41428638 1.63241065
      vertex 0.0149999997 -2.41769171 1.63224947
    endloop
  endfacet
  facet normal 0 0.0472760685 -0.998881817
    outer loop
      vertex -0.0149999997 -2.41088104 1.63257182
      vertex 0.0149999997 -2.41088104 1.63257182
      vertex 0.0149999997 -2.41428638 1.63241065
    endloop
  endfacet
  facet normal 0 0.0472760685 -0.998881817
    outer loop
      vertex -0.0149999997 -2.40747571 1.63273299
      vertex 0.0149999997 -2.40747571 1.63273299
      vertex 0.0149999997 -2.41088104 1.63257182
    endloop
  endfacet
  facet normal 0 0.0472760685 -0.998881817
    outer loop
      vertex -0.0149999997 -2.40407038 1.63289416
      vertex 0.0149999997 -2.40407038 1.63289416
      vertex 0.0149999997 -2.40747571 1.63273299
    endloop
  endfacet
  facet normal 0 0.0473142713 -0.998880148
    outer loop
      vertex -0.0149999997 -2.40066528 1.63305545
      vertex 0.0149999997 -2.40066528 1.63305545
      vertex 0.0149999997 -2.40407038 1.63289416
    endloop
  endfacet
  facet normal 0 0.0472760685 -0.998881817
    outer loop
      vertex -0.0149999997 -2.39725995 1.63321662
      vertex 0.0149999997 -2.39725995 1.63321662
      vertex 0.0149999997 -2.40066528 1.63305545
    endloop
  endfacet
  facet normal 0 0.0472760685 -0.998881817
    outer loop
      vertex -0.0149999997 -2.39385462 1.63337779
      vertex 0.0149999997 -2.39385462 1.63337779
      vertex 0.0149999997 -2.39725995 1.63321662
    endloop
  endfacet
  facet normal 0 0.0477645099 -0.99885869
    outer loop
      vertex -0.0149999997 -2.39044929 1.63354063
      vertex 0.0149999997 -2.39044929 1.63354063
      vertex 0.0149999997 -2.39385462 1.63337779
    endloop
  endfacet
  facet normal 0 0.0585396849 -0.998285055
    outer loop
      vertex -0.0149999997 -2.38704419 1.63374031
      vertex 0.0149999997 -2.38704419 1.63374031
      vertex 0.0149999997 -2.39044929 1.63354063
    endloop
  endfacet
  facet normal 0 0.0585007668 -0.99828732
    outer loop
      vertex -0.0149999997 -2.38363886 1.63393986
      vertex 0.0149999997 -2.38363886 1.63393986
      vertex 0.0149999997 -2.38704419 1.63374031
    endloop
  endfacet
  facet normal 0 0.0585356019 -0.998285353
    outer loop
      vertex -0.0149999997 -2.38023353 1.63413954
      vertex 0.0149999997 -2.38023353 1.63413954
      vertex 0.0149999997 -2.38363886 1.63393986
    endloop
  endfacet
  facet normal 0 0.0585356019 -0.998285353
    outer loop
      vertex -0.0149999997 -2.37682819 1.63433921
      vertex 0.0149999997 -2.37682819 1.63433921
      vertex 0.0149999997 -2.38023353 1.63413954
    endloop
  endfacet
  facet normal 0 0.0585356019 -0.998285353
    outer loop
      vertex -0.0149999997 -2.37342286 1.63453889
      vertex 0.0149999997 -2.37342286 1.63453889
      vertex 0.0149999997 -2.37682819 1.63433921
    endloop
  endfacet
  facet normal 0 0.0585048497 -0.998287082
    outer loop
      vertex -0.0149999997 -2.37001777 1.63473845
      vertex 0.0149999997 -2.37001777 1.63473845
      vertex 0.0149999997 -2.37342286 1.63453889
    endloop
  endfacet
  facet normal 0 0.0585356019 -0.998285353
    outer loop
      vertex -0.0149999997 -2.36661243 1.63493812
      vertex 0.0149999997 -2.36661243 1.63493812
      vertex 0.0149999997 -2.37001777 1.63473845
    endloop
  endfacet
  facet normal 0 0.0585356019 -0.998285353
    outer loop
      vertex -0.0149999997 -2.3632071 1.6351378
      vertex 0.0149999997 -2.3632071 1.6351378
      vertex 0.0149999997 -2.36661243 1.63493812
    endloop
  endfacet
  facet normal 0 0.277092576 -0.960843205
    outer loop
      vertex -0.0149999997 -2.35980177 1.63611984
      vertex 0.0149999997 -2.35980177 1.63611984
      vertex 0.0149999997 -2.3632071 1.6351378
    endloop
  endfacet
  facet normal 0 0.281202137 -0.95964855
    outer loop
      vertex -0.0149999997 -2.35639668 1.63711762
      vertex 0.0149999997 -2.35639668 1.63711762
      vertex 0.0149999997 -2.35980177 1.63611984
    endloop
  endfacet
  facet normal 0 0.281214952 -0.959644794
    outer loop
      vertex -0.0149999997 -2.35299134 1.63811553
      vertex 0.0149999997 -2.35299134 1.63811553
      vertex 0.0149999997 -2.35639668 1.63711762
    endloop
  endfacet
  facet normal 0 0.281184018 -0.959653914
    outer loop
      vertex -0.0149999997 -2.34958601 1.63911331
      vertex 0.0149999997 -2.34958601 1.63911331
      vertex 0.0149999997 -2.35299134 1.63811553
    endloop
  endfacet
  facet normal 0 0.281214952 -0.959644794
    outer loop
      vertex -0.0149999997 -2.34618068 1.64011121
      vertex 0.0149999997 -2.34618068 1.64011121
      vertex 0.0149999997 -2.34958601 1.63911331
    endloop
  endfacet
  facet normal 0 0.281184018 -0.959653914
    outer loop
      vertex -0.0149999997 -2.34277534 1.64110899
      vertex 0.0149999997 -2.34277534 1.64110899
      vertex 0.0149999997 -2.34618068 1.64011121
    endloop
  endfacet
  facet normal 0 0.28432259 -0.958728671
    outer loop
      vertex -0.0149999997 -2.33937025 1.64211881
      vertex 0.0149999997 -2.33937025 1.64211881
      vertex 0.0149999997 -2.34277534 1.64110899
    endloop
  endfacet
  facet normal 0 0.285229385 -0.958459318
    outer loop
      vertex -0.0149999997 -2.33596492 1.64313221
      vertex 0.0149999997 -2.33596492 1.64313221
      vertex 0.0149999997 -2.33937025 1.64211881
    endloop
  endfacet
  facet normal 0 0.285260201 -0.958450139
    outer loop
      vertex -0.0149999997 -2.33255959 1.64414573
      vertex 0.0149999997 -2.33255959 1.64414573
      vertex 0.0149999997 -2.33596492 1.64313221
    endloop
  endfacet
  facet normal 0 0.285260201 -0.958450139
    outer loop
      vertex -0.0149999997 -2.32915425 1.64515924
      vertex 0.0149999997 -2.32915425 1.64515924
      vertex 0.0149999997 -2.33255959 1.64414573
    endloop
  endfacet
  facet normal 0 0.285260201 -0.958450139
    outer loop
      vertex -0.0149999997 -2.32574892 1.64617276
      vertex 0.0149999997 -2.32574892 1.64617276
      vertex 0.0149999997 -2.32915425 1.64515924
    endloop
  endfacet
  facet normal 0 0.285247743 -0.958453834
    outer loop
      vertex -0.0149999997 -2.32234383 1.64718616
      vertex 0.0149999997 -2.32234383 1.64718616
      vertex 0.0149999997 -2.32574892 1.64617276
    endloop
  endfacet
  facet normal 0 0.230349258 -0.973108053
    outer loop
      vertex -0.0149999997 -2.31893849 1.64799225
      vertex 0.0149999997 -2.31893849 1.64799225
      vertex 0.0149999997 -2.32234383 1.64718616
    endloop
  endfacet
  facet normal 0 0.197099432 -0.980383456
    outer loop
      vertex -0.0149999997 -2.31553316 1.64867687
      vertex 0.0149999997 -2.31553316 1.64867687
      vertex 0.0149999997 -2.31893849 1.64799225
    endloop
  endfacet
  facet normal 0 0.197099432 -0.980383456
    outer loop
      vertex -0.0149999997 -2.31212783 1.64936149
      vertex 0.0149999997 -2.31212783 1.64936149
      vertex 0.0149999997 -2.31553316 1.64867687
    endloop
  endfacet
  facet normal 0 0.197112679 -0.980380774
    outer loop
      vertex -0.0149999997 -2.30872273 1.65004611
      vertex 0.0149999997 -2.30872273 1.65004611
      vertex 0.0149999997 -2.31212783 1.64936149
    endloop
  endfacet
  facet normal 0 0.197132424 -0.980376899
    outer loop
      vertex -0.0149999997 -2.3053174 1.65073085
      vertex 0.0149999997 -2.3053174 1.65073085
      vertex 0.0149999997 -2.30872273 1.65004611
    endloop
  endfacet
  facet normal 0 0.197099432 -0.980383456
    outer loop
      vertex -0.0149999997 -2.30191207 1.65141547
      vertex 0.0149999997 -2.30191207 1.65141547
      vertex 0.0149999997 -2.3053174 1.65073085
    endloop
  endfacet
  facet normal 0 0.183818981 -0.982960105
    outer loop
      vertex -0.0149999997 -2.29850674 1.65205228
      vertex 0.0149999997 -2.29850674 1.65205228
      vertex 0.0149999997 -2.30191207 1.65141547
    endloop
  endfacet
  facet normal 0 0.145260662 -0.989393413
    outer loop
      vertex -0.0149999997 -2.2951014 1.65255225
      vertex 0.0149999997 -2.2951014 1.65255225
      vertex 0.0149999997 -2.29850674 1.65205228
    endloop
  endfacet
  facet normal 0 0.145270616 -0.989391983
    outer loop
      vertex -0.0149999997 -2.29169631 1.65305221
      vertex 0.0149999997 -2.29169631 1.65305221
      vertex 0.0149999997 -2.2951014 1.65255225
    endloop
  endfacet
  facet normal 0 0.145226762 -0.98939842
    outer loop
      vertex -0.0149999997 -2.28829098 1.65355206
      vertex 0.0149999997 -2.28829098 1.65355206
      vertex 0.0149999997 -2.29169631 1.65305221
    endloop
  endfacet
  facet normal 0 0.145260662 -0.989393413
    outer loop
      vertex -0.0149999997 -2.28488564 1.65405202
      vertex 0.0149999997 -2.28488564 1.65405202
      vertex 0.0149999997 -2.28829098 1.65355206
    endloop
  endfacet
  facet normal 0 0.145226762 -0.98939842
    outer loop
      vertex -0.0149999997 -2.28148031 1.65455186
      vertex 0.0149999997 -2.28148031 1.65455186
      vertex 0.0149999997 -2.28488564 1.65405202
    endloop
  endfacet
  facet normal 0 0.145270616 -0.989391983
    outer loop
      vertex -0.0149999997 -2.27807522 1.65505183
      vertex 0.0149999997 -2.27807522 1.65505183
      vertex 0.0149999997 -2.28148031 1.65455186
    endloop
  endfacet
  facet normal 0 0.145226762 -0.98939842
    outer loop
      vertex -0.0149999997 -2.27466989 1.65555167
      vertex 0.0149999997 -2.27466989 1.65555167
      vertex 0.0149999997 -2.27807522 1.65505183
    endloop
  endfacet
  facet normal 0 0.145260662 -0.989393413
    outer loop
      vertex -0.0149999997 -2.27126455 1.65605164
      vertex 0.0149999997 -2.27126455 1.65605164
      vertex 0.0149999997 -2.27466989 1.65555167
    endloop
  endfacet
  facet normal 0 0.145226762 -0.98939842
    outer loop
      vertex -0.0149999997 -2.26785922 1.65655148
      vertex 0.0149999997 -2.26785922 1.65655148
      vertex 0.0149999997 -2.27126455 1.65605164
    endloop
  endfacet
  facet normal 0 0.145260662 -0.989393413
    outer loop
      vertex -0.0149999997 -2.26445389 1.65705144
      vertex 0.0149999997 -2.26445389 1.65705144
      vertex 0.0149999997 -2.26785922 1.65655148
    endloop
  endfacet
  facet normal 0 0.00840188749 -0.999964714
    outer loop
      vertex -0.0149999997 -2.26104879 1.65708005
      vertex 0.0149999997 -2.26104879 1.65708005
      vertex 0.0149999997 -2.26445389 1.65705144
    endloop
  endfacet
  facet normal 0 0 -1
    outer loop
      vertex -0.0149999997 -2.25764346 1.65708005
      vertex 0.0149999997 -2.25764346 1.65708005
      vertex 0.0149999997 -2.26104879 1.65708005
    endloop
  endfacet
  facet normal 0 0 -1
    outer loop
      vertex -0.0149999997 -2.25423813 1.65708005
      vertex 0.0149999997 -2.25423813 1.65708005
      vertex 0.0149999997 -2.25764346 1.65708005
    endloop
  endfacet
  facet normal 0 -0.0975166187 -0.995233893
    outer loop
      vertex -0.0149999997 -2.2508328 1.65674639
      vertex 0.0149999997 -2.2508328 1.65674639
      vertex 0.0149999997 -2.25423813 1.65708005
    endloop
  endfacet
  facet normal 0 -0.0975233838 -0.995233238
    outer loop
      vertex -0.0149999997 -2.2474277 1.65641272
      vertex 0.0149999997 -2.2474277 1.65641272
      vertex 0.0149999997 -2.2508328 1.65674639
    endloop
  endfacet
  facet normal 0 -0.0974821076 -0.995237291
    outer loop
      vertex -0.0149999997 -2.24402237 1.65607917
      vertex 0.0149999997 -2.24402237 1.65607917
      vertex 0.0149999997 -2.2474277 1.65641272
    endloop
  endfacet
  facet normal 0 -0.0975166187 -0.995233893
    outer loop
      vertex -0.0149999997 -2.24061704 1.65574551
      vertex 0.0149999997 -2.24061704 1.65574551
      vertex 0.0149999997 -2.24402237 1.65607917
    endloop
  endfacet
  facet normal 0 -0.0975166187 -0.995233893
    outer loop
      vertex -0.0149999997 -2.2372117 1.65541184
      vertex 0.0149999997 -2.2372117 1.65541184
      vertex 0.0149999997 -2.24061704 1.65574551
    endloop
  endfacet
  facet normal 0 -0.0975166187 -0.995233893
    outer loop
      vertex -0.0149999997 -2.23380637 1.65507817
      vertex 0.0149999997 -2.23380637 1.65507817
      vertex 0.0149999997 -2.2372117 1.65541184
    endloop
  endfacet
  facet normal 0 -0.0975233838 -0.995233238
    outer loop
      vertex -0.0149999997 -2.23040128 1.65474451
      vertex 0.0149999997 -2.23040128 1.65474451
      vertex 0.0149999997 -2.23380637 1.65507817
    endloop
  endfacet
  facet normal 0 -0.0975166187 -0.995233893
    outer loop
      vertex -0.0149999997 -2.22699594 1.65441084
      vertex 0.0149999997 -2.22699594 1.65441084
      vertex 0.0149999997 -2.23040128 1.65474451
    endloop
  endfacet
  facet normal 0 -0.0975166187 -0.995233893
    outer loop
      vertex -0.0149999997 -2.22359061 1.65407717
      vertex 0.0149999997 -2.22359061 1.65407717
      vertex 0.0149999997 -2.22699594 1.65441084
    endloop
  endfacet
  facet normal 0 -0.0975166187 -0.995233893
    outer loop
      vertex -0.0149999997 -2.22018528 1.65374351
      vertex 0.0149999997 -2.22018528 1.65374351
      vertex 0.0149999997 -2.22359061 1.65407717
    endloop
  endfacet
  facet normal 0 -0.0974888653 -0.995236635
    outer loop
      vertex -0.0149999997 -2.21678019 1.65340996
      vertex 0.0149999997 -2.21678019 1.65340996
      vertex 0.0149999997 -2.22018528 1.65374351
    endloop
  endfacet
  facet normal 0 -0.0975166187 -0.995233893
    outer loop
      vertex -0.0149999997 -2.21337485 1.65307629
      vertex 0.0149999997 -2.21337485 1.65307629
      vertex 0.0149999997 -2.21678019 1.65340996
    endloop
  endfacet
  facet normal 0 -0.0975166187 -0.995233893
    outer loop
      vertex -0.0149999997 -2.20996952 1.65274262
      vertex 0.0149999997 -2.20996952 1.65274262
      vertex 0.0149999997 -2.21337485 1.65307629
    endloop
  endfacet
  facet normal 0 -0.395153135 -0.918615282
    outer loop
      vertex -0.0149999997 -2.20656419 1.65127778
      vertex 0.0149999997 -2.20656419 1.65127778
      vertex 0.0149999997 -2.20996952 1.65274262
    endloop
  endfacet
  facet normal 0 -0.44470349 -0.895677924
    outer loop
      vertex -0.0149999997 -2.20315886 1.64958704
      vertex 0.0149999997 -2.20315886 1.64958704
      vertex 0.0149999997 -2.20656419 1.65127778
    endloop
  endfacet
  facet normal 0 -0.444728434 -0.895665467
    outer loop
      vertex -0.0149999997 -2.19975376 1.64789629
      vertex 0.0149999997 -2.19975376 1.64789629
      vertex 0.0149999997 -2.20315886 1.64958704
    endloop
  endfacet
  facet normal 0 -0.44470349 -0.895677924
    outer loop
      vertex -0.0149999997 -2.19634843 1.64620554
      vertex 0.0149999997 -2.19634843 1.64620554
      vertex 0.0149999997 -2.19975376 1.64789629
    endloop
  endfacet
  facet normal 0 -0.444678307 -0.895690382
    outer loop
      vertex -0.0149999997 -2.1929431 1.64451492
      vertex 0.0149999997 -2.1929431 1.64451492
      vertex 0.0149999997 -2.19634843 1.64620554
    endloop
  endfacet
  facet normal 0 -0.44470349 -0.895677924
    outer loop
      vertex -0.0149999997 -2.18953776 1.64282417
      vertex 0.0149999997 -2.18953776 1.64282417
      vertex 0.0149999997 -2.1929431 1.64451492
    endloop
  endfacet
  facet normal 0 -0.444728434 -0.895665467
    outer loop
      vertex -0.0149999997 -2.18613267 1.64113343
      vertex 0.0149999997 -2.18613267 1.64113343
      vertex 0.0149999997 -2.18953776 1.64282417
    endloop
  endfacet
  facet normal 0 -0.44470349 -0.895677924
    outer loop
      vertex -0.0149999997 -2.18272734 1.63944268
      vertex 0.0149999997 -2.18272734 1.63944268
      vertex 0.0149999997 -2.18613267 1.64113343
    endloop
  endfacet
  facet normal 0 -0.444678307 -0.895690382
    outer loop
      vertex -0.0149999997 -2.179322 1.63775206
      vertex 0.0149999997 -2.179322 1.63775206
      vertex 0.0149999997 -2.18272734 1.63944268
    endloop
  endfacet
  facet normal 0 -0.44470349 -0.895677924
    outer loop
      vertex -0.0149999997 -2.17591667 1.63606131
      vertex 0.0149999997 -2.17591667 1.63606131
      vertex 0.0149999997 -2.179322 1.63775206
    endloop
  endfacet
  facet normal 0 -0.44470349 -0.895677924
    outer loop
      vertex -0.0149999997 -2.17251134 1.63437057
      vertex 0.0149999997 -2.17251134 1.63437057
      vertex 0.0149999997 -2.17591667 1.63606131
    endloop
  endfacet
  facet normal 0 -0.455348849 -0.890313148
    outer loop
      vertex -0.0149999997 -2.16910625 1.63262904
      vertex 0.0149999997 -2.16910625 1.63262904
      vertex 0.0149999997 -2.17251134 1.63437057
    endloop
  endfacet
  facet normal 0 -0.676095963 -0.736813545
    outer loop
      vertex -0.0149999997 -2.16570091 1.62950432
      vertex 0.0149999997 -2.16570091 1.62950432
      vertex 0.0149999997 -2.16910625 1.63262904
    endloop
  endfacet
  facet normal 0 -0.676095963 -0.736813545
    outer loop
      vertex -0.0149999997 -2.16229558 1.62637961
      vertex 0.0149999997 -2.16229558 1.62637961
      vertex 0.0149999997 -2.16570091 1.62950432
    endloop
  endfacet
  facet normal 0 -0.676095963 -0.736813545
    outer loop
      vertex -0.0149999997 -2.15889025 1.6232549
      vertex 0.0149999997 -2.15889025 1.6232549
      vertex 0.0149999997 -2.16229558 1.62637961
    endloop
  endfacet
  facet normal 0 -0.676095963 -0.736813545
    outer loop
      vertex -0.0149999997 -2.15548491 1.62013018
      vertex 0.0149999997 -2.15548491 1.62013018
      vertex 0.0149999997 -2.15889025 1.6232549
    endloop
  endfacet
  facet normal 0 -0.676121652 -0.736790001
    outer loop
      vertex -0.0149999997 -2.15207982 1.61700547
      vertex 0.0149999997 -2.15207982 1.61700547
      vertex 0.0149999997 -2.15548491 1.62013018
    endloop
  endfacet
  facet normal 0 -0.676095963 -0.736813545
    outer loop
      vertex -0.0149999997 -2.14867449 1.61388075
      vertex 0.0149999997 -2.14867449 1.61388075
      vertex 0.0149999997 -2.15207982 1.61700547
    endloop
  endfacet
  facet normal 0 -0.676095963 -0.736813545
    outer loop
      vertex -0.0149999997 -2.14526916 1.61075604
      vertex 0.0149999997 -2.14526916 1.61075604
      vertex 0.0149999997 -2.14867449 1.61388075
    endloop
  endfacet
  facet normal 0 -0.676095963 -0.736813545
    outer loop
      vertex -0.0149999997 -2.14186382 1.60763133
      vertex 0.0149999997 -2.14186382 1.60763133
      vertex 0.0149999997 -2.14526916 1.61075604
    endloop
  endfacet
  facet normal 0 -0.676121652 -0.736790001
    outer loop
      vertex -0.0149999997 -2.13845873 1.60450661
      vertex 0.0149999997 -2.13845873 1.60450661
      vertex 0.0149999997 -2.14186382 1.60763133
    endloop
  endfacet
  facet normal 0 -0.676095963 -0.736813545
    outer loop
      vertex -0.0149999997 -2.1350534 1.6013819
      vertex 0.0149999997 -2.1350534 1.6013819
      vertex 0.0149999997 -2.13845873 1.60450661
    endloop
  endfacet
  facet normal 0 -0.676095963 -0.736813545
    outer loop
      vertex -0.0149999997 -2.13164806 1.59825718
      vertex 0.0149999997 -2.13164806 1.59825718
      vertex 0.0149999997 -2.1350534 1.6013819
    endloop
  endfacet
  facet normal 0 -0.676095963 -0.736813545
    outer loop
      vertex -0.0149999997 -2.12824273 1.59513247
      vertex 0.0149999997 -2.12824273 1.59513247
      vertex 0.0149999997 -2.13164806 1.59825718
    endloop
  endfacet
  facet normal 0 -0.67610991 -0.736800671
    outer loop
      vertex -0.0149999997 -2.1248374 1.59200764
      vertex 0.0149999997 -2.1248374 1.59200764
      vertex 0.0149999997 -2.12824273 1.59513247
    endloop
  endfacet
  facet normal 0 -0.676121652 -0.736790001
    outer loop
      vertex -0.0149999997 -2.1214323 1.58888292
      vertex 0.0149999997 -2.1214323 1.58888292
      vertex 0.0149999997 -2.1248374 1.59200764
    endloop
  endfacet
  facet normal 0 -0.676095963 -0.736813545
    outer loop
      vertex -0.0149999997 -2.11802697 1.58575821
      vertex 0.0149999997 -2.11802697 1.58575821
      vertex 0.0149999997 -2.1214323 1.58888292
    endloop
  endfacet
  facet normal 0 -0.676095963 -0.736813545
    outer loop
      vertex -0.0149999997 -2.11462164 1.5826335
      vertex 0.0149999997 -2.11462164 1.5826335
      vertex 0.0149999997 -2.11802697 1.58575821
    endloop
  endfacet
  facet normal 0 -0.703490078 -0.710705161
    outer loop
      vertex -0.0149999997 -2.11121631 1.57926273
      vertex 0.0149999997 -2.11121631 1.57926273
      vertex 0.0149999997 -2.11462164 1.5826335
    endloop
  endfacet
  facet normal 0 -0.704918146 -0.709288538
    outer loop
      vertex -0.0149999997 -2.10781121 1.57587862
      vertex 0.0149999997 -2.10781121 1.57587862
      vertex 0.0149999997 -2.11121631 1.57926273
    endloop
  endfacet
  facet normal 0 -0.704905868 -0.709300816
    outer loop
      vertex -0.0149999997 -2.10440588 1.57249439
      vertex 0.0149999997 -2.10440588 1.57249439
      vertex 0.0149999997 -2.10781121 1.57587862
    endloop
  endfacet
  facet normal 0 -0.70489341 -0.709313273
    outer loop
      vertex -0.0149999997 -2.10100055 1.56911027
      vertex 0.0149999997 -2.10100055 1.56911027
      vertex 0.0149999997 -2.10440588 1.57249439
    endloop
  endfacet
  facet normal 0 -0.704905868 -0.709300816
    outer loop
      vertex -0.0149999997 -2.09759521 1.56572604
      vertex 0.0149999997 -2.09759521 1.56572604
      vertex 0.0149999997 -2.10100055 1.56911027
    endloop
  endfacet
  facet normal 0 -0.70489341 -0.709313273
    outer loop
      vertex -0.0149999997 -2.09418988 1.56234193
      vertex 0.0149999997 -2.09418988 1.56234193
      vertex 0.0149999997 -2.09759521 1.56572604
    endloop
  endfacet
  facet normal 0 -0.704918146 -0.709288538
    outer loop
      vertex -0.0149999997 -2.09078479 1.55895782
      vertex 0.0149999997 -2.09078479 1.55895782
      vertex 0.0149999997 -2.09418988 1.56234193
    endloop
  endfacet
  facet normal 0 -0.704905868 -0.709300816
    outer loop
      vertex -0.0149999997 -2.08737946 1.55557358
      vertex 0.0149999997 -2.08737946 1.55557358
      vertex 0.0149999997 -2.09078479 1.55895782
    endloop
  endfacet
  facet normal 0 -0.70489341 -0.709313273
    outer loop
      vertex -0.0149999997 -2.08397412 1.55218947
      vertex 0.0149999997 -2.08397412 1.55218947
      vertex 0.0149999997 -2.08737946 1.55557358
    endloop
  endfacet
  facet normal 0 -0.704905868 -0.709300816
    outer loop
      vertex -0.0149999997 -2.08056879 1.54880524
      vertex 0.0149999997 -2.08056879 1.54880524
      vertex 0.0149999997 -2.08397412 1.55218947
    endloop
  endfacet
  facet normal 0 -0.704918146 -0.709288538
    outer loop
      vertex -0.0149999997 -2.0771637 1.54542112
      vertex 0.0149999997 -2.0771637 1.54542112
      vertex 0.0149999997 -2.08056879 1.54880524
    endloop
  endfacet
  facet normal 0 -0.70489341 -0.709313273
    outer loop
      vertex -0.0149999997 -2.07375836 1.54203701
      vertex 0.0149999997 -2.07375836 1.54203701
      vertex 0.0149999997 -2.0771637 1.54542112
    endloop
  endfacet
  facet normal 0 -0.704905868 -0.709300816
    outer loop
      vertex -0.0149999997 -2.07035303 1.53865278
      vertex 0.0149999997 -2.07035303 1.53865278
      vertex 0.0149999997 -2.07375836 1.54203701
    endloop
  endfacet
  facet normal 0 -0.70489341 -0.709313273
    outer loop
      vertex -0.0149999997 -2.0669477 1.53526866
      vertex 0.0149999997 -2.0669477 1.53526866
      vertex 0.0149999997 -2.07035303 1.53865278
    endloop
  endfacet
  facet normal 0 -0.704905868 -0.709300816
    outer loop
      vertex -0.0149999997 -2.06354237 1.53188443
      vertex 0.0149999997 -2.06354237 1.53188443
      vertex 0.0149999997 -2.0669477 1.53526866
    endloop
  endfacet
  facet normal 0 -0.704918146 -0.709288538
    outer loop
      vertex -0.0149999997 -2.06013727 1.52850032
      vertex 0.0149999997 -2.06013727 1.52850032
      vertex 0.0149999997 -2.06354237 1.53188443
    endloop
  endfacet
  facet normal 0 -0.70489341 -0.709313273
    outer loop
      vertex -0.0149999997 -2.05673194 1.52511621
      vertex 0.0149999997 -2.05673194 1.52511621
      vertex 0.0149999997 -2.06013727 1.52850032
    endloop
  endfacet
  facet normal 0 -0.704905868 -0.709300816
    outer loop
      vertex -0.0149999997 -2.05332661 1.52173197
      vertex 0.0149999997 -2.05332661 1.52173197
      vertex 0.0149999997 -2.05673194 1.52511621
    endloop
  endfacet
  facet normal 0 -0.70489341 -0.709313273
    outer loop
      vertex -0.0149999997 -2.04992127 1.51834786
      vertex 0.0149999997 -2.04992127 1.51834786
      vertex 0.0149999997 -2.05332661 1.52173197
    endloop
  endfacet
  facet normal 0 -0.666123748 -0.745841324
    outer loop
      vertex -0.0149999997 -2.04651618 1.51530671
      vertex 0.0149999997 -2.04651618 1.51530671
      vertex 0.0149999997 -2.04992127 1.51834786
    endloop
  endfacet
  facet normal 0 -0.596062124 -0.802938342
    outer loop
      vertex -0.0149999997 -2.04311085 1.51277876
      vertex 0.0149999997 -2.04311085 1.51277876
      vertex 0.0149999997 -2.04651618 1.51530671
    endloop
  endfacet
  facet normal 0 -0.596043944 -0.802951753
    outer loop
      vertex -0.0149999997 -2.03970551 1.51025093
      vertex 0.0149999997 -2.03970551 1.51025093
      vertex 0.0149999997 -2.04311085 1.51277876
    endloop
  endfacet
  facet normal 0 -0.596043944 -0.802951753
    outer loop
      vertex -0.0149999997 -2.03630018 1.50772309
      vertex 0.0149999997 -2.03630018 1.50772309
      vertex 0.0149999997 -2.03970551 1.51025093
    endloop
  endfacet
  facet normal 0 -0.596043944 -0.802951753
    outer loop
      vertex -0.0149999997 -2.03289485 1.50519526
      vertex 0.0149999997 -2.03289485 1.50519526
      vertex 0.0149999997 -2.03630018 1.50772309
    endloop
  endfacet
  facet normal 0 -0.596070886 -0.802931845
    outer loop
      vertex -0.0149999997 -2.02948976 1.50266743
      vertex 0.0149999997 -2.02948976 1.50266743
      vertex 0.0149999997 -2.03289485 1.50519526
    endloop
  endfacet
  facet normal 0 -0.596062124 -0.802938342
    outer loop
      vertex -0.0149999997 -2.02608442 1.50013947
      vertex 0.0149999997 -2.02608442 1.50013947
      vertex 0.0149999997 -2.02948976 1.50266743
    endloop
  endfacet
  facet normal 0 -0.596043944 -0.802951753
    outer loop
      vertex -0.0149999997 -2.02267909 1.49761164
      vertex 0.0149999997 -2.02267909 1.49761164
      vertex 0.0149999997 -2.02608442 1.50013947
    endloop
  endfacet
  facet normal 0 -0.596043944 -0.802951753
    outer loop
      vertex -0.0149999997 -2.01927376 1.49508381
      vertex 0.0149999997 -2.01927376 1.49508381
      vertex 0.0149999997 -2.02267909 1.49761164
    endloop
  endfacet
  facet normal 0 -0.596070886 -0.802931845
    outer loop
      vertex -0.0149999997 -2.01586866 1.49255598
      vertex 0.0149999997 -2.01586866 1.49255598
      vertex 0.0149999997 -2.01927376 1.49508381
    endloop
  endfacet
  facet normal 0 -0.596043944 -0.802951753
    outer loop
      vertex -0.0149999997 -2.01246333 1.49002814
      vertex 0.0149999997 -2.01246333 1.49002814
      vertex 0.0149999997 -2.01586866 1.49255598
    endloop
  endfacet
  facet normal 0 -0.596062124 -0.802938342
    outer loop
      vertex -0.0149999997 -2.009058 1.48750019
      vertex 0.0149999997 -2.009058 1.48750019
      vertex 0.0149999997 -2.01246333 1.49002814
    endloop
  endfacet
  facet normal 0 -0.596043944 -0.802951753
    outer loop
      vertex -0.0149999997 -2.00565267 1.48497236
      vertex 0.0149999997 -2.00565267 1.48497236
      vertex 0.0149999997 -2.009058 1.48750019
    endloop
  endfacet
  facet normal 0 -0.596043944 -0.802951753
    outer loop
      vertex -0.0149999997 -2.00224733 1.48244452
      vertex 0.0149999997 -2.00224733 1.48244452
      vertex 0.0149999997 -2.00565267 1.48497236
    endloop
  endfacet
  facet normal 0 -0.596057475 -0.802941859
    outer loop
      vertex -0.0149999997 -1.99884212 1.47991669
      vertex 0.0149999997 -1.99884212 1.47991669
      vertex 0.0149999997 -2.00224733 1.48244452
    endloop
  endfacet
  facet normal 0 -0.596057475 -0.802941859
    outer loop
      vertex -0.0149999997 -1.99543691 1.47738886
      vertex 0.0149999997 -1.99543691 1.47738886
      vertex 0.0149999997 -1.99884212 1.47991669
    endloop
  endfacet
  facet normal 0 -0.596043944 -0.802951753
    outer loop
      vertex -0.0149999997 -1.99203157 1.47486103
      vertex 0.0149999997 -1.99203157 1.47486103
      vertex 0.0149999997 -1.99543691 1.47738886
    endloop
  endfacet
  facet normal 0 -0.596075594 -0.802928329
    outer loop
      vertex -0.0149999997 -1.98862636 1.47233307
      vertex 0.0149999997 -1.98862636 1.47233307
      vertex 0.0149999997 -1.99203157 1.47486103
    endloop
  endfacet
  facet normal 0 -0.596043944 -0.802951753
    outer loop
      vertex -0.0149999997 -1.98522103 1.46980524
      vertex 0.0149999997 -1.98522103 1.46980524
      vertex 0.0149999997 -1.98862636 1.47233307
    endloop
  endfacet
  facet normal 0 -0.596043944 -0.802951753
    outer loop
      vertex -0.0149999997 -1.9818157 1.46727741
      vertex 0.0149999997 -1.9818157 1.46727741
      vertex 0.0149999997 -1.98522103 1.46980524
    endloop
  endfacet
  facet normal 0 -0.596057475 -0.802941859
    outer loop
      vertex -0.0149999997 -1.97841048 1.46474957
      vertex 0.0149999997 -1.97841048 1.46474957
      vertex 0.0149999997 -1.9818157 1.46727741
    endloop
  endfacet
  facet normal 0 -0.596043944 -0.802951753
    outer loop
      vertex -0.0149999997 -1.97500515 1.46222174
      vertex 0.0149999997 -1.97500515 1.46222174
      vertex 0.0149999997 -1.97841048 1.46474957
    endloop
  endfacet
  facet normal 0 -0.596075594 -0.802928329
    outer loop
      vertex -0.0149999997 -1.97159994 1.45969379
      vertex 0.0149999997 -1.97159994 1.45969379
      vertex 0.0149999997 -1.97500515 1.46222174
    endloop
  endfacet
  facet normal 0 -0.526145518 -0.850394607
    outer loop
      vertex -0.0149999997 -1.9681946 1.45758688
      vertex 0.0149999997 -1.9681946 1.45758688
      vertex 0.0149999997 -1.97159994 1.45969379
    endloop
  endfacet
  facet normal 0 -0.483969599 -0.875084817
    outer loop
      vertex -0.0149999997 -1.96478939 1.45570362
      vertex 0.0149999997 -1.96478939 1.45570362
      vertex 0.0149999997 -1.9681946 1.45758688
    endloop
  endfacet
  facet normal 0 -0.48398003 -0.875078976
    outer loop
      vertex -0.0149999997 -1.96138406 1.45382023
      vertex 0.0149999997 -1.96138406 1.45382023
      vertex 0.0149999997 -1.96478939 1.45570362
    endloop
  endfacet
  facet normal 0 -0.483993053 -0.875071883
    outer loop
      vertex -0.0149999997 -1.95797884 1.45193684
      vertex 0.0149999997 -1.95797884 1.45193684
      vertex 0.0149999997 -1.96138406 1.45382023
    endloop
  endfacet
  facet normal 0 -0.483956575 -0.87509197
    outer loop
      vertex -0.0149999997 -1.95457351 1.45005357
      vertex 0.0149999997 -1.95457351 1.45005357
      vertex 0.0149999997 -1.95797884 1.45193684
    endloop
  endfacet
  facet normal 0 -0.48398003 -0.875078976
    outer loop
      vertex -0.0149999997 -1.95116818 1.44817019
      vertex 0.0149999997 -1.95116818 1.44817019
      vertex 0.0149999997 -1.95457351 1.45005357
    endloop
  endfacet
  facet normal 0 -0.483993053 -0.875071883
    outer loop
      vertex -0.0149999997 -1.94776297 1.4462868
      vertex 0.0149999997 -1.94776297 1.4462868
      vertex 0.0149999997 -1.95116818 1.44817019
    endloop
  endfacet
  facet normal 0 -0.483956575 -0.87509197
    outer loop
      vertex -0.0149999997 -1.94435763 1.44440353
      vertex 0.0149999997 -1.94435763 1.44440353
      vertex 0.0149999997 -1.94776297 1.4462868
    endloop
  endfacet
  facet normal 0 -0.483993053 -0.875071883
    outer loop
      vertex -0.0149999997 -1.94095242 1.44252014
      vertex 0.0149999997 -1.94095242 1.44252014
      vertex 0.0149999997 -1.94435763 1.44440353
    endloop
  endfacet
  facet normal 0 -0.48398003 -0.875078976
    outer loop
      vertex -0.0149999997 -1.93754709 1.44063675
      vertex 0.0149999997 -1.93754709 1.44063675
      vertex 0.0149999997 -1.94095242 1.44252014
    endloop
  endfacet
  facet normal 0 -0.483969599 -0.875084817
    outer loop
      vertex -0.0149999997 -1.93414187 1.43875349
      vertex 0.0149999997 -1.93414187 1.43875349
      vertex 0.0149999997 -1.93754709 1.44063675
    endloop
  endfacet
  facet normal 0 -0.48398003 -0.875078976
    outer loop
      vertex -0.0149999997 -1.93073654 1.4368701
      vertex 0.0149999997 -1.93073654 1.4368701
      vertex 0.0149999997 -1.93414187 1.43875349
    endloop
  endfacet
  facet normal 0 -0.48398003 -0.875078976
    outer loop
      vertex -0.0149999997 -1.92733121 1.43498671
      vertex 0.0149999997 -1.92733121 1.43498671
      vertex 0.0149999997 -1.93073654 1.4368701
    endloop
  endfacet
  facet normal 0 -0.483969599 -0.875084817
    outer loop
      vertex -0.0149999997 -1.923926 1.43310344
      vertex 0.0149999997 -1.923926 1.43310344
      vertex 0.0149999997 -1.92733121 1.43498671
    endloop
  endfacet
  facet normal 0 -0.48398003 -0.875078976
    outer loop
      vertex -0.0149999997 -1.92052066 1.43122005
      vertex 0.0149999997 -1.92052066 1.43122005
      vertex 0.0149999997 -1.923926 1.43310344
    endloop
  endfacet
  facet normal 0 -0.483993053 -0.875071883
    outer loop
      vertex -0.0149999997 -1.91711545 1.42933667
      vertex 0.0149999997 -1.91711545 1.42933667
      vertex 0.0149999997 -1.92052066 1.43122005
    endloop
  endfacet
  facet normal 0 -0.483956575 -0.87509197
    outer loop
      vertex -0.0149999997 -1.91371012 1.4274534
      vertex 0.0149999997 -1.91371012 1.4274534
      vertex 0.0149999997 -1.91711545 1.42933667
    endloop
  endfacet
  facet normal 0 -0.483993053 -0.875071883
    outer loop
      vertex -0.0149999997 -1.9103049 1.42557001
      vertex 0.0149999997 -1.9103049 1.42557001
      vertex 0.0149999997 -1.91371012 1.4274534
    endloop
  endfacet
  facet normal 0 -0.48398003 -0.875078976
    outer loop
      vertex -0.0149999997 -1.90689957 1.42368662
      vertex 0.0149999997 -1.90689957 1.42368662
      vertex 0.0149999997 -1.9103049 1.42557001
    endloop
  endfacet
  facet normal 0 -0.483993053 -0.875071883
    outer loop
      vertex -0.0149999997 -1.90349436 1.42180324
      vertex 0.0149999997 -1.90349436 1.42180324
      vertex 0.0149999997 -1.90689957 1.42368662
    endloop
  endfacet
  facet normal 0 -0.483956575 -0.87509197
    outer loop
      vertex -0.0149999997 -1.90008903 1.41991997
      vertex 0.0149999997 -1.90008903 1.41991997
      vertex 0.0149999997 -1.90349436 1.42180324
    endloop
  endfacet
  facet normal 0 -0.48398003 -0.875078976
    outer loop
      vertex -0.0149999997 -1.89668369 1.41803658
      vertex 0.0149999997 -1.89668369 1.41803658
      vertex 0.0149999997 -1.90008903 1.41991997
    endloop
  endfacet
  facet normal 0 -0.483993053 -0.875071883
    outer loop
      vertex -0.0149999997 -1.89327848 1.41615319
      vertex 0.0149999997 -1.89327848 1.41615319
      vertex 0.0149999997 -1.89668369 1.41803658
    endloop
  endfacet
  facet normal 0 -0.483956575 -0.87509197
    outer loop
      vertex -0.0149999997 -1.88987315 1.41426992
      vertex 0.0149999997 -1.88987315 1.41426992
      vertex 0.0149999997 -1.89327848 1.41615319
    endloop
  endfacet
  facet normal 0 -0.483993053 -0.875071883
    outer loop
      vertex -0.0149999997 -1.88646793 1.41238654
      vertex 0.0149999997 -1.88646793 1.41238654
      vertex 0.0149999997 -1.88987315 1.41426992
    endloop
  endfacet
  facet normal 0 -0.48398003 -0.875078976
    outer loop
      vertex -0.0149999997 -1.8830626 1.41050315
      vertex 0.0149999997 -1.8830626 1.41050315
      vertex 0.0149999997 -1.88646793 1.41238654
    endloop
  endfacet
  facet normal 0 -0.483969599 -0.875084817
    outer loop
      vertex -0.0149999997 -1.87965739 1.40861988
      vertex 0.0149999997 -1.87965739 1.40861988
      vertex 0.0149999997 -1.8830626 1.41050315
    endloop
  endfacet
  facet normal 0 -0.43238005 -0.901691377
    outer loop
      vertex -0.0149999997 -1.87625206 1.40698695
      vertex 0.0149999997 -1.87625206 1.40698695
      vertex 0.0149999997 -1.87965739 1.40861988
    endloop
  endfacet
  facet normal 0 -0.423683822 -0.905810058
    outer loop
      vertex -0.0149999997 -1.87284684 1.4053942
      vertex 0.0149999997 -1.87284684 1.4053942
      vertex 0.0149999997 -1.87625206 1.40698695
    endloop
  endfacet
  facet normal 0 -0.42369768 -0.905803621
    outer loop
      vertex -0.0149999997 -1.86944151 1.40380132
      vertex 0.0149999997 -1.86944151 1.40380132
      vertex 0.0149999997 -1.87284684 1.4053942
    endloop
  endfacet
  facet normal 0 -0.423671663 -0.90581578
    outer loop
      vertex -0.0149999997 -1.86603618 1.40220857
      vertex 0.0149999997 -1.86603618 1.40220857
      vertex 0.0149999997 -1.86944151 1.40380132
    endloop
  endfacet
  facet normal 0 -0.423709899 -0.905798018
    outer loop
      vertex -0.0149999997 -1.86263096 1.40061569
      vertex 0.0149999997 -1.86263096 1.40061569
      vertex 0.0149999997 -1.86603618 1.40220857
    endloop
  endfacet
  facet normal 0 -0.423671663 -0.90581578
    outer loop
      vertex -0.0149999997 -1.85922563 1.39902294
      vertex 0.0149999997 -1.85922563 1.39902294
      vertex 0.0149999997 -1.86263096 1.40061569
    endloop
  endfacet
  facet normal 0 -0.423709899 -0.905798018
    outer loop
      vertex -0.0149999997 -1.85582042 1.39743006
      vertex 0.0149999997 -1.85582042 1.39743006
      vertex 0.0149999997 -1.85922563 1.39902294
    endloop
  endfacet
  facet normal 0 -0.423671663 -0.90581578
    outer loop
      vertex -0.0149999997 -1.85241508 1.39583731
      vertex 0.0149999997 -1.85241508 1.39583731
      vertex 0.0149999997 -1.85582042 1.39743006
    endloop
  endfacet
  facet normal 0 -0.423709899 -0.905798018
    outer loop
      vertex -0.0149999997 -1.84900987 1.39424443
      vertex 0.0149999997 -1.84900987 1.39424443
      vertex 0.0149999997 -1.85241508 1.39583731
    endloop
  endfacet
  facet normal 0 -0.42369768 -0.905803621
    outer loop
      vertex -0.0149999997 -1.84560454 1.39265156
      vertex 0.0149999997 -1.84560454 1.39265156
      vertex 0.0149999997 -1.84900987 1.39424443
    endloop
  endfacet
  facet normal 0 -0.423671663 -0.90581578
    outer loop
      vertex -0.0149999997 -1.84219921 1.3910588
      vertex 0.0149999997 -1.84219921 1.3910588
      vertex 0.0149999997 -1.84560454 1.39265156
    endloop
  endfacet
  facet normal 0 -0.423709899 -0.905798018
    outer loop
      vertex -0.0149999997 -1.83879399 1.38946593
      vertex 0.0149999997 -1.83879399 1.38946593
      vertex 0.0149999997 -1.84219921 1.3910588
    endloop
  endfacet
  facet normal 0 -0.423671663 -0.90581578
    outer loop
      vertex -0.0149999997 -1.83538866 1.38787317
      vertex 0.0149999997 -1.83538866 1.38787317
      vertex 0.0149999997 -1.83879399 1.38946593
    endloop
  endfacet
  facet normal 0 -0.423709899 -0.905798018
    outer loop
      vertex -0.0149999997 -1.83198345 1.3862803
      vertex 0.0149999997 -1.83198345 1.3862803
      vertex 0.0149999997 -1.83538866 1.38787317
    endloop
  endfacet
  facet normal 0 -0.423671663 -0.90581578
    outer loop
      vertex -0.0149999997 -1.82857811 1.38468754
      vertex 0.0149999997 -1.82857811 1.38468754
      vertex 0.0149999997 -1.83198345 1.3862803
    endloop
  endfacet
  facet normal 0 -0.423709899 -0.905798018
    outer loop
      vertex -0.0149999997 -1.8251729 1.38309467
      vertex 0.0149999997 -1.8251729 1.38309467
      vertex 0.0149999997 -1.82857811 1.38468754
    endloop
  endfacet
  facet normal 0 -0.423671663 -0.90581578
    outer loop
      vertex -0.0149999997 -1.82176757 1.38150191
      vertex 0.0149999997 -1.82176757 1.38150191
      vertex 0.0149999997 -1.8251729 1.38309467
    endloop
  endfacet
  facet normal 0 -0.423709899 -0.905798018
    outer loop
      vertex -0.0149999997 -1.81836236 1.37990904
      vertex 0.0149999997 -1.81836236 1.37990904
      vertex 0.0149999997 -1.82176757 1.38150191
    endloop
  endfacet
  facet normal 0 -0.423671663 -0.90581578
    outer loop
      vertex -0.0149999997 -1.81495702 1.37831628
      vertex 0.0149999997 -1.81495702 1.37831628
      vertex 0.0149999997 -1.81836236 1.37990904
    endloop
  endfacet
  facet normal 0 -0.42369768 -0.905803621
    outer loop
      vertex -0.0149999997 -1.81155169 1.37672341
      vertex 0.0149999997 -1.81155169 1.37672341
      vertex 0.0149999997 -1.81495702 1.37831628
    endloop
  endfacet
  facet normal 0 -0.423709899 -0.905798018
    outer loop
      vertex -0.0149999997 -1.80814648 1.37513053
      vertex 0.0149999997 -1.80814648 1.37513053
      vertex 0.0149999997 -1.81155169 1.37672341
    endloop
  endfacet
  facet normal 0 -0.423671663 -0.90581578
    outer loop
      vertex -0.0149999997 -1.80474114 1.37353778
      vertex 0.0149999997 -1.80474114 1.37353778
      vertex 0.0149999997 -1.80814648 1.37513053
    endloop
  endfacet
  facet normal 0 -0.423709899 -0.905798018
    outer loop
      vertex -0.0149999997 -1.80133593 1.3719449
      vertex 0.0149999997 -1.80133593 1.3719449
      vertex 0.0149999997 -1.80474114 1.37353778
    endloop
  endfacet
  facet normal 0 -0.423671663 -0.90581578
    outer loop
      vertex -0.0149999997 -1.7979306 1.37035215
      vertex 0.0149999997 -1.7979306 1.37035215
      vertex 0.0149999997 -1.80133593 1.3719449
    endloop
  endfacet
  facet normal 0 -0.423709899 -0.905798018
    outer loop
      vertex -0.0149999997 -1.79452538 1.36875927
      vertex 0.0149999997 -1.79452538 1.36875927
      vertex 0.0149999997 -1.7979306 1.37035215
    endloop
  endfacet
  facet normal 0 -0.423671663 -0.90581578
    outer loop
      vertex -0.0149999997 -1.79112005 1.36716652
      vertex 0.0149999997 -1.79112005 1.36716652
      vertex 0.0149999997 -1.79452538 1.36875927
    endloop
  endfacet
  facet normal 0 -0.423709899 -0.905798018
    outer loop
      vertex -0.0149999997 -1.78771484 1.36557364
      vertex 0.0149999997 -1.78771484 1.36557364
      vertex 0.0149999997 -1.79112005 1.36716652
    endloop
  endfacet
  facet normal 0 -0.423671663 -0.90581578
    outer loop
      vertex -0.0149999997 -1.78430951 1.36398089
      vertex 0.0149999997 -1.78430951 1.36398089
      vertex 0.0149999997 -1.78771484 1.36557364
    endloop
  endfacet
  facet normal 0 -0.42369768 -0.905803621
    outer loop
      vertex -0.0149999997 -1.78090417 1.36238801
      vertex 0.0149999997 -1.78090417 1.36238801
      vertex 0.0149999997 -1.78430951 1.36398089
    endloop
  endfacet
  facet normal 0 -0.429743439 -0.902951121
    outer loop
      vertex -0.0149999997 -1.77749896 1.36076736
      vertex 0.0149999997 -1.77749896 1.36076736
      vertex 0.0149999997 -1.78090417 1.36238801
    endloop
  endfacet
  facet normal 0 -0.452400982 -0.891814649
    outer loop
      vertex -0.0149999997 -1.77409363 1.3590399
      vertex 0.0149999997 -1.77409363 1.3590399
      vertex 0.0149999997 -1.77749896 1.36076736
    endloop
  endfacet
  facet normal 0 -0.452438414 -0.891795695
    outer loop
      vertex -0.0149999997 -1.77068841 1.35731232
      vertex 0.0149999997 -1.77068841 1.35731232
      vertex 0.0149999997 -1.77409363 1.3590399
    endloop
  endfacet
  facet normal 0 -0.452400982 -0.891814649
    outer loop
      vertex -0.0149999997 -1.76728308 1.35558486
      vertex 0.0149999997 -1.76728308 1.35558486
      vertex 0.0149999997 -1.77068841 1.35731232
    endloop
  endfacet
  facet normal 0 -0.245847717 -0.969308436
    outer loop
      vertex -0.0149999997 -1.76387787 1.35472119
      vertex 0.0149999997 -1.76387787 1.35472119
      vertex 0.0149999997 -1.76728308 1.35558486
    endloop
  endfacet
  facet normal 0 -0.245871499 -0.969302416
    outer loop
      vertex -0.0149999997 -1.76047254 1.3538574
      vertex 0.0149999997 -1.76047254 1.3538574
      vertex 0.0149999997 -1.76387787 1.35472119
    endloop
  endfacet
  facet normal -0 1 0
    outer loop
      vertex -0.0149999997 -1.76047254 2.11465073
      vertex 0.0149999997 -1.76047254 2.11465073
      vertex 0.0149999997 -1.76047254 1.3538574
    endloop
  endfacet
  facet normal -0 0.519379318 0.854543865
    outer loop
      vertex -0.0149999997 -1.76387787 2.11672044
      vertex 0.0149999997 -1.76387787 2.11672044
      vertex 0.0149999997 -1.76047254 2.11465073
    endloop
  endfacet
  facet normal -0 0.519348919 0.854562283
    outer loop
      vertex -0.0149999997 -1.76728308 2.11878991
      vertex 0.0149999997 -1.76728308 2.11878991
      vertex 0.0149999997 -1.76387787 2.11672044
    endloop
  endfacet
  facet normal -0 0.772242188 0.635328293
    outer loop
      vertex -0.0149999997 -1.77068841 2.1229291
      vertex 0.0149999997 -1.77068841 2.1229291
      vertex 0.0149999997 -1.76728308 2.11878991
    endloop
  endfacet
  facet normal -0 0.772235155 0.635336876
    outer loop
      vertex -0.0149999997 -1.77409363 2.12706804
      vertex 0.0149999997 -1.77409363 2.12706804
      vertex 0.0149999997 -1.77068841 2.1229291
    endloop
  endfacet
  facet normal -0 0.772242188 0.635328293
    outer loop
      vertex -0.0149999997 -1.77749896 2.13120723
      vertex 0.0149999997 -1.77749896 2.13120723
      vertex 0.0149999997 -1.77409363 2.12706804
    endloop
  endfacet
  facet normal -0 0.772235155 0.635336876
    outer loop
      vertex -0.0149999997 -1.78090417 2.13534617
      vertex 0.0149999997 -1.78090417 2.13534617
      vertex 0.0149999997 -1.77749896 2.13120723
    endloop
  endfacet
  facet normal -0 0.772242188 0.635328293
    outer loop
      vertex -0.0149999997 -1.78430951 2.13948536
      vertex 0.0149999997 -1.78430951 2.13948536
      vertex 0.0149999997 -1.78090417 2.13534617
    endloop
  endfacet
  facet normal -0 0.772224188 0.635350168
    outer loop
      vertex -0.0149999997 -1.78771484 2.14362431
      vertex 0.0149999997 -1.78771484 2.14362431
      vertex 0.0149999997 -1.78430951 2.13948536
    endloop
  endfacet
  facet normal -0 0.772253036 0.635314941
    outer loop
      vertex -0.0149999997 -1.79112005 2.14776349
      vertex 0.0149999997 -1.79112005 2.14776349
      vertex 0.0149999997 -1.78771484 2.14362431
    endloop
  endfacet
  facet normal -0 0.772224188 0.635350168
    outer loop
      vertex -0.0149999997 -1.79452538 2.15190244
      vertex 0.0149999997 -1.79452538 2.15190244
      vertex 0.0149999997 -1.79112005 2.14776349
    endloop
  endfacet
  facet normal -0 0.772253036 0.635314941
    outer loop
      vertex -0.0149999997 -1.7979306 2.15604162
      vertex 0.0149999997 -1.7979306 2.15604162
      vertex 0.0149999997 -1.79452538 2.15190244
    endloop
  endfacet
  facet normal -0 0.772224188 0.635350168
    outer loop
      vertex -0.0149999997 -1.80133593 2.16018057
      vertex 0.0149999997 -1.80133593 2.16018057
      vertex 0.0149999997 -1.7979306 2.15604162
    endloop
  endfacet
  facet normal -0 0.772253036 0.635314941
    outer loop
      vertex -0.0149999997 -1.80474114 2.16431975
      vertex 0.0149999997 -1.80474114 2.16431975
      vertex 0.0149999997 -1.80133593 2.16018057
    endloop
  endfacet
  facet normal -0 0.772224188 0.635350168
    outer loop
      vertex -0.0149999997 -1.80814648 2.1684587
      vertex 0.0149999997 -1.80814648 2.1684587
      vertex 0.0149999997 -1.80474114 2.16431975
    endloop
  endfacet
  facet normal -0 0.772253036 0.635314941
    outer loop
      vertex -0.0149999997 -1.81155169 2.17259789
      vertex 0.0149999997 -1.81155169 2.17259789
      vertex 0.0149999997 -1.80814648 2.1684587
    endloop
  endfacet
  facet normal -0 0.772242188 0.635328293
    outer loop
      vertex -0.0149999997 -1.81495702 2.17673707
      vertex 0.0149999997 -1.81495702 2.17673707
      vertex 0.0149999997 -1.81155169 2.17259789
    endloop
  endfacet
  facet normal -0 0.772224188 0.635350168
    outer loop
      vertex -0.0149999997 -1.81836236 2.18087602
      vertex 0.0149999997 -1.81836236 2.18087602
      vertex 0.0149999997 -1.81495702 2.17673707
    endloop
  endfacet
  facet normal -0 0.744559467 0.667556167
    outer loop
      vertex -0.0149999997 -1.82176757 2.18467402
      vertex 0.0149999997 -1.82176757 2.18467402
      vertex 0.0149999997 -1.81836236 2.18087602
    endloop
  endfacet
  facet normal -0 0.660478532 0.750844896
    outer loop
      vertex -0.0149999997 -1.8251729 2.18766952
      vertex 0.0149999997 -1.8251729 2.18766952
      vertex 0.0149999997 -1.82176757 2.18467402
    endloop
  endfacet
  facet normal -0 0.660461962 0.750859499
    outer loop
      vertex -0.0149999997 -1.82857811 2.19066477
      vertex 0.0149999997 -1.82857811 2.19066477
      vertex 0.0149999997 -1.8251729 2.18766952
    endloop
  endfacet
  facet normal -0 0.660478532 0.750844896
    outer loop
      vertex -0.0149999997 -1.83198345 2.19366026
      vertex 0.0149999997 -1.83198345 2.19366026
      vertex 0.0149999997 -1.82857811 2.19066477
    endloop
  endfacet
  facet normal -0 0.660461962 0.750859499
    outer loop
      vertex -0.0149999997 -1.83538866 2.19665551
      vertex 0.0149999997 -1.83538866 2.19665551
      vertex 0.0149999997 -1.83198345 2.19366026
    endloop
  endfacet
  facet normal -0 0.660478532 0.750844896
    outer loop
      vertex -0.0149999997 -1.83879399 2.199651
      vertex 0.0149999997 -1.83879399 2.199651
      vertex 0.0149999997 -1.83538866 2.19665551
    endloop
  endfacet
  facet normal -0 0.660461962 0.750859499
    outer loop
      vertex -0.0149999997 -1.84219921 2.20264626
      vertex 0.0149999997 -1.84219921 2.20264626
      vertex 0.0149999997 -1.83879399 2.199651
    endloop
  endfacet
  facet normal -0 0.660478532 0.750844896
    outer loop
      vertex -0.0149999997 -1.84560454 2.20564175
      vertex 0.0149999997 -1.84560454 2.20564175
      vertex 0.0149999997 -1.84219921 2.20264626
    endloop
  endfacet
  facet normal -0 0.660448909 0.750871003
    outer loop
      vertex -0.0149999997 -1.84900987 2.208637
      vertex 0.0149999997 -1.84900987 2.208637
      vertex 0.0149999997 -1.84560454 2.20564175
    endloop
  endfacet
  facet normal -0 0.660491586 0.750833392
    outer loop
      vertex -0.0149999997 -1.85241508 2.21163249
      vertex 0.0149999997 -1.85241508 2.21163249
      vertex 0.0149999997 -1.84900987 2.208637
    endloop
  endfacet
  facet normal -0 0.660478532 0.750844896
    outer loop
      vertex -0.0149999997 -1.85582042 2.21462798
      vertex 0.0149999997 -1.85582042 2.21462798
      vertex 0.0149999997 -1.85241508 2.21163249
    endloop
  endfacet
  facet normal -0 0.660461962 0.750859499
    outer loop
      vertex -0.0149999997 -1.85922563 2.21762323
      vertex 0.0149999997 -1.85922563 2.21762323
      vertex 0.0149999997 -1.85582042 2.21462798
    endloop
  endfacet
  facet normal -0 0.660478532 0.750844896
    outer loop
      vertex -0.0149999997 -1.86263096 2.22061872
      vertex 0.0149999997 -1.86263096 2.22061872
      vertex 0.0149999997 -1.85922563 2.21762323
    endloop
  endfacet
  facet normal -0 0.660461962 0.750859499
    outer loop
      vertex -0.0149999997 -1.86603618 2.22361398
      vertex 0.0149999997 -1.86603618 2.22361398
      vertex 0.0149999997 -1.86263096 2.22061872
    endloop
  endfacet
  facet normal -0 0.660478532 0.750844896
    outer loop
      vertex -0.0149999997 -1.86944151 2.22660947
      vertex 0.0149999997 -1.86944151 2.22660947
      vertex 0.0149999997 -1.86603618 2.22361398
    endloop
  endfacet
  facet normal -0 0.660448909 0.750871003
    outer loop
      vertex -0.0149999997 -1.87284684 2.22960472
      vertex 0.0149999997 -1.87284684 2.22960472
      vertex 0.0149999997 -1.86944151 2.22660947
    endloop
  endfacet
  facet normal -0 0.660491586 0.750833392
    outer loop
      vertex -0.0149999997 -1.87625206 2.23260021
      vertex 0.0149999997 -1.87625206 2.23260021
      vertex 0.0149999997 -1.87284684 2.22960472
    endloop
  endfacet
  facet normal -0 0.660448909 0.750871003
    outer loop
      vertex -0.0149999997 -1.87965739 2.23559546
      vertex 0.0149999997 -1.87965739 2.23559546
      vertex 0.0149999997 -1.87625206 2.23260021
    endloop
  endfacet
  facet normal -0 0.660491586 0.750833392
    outer loop
      vertex -0.0149999997 -1.8830626 2.23859096
      vertex 0.0149999997 -1.8830626 2.23859096
      vertex 0.0149999997 -1.87965739 2.23559546
    endloop
  endfacet
  facet normal -0 0.660448909 0.750871003
    outer loop
      vertex -0.0149999997 -1.88646793 2.24158621
      vertex 0.0149999997 -1.88646793 2.24158621
      vertex 0.0149999997 -1.8830626 2.23859096
    endloop
  endfacet
  facet normal -0 0.660491586 0.750833392
    outer loop
      vertex -0.0149999997 -1.88987315 2.2445817
      vertex 0.0149999997 -1.88987315 2.2445817
      vertex 0.0149999997 -1.88646793 2.24158621
    endloop
  endfacet
  facet normal -0 0.660478532 0.750844896
    outer loop
      vertex -0.0149999997 -1.89327848 2.24757719
      vertex 0.0149999997 -1.89327848 2.24757719
      vertex 0.0149999997 -1.88987315 2.2445817
    endloop
  endfacet
  facet normal -0 0.660461962 0.750859499
    outer loop
      vertex -0.0149999997 -1.89668369 2.25057244
      vertex 0.0149999997 -1.89668369 2.25057244
      vertex 0.0149999997 -1.89327848 2.24757719
    endloop
  endfacet
  facet normal -0 0.660478532 0.750844896
    outer loop
      vertex -0.0149999997 -1.90008903 2.25356793
      vertex 0.0149999997 -1.90008903 2.25356793
      vertex 0.0149999997 -1.89668369 2.25057244
    endloop
  endfacet
  facet normal -0 0.660448909 0.750871003
    outer loop
      vertex -0.0149999997 -1.90349436 2.25656319
      vertex 0.0149999997 -1.90349436 2.25656319
      vertex 0.0149999997 -1.90008903 2.25356793
    endloop
  endfacet
  facet normal -0 0.660491586 0.750833392
    outer loop
      vertex -0.0149999997 -1.90689957 2.25955868
      vertex 0.0149999997 -1.90689957 2.25955868
      vertex 0.0149999997 -1.90349436 2.25656319
    endloop
  endfacet
  facet normal -0 0.650743186 0.759297848
    outer loop
      vertex -0.0149999997 -1.9103049 2.26247716
      vertex 0.0149999997 -1.9103049 2.26247716
      vertex 0.0149999997 -1.90689957 2.25955868
    endloop
  endfacet
  facet normal -0 0.539354861 0.842078626
    outer loop
      vertex -0.0149999997 -1.91371012 2.26465821
      vertex 0.0149999997 -1.91371012 2.26465821
      vertex 0.0149999997 -1.9103049 2.26247716
    endloop
  endfacet
  facet normal -0 0.53934139 0.84208709
    outer loop
      vertex -0.0149999997 -1.91711545 2.26683927
      vertex 0.0149999997 -1.91711545 2.26683927
      vertex 0.0149999997 -1.91371012 2.26465821
    endloop
  endfacet
  facet normal -0 0.539354861 0.842078626
    outer loop
      vertex -0.0149999997 -1.92052066 2.26902032
      vertex 0.0149999997 -1.92052066 2.26902032
      vertex 0.0149999997 -1.91711545 2.26683927
    endloop
  endfacet
  facet normal -0 0.53934139 0.84208709
    outer loop
      vertex -0.0149999997 -1.923926 2.27120137
      vertex 0.0149999997 -1.923926 2.27120137
      vertex 0.0149999997 -1.92052066 2.26902032
    endloop
  endfacet
  facet normal -0 0.539313018 0.842105389
    outer loop
      vertex -0.0149999997 -1.92733121 2.27338219
      vertex 0.0149999997 -1.92733121 2.27338219
      vertex 0.0149999997 -1.923926 2.27120137
    endloop
  endfacet
  facet normal -0 0.53934139 0.84208709
    outer loop
      vertex -0.0149999997 -1.93073654 2.27556324
      vertex 0.0149999997 -1.93073654 2.27556324
      vertex 0.0149999997 -1.92733121 2.27338219
    endloop
  endfacet
  facet normal -0 0.53934139 0.84208709
    outer loop
      vertex -0.0149999997 -1.93414187 2.27774429
      vertex 0.0149999997 -1.93414187 2.27774429
      vertex 0.0149999997 -1.93073654 2.27556324
    endloop
  endfacet
  facet normal -0 0.539354861 0.842078626
    outer loop
      vertex -0.0149999997 -1.93754709 2.27992535
      vertex 0.0149999997 -1.93754709 2.27992535
      vertex 0.0149999997 -1.93414187 2.27774429
    endloop
  endfacet
  facet normal -0 0.53934139 0.84208709
    outer loop
      vertex -0.0149999997 -1.94095242 2.2821064
      vertex 0.0149999997 -1.94095242 2.2821064
      vertex 0.0149999997 -1.93754709 2.27992535
    endloop
  endfacet
  facet normal -0 0.539354861 0.842078626
    outer loop
      vertex -0.0149999997 -1.94435763 2.28428745
      vertex 0.0149999997 -1.94435763 2.28428745
      vertex 0.0149999997 -1.94095242 2.2821064
    endloop
  endfacet
  facet normal -0 0.53934139 0.84208709
    outer loop
      vertex -0.0149999997 -1.94776297 2.28646851
      vertex 0.0149999997 -1.94776297 2.28646851
      vertex 0.0149999997 -1.94435763 2.28428745
    endloop
  endfacet
  facet normal -0 0.539354861 0.842078626
    outer loop
      vertex -0.0149999997 -1.95116818 2.28864956
      vertex 0.0149999997 -1.95116818 2.28864956
      vertex 0.0149999997 -1.94776297 2.28646851
    endloop
  endfacet
  facet normal -0 0.53934139 0.84208709
    outer loop
      vertex -0.0149999997 -1.95457351 2.29083061
      vertex 0.0149999997 -1.95457351 2.29083061
      vertex 0.0149999997 -1.95116818 2.28864956
    endloop
  endfacet
  facet normal -0 0.53934139 0.84208709
    outer loop
      vertex -0.0149999997 -1.95797884 2.29301167
      vertex 0.0149999997 -1.95797884 2.29301167
      vertex 0.0149999997 -1.95457351 2.29083061
    endloop
  endfacet
  facet normal -0 0.539354861 0.842078626
    outer loop
      vertex -0.0149999997 -1.96138406 2.29519272
      vertex 0.0149999997 -1.96138406 2.29519272
      vertex 0.0149999997 -1.95797884 2.29301167
    endloop
  endfacet
  facet normal -0 0.53934139 0.84208709
    outer loop
      vertex -0.0149999997 -1.96478939 2.29737377
      vertex 0.0149999997 -1.96478939 2.29737377
      vertex 0.0149999997 -1.96138406 2.29519272
    endloop
  endfacet
  facet normal -0 0.539354861 0.842078626
    outer loop
      vertex -0.0149999997 -1.9681946 2.29955482
      vertex 0.0149999997 -1.9681946 2.29955482
      vertex 0.0149999997 -1.96478939 2.29737377
    endloop
  endfacet
  facet normal -0 0.53934139 0.84208709
    outer loop
      vertex -0.0149999997 -1.97159994 2.30173588
      vertex 0.0149999997 -1.97159994 2.30173588
      vertex 0.0149999997 -1.9681946 2.29955482
    endloop
  endfacet
  facet normal -0 0.539354861 0.842078626
    outer loop
      vertex -0.0149999997 -1.97500515 2.30391693
      vertex 0.0149999997 -1.97500515 2.30391693
      vertex 0.0149999997 -1.97159994 2.30173588
    endloop
  endfacet
  facet normal -0 0.53934139 0.84208709
    outer loop
      vertex -0.0149999997 -1.97841048 2.30609798
      vertex 0.0149999997 -1.97841048 2.30609798
      vertex 0.0149999997 -1.97500515 2.30391693
    endloop
  endfacet
  facet normal -0 0.539354861 0.842078626
    outer loop
      vertex -0.0149999997 -1.9818157 2.30827904
      vertex 0.0149999997 -1.9818157 2.30827904
      vertex 0.0149999997 -1.97841048 2.30609798
    endloop
  endfacet
  facet normal -0 0.53934139 0.84208709
    outer loop
      vertex -0.0149999997 -1.98522103 2.31046009
      vertex 0.0149999997 -1.98522103 2.31046009
      vertex 0.0149999997 -1.9818157 2.30827904
    endloop
  endfacet
  facet normal -0 0.53934139 0.84208709
    outer loop
      vertex -0.0149999997 -1.98862636 2.31264114
      vertex 0.0149999997 -1.98862636 2.31264114
      vertex 0.0149999997 -1.98522103 2.31046009
    endloop
  endfacet
  facet normal -0 0.539354861 0.842078626
    outer loop
      vertex -0.0149999997 -1.99203157 2.3148222
      vertex 0.0149999997 -1.99203157 2.3148222
      vertex 0.0149999997 -1.98862636 2.31264114
    endloop
  endfacet
  facet normal -0 0.53934139 0.84208709
    outer loop
      vertex -0.0149999997 -1.99543691 2.31700325
      vertex 0.0149999997 -1.99543691 2.31700325
      vertex 0.0149999997 -1.99203157 2.3148222
    endloop
  endfacet
  facet normal -0 0.539354861 0.842078626
    outer loop
      vertex -0.0149999997 -1.99884212 2.3191843
      vertex 0.0149999997 -1.99884212 2.3191843
      vertex 0.0149999997 -1.99543691 2.31700325
    endloop
  endfacet
  facet normal -0 0.539354861 0.842078626
    outer loop
      vertex -0.0149999997 -2.00224733 2.32136536
      vertex 0.0149999997 -2.00224733 2.32136536
      vertex 0.0149999997 -1.99884212 2.3191843
    endloop
  endfacet
  facet normal -0 0.53934139 0.84208709
    outer loop
      vertex -0.0149999997 -2.00565267 2.32354641
      vertex 0.0149999997 -2.00565267 2.32354641
      vertex 0.0149999997 -2.00224733 2.32136536
    endloop
  endfacet
  facet normal -0 0.39014256 0.920754492
    outer loop
      vertex -0.0149999997 -2.009058 2.32498932
      vertex 0.0149999997 -2.009058 2.32498932
      vertex 0.0149999997 -2.00565267 2.32354641
    endloop
  endfacet
  facet normal -0 0.36845988 0.929643571
    outer loop
      vertex -0.0149999997 -2.01246333 2.32633901
      vertex 0.0149999997 -2.01246333 2.32633901
      vertex 0.0149999997 -2.009058 2.32498932
    endloop
  endfacet
  facet normal -0 0.368516147 0.929621339
    outer loop
      vertex -0.0149999997 -2.01586866 2.32768893
      vertex 0.0149999997 -2.01586866 2.32768893
      vertex 0.0149999997 -2.01246333 2.32633901
    endloop
  endfacet
  facet normal -0 0.368482202 0.92963475
    outer loop
      vertex -0.0149999997 -2.01927376 2.32903862
      vertex 0.0149999997 -2.01927376 2.32903862
      vertex 0.0149999997 -2.01586866 2.32768893
    endloop
  endfacet
  facet normal -0 0.368516147 0.929621339
    outer loop
      vertex -0.0149999997 -2.02267909 2.33038855
      vertex 0.0149999997 -2.02267909 2.33038855
      vertex 0.0149999997 -2.01927376 2.32903862
    endloop
  endfacet
  facet normal -0 0.36845988 0.929643571
    outer loop
      vertex -0.0149999997 -2.02608442 2.33173823
      vertex 0.0149999997 -2.02608442 2.33173823
      vertex 0.0149999997 -2.02267909 2.33038855
    endloop
  endfacet
  facet normal -0 0.368516147 0.929621339
    outer loop
      vertex -0.0149999997 -2.02948976 2.33308816
      vertex 0.0149999997 -2.02948976 2.33308816
      vertex 0.0149999997 -2.02608442 2.33173823
    endloop
  endfacet
  facet normal -0 0.368482202 0.92963475
    outer loop
      vertex -0.0149999997 -2.03289485 2.33443785
      vertex 0.0149999997 -2.03289485 2.33443785
      vertex 0.0149999997 -2.02948976 2.33308816
    endloop
  endfacet
  facet normal -0 0.368516147 0.929621339
    outer loop
      vertex -0.0149999997 -2.03630018 2.33578777
      vertex 0.0149999997 -2.03630018 2.33578777
      vertex 0.0149999997 -2.03289485 2.33443785
    endloop
  endfacet
  facet normal -0 0.36845988 0.929643571
    outer loop
      vertex -0.0149999997 -2.03970551 2.33713746
      vertex 0.0149999997 -2.03970551 2.33713746
      vertex 0.0149999997 -2.03630018 2.33578777
    endloop
  endfacet
  facet normal -0 0.368516147 0.929621339
    outer loop
      vertex -0.0149999997 -2.04311085 2.33848739
      vertex 0.0149999997 -2.04311085 2.33848739
      vertex 0.0149999997 -2.03970551 2.33713746
    endloop
  endfacet
  facet normal -0 0.36845988 0.929643571
    outer loop
      vertex -0.0149999997 -2.04651618 2.33983707
      vertex 0.0149999997 -2.04651618 2.33983707
      vertex 0.0149999997 -2.04311085 2.33848739
    endloop
  endfacet
  facet normal -0 0.368538469 0.929612517
    outer loop
      vertex -0.0149999997 -2.04992127 2.341187
      vertex 0.0149999997 -2.04992127 2.341187
      vertex 0.0149999997 -2.04651618 2.33983707
    endloop
  endfacet
  facet normal -0 0.36845988 0.929643571
    outer loop
      vertex -0.0149999997 -2.05332661 2.34253669
      vertex 0.0149999997 -2.05332661 2.34253669
      vertex 0.0149999997 -2.04992127 2.341187
    endloop
  endfacet
  facet normal -0 0.368516147 0.929621339
    outer loop
      vertex -0.0149999997 -2.05673194 2.34388661
      vertex 0.0149999997 -2.05673194 2.34388661
      vertex 0.0149999997 -2.05332661 2.34253669
    endloop
  endfacet
  facet normal -0 0.36845988 0.929643571
    outer loop
      vertex -0.0149999997 -2.06013727 2.3452363
      vertex 0.0149999997 -2.06013727 2.3452363
      vertex 0.0149999997 -2.05673194 2.34388661
    endloop
  endfacet
  facet normal -0 0.368538469 0.929612517
    outer loop
      vertex -0.0149999997 -2.06354237 2.34658623
      vertex 0.0149999997 -2.06354237 2.34658623
      vertex 0.0149999997 -2.06013727 2.3452363
    endloop
  endfacet
  facet normal -0 0.36845988 0.929643571
    outer loop
      vertex -0.0149999997 -2.0669477 2.34793591
      vertex 0.0149999997 -2.0669477 2.34793591
      vertex 0.0149999997 -2.06354237 2.34658623
    endloop
  endfacet
  facet normal -0 0.368516147 0.929621339
    outer loop
      vertex -0.0149999997 -2.07035303 2.34928584
      vertex 0.0149999997 -2.07035303 2.34928584
      vertex 0.0149999997 -2.0669477 2.34793591
    endloop
  endfacet
  facet normal -0 0.368516147 0.929621339
    outer loop
      vertex -0.0149999997 -2.07375836 2.35063577
      vertex 0.0149999997 -2.07375836 2.35063577
      vertex 0.0149999997 -2.07035303 2.34928584
    endloop
  endfacet
  facet normal -0 0.36845988 0.929643571
    outer loop
      vertex -0.0149999997 -2.0771637 2.35198545
      vertex 0.0149999997 -2.0771637 2.35198545
      vertex 0.0149999997 -2.07375836 2.35063577
    endloop
  endfacet
  facet normal -0 0.368538469 0.929612517
    outer loop
      vertex -0.0149999997 -2.08056879 2.35333538
      vertex 0.0149999997 -2.08056879 2.35333538
      vertex 0.0149999997 -2.0771637 2.35198545
    endloop
  endfacet
  facet normal -0 0.36845988 0.929643571
    outer loop
      vertex -0.0149999997 -2.08397412 2.35468507
      vertex 0.0149999997 -2.08397412 2.35468507
      vertex 0.0149999997 -2.08056879 2.35333538
    endloop
  endfacet
  facet normal -0 0.368516147 0.929621339
    outer loop
      vertex -0.0149999997 -2.08737946 2.35603499
      vertex 0.0149999997 -2.08737946 2.35603499
      vertex 0.0149999997 -2.08397412 2.35468507
    endloop
  endfacet
  facet normal -0 0.36845988 0.929643571
    outer loop
      vertex -0.0149999997 -2.09078479 2.35738468
      vertex 0.0149999997 -2.09078479 2.35738468
      vertex 0.0149999997 -2.08737946 2.35603499
    endloop
  endfacet
  facet normal -0 0.368538469 0.929612517
    outer loop
      vertex -0.0149999997 -2.09418988 2.35873461
      vertex 0.0149999997 -2.09418988 2.35873461
      vertex 0.0149999997 -2.09078479 2.35738468
    endloop
  endfacet
  facet normal -0 0.36845988 0.929643571
    outer loop
      vertex -0.0149999997 -2.09759521 2.3600843
      vertex 0.0149999997 -2.09759521 2.3600843
      vertex 0.0149999997 -2.09418988 2.35873461
    endloop
  endfacet
  facet normal -0 0.368516147 0.929621339
    outer loop
      vertex -0.0149999997 -2.10100055 2.36143422
      vertex 0.0149999997 -2.10100055 2.36143422
      vertex 0.0149999997 -2.09759521 2.3600843
    endloop
  endfacet
  facet normal -0 0.2900576 0.957009196
    outer loop
      vertex -0.0149999997 -2.10440588 2.36246634
      vertex 0.0149999997 -2.10440588 2.36246634
      vertex 0.0149999997 -2.10100055 2.36143422
    endloop
  endfacet
  facet normal -0 0.182621673 0.983183324
    outer loop
      vertex -0.0149999997 -2.10781121 2.36309886
      vertex 0.0149999997 -2.10781121 2.36309886
      vertex 0.0149999997 -2.10440588 2.36246634
    endloop
  endfacet
  facet normal -0 0.182634026 0.983181
    outer loop
      vertex -0.0149999997 -2.11121631 2.36373138
      vertex 0.0149999997 -2.11121631 2.36373138
      vertex 0.0149999997 -2.10781121 2.36309886
    endloop
  endfacet
  facet normal -0 0.182555109 0.983195603
    outer loop
      vertex -0.0149999997 -2.11462164 2.36436367
      vertex 0.0149999997 -2.11462164 2.36436367
      vertex 0.0149999997 -2.11121631 2.36373138
    endloop
  endfacet
  facet normal -0 0.182621673 0.983183324
    outer loop
      vertex -0.0149999997 -2.11802697 2.36499619
      vertex 0.0149999997 -2.11802697 2.36499619
      vertex 0.0149999997 -2.11462164 2.36436367
    endloop
  endfacet
  facet normal -0 0.182621673 0.983183324
    outer loop
      vertex -0.0149999997 -2.1214323 2.36562872
      vertex 0.0149999997 -2.1214323 2.36562872
      vertex 0.0149999997 -2.11802697 2.36499619
    endloop
  endfacet
  facet normal -0 0.182634026 0.983181
    outer loop
      vertex -0.0149999997 -2.1248374 2.36626124
      vertex 0.0149999997 -2.1248374 2.36626124
      vertex 0.0149999997 -2.1214323 2.36562872
    endloop
  endfacet
  facet normal -0 0.182555109 0.983195603
    outer loop
      vertex -0.0149999997 -2.12824273 2.36689353
      vertex 0.0149999997 -2.12824273 2.36689353
      vertex 0.0149999997 -2.1248374 2.36626124
    endloop
  endfacet
  facet normal -0 0.182621673 0.983183324
    outer loop
      vertex -0.0149999997 -2.13164806 2.36752605
      vertex 0.0149999997 -2.13164806 2.36752605
      vertex 0.0149999997 -2.12824273 2.36689353
    endloop
  endfacet
  facet normal -0 0.182621673 0.983183324
    outer loop
      vertex -0.0149999997 -2.1350534 2.36815858
      vertex 0.0149999997 -2.1350534 2.36815858
      vertex 0.0149999997 -2.13164806 2.36752605
    endloop
  endfacet
  facet normal -0 0.182621673 0.983183324
    outer loop
      vertex -0.0149999997 -2.13845873 2.3687911
      vertex 0.0149999997 -2.13845873 2.3687911
      vertex 0.0149999997 -2.1350534 2.36815858
    endloop
  endfacet
  facet normal -0 0.182567492 0.983193398
    outer loop
      vertex -0.0149999997 -2.14186382 2.36942339
      vertex 0.0149999997 -2.14186382 2.36942339
      vertex 0.0149999997 -2.13845873 2.3687911
    endloop
  endfacet
  facet normal -0 0.182621673 0.983183324
    outer loop
      vertex -0.0149999997 -2.14526916 2.37005591
      vertex 0.0149999997 -2.14526916 2.37005591
      vertex 0.0149999997 -2.14186382 2.36942339
    endloop
  endfacet
  facet normal -0 0.182621673 0.983183324
    outer loop
      vertex -0.0149999997 -2.14867449 2.37068844
      vertex 0.0149999997 -2.14867449 2.37068844
      vertex 0.0149999997 -2.14526916 2.37005591
    endloop
  endfacet
  facet normal -0 0.182555109 0.983195603
    outer loop
      vertex -0.0149999997 -2.15207982 2.37132072
      vertex 0.0149999997 -2.15207982 2.37132072
      vertex 0.0149999997 -2.14867449 2.37068844
    endloop
  endfacet
  facet normal -0 0.182634026 0.983181
    outer loop
      vertex -0.0149999997 -2.15548491 2.37195325
      vertex 0.0149999997 -2.15548491 2.37195325
      vertex 0.0149999997 -2.15207982 2.37132072
    endloop
  endfacet
  facet normal -0 0.182621673 0.983183324
    outer loop
      vertex -0.0149999997 -2.15889025 2.37258577
      vertex 0.0149999997 -2.15889025 2.37258577
      vertex 0.0149999997 -2.15548491 2.37195325
    endloop
  endfacet
  facet normal -0 0.182621673 0.983183324
    outer loop
      vertex -0.0149999997 -2.16229558 2.3732183
      vertex 0.0149999997 -2.16229558 2.3732183
      vertex 0.0149999997 -2.15889025 2.37258577
    endloop
  endfacet
  facet normal -0 0.182555109 0.983195603
    outer loop
      vertex -0.0149999997 -2.16570091 2.37385058
      vertex 0.0149999997 -2.16570091 2.37385058
      vertex 0.0149999997 -2.16229558 2.3732183
    endloop
  endfacet
  facet normal -0 0.182621673 0.983183324
    outer loop
      vertex -0.0149999997 -2.16910625 2.37448311
      vertex 0.0149999997 -2.16910625 2.37448311
      vertex 0.0149999997 -2.16570091 2.37385058
    endloop
  endfacet
  facet normal -0 0.182634026 0.983181
    outer loop
      vertex -0.0149999997 -2.17251134 2.37511563
      vertex 0.0149999997 -2.17251134 2.37511563
      vertex 0.0149999997 -2.16910625 2.37448311
    endloop
  endfacet
  facet normal -0 0.182621673 0.983183324
    outer loop
      vertex -0.0149999997 -2.17591667 2.37574816
      vertex 0.0149999997 -2.17591667 2.37574816
      vertex 0.0149999997 -2.17251134 2.37511563
    endloop
  endfacet
  facet normal -0 0.182555109 0.983195603
    outer loop
      vertex -0.0149999997 -2.179322 2.37638044
      vertex 0.0149999997 -2.179322 2.37638044
      vertex 0.0149999997 -2.17591667 2.37574816
    endloop
  endfacet
  facet normal -0 0.182621673 0.983183324
    outer loop
      vertex -0.0149999997 -2.18272734 2.37701297
      vertex 0.0149999997 -2.18272734 2.37701297
      vertex 0.0149999997 -2.179322 2.37638044
    endloop
  endfacet
  facet normal -0 0.182621673 0.983183324
    outer loop
      vertex -0.0149999997 -2.18613267 2.37764549
      vertex 0.0149999997 -2.18613267 2.37764549
      vertex 0.0149999997 -2.18272734 2.37701297
    endloop
  endfacet
  facet normal -0 0.182634026 0.983181
    outer loop
      vertex -0.0149999997 -2.18953776 2.37827802
      vertex 0.0149999997 -2.18953776 2.37827802
      vertex 0.0149999997 -2.18613267 2.37764549
    endloop
  endfacet
  facet normal -0 0.182555109 0.983195603
    outer loop
      vertex -0.0149999997 -2.1929431 2.3789103
      vertex 0.0149999997 -2.1929431 2.3789103
      vertex 0.0149999997 -2.18953776 2.37827802
    endloop
  endfacet
  facet normal -0 0.182621673 0.983183324
    outer loop
      vertex -0.0149999997 -2.19634843 2.37954283
      vertex 0.0149999997 -2.19634843 2.37954283
      vertex 0.0149999997 -2.1929431 2.3789103
    endloop
  endfacet
  facet normal -0 0.182621673 0.983183324
    outer loop
      vertex -0.0149999997 -2.19975376 2.38017535
      vertex 0.0149999997 -2.19975376 2.38017535
      vertex 0.0149999997 -2.19634843 2.37954283
    endloop
  endfacet
  facet normal -0 0.182567492 0.983193398
    outer loop
      vertex -0.0149999997 -2.20315886 2.38080764
      vertex 0.0149999997 -2.20315886 2.38080764
      vertex 0.0149999997 -2.19975376 2.38017535
    endloop
  endfacet
  facet normal -0 0.0483226739 0.998831749
    outer loop
      vertex -0.0149999997 -2.20656419 2.38097239
      vertex 0.0149999997 -2.20656419 2.38097239
      vertex 0.0149999997 -2.20315886 2.38080764
    endloop
  endfacet
  facet normal -0 0.0336573161 0.999433398
    outer loop
      vertex -0.0149999997 -2.20996952 2.38108706
      vertex 0.0149999997 -2.20996952 2.38108706
      vertex 0.0149999997 -2.20656419 2.38097239
    endloop
  endfacet
  facet normal -0 0.0336573161 0.999433398
    outer loop
      vertex -0.0149999997 -2.21337485 2.38120174
      vertex 0.0149999997 -2.21337485 2.38120174
      vertex 0.0149999997 -2.20996952 2.38108706
    endloop
  endfacet
  facet normal -0 0.0336573161 0.999433398
    outer loop
      vertex -0.0149999997 -2.21678019 2.38131642
      vertex 0.0149999997 -2.21678019 2.38131642
      vertex 0.0149999997 -2.21337485 2.38120174
    endloop
  endfacet
  facet normal -0 0.0337295718 0.999431014
    outer loop
      vertex -0.0149999997 -2.22018528 2.38143134
      vertex 0.0149999997 -2.22018528 2.38143134
      vertex 0.0149999997 -2.21678019 2.38131642
    endloop
  endfacet
  facet normal -0 0.0336573161 0.999433398
    outer loop
      vertex -0.0149999997 -2.22359061 2.38154602
      vertex 0.0149999997 -2.22359061 2.38154602
      vertex 0.0149999997 -2.22018528 2.38143134
    endloop
  endfacet
  facet normal -0 0.0336573161 0.999433398
    outer loop
      vertex -0.0149999997 -2.22699594 2.3816607
      vertex 0.0149999997 -2.22699594 2.3816607
      vertex 0.0149999997 -2.22359061 2.38154602
    endloop
  endfacet
  facet normal -0 0.0336573161 0.999433398
    outer loop
      vertex -0.0149999997 -2.23040128 2.38177538
      vertex 0.0149999997 -2.23040128 2.38177538
      vertex 0.0149999997 -2.22699594 2.3816607
    endloop
  endfacet
  facet normal -0 0.0336596742 0.999433398
    outer loop
      vertex -0.0149999997 -2.23380637 2.38189006
      vertex 0.0149999997 -2.23380637 2.38189006
      vertex 0.0149999997 -2.23040128 2.38177538
    endloop
  endfacet
  facet normal -0 0.0336573161 0.999433398
    outer loop
      vertex -0.0149999997 -2.2372117 2.38200474
      vertex 0.0149999997 -2.2372117 2.38200474
      vertex 0.0149999997 -2.23380637 2.38189006
    endloop
  endfacet
  facet normal -0 0.0336573161 0.999433398
    outer loop
      vertex -0.0149999997 -2.24061704 2.38211942
      vertex 0.0149999997 -2.24061704 2.38211942
      vertex 0.0149999997 -2.2372117 2.38200474
    endloop
  endfacet
  facet normal -0 0.0336573161 0.999433398
    outer loop
      vertex -0.0149999997 -2.24402237 2.3822341
      vertex 0.0149999997 -2.24402237 2.3822341
      vertex 0.0149999997 -2.24061704 2.38211942
    endloop
  endfacet
  facet normal -0 0.0336573161 0.999433398
    outer loop
      vertex -0.0149999997 -2.2474277 2.38234878
      vertex 0.0149999997 -2.2474277 2.38234878
      vertex 0.0149999997 -2.24402237 2.3822341
    endloop
  endfacet
  facet normal -0 0.0336596742 0.999433398
    outer loop
      vertex -0.0149999997 -2.2508328 2.38246346
      vertex 0.0149999997 -2.2508328 2.38246346
      vertex 0.0149999997 -2.2474277 2.38234878
    endloop
  endfacet
  facet normal -0 0.0336573161 0.999433398
    outer loop
      vertex -0.0149999997 -2.25423813 2.38257813
      vertex 0.0149999997 -2.25423813 2.38257813
      vertex 0.0149999997 -2.2508328 2.38246346
    endloop
  endfacet
  facet normal -0 0.0336573161 0.999433398
    outer loop
      vertex -0.0149999997 -2.25764346 2.38269281
      vertex 0.0149999997 -2.25764346 2.38269281
      vertex 0.0149999997 -2.25423813 2.38257813
    endloop
  endfacet
  facet normal -0 0.0336573161 0.999433398
    outer loop
      vertex -0.0149999997 -2.26104879 2.38280749
      vertex 0.0149999997 -2.26104879 2.38280749
      vertex 0.0149999997 -2.25764346 2.38269281
    endloop
  endfacet
  facet normal -0 0.0337295718 0.999431014
    outer loop
      vertex -0.0149999997 -2.26445389 2.38292241
      vertex 0.0149999997 -2.26445389 2.38292241
      vertex 0.0149999997 -2.26104879 2.38280749
    endloop
  endfacet
  facet normal -0 0.0336573161 0.999433398
    outer loop
      vertex -0.0149999997 -2.26785922 2.38303709
      vertex 0.0149999997 -2.26785922 2.38303709
      vertex 0.0149999997 -2.26445389 2.38292241
    endloop
  endfacet
  facet normal -0 0.0336573161 0.999433398
    outer loop
      vertex -0.0149999997 -2.27126455 2.38315177
      vertex 0.0149999997 -2.27126455 2.38315177
      vertex 0.0149999997 -2.26785922 2.38303709
    endloop
  endfacet
  facet normal -0 0.0336573161 0.999433398
    outer loop
      vertex -0.0149999997 -2.27466989 2.38326645
      vertex 0.0149999997 -2.27466989 2.38326645
      vertex 0.0149999997 -2.27126455 2.38315177
    endloop
  endfacet
  facet normal -0 0.0336573161 0.999433398
    outer loop
      vertex -0.0149999997 -2.27807522 2.38338113
      vertex 0.0149999997 -2.27807522 2.38338113
      vertex 0.0149999997 -2.27466989 2.38326645
    endloop
  endfacet
  facet normal -0 0.0336596742 0.999433398
    outer loop
      vertex -0.0149999997 -2.28148031 2.38349581
      vertex 0.0149999997 -2.28148031 2.38349581
      vertex 0.0149999997 -2.27807522 2.38338113
    endloop
  endfacet
  facet normal -0 0.0336573161 0.999433398
    outer loop
      vertex -0.0149999997 -2.28488564 2.38361049
      vertex 0.0149999997 -2.28488564 2.38361049
      vertex 0.0149999997 -2.28148031 2.38349581
    endloop
  endfacet
  facet normal -0 0.0336573161 0.999433398
    outer loop
      vertex -0.0149999997 -2.28829098 2.38372517
      vertex 0.0149999997 -2.28829098 2.38372517
      vertex 0.0149999997 -2.28488564 2.38361049
    endloop
  endfacet
  facet normal -0 0.0336573161 0.999433398
    outer loop
      vertex -0.0149999997 -2.29169631 2.38383985
      vertex 0.0149999997 -2.29169631 2.38383985
      vertex 0.0149999997 -2.28829098 2.38372517
    endloop
  endfacet
  facet normal -0 0.0336596742 0.999433398
    outer loop
      vertex -0.0149999997 -2.2951014 2.38395452
      vertex 0.0149999997 -2.2951014 2.38395452
      vertex 0.0149999997 -2.29169631 2.38383985
    endloop
  endfacet
  facet normal -0 0.0336573161 0.999433398
    outer loop
      vertex -0.0149999997 -2.29850674 2.3840692
      vertex 0.0149999997 -2.29850674 2.3840692
      vertex 0.0149999997 -2.2951014 2.38395452
    endloop
  endfacet
  facet normal 0 0 1
    outer loop
      vertex -0.0149999997 -2.30191207 2.3840692
      vertex 0.0149999997 -2.30191207 2.3840692
      vertex 0.0149999997 -2.29850674 2.3840692
    endloop
  endfacet
  facet normal 0 0 1
    outer loop
      vertex -0.0149999997 -2.3053174 2.3840692
      vertex 0.0149999997 -2.3053174 2.3840692
      vertex 0.0149999997 -2.30191207 2.3840692
    endloop
  endfacet
  facet normal 0 -0.0540411957 0.998538733
    outer loop
      vertex -0.0149999997 -2.30872273 2.38388491
      vertex 0.0149999997 -2.30872273 2.38388491
      vertex 0.0149999997 -2.3053174 2.3840692
    endloop
  endfacet
  facet normal 0 -0.0568327941 0.998383701
    outer loop
      vertex -0.0149999997 -2.31212783 2.38369107
      vertex 0.0149999997 -2.31212783 2.38369107
      vertex 0.0149999997 -2.30872273 2.38388491
    endloop
  endfacet
  facet normal 0 -0.0567591488 0.998387873
    outer loop
      vertex -0.0149999997 -2.31553316 2.38349748
      vertex 0.0149999997 -2.31553316 2.38349748
      vertex 0.0149999997 -2.31212783 2.38369107
    endloop
  endfacet
  facet normal 0 -0.0567591488 0.998387873
    outer loop
      vertex -0.0149999997 -2.31893849 2.38330388
      vertex 0.0149999997 -2.31893849 2.38330388
      vertex 0.0149999997 -2.31553316 2.38349748
    endloop
  endfacet
  facet normal 0 -0.0568288304 0.998383999
    outer loop
      vertex -0.0149999997 -2.32234383 2.38311005
      vertex 0.0149999997 -2.32234383 2.38311005
      vertex 0.0149999997 -2.31893849 2.38330388
    endloop
  endfacet
  facet normal 0 -0.0567631125 0.998387694
    outer loop
      vertex -0.0149999997 -2.32574892 2.38291645
      vertex 0.0149999997 -2.32574892 2.38291645
      vertex 0.0149999997 -2.32234383 2.38311005
    endloop
  endfacet
  facet normal 0 -0.0568288304 0.998383999
    outer loop
      vertex -0.0149999997 -2.32915425 2.38272262
      vertex 0.0149999997 -2.32915425 2.38272262
      vertex 0.0149999997 -2.32574892 2.38291645
    endloop
  endfacet
  facet normal 0 -0.0567591488 0.998387873
    outer loop
      vertex -0.0149999997 -2.33255959 2.38252902
      vertex 0.0149999997 -2.33255959 2.38252902
      vertex 0.0149999997 -2.32915425 2.38272262
    endloop
  endfacet
  facet normal 0 -0.0567591488 0.998387873
    outer loop
      vertex -0.0149999997 -2.33596492 2.38233542
      vertex 0.0149999997 -2.33596492 2.38233542
      vertex 0.0149999997 -2.33255959 2.38252902
    endloop
  endfacet
  facet normal 0 -0.0568288304 0.998383999
    outer loop
      vertex -0.0149999997 -2.33937025 2.38214159
      vertex 0.0149999997 -2.33937025 2.38214159
      vertex 0.0149999997 -2.33596492 2.38233542
    endloop
  endfacet
  facet normal 0 -0.0567631125 0.998387694
    outer loop
      vertex -0.0149999997 -2.34277534 2.38194799
      vertex 0.0149999997 -2.34277534 2.38194799
      vertex 0.0149999997 -2.33937025 2.38214159
    endloop
  endfacet
  facet normal 0 -0.0568288304 0.998383999
    outer loop
      vertex -0.0149999997 -2.34618068 2.38175416
      vertex 0.0149999997 -2.34618068 2.38175416
      vertex 0.0149999997 -2.34277534 2.38194799
    endloop
  endfacet
  facet normal 0 -0.0567591488 0.998387873
    outer loop
      vertex -0.0149999997 -2.34958601 2.38156056
      vertex 0.0149999997 -2.34958601 2.38156056
      vertex 0.0149999997 -2.34618068 2.38175416
    endloop
  endfacet
  facet normal 0 -0.0567591488 0.998387873
    outer loop
      vertex -0.0149999997 -2.35299134 2.38136697
      vertex 0.0149999997 -2.35299134 2.38136697
      vertex 0.0149999997 -2.34958601 2.38156056
    endloop
  endfacet
  facet normal 0 -0.0568288304 0.998383999
    outer loop
      vertex -0.0149999997 -2.35639668 2.38117313
      vertex 0.0149999997 -2.35639668 2.38117313
      vertex 0.0149999997 -2.35299134 2.38136697
    endloop
  endfacet
  facet normal 0 -0.0567631125 0.998387694
    outer loop
      vertex -0.0149999997 -2.35980177 2.38097954
      vertex 0.0149999997 -2.35980177 2.38097954
      vertex 0.0149999997 -2.35639668 2.38117313
    endloop
  endfacet
  facet normal 0 -0.0568288304 0.998383999
    outer loop
      vertex -0.0149999997 -2.3632071 2.3807857
      vertex 0.0149999997 -2.3632071 2.3807857
      vertex 0.0149999997 -2.35980177 2.38097954
    endloop
  endfacet
  facet normal 0 -0.0567591488 0.998387873
    outer loop
      vertex -0.0149999997 -2.36661243 2.38059211
      vertex 0.0149999997 -2.36661243 2.38059211
      vertex 0.0149999997 -2.3632071 2.3807857
    endloop
  endfacet
  facet normal 0 -0.0567591488 0.998387873
    outer loop
      vertex -0.0149999997 -2.37001777 2.38039851
      vertex 0.0149999997 -2.37001777 2.38039851
      vertex 0.0149999997 -2.36661243 2.38059211
    endloop
  endfacet
  facet normal 0 -0.0568327941 0.998383701
    outer loop
      vertex -0.0149999997 -2.37342286 2.38020468
      vertex 0.0149999997 -2.37342286 2.38020468
      vertex 0.0149999997 -2.37001777 2.38039851
    endloop
  endfacet
  facet normal 0 -0.0567591488 0.998387873
    outer loop
      vertex -0.0149999997 -2.37682819 2.38001108
      vertex 0.0149999997 -2.37682819 2.38001108
      vertex 0.0149999997 -2.37342286 2.38020468
    endloop
  endfacet
  facet normal 0 -0.0567591488 0.998387873
    outer loop
      vertex -0.0149999997 -2.38023353 2.37981749
      vertex 0.0149999997 -2.38023353 2.37981749
      vertex 0.0149999997 -2.37682819 2.38001108
    endloop
  endfacet
  facet normal 0 -0.0568288304 0.998383999
    outer loop
      vertex -0.0149999997 -2.38363886 2.37962365
      vertex 0.0149999997 -2.38363886 2.37962365
      vertex 0.0149999997 -2.38023353 2.37981749
    endloop
  endfacet
  facet normal 0 -0.0567591488 0.998387873
    outer loop
      vertex -0.0149999997 -2.38704419 2.37943006
      vertex 0.0149999997 -2.38704419 2.37943006
      vertex 0.0149999997 -2.38363886 2.37962365
    endloop
  endfacet
  facet normal 0 -0.111607529 0.99375236
    outer loop
      vertex -0.0149999997 -2.39044929 2.37904763
      vertex 0.0149999997 -2.39044929 2.37904763
      vertex 0.0149999997 -2.38704419 2.37943006
    endloop
  endfacet
  facet normal 0 -0.231252164 0.972893894
    outer loop
      vertex -0.0149999997 -2.39385462 2.3782382
      vertex 0.0149999997 -2.39385462 2.3782382
      vertex 0.0149999997 -2.39044929 2.37904763
    endloop
  endfacet
  facet normal 0 -0.231252164 0.972893894
    outer loop
      vertex -0.0149999997 -2.39725995 2.37742877
      vertex 0.0149999997 -2.39725995 2.37742877
      vertex 0.0149999997 -2.39385462 2.3782382
    endloop
  endfacet
  facet normal 0 -0.231252164 0.972893894
    outer loop
      vertex -0.0149999997 -2.40066528 2.37661934
      vertex 0.0149999997 -2.40066528 2.37661934
      vertex 0.0149999997 -2.39725995 2.37742877
    endloop
  endfacet
  facet normal 0 -0.231267497 0.972890198
    outer loop
      vertex -0.0149999997 -2.40407038 2.37580991
      vertex 0.0149999997 -2.40407038 2.37580991
      vertex 0.0149999997 -2.40066528 2.37661934
    endloop
  endfacet
  facet normal 0 -0.231252164 0.972893894
    outer loop
      vertex -0.0149999997 -2.40747571 2.37500048
      vertex 0.0149999997 -2.40747571 2.37500048
      vertex 0.0149999997 -2.40407038 2.37580991
    endloop
  endfacet
  facet normal 0 -0.231252164 0.972893894
    outer loop
      vertex -0.0149999997 -2.41088104 2.37419105
      vertex 0.0149999997 -2.41088104 2.37419105
      vertex 0.0149999997 -2.40747571 2.37500048
    endloop
  endfacet
  facet normal 0 -0.231252164 0.972893894
    outer loop
      vertex -0.0149999997 -2.41428638 2.37338161
      vertex 0.0149999997 -2.41428638 2.37338161
      vertex 0.0149999997 -2.41088104 2.37419105
    endloop
  endfacet
  facet normal 0 -0.231252164 0.972893894
    outer loop
      vertex -0.0149999997 -2.41769171 2.37257218
      vertex 0.0149999997 -2.41769171 2.37257218
      vertex 0.0149999997 -2.41428638 2.37338161
    endloop
  endfacet
  facet normal 0 -0.231267497 0.972890198
    outer loop
      vertex -0.0149999997 -2.4210968 2.37176275
      vertex 0.0149999997 -2.4210968 2.37176275
      vertex 0.0149999997 -2.41769171 2.37257218
    endloop
  endfacet
  facet normal 0 -0.231252164 0.972893894
    outer loop
      vertex -0.0149999997 -2.42450213 2.37095332
      vertex 0.0149999997 -2.42450213 2.37095332
      vertex 0.0149999997 -2.4210968 2.37176275
    endloop
  endfacet
  facet normal 0 -0.231252164 0.972893894
    outer loop
      vertex -0.0149999997 -2.42790747 2.37014389
      vertex 0.0149999997 -2.42790747 2.37014389
      vertex 0.0149999997 -2.42450213 2.37095332
    endloop
  endfacet
  facet normal 0 -0.231252164 0.972893894
    outer loop
      vertex -0.0149999997 -2.4313128 2.36933446
      vertex 0.0149999997 -2.4313128 2.36933446
      vertex 0.0149999997 -2.42790747 2.37014389
    endloop
  endfacet
  facet normal 0 -0.231267497 0.972890198
    outer loop
      vertex -0.0149999997 -2.43471789 2.36852503
      vertex 0.0149999997 -2.43471789 2.36852503
      vertex 0.0149999997 -2.4313128 2.36933446
    endloop
  endfacet
  facet normal 0 -0.231252164 0.972893894
    outer loop
      vertex -0.0149999997 -2.43812323 2.3677156
      vertex 0.0149999997 -2.43812323 2.3677156
      vertex 0.0149999997 -2.43471789 2.36852503
    endloop
  endfacet
  facet normal 0 -0.231252164 0.972893894
    outer loop
      vertex -0.0149999997 -2.44152856 2.36690617
      vertex 0.0149999997 -2.44152856 2.36690617
      vertex 0.0149999997 -2.43812323 2.3677156
    endloop
  endfacet
  facet normal 0 -0.231252164 0.972893894
    outer loop
      vertex -0.0149999997 -2.44493389 2.36609674
      vertex 0.0149999997 -2.44493389 2.36609674
      vertex 0.0149999997 -2.44152856 2.36690617
    endloop
  endfacet
  facet normal 0 -0.231252164 0.972893894
    outer loop
      vertex -0.0149999997 -2.44833922 2.3652873
      vertex 0.0149999997 -2.44833922 2.3652873
      vertex 0.0149999997 -2.44493389 2.36609674
    endloop
  endfacet
  facet normal 0 -0.231267497 0.972890198
    outer loop
      vertex -0.0149999997 -2.45174432 2.36447787
      vertex 0.0149999997 -2.45174432 2.36447787
      vertex 0.0149999997 -2.44833922 2.3652873
    endloop
  endfacet
  facet normal 0 -0.250199884 0.968194246
    outer loop
      vertex -0.0149999997 -2.45514965 2.36359787
      vertex 0.0149999997 -2.45514965 2.36359787
      vertex 0.0149999997 -2.45174432 2.36447787
    endloop
  endfacet
  facet normal 0 -0.28919813 0.957269311
    outer loop
      vertex -0.0149999997 -2.45855498 2.36256909
      vertex 0.0149999997 -2.45855498 2.36256909
      vertex 0.0149999997 -2.45514965 2.36359787
    endloop
  endfacet
  facet normal 0 -0.28919813 0.957269311
    outer loop
      vertex -0.0149999997 -2.46196032 2.36154032
      vertex 0.0149999997 -2.46196032 2.36154032
      vertex 0.0149999997 -2.45855498 2.36256909
    endloop
  endfacet
  facet normal 0 -0.289216667 0.957263649
    outer loop
      vertex -0.0149999997 -2.46536541 2.36051154
      vertex 0.0149999997 -2.46536541 2.36051154
      vertex 0.0149999997 -2.46196032 2.36154032
    endloop
  endfacet
  facet normal 0 -0.28919813 0.957269311
    outer loop
      vertex -0.0149999997 -2.46877074 2.35948277
      vertex 0.0149999997 -2.46877074 2.35948277
      vertex 0.0149999997 -2.46536541 2.36051154
    endloop
  endfacet
  facet normal 0 -0.289259553 0.957250714
    outer loop
      vertex -0.0149999997 -2.47217607 2.35845375
      vertex 0.0149999997 -2.47217607 2.35845375
      vertex 0.0149999997 -2.46877074 2.35948277
    endloop
  endfacet
  facet normal 0 -0.28919813 0.957269311
    outer loop
      vertex -0.0149999997 -2.47558141 2.35742497
      vertex 0.0149999997 -2.47558141 2.35742497
      vertex 0.0149999997 -2.47217607 2.35845375
    endloop
  endfacet
  facet normal 0 -0.28919813 0.957269311
    outer loop
      vertex -0.0149999997 -2.47898674 2.3563962
      vertex 0.0149999997 -2.47898674 2.3563962
      vertex 0.0149999997 -2.47558141 2.35742497
    endloop
  endfacet
  facet normal 0 -0.289216667 0.957263649
    outer loop
      vertex -0.0149999997 -2.48239183 2.35536742
      vertex 0.0149999997 -2.48239183 2.35536742
      vertex 0.0149999997 -2.47898674 2.3563962
    endloop
  endfacet
  facet normal 0 -0.28919813 0.957269311
    outer loop
      vertex -0.0149999997 -2.48579717 2.35433865
      vertex 0.0149999997 -2.48579717 2.35433865
      vertex 0.0149999997 -2.48239183 2.35536742
    endloop
  endfacet
  facet normal 0 -0.28919813 0.957269311
    outer loop
      vertex -0.0149999997 -2.4892025 2.35330987
      vertex 0.0149999997 -2.4892025 2.35330987
      vertex 0.0149999997 -2.48579717 2.35433865
    endloop
  endfacet
  facet normal 0 -0.28919813 0.957269311
    outer loop
      vertex -0.0149999997 -2.49260783 2.35228109
      vertex 0.0149999997 -2.49260783 2.35228109
      vertex 0.0149999997 -2.4892025 2.35330987
    endloop
  endfacet
  facet normal 0 -0.28927809 0.957245052
    outer loop
      vertex -0.0149999997 -2.49601293 2.35125208
      vertex 0.0149999997 -2.49601293 2.35125208
      vertex 0.0149999997 -2.49260783 2.35228109
    endloop
  endfacet
  facet normal 0 -0.28919813 0.957269311
    outer loop
      vertex -0.0149999997 -2.49941826 2.3502233
      vertex 0.0149999997 -2.49941826 2.3502233
      vertex 0.0149999997 -2.49601293 2.35125208
    endloop
  endfacet
  facet normal 0 -0.207325459 0.978272021
    outer loop
      vertex -0.0149999997 -2.50282359 2.34950161
      vertex 0.0149999997 -2.50282359 2.34950161
      vertex 0.0149999997 -2.49941826 2.3502233
    endloop
  endfacet
  facet normal 0 -0.205751494 0.978604257
    outer loop
      vertex -0.0149999997 -2.50622892 2.34878564
      vertex 0.0149999997 -2.50622892 2.34878564
      vertex 0.0149999997 -2.50282359 2.34950161
    endloop
  endfacet
  facet normal 0 -0.205751494 0.978604257
    outer loop
      vertex -0.0149999997 -2.50963426 2.34806967
      vertex 0.0149999997 -2.50963426 2.34806967
      vertex 0.0149999997 -2.50622892 2.34878564
    endloop
  endfacet
  facet normal 0 -0.205765292 0.978601396
    outer loop
      vertex -0.0149999997 -2.51303935 2.3473537
      vertex 0.0149999997 -2.51303935 2.3473537
      vertex 0.0149999997 -2.50963426 2.34806967
    endloop
  endfacet
  facet normal 0 -0.205751494 0.978604257
    outer loop
      vertex -0.0149999997 -2.51644468 2.34663773
      vertex 0.0149999997 -2.51644468 2.34663773
      vertex 0.0149999997 -2.51303935 2.3473537
    endloop
  endfacet
  facet normal 0 -0.205751494 0.978604257
    outer loop
      vertex -0.0149999997 -2.51985002 2.34592175
      vertex 0.0149999997 -2.51985002 2.34592175
      vertex 0.0149999997 -2.51644468 2.34663773
    endloop
  endfacet
  facet normal 0 -0.205751494 0.978604257
    outer loop
      vertex -0.0149999997 -2.52325535 2.34520578
      vertex 0.0149999997 -2.52325535 2.34520578
      vertex 0.0149999997 -2.51985002 2.34592175
    endloop
  endfacet
  facet normal 0 -0.205751494 0.978604257
    outer loop
      vertex -0.0149999997 -2.52666068 2.34448981
      vertex 0.0149999997 -2.52666068 2.34448981
      vertex 0.0149999997 -2.52325535 2.34520578
    endloop
  endfacet
  facet normal 0 -0.205765292 0.978601396
    outer loop
      vertex -0.0149999997 -2.53006577 2.34377384
      vertex 0.0149999997 -2.53006577 2.34377384
      vertex 0.0149999997 -2.52666068 2.34448981
    endloop
  endfacet
  facet normal 0 0 1
    outer loop
      vertex -0.0149999997 -2.53347111 2.34377384
      vertex 0.0149999997 -2.53347111 2.34377384
      vertex 0.0149999997 -2.53006577 2.34377384
    endloop
  endfacet
  facet normal 0 0 1
    outer loop
      vertex -0.0149999997 -2.53687644 2.34377384
      vertex 0.0149999997 -2.53687644 2.34377384
      vertex 0.0149999997 -2.53347111 2.34377384
    endloop
  endfacet
  facet normal -0 0.102861136 0.994695783
    outer loop
      vertex -0.0149999997 -2.54028177 2.34412599
      vertex 0.0149999997 -2.54028177 2.34412599
      vertex 0.0149999997 -2.53687644 2.34377384
    endloop
  endfacet
  facet normal -0 0.145609647 0.989342093
    outer loop
      vertex -0.0149999997 -2.54368687 2.34462714
      vertex 0.0149999997 -2.54368687 2.34462714
      vertex 0.0149999997 -2.54028177 2.34412599
    endloop
  endfacet
  facet normal -0 0.145667478 0.98933357
    outer loop
      vertex -0.0149999997 -2.5470922 2.34512854
      vertex 0.0149999997 -2.5470922 2.34512854
      vertex 0.0149999997 -2.54368687 2.34462714
    endloop
  endfacet
  facet normal -0 0.145667478 0.98933357
    outer loop
      vertex -0.0149999997 -2.55049753 2.34562993
      vertex 0.0149999997 -2.55049753 2.34562993
      vertex 0.0149999997 -2.5470922 2.34512854
    endloop
  endfacet
  facet normal -0 0.145599663 0.989343524
    outer loop
      vertex -0.0149999997 -2.55390286 2.34613109
      vertex 0.0149999997 -2.55390286 2.34613109
      vertex 0.0149999997 -2.55049753 2.34562993
    endloop
  endfacet
  facet normal -0 0.314792007 0.949160635
    outer loop
      vertex -0.0149999997 -2.5573082 2.34726048
      vertex 0.0149999997 -2.5573082 2.34726048
      vertex 0.0149999997 -2.55390286 2.34613109
    endloop
  endfacet
  facet normal -0 0.334655613 0.942340553
    outer loop
      vertex -0.0149999997 -2.56071329 2.34846973
      vertex 0.0149999997 -2.56071329 2.34846973
      vertex 0.0149999997 -2.5573082 2.34726048
    endloop
  endfacet
  facet normal -0 0.33457616 0.942368686
    outer loop
      vertex -0.0149999997 -2.56411862 2.34967875
      vertex 0.0149999997 -2.56411862 2.34967875
      vertex 0.0149999997 -2.56071329 2.34846973
    endloop
  endfacet
  facet normal 0 0 1
    outer loop
      vertex -0.0149999997 -2.56752396 2.34967875
      vertex 0.0149999997 -2.56752396 2.34967875
      vertex 0.0149999997 -2.56411862 2.34967875
    endloop
  endfacet
  facet normal 0 0 1
    outer loop
      vertex -0.0149999997 -2.57092929 2.34967875
      vertex 0.0149999997 -2.57092929 2.34967875
      vertex 0.0149999997 -2.56752396 2.34967875
    endloop
  endfacet
  facet normal 0 -0.0383417644 0.999264717
    outer loop
      vertex -0.0149999997 -2.57433438 2.3495481
      vertex 0.0149999997 -2.57433438 2.3495481
      vertex 0.0149999997 -2.57092929 2.34967875
    endloop
  endfacet
  facet normal 0 -0.153112516 0.988208771
    outer loop
      vertex -0.0149999997 -2.57773972 2.34902048
      vertex 0.0149999997 -2.57773972 2.34902048
      vertex 0.0149999997 -2.57433438 2.3495481
    endloop
  endfacet
  facet normal 0 -0.190190732 0.98174715
    outer loop
      vertex -0.0149999997 -2.58114505 2.34836078
      vertex 0.0149999997 -2.58114505 2.34836078
      vertex 0.0149999997 -2.57773972 2.34902048
    endloop
  endfacet
  facet normal 0 -0.194028795 0.980995834
    outer loop
      vertex -0.0149999997 -2.58455038 2.34768724
      vertex 0.0149999997 -2.58455038 2.34768724
      vertex 0.0149999997 -2.58114505 2.34836078
    endloop
  endfacet
  facet normal 0 -0.193962708 0.981008887
    outer loop
      vertex -0.0149999997 -2.58795571 2.34701395
      vertex 0.0149999997 -2.58795571 2.34701395
      vertex 0.0149999997 -2.58455038 2.34768724
    endloop
  endfacet
  facet normal 0 -0.193975776 0.981006384
    outer loop
      vertex -0.0149999997 -2.59136081 2.34634066
      vertex 0.0149999997 -2.59136081 2.34634066
      vertex 0.0149999997 -2.58795571 2.34701395
    endloop
  endfacet
  facet normal 0 -0.3083646 0.951268196
    outer loop
      vertex -0.0149999997 -2.59476614 2.34523678
      vertex 0.0149999997 -2.59476614 2.34523678
      vertex 0.0149999997 -2.59136081 2.34634066
    endloop
  endfacet
  facet normal 0 -0.320581526 0.947220922
    outer loop
      vertex -0.0149999997 -2.59817147 2.34408426
      vertex 0.0149999997 -2.59817147 2.34408426
      vertex 0.0149999997 -2.59476614 2.34523678
    endloop
  endfacet
  facet normal 0 -0.320581526 0.947220922
    outer loop
      vertex -0.0149999997 -2.60157681 2.34293175
      vertex 0.0149999997 -2.60157681 2.34293175
      vertex 0.0149999997 -2.59817147 2.34408426
    endloop
  endfacet
  facet normal 0 -0.320661187 0.94719398
    outer loop
      vertex -0.0149999997 -2.6049819 2.34177899
      vertex 0.0149999997 -2.6049819 2.34177899
      vertex 0.0149999997 -2.60157681 2.34293175
    endloop
  endfacet
  facet normal 0 -0.320581526 0.947220922
    outer loop
      vertex -0.0149999997 -2.60838723 2.34062648
      vertex 0.0149999997 -2.60838723 2.34062648
      vertex 0.0149999997 -2.6049819 2.34177899
    endloop
  endfacet
  facet normal 0 -0.320581526 0.947220922
    outer loop
      vertex -0.0149999997 -2.61179256 2.33947396
      vertex 0.0149999997 -2.61179256 2.33947396
      vertex 0.0149999997 -2.60838723 2.34062648
    endloop
  endfacet
  facet normal 0 -0.320581526 0.947220922
    outer loop
      vertex -0.0149999997 -2.6151979 2.33832145
      vertex 0.0149999997 -2.6151979 2.33832145
      vertex 0.0149999997 -2.61179256 2.33947396
    endloop
  endfacet
  facet normal 0 -0.320641071 0.947200835
    outer loop
      vertex -0.0149999997 -2.61860323 2.33716869
      vertex 0.0149999997 -2.61860323 2.33716869
      vertex 0.0149999997 -2.6151979 2.33832145
    endloop
  endfacet
  facet normal 0 -0.320601702 0.947214127
    outer loop
      vertex -0.0149999997 -2.62200832 2.33601618
      vertex 0.0149999997 -2.62200832 2.33601618
      vertex 0.0149999997 -2.61860323 2.33716869
    endloop
  endfacet
  facet normal 0 -0.320581526 0.947220922
    outer loop
      vertex -0.0149999997 -2.62541366 2.33486366
      vertex 0.0149999997 -2.62541366 2.33486366
      vertex 0.0149999997 -2.62200832 2.33601618
    endloop
  endfacet
  facet normal 0 -0.362757981 0.931883454
    outer loop
      vertex -0.0149999997 -2.62881899 2.33353806
      vertex 0.0149999997 -2.62881899 2.33353806
      vertex 0.0149999997 -2.62541366 2.33486366
    endloop
  endfacet
  facet normal 0 -0.367671996 0.929955542
    outer loop
      vertex -0.0149999997 -2.63222432 2.33219171
      vertex 0.0149999997 -2.63222432 2.33219171
      vertex 0.0149999997 -2.62881899 2.33353806
    endloop
  endfacet
  facet normal 0 -0.367694259 0.929946721
    outer loop
      vertex -0.0149999997 -2.63562942 2.33084536
      vertex 0.0149999997 -2.63562942 2.33084536
      vertex 0.0149999997 -2.63222432 2.33219171
    endloop
  endfacet
  facet normal 0 -0.322839886 0.946453631
    outer loop
      vertex -0.0149999997 -2.63903475 2.32968378
      vertex 0.0149999997 -2.63903475 2.32968378
      vertex 0.0149999997 -2.63562942 2.33084536
    endloop
  endfacet
  facet normal 0 -0.274045199 0.961716831
    outer loop
      vertex -0.0149999997 -2.64244008 2.32871342
      vertex 0.0149999997 -2.64244008 2.32871342
      vertex 0.0149999997 -2.63903475 2.32968378
    endloop
  endfacet
  facet normal 0 -0.00273050857 0.999996305
    outer loop
      vertex -0.0149999997 -2.64584541 2.32870412
      vertex 0.0149999997 -2.64584541 2.32870412
      vertex 0.0149999997 -2.64244008 2.32871342
    endloop
  endfacet
  facet normal 0 0 1
    outer loop
      vertex -0.0149999997 -2.64925075 2.32870412
      vertex 0.0149999997 -2.64925075 2.32870412
      vertex 0.0149999997 -2.64584541 2.32870412
    endloop
  endfacet
  facet normal 0 0 1
    outer loop
      vertex -0.0149999997 -2.65265584 2.32870412
      vertex 0.0149999997 -2.65265584 2.32870412
      vertex 0.0149999997 -2.64925075 2.32870412
    endloop
  endfacet
  facet normal -0 0.334165961 0.942514241
    outer loop
      vertex -0.0149999997 -2.65606117 2.32991147
      vertex 0.0149999997 -2.65606117 2.32991147
      vertex 0.0149999997 -2.65265584 2.32870412
    endloop
  endfacet
  facet normal -0 0.615623713 0.78804028
    outer loop
      vertex -0.0149999997 -2.65946651 2.33257174
      vertex 0.0149999997 -2.65946651 2.33257174
      vertex 0.0149999997 -2.65606117 2.32991147
    endloop
  endfacet
  facet normal -0 0.615623713 0.78804028
    outer loop
      vertex -0.0149999997 -2.66287184 2.33523202
      vertex 0.0149999997 -2.66287184 2.33523202
      vertex 0.0149999997 -2.65946651 2.33257174
    endloop
  endfacet
  facet normal -0 0.935279191 0.353910863
    outer loop
      vertex -0.0149999997 -2.66627693 2.34423065
      vertex 0.0149999997 -2.66627693 2.34423065
      vertex 0.0149999997 -2.66287184 2.33523202
    endloop
  endfacet
  facet normal -0 0.944656253 0.328061789
    outer loop
      vertex -0.0149999997 -2.66968226 2.35403633
      vertex 0.0149999997 -2.66968226 2.35403633
      vertex 0.0149999997 -2.66627693 2.34423065
    endloop
  endfacet
  facet normal -0 0.944656253 0.328061789
    outer loop
      vertex -0.0149999997 -2.6730876 2.36384201
      vertex 0.0149999997 -2.6730876 2.36384201
      vertex 0.0149999997 -2.66968226 2.35403633
    endloop
  endfacet
  facet normal -0 0.934304595 0.35647583
    outer loop
      vertex -0.0149999997 -2.67649293 2.37276721
      vertex 0.0149999997 -2.67649293 2.37276721
      vertex 0.0149999997 -2.6730876 2.36384201
    endloop
  endfacet
  facet normal -0 0.922022223 0.387137115
    outer loop
      vertex -0.0149999997 -2.67989826 2.38087749
      vertex 0.0149999997 -2.67989826 2.38087749
      vertex 0.0149999997 -2.67649293 2.37276721
    endloop
  endfacet
  facet normal -0 0.922035873 0.387104392
    outer loop
      vertex -0.0149999997 -2.68330336 2.38898802
      vertex 0.0149999997 -2.68330336 2.38898802
      vertex 0.0149999997 -2.67989826 2.38087749
    endloop
  endfacet
  facet normal -0 0.922022223 0.387137115
    outer loop
      vertex -0.0149999997 -2.68670869 2.3970983
      vertex 0.0149999997 -2.68670869 2.3970983
      vertex 0.0149999997 -2.68330336 2.38898802
    endloop
  endfacet
  facet normal -0 0.922022223 0.387137115
    outer loop
      vertex -0.0149999997 -2.69011402 2.40520859
      vertex 0.0149999997 -2.69011402 2.40520859
      vertex 0.0149999997 -2.68670869 2.3970983
    endloop
  endfacet
  facet normal -0 0.922026217 0.387127429
    outer loop
      vertex -0.0149999997 -2.69351935 2.41331911
      vertex 0.0149999997 -2.69351935 2.41331911
      vertex 0.0149999997 -2.69011402 2.40520859
    endloop
  endfacet
  facet normal -0 0.922022223 0.387137115
    outer loop
      vertex -0.0149999997 -2.69692469 2.4214294
      vertex 0.0149999997 -2.69692469 2.4214294
      vertex 0.0149999997 -2.69351935 2.41331911
    endloop
  endfacet
  facet normal -0 0.922035873 0.387104392
    outer loop
      vertex -0.0149999997 -2.70032978 2.42953992
      vertex 0.0149999997 -2.70032978 2.42953992
      vertex 0.0149999997 -2.69692469 2.4214294
    endloop
  endfacet
  facet normal -0 0.922022223 0.387137115
    outer loop
      vertex -0.0149999997 -2.70373511 2.4376502
      vertex 0.0149999997 -2.70373511 2.4376502
      vertex 0.0149999997 -2.70032978 2.42953992
    endloop
  endfacet
  facet normal -0 0.922022223 0.387137115
    outer loop
      vertex -0.0149999997 -2.70714045 2.44576049
      vertex 0.0149999997 -2.70714045 2.44576049
      vertex 0.0149999997 -2.70373511 2.4376502
    endloop
  endfacet
  facet normal -0 0.922026217 0.387127429
    outer loop
      vertex -0.0149999997 -2.71054578 2.45387101
      vertex 0.0149999997 -2.71054578 2.45387101
      vertex 0.0149999997 -2.70714045 2.44576049
    endloop
  endfacet
  facet normal -0 0.92203182 0.387114048
    outer loop
      vertex -0.0149999997 -2.71395087 2.4619813
      vertex 0.0149999997 -2.71395087 2.4619813
      vertex 0.0149999997 -2.71054578 2.45387101
    endloop
  endfacet
  facet normal -0 0.922026217 0.387127429
    outer loop
      vertex -0.0149999997 -2.7173562 2.47009182
      vertex 0.0149999997 -2.7173562 2.47009182
      vertex 0.0149999997 -2.71395087 2.4619813
    endloop
  endfacet
  facet normal -0 0.877359688 0.479833364
    outer loop
      vertex -0.0149999997 -2.72076154 2.47631836
      vertex 0.0149999997 -2.72076154 2.47631836
      vertex 0.0149999997 -2.7173562 2.47009182
    endloop
  endfacet
  facet normal -0 0.820411265 0.571773887
    outer loop
      vertex -0.0149999997 -2.72416687 2.48120451
      vertex 0.0149999997 -2.72416687 2.48120451
      vertex 0.0149999997 -2.72076154 2.47631836
    endloop
  endfacet
  facet normal -0 0.820411265 0.571773887
    outer loop
      vertex -0.0149999997 -2.7275722 2.48609066
      vertex 0.0149999997 -2.7275722 2.48609066
      vertex 0.0149999997 -2.72416687 2.48120451
    endloop
  endfacet
  facet normal -0 0.820429981 0.571746886
    outer loop
      vertex -0.0149999997 -2.7309773 2.49097681
      vertex 0.0149999997 -2.7309773 2.49097681
      vertex 0.0149999997 -2.7275722 2.48609066
    endloop
  endfacet
  facet normal -0 0.820411265 0.571773887
    outer loop
      vertex -0.0149999997 -2.73438263 2.49586296
      vertex 0.0149999997 -2.73438263 2.49586296
      vertex 0.0149999997 -2.7309773 2.49097681
    endloop
  endfacet
  facet normal -0 0.820411265 0.571773887
    outer loop
      vertex -0.0149999997 -2.73778796 2.50074911
      vertex 0.0149999997 -2.73778796 2.50074911
      vertex 0.0149999997 -2.73438263 2.49586296
    endloop
  endfacet
  facet normal -0 0.820411265 0.571773887
    outer loop
      vertex -0.0149999997 -2.74119329 2.50563526
      vertex 0.0149999997 -2.74119329 2.50563526
      vertex 0.0149999997 -2.73778796 2.50074911
    endloop
  endfacet
  facet normal -0 0.820429981 0.571746886
    outer loop
      vertex -0.0149999997 -2.74459839 2.51052141
      vertex 0.0149999997 -2.74459839 2.51052141
      vertex 0.0149999997 -2.74119329 2.50563526
    endloop
  endfacet
  facet normal -0 0.820411265 0.571773887
    outer loop
      vertex -0.0149999997 -2.74800372 2.51540756
      vertex 0.0149999997 -2.74800372 2.51540756
      vertex 0.0149999997 -2.74459839 2.51052141
    endloop
  endfacet
  facet normal -0 0.820411265 0.571773887
    outer loop
      vertex -0.0149999997 -2.75140905 2.52029371
      vertex 0.0149999997 -2.75140905 2.52029371
      vertex 0.0149999997 -2.74800372 2.51540756
    endloop
  endfacet
  facet normal -0 0.820411265 0.571773887
    outer loop
      vertex -0.0149999997 -2.75481439 2.52517986
      vertex 0.0149999997 -2.75481439 2.52517986
      vertex 0.0149999997 -2.75140905 2.52029371
    endloop
  endfacet
  facet normal -0 0.820411265 0.571773887
    outer loop
      vertex -0.0149999997 -2.75821972 2.53006601
      vertex 0.0149999997 -2.75821972 2.53006601
      vertex 0.0149999997 -2.75481439 2.52517986
    endloop
  endfacet
  facet normal -0 0.820429981 0.571746886
    outer loop
      vertex -0.0149999997 -2.76162481 2.53495216
      vertex 0.0149999997 -2.76162481 2.53495216
      vertex 0.0149999997 -2.75821972 2.53006601
    endloop
  endfacet
  facet normal -0 0.820411265 0.571773887
    outer loop
      vertex -0.0149999997 -2.76503015 2.53983831
      vertex 0.0149999997 -2.76503015 2.53983831
      vertex 0.0149999997 -2.76162481 2.53495216
    endloop
  endfacet
  facet normal -0 0.820411265 0.571773887
    outer loop
      vertex -0.0149999997 -2.76843548 2.54472446
      vertex 0.0149999997 -2.76843548 2.54472446
      vertex 0.0149999997 -2.76503015 2.53983831
    endloop
  endfacet
  facet normal -0 0.820411265 0.571773887
    outer loop
      vertex -0.0149999997 -2.77184081 2.54961061
      vertex 0.0149999997 -2.77184081 2.54961061
      vertex 0.0149999997 -2.76843548 2.54472446
    endloop
  endfacet
  facet normal -0 0.820429981 0.571746886
    outer loop
      vertex -0.0149999997 -2.7752459 2.55449677
      vertex 0.0149999997 -2.7752459 2.55449677
      vertex 0.0149999997 -2.77184081 2.54961061
    endloop
  endfacet
  facet normal -0 0.820411265 0.571773887
    outer loop
      vertex -0.0149999997 -2.77865124 2.55938292
      vertex 0.0149999997 -2.77865124 2.55938292
      vertex 0.0149999997 -2.7752459 2.55449677
    endloop
  endfacet
  facet normal -0 0.820411265 0.571773887
    outer loop
      vertex -0.0149999997 -2.78205657 2.56426907
      vertex 0.0149999997 -2.78205657 2.56426907
      vertex 0.0149999997 -2.77865124 2.55938292
    endloop
  endfacet
  facet normal -0 0.820411265 0.571773887
    outer loop
      vertex -0.0149999997 -2.7854619 2.56915522
      vertex 0.0149999997 -2.7854619 2.56915522
      vertex 0.0149999997 -2.78205657 2.56426907
    endloop
  endfacet
  facet normal -0 0.820411265 0.571773887
    outer loop
      vertex -0.0149999997 -2.78886724 2.57404137
      vertex 0.0149999997 -2.78886724 2.57404137
      vertex 0.0149999997 -2.7854619 2.56915522
    endloop
  endfacet
  facet normal -0 0.820429981 0.571746886
    outer loop
      vertex -0.0149999997 -2.79227233 2.57892752
      vertex 0.0149999997 -2.79227233 2.57892752
      vertex 0.0149999997 -2.78886724 2.57404137
    endloop
  endfacet
  facet normal -0 0.811443508 0.584430814
    outer loop
      vertex -0.0149999997 -2.79567766 2.5836556
      vertex 0.0149999997 -2.79567766 2.5836556
      vertex 0.0149999997 -2.79227233 2.57892752
    endloop
  endfacet
  facet normal -0 0.762991309 0.646408737
    outer loop
      vertex -0.0149999997 -2.79908299 2.58767509
      vertex 0.0149999997 -2.79908299 2.58767509
      vertex 0.0149999997 -2.79567766 2.5836556
    endloop
  endfacet
  facet normal -0 0.762991309 0.646408737
    outer loop
      vertex -0.0149999997 -2.80248833 2.59169459
      vertex 0.0149999997 -2.80248833 2.59169459
      vertex 0.0149999997 -2.79908299 2.58767509
    endloop
  endfacet
  facet normal -0 0.412966788 0.910746098
    outer loop
      vertex -0.0149999997 -2.80589342 2.59323859
      vertex 0.0149999997 -2.80589342 2.59323859
      vertex 0.0149999997 -2.80248833 2.59169459
    endloop
  endfacet
  facet normal 0 0 1
    outer loop
      vertex -0.0149999997 -2.80929875 2.59323859
      vertex 0.0149999997 -2.80929875 2.59323859
      vertex 0.0149999997 -2.80589342 2.59323859
    endloop
  endfacet
  facet normal 0 0 1
    outer loop
      vertex -0.0149999997 -2.81270409 2.59323859
      vertex 0.0149999997 -2.81270409 2.59323859
      vertex 0.0149999997 -2.80929875 2.59323859
    endloop
  endfacet
  facet normal 0 -0.482358962 0.875973701
    outer loop
      vertex -0.0149999997 -2.81610942 2.59136343
      vertex 0.0149999997 -2.81610942 2.59136343
      vertex 0.0149999997 -2.81270409 2.59323859
    endloop
  endfacet
  facet normal 0 -0.769946933 0.638107955
    outer loop
      vertex -0.0149999997 -2.81951475 2.58725452
      vertex 0.0149999997 -2.81951475 2.58725452
      vertex 0.0149999997 -2.81610942 2.59136343
    endloop
  endfacet
  facet normal 0 -0.891124368 0.453759193
    outer loop
      vertex -0.0149999997 -2.82291985 2.58056736
      vertex 0.0149999997 -2.82291985 2.58056736
      vertex 0.0149999997 -2.81951475 2.58725452
    endloop
  endfacet
  facet normal 0 -0.999919236 0.0127117885
    outer loop
      vertex -0.0149999997 -2.82632518 2.31270123
      vertex 0.0149999997 -2.82632518 2.31270123
      vertex 0.0149999997 -2.82291985 2.58056736
    endloop
  endfacet
  facet normal 0 -0.0545291267 0.998512208
    outer loop
      vertex -0.0149999997 -2.82973051 2.31251526
      vertex 0.0149999997 -2.82973051 2.31251526
      vertex 0.0149999997 -2.82632518 2.31270123
    endloop
  endfacet
  facet normal 0 -0.0971370041 0.995271027
    outer loop
      vertex -0.0149999997 -2.83313584 2.3121829
      vertex 0.0149999997 -2.83313584 2.3121829
      vertex 0.0149999997 -2.82973051 2.31251526
    endloop
  endfacet
  facet normal 0 -0.618516207 0.785772026
    outer loop
      vertex -0.0149999997 -2.83654094 2.3095026
      vertex 0.0149999997 -2.83654094 2.3095026
      vertex 0.0149999997 -2.83313584 2.3121829
    endloop
  endfacet
  facet normal 0 -0.997052252 0.076726079
    outer loop
      vertex -0.0149999997 -2.83994627 2.26525044
      vertex 0.0149999997 -2.83994627 2.26525044
      vertex 0.0149999997 -2.83654094 2.3095026
    endloop
  endfacet
  facet normal 0 -0.527607143 0.849488497
    outer loop
      vertex -0.0149999997 -2.8433516 2.26313543
      vertex 0.0149999997 -2.8433516 2.26313543
      vertex 0.0149999997 -2.83994627 2.26525044
    endloop
  endfacet
  facet normal 0 -0.67671138 0.736248374
    outer loop
      vertex -0.0149999997 -2.84675694 2.26000547
      vertex 0.0149999997 -2.84675694 2.26000547
      vertex 0.0149999997 -2.8433516 2.26313543
    endloop
  endfacet
  facet normal 0 -0.991593421 0.129392624
    outer loop
      vertex -0.0149999997 -2.85016227 2.23390889
      vertex 0.0149999997 -2.85016227 2.23390889
      vertex 0.0149999997 -2.84675694 2.26000547
    endloop
  endfacet
  facet normal 0 -0.771129251 0.636678696
    outer loop
      vertex -0.0149999997 -2.85356736 2.22978473
      vertex 0.0149999997 -2.85356736 2.22978473
      vertex 0.0149999997 -2.85016227 2.23390889
    endloop
  endfacet
  facet normal 0 -0.866767466 0.49871251
    outer loop
      vertex -0.0149999997 -2.85697269 2.22386622
      vertex 0.0149999997 -2.85697269 2.22386622
      vertex 0.0149999997 -2.85356736 2.22978473
    endloop
  endfacet
  facet normal 0 -0.580742061 0.814087629
    outer loop
      vertex -0.0149999997 -2.86037803 2.22143698
      vertex 0.0149999997 -2.86037803 2.22143698
      vertex 0.0149999997 -2.85697269 2.22386622
    endloop
  endfacet
  facet normal 0 -0.580742061 0.814087629
    outer loop
      vertex -0.0149999997 -2.86378336 2.21900773
      vertex 0.0149999997 -2.86378336 2.21900773
      vertex 0.0149999997 -2.86037803 2.22143698
    endloop
  endfacet
  facet normal 0 -0.547048807 0.837100744
    outer loop
      vertex -0.0149999997 -2.86718869 2.21678233
      vertex 0.0149999997 -2.86718869 2.21678233
      vertex 0.0149999997 -2.86378336 2.21900773
    endloop
  endfacet
  facet normal 0 -0.532840014 0.846216023
    outer loop
      vertex -0.0149999997 -2.87059379 2.21463823
      vertex 0.0149999997 -2.87059379 2.21463823
      vertex 0.0149999997 -2.86718869 2.21678233
    endloop
  endfacet
  facet normal 0 -0.532770872 0.846259594
    outer loop
      vertex -0.0149999997 -2.87399912 2.21249437
      vertex 0.0149999997 -2.87399912 2.21249437
      vertex 0.0149999997 -2.87059379 2.21463823
    endloop
  endfacet
  facet normal 0 -0.532813251 0.846232772
    outer loop
      vertex -0.0149999997 -2.87740445 2.21035028
      vertex 0.0149999997 -2.87740445 2.21035028
      vertex 0.0149999997 -2.87399912 2.21249437
    endloop
  endfacet
  facet normal 0 -0.532813251 0.846232772
    outer loop
      vertex -0.0149999997 -2.88080978 2.20820618
      vertex 0.0149999997 -2.88080978 2.20820618
      vertex 0.0149999997 -2.87740445 2.21035028
    endloop
  endfacet
  facet normal 0 -0.532797515 0.846242785
    outer loop
      vertex -0.0149999997 -2.88421488 2.20606232
      vertex 0.0149999997 -2.88421488 2.20606232
      vertex 0.0149999997 -2.88080978 2.20820618
    endloop
  endfacet
  facet normal 0 -0.532813251 0.846232772
    outer loop
      vertex -0.0149999997 -2.88762021 2.20391822
      vertex 0.0149999997 -2.88762021 2.20391822
      vertex 0.0149999997 -2.88421488 2.20606232
    endloop
  endfacet
  facet normal 0 -0.532770872 0.846259594
    outer loop
      vertex -0.0149999997 -2.89102554 2.20177436
      vertex 0.0149999997 -2.89102554 2.20177436
      vertex 0.0149999997 -2.88762021 2.20391822
    endloop
  endfacet
  facet normal 0 -0.538420737 0.842676222
    outer loop
      vertex -0.0149999997 -2.89443088 2.19959855
      vertex 0.0149999997 -2.89443088 2.19959855
      vertex 0.0149999997 -2.89102554 2.20177436
    endloop
  endfacet
  facet normal 0 -0.681666374 0.731663108
    outer loop
      vertex -0.0149999997 -2.89783621 2.19642591
      vertex 0.0149999997 -2.89783621 2.19642591
      vertex 0.0149999997 -2.89443088 2.19959855
    endloop
  endfacet
  facet normal 0 -0.681664586 0.731664896
    outer loop
      vertex -0.0149999997 -2.9012413 2.19325352
      vertex 0.0149999997 -2.9012413 2.19325352
      vertex 0.0149999997 -2.89783621 2.19642591
    endloop
  endfacet
  facet normal 0 -0.681666374 0.731663108
    outer loop
      vertex -0.0149999997 -2.90464664 2.19008088
      vertex 0.0149999997 -2.90464664 2.19008088
      vertex 0.0149999997 -2.9012413 2.19325352
    endloop
  endfacet
  facet normal 0 -0.681666374 0.731663108
    outer loop
      vertex -0.0149999997 -2.90805197 2.18690825
      vertex 0.0149999997 -2.90805197 2.18690825
      vertex 0.0149999997 -2.90464664 2.19008088
    endloop
  endfacet
  facet normal 0 -0.681666374 0.731663108
    outer loop
      vertex -0.0149999997 -2.9114573 2.18373561
      vertex 0.0149999997 -2.9114573 2.18373561
      vertex 0.0149999997 -2.90805197 2.18690825
    endloop
  endfacet
  facet normal 0 -0.681692004 0.731639385
    outer loop
      vertex -0.0149999997 -2.91486239 2.18056297
      vertex 0.0149999997 -2.91486239 2.18056297
      vertex 0.0149999997 -2.9114573 2.18373561
    endloop
  endfacet
  facet normal 0 -0.681666374 0.731663108
    outer loop
      vertex -0.0149999997 -2.91826773 2.17739034
      vertex 0.0149999997 -2.91826773 2.17739034
      vertex 0.0149999997 -2.91486239 2.18056297
    endloop
  endfacet
  facet normal 0 -0.681666374 0.731663108
    outer loop
      vertex -0.0149999997 -2.92167306 2.1742177
      vertex 0.0149999997 -2.92167306 2.1742177
      vertex 0.0149999997 -2.91826773 2.17739034
    endloop
  endfacet
  facet normal 0 -0.681666374 0.731663108
    outer loop
      vertex -0.0149999997 -2.92507839 2.17104506
      vertex 0.0149999997 -2.92507839 2.17104506
      vertex 0.0149999997 -2.92167306 2.1742177
    endloop
  endfacet
  facet normal 0 -0.663632095 0.748059154
    outer loop
      vertex -0.0149999997 -2.92848372 2.16802406
      vertex 0.0149999997 -2.92848372 2.16802406
      vertex 0.0149999997 -2.92507839 2.17104506
    endloop
  endfacet
  facet normal 0 -0.606517792 0.795069933
    outer loop
      vertex -0.0149999997 -2.93188882 2.16542649
      vertex 0.0149999997 -2.93188882 2.16542649
      vertex 0.0149999997 -2.92848372 2.16802406
    endloop
  endfacet
  facet normal 0 -0.606526136 0.795063555
    outer loop
      vertex -0.0149999997 -2.93529415 2.16282868
      vertex 0.0149999997 -2.93529415 2.16282868
      vertex 0.0149999997 -2.93188882 2.16542649
    endloop
  endfacet
  facet normal 0 -0.60649091 0.795090377
    outer loop
      vertex -0.0149999997 -2.93869948 2.16023111
      vertex 0.0149999997 -2.93869948 2.16023111
      vertex 0.0149999997 -2.93529415 2.16282868
    endloop
  endfacet
  facet normal 0 -0.606526136 0.795063555
    outer loop
      vertex -0.0149999997 -2.94210482 2.1576333
      vertex 0.0149999997 -2.94210482 2.1576333
      vertex 0.0149999997 -2.93869948 2.16023111
    endloop
  endfacet
  facet normal 0 -0.606553018 0.795043111
    outer loop
      vertex -0.0149999997 -2.94550991 2.1550355
      vertex 0.0149999997 -2.94550991 2.1550355
      vertex 0.0149999997 -2.94210482 2.1576333
    endloop
  endfacet
  facet normal 0 -0.60649091 0.795090377
    outer loop
      vertex -0.0149999997 -2.94891524 2.15243793
      vertex 0.0149999997 -2.94891524 2.15243793
      vertex 0.0149999997 -2.94550991 2.1550355
    endloop
  endfacet
  facet normal 0 -0.606526136 0.795063555
    outer loop
      vertex -0.0149999997 -2.95232058 2.14984012
      vertex 0.0149999997 -2.95232058 2.14984012
      vertex 0.0149999997 -2.94891524 2.15243793
    endloop
  endfacet
  facet normal 0 -0.60649091 0.795090377
    outer loop
      vertex -0.0149999997 -2.95572591 2.14724255
      vertex 0.0149999997 -2.95572591 2.14724255
      vertex 0.0149999997 -2.95232058 2.14984012
    endloop
  endfacet
  facet normal 0 -0.606526136 0.795063555
    outer loop
      vertex -0.0149999997 -2.95913124 2.14464474
      vertex 0.0149999997 -2.95913124 2.14464474
      vertex 0.0149999997 -2.95572591 2.14724255
    endloop
  endfacet
  facet normal 0 -0.606553018 0.795043111
    outer loop
      vertex -0.0149999997 -2.96253633 2.14204693
      vertex 0.0149999997 -2.96253633 2.14204693
      vertex 0.0149999997 -2.95913124 2.14464474
    endloop
  endfacet
  facet normal 0 -0.60649091 0.795090377
    outer loop
      vertex -0.0149999997 -2.96594167 2.13944936
      vertex 0.0149999997 -2.96594167 2.13944936
      vertex 0.0149999997 -2.96253633 2.14204693
    endloop
  endfacet
  facet normal 0 -0.606526136 0.795063555
    outer loop
      vertex -0.0149999997 -2.969347 2.13685155
      vertex 0.0149999997 -2.969347 2.13685155
      vertex 0.0149999997 -2.96594167 2.13944936
    endloop
  endfacet
  facet normal 0 -0.60649091 0.795090377
    outer loop
      vertex -0.0149999997 -2.97275233 2.13425398
      vertex 0.0149999997 -2.97275233 2.13425398
      vertex 0.0149999997 -2.969347 2.13685155
    endloop
  endfacet
  facet normal 0 -0.546500325 0.837458909
    outer loop
      vertex -0.0149999997 -2.97615743 2.13203192
      vertex 0.0149999997 -2.97615743 2.13203192
      vertex 0.0149999997 -2.97275233 2.13425398
    endloop
  endfacet
  facet normal 0 -0.545773745 0.837932587
    outer loop
      vertex -0.0149999997 -2.97956276 2.12981391
      vertex 0.0149999997 -2.97956276 2.12981391
      vertex 0.0149999997 -2.97615743 2.13203192
    endloop
  endfacet
  facet normal 0 -0.545773745 0.837932587
    outer loop
      vertex -0.0149999997 -2.98296809 2.1275959
      vertex 0.0149999997 -2.98296809 2.1275959
      vertex 0.0149999997 -2.97956276 2.12981391
    endloop
  endfacet
  facet normal 0 -0.545814931 0.837905765
    outer loop
      vertex -0.0149999997 -2.98637342 2.12537766
      vertex 0.0149999997 -2.98637342 2.12537766
      vertex 0.0149999997 -2.98296809 2.1275959
    endloop
  endfacet
  facet normal 0 -0.545773745 0.837932587
    outer loop
      vertex -0.0149999997 -2.98977876 2.12315965
      vertex 0.0149999997 -2.98977876 2.12315965
      vertex 0.0149999997 -2.98637342 2.12537766
    endloop
  endfacet
  facet normal 0 -0.545800626 0.837915123
    outer loop
      vertex -0.0149999997 -2.99318385 2.12094164
      vertex 0.0149999997 -2.99318385 2.12094164
      vertex 0.0149999997 -2.98977876 2.12315965
    endloop
  endfacet
  facet normal 0 -0.545814931 0.837905765
    outer loop
      vertex -0.0149999997 -2.99658918 2.11872339
      vertex 0.0149999997 -2.99658918 2.11872339
      vertex 0.0149999997 -2.99318385 2.12094164
    endloop
  endfacet
  facet normal 0 -0.545773745 0.837932587
    outer loop
      vertex -0.0149999997 -2.99999452 2.11650538
      vertex 0.0149999997 -2.99999452 2.11650538
      vertex 0.0149999997 -2.99658918 2.11872339
    endloop
  endfacet
  facet normal 0 -0.545773745 0.837932587
    outer loop
      vertex -0.0149999997 -3.00339985 2.11428738
      vertex 0.0149999997 -3.00339985 2.11428738
      vertex 0.0149999997 -2.99999452 2.11650538
    endloop
  endfacet
  facet normal 0 -0.545841813 0.8378883
    outer loop
      vertex -0.0149999997 -3.00680494 2.11206913
      vertex 0.0149999997 -3.00680494 2.11206913
      vertex 0.0149999997 -3.00339985 2.11428738
    endloop
  endfacet
  facet normal 0 -0.545773745 0.837932587
    outer loop
      vertex -0.0149999997 -3.01021028 2.10985112
      vertex 0.0149999997 -3.01021028 2.10985112
      vertex 0.0149999997 -3.00680494 2.11206913
    endloop
  endfacet
  facet normal 0 -0.545773745 0.837932587
    outer loop
      vertex -0.0149999997 -3.01361561 2.10763311
      vertex 0.0149999997 -3.01361561 2.10763311
      vertex 0.0149999997 -3.01021028 2.10985112
    endloop
  endfacet
  facet normal 0 -0.545814931 0.837905765
    outer loop
      vertex -0.0149999997 -3.01702094 2.10541487
      vertex 0.0149999997 -3.01702094 2.10541487
      vertex 0.0149999997 -3.01361561 2.10763311
    endloop
  endfacet
  facet normal 0 -0.545773745 0.837932587
    outer loop
      vertex -0.0149999997 -3.02042627 2.10319686
      vertex 0.0149999997 -3.02042627 2.10319686
      vertex 0.0149999997 -3.01702094 2.10541487
    endloop
  endfacet
  facet normal 0 -0.545800626 0.837915123
    outer loop
      vertex -0.0149999997 -3.02383137 2.10097885
      vertex 0.0149999997 -3.02383137 2.10097885
      vertex 0.0149999997 -3.02042627 2.10319686
    endloop
  endfacet
  facet normal 0 -0.531112969 0.847301066
    outer loop
      vertex -0.0149999997 -3.0272367 2.09884429
      vertex 0.0149999997 -3.0272367 2.09884429
      vertex 0.0149999997 -3.02383137 2.10097885
    endloop
  endfacet
  facet normal 0 -0.480189741 0.877164602
    outer loop
      vertex -0.0149999997 -3.03064203 2.09698009
      vertex 0.0149999997 -3.03064203 2.09698009
      vertex 0.0149999997 -3.0272367 2.09884429
    endloop
  endfacet
  facet normal 0 -0.480189741 0.877164602
    outer loop
      vertex -0.0149999997 -3.03404737 2.0951159
      vertex 0.0149999997 -3.03404737 2.0951159
      vertex 0.0149999997 -3.03064203 2.09698009
    endloop
  endfacet
  facet normal 0 -0.480189741 0.877164602
    outer loop
      vertex -0.0149999997 -3.0374527 2.09325171
      vertex 0.0149999997 -3.0374527 2.09325171
      vertex 0.0149999997 -3.03404737 2.0951159
    endloop
  endfacet
  facet normal 0 -0.480215609 0.877150476
    outer loop
      vertex -0.0149999997 -3.04085779 2.09138751
      vertex 0.0149999997 -3.04085779 2.09138751
      vertex 0.0149999997 -3.0374527 2.09325171
    endloop
  endfacet
  facet normal 0 -0.480189741 0.877164602
    outer loop
      vertex -0.0149999997 -3.04426312 2.08952332
      vertex 0.0149999997 -3.04426312 2.08952332
      vertex 0.0149999997 -3.04085779 2.09138751
    endloop
  endfacet
  facet normal 0 -0.480189741 0.877164602
    outer loop
      vertex -0.0149999997 -3.04766846 2.08765912
      vertex 0.0149999997 -3.04766846 2.08765912
      vertex 0.0149999997 -3.04426312 2.08952332
    endloop
  endfacet
  facet normal 0 -0.480189741 0.877164602
    outer loop
      vertex -0.0149999997 -3.05107379 2.08579493
      vertex 0.0149999997 -3.05107379 2.08579493
      vertex 0.0149999997 -3.04766846 2.08765912
    endloop
  endfacet
  facet normal 0 -0.480215609 0.877150476
    outer loop
      vertex -0.0149999997 -3.05447888 2.08393073
      vertex 0.0149999997 -3.05447888 2.08393073
      vertex 0.0149999997 -3.05107379 2.08579493
    endloop
  endfacet
  facet normal 0 -0.480189741 0.877164602
    outer loop
      vertex -0.0149999997 -3.05788422 2.08206654
      vertex 0.0149999997 -3.05788422 2.08206654
      vertex 0.0149999997 -3.05447888 2.08393073
    endloop
  endfacet
  facet normal 0 -0.480189741 0.877164602
    outer loop
      vertex -0.0149999997 -3.06128955 2.08020234
      vertex 0.0149999997 -3.06128955 2.08020234
      vertex 0.0149999997 -3.05788422 2.08206654
    endloop
  endfacet
  facet normal 0 -0.480189741 0.877164602
    outer loop
      vertex -0.0149999997 -3.06469488 2.07833815
      vertex 0.0149999997 -3.06469488 2.07833815
      vertex 0.0149999997 -3.06128955 2.08020234
    endloop
  endfacet
  facet normal 0 -0.480189741 0.877164602
    outer loop
      vertex -0.0149999997 -3.06810021 2.07647395
      vertex 0.0149999997 -3.06810021 2.07647395
      vertex 0.0149999997 -3.06469488 2.07833815
    endloop
  endfacet
  facet normal 0 -0.480215609 0.877150476
    outer loop
      vertex -0.0149999997 -3.07150531 2.07460976
      vertex 0.0149999997 -3.07150531 2.07460976
      vertex 0.0149999997 -3.06810021 2.07647395
    endloop
  endfacet
  facet normal 0 -0.480189741 0.877164602
    outer loop
      vertex -0.0149999997 -3.07491064 2.07274556
      vertex 0.0149999997 -3.07491064 2.07274556
      vertex 0.0149999997 -3.07150531 2.07460976
    endloop
  endfacet
  facet normal 0 -0.468825102 0.883291006
    outer loop
      vertex -0.0149999997 -3.07831597 2.07093811
      vertex 0.0149999997 -3.07831597 2.07093811
      vertex 0.0149999997 -3.07491064 2.07274556
    endloop
  endfacet
  facet normal 0 -0.462175548 0.886788487
    outer loop
      vertex -0.0149999997 -3.08172131 2.06916332
      vertex 0.0149999997 -3.08172131 2.06916332
      vertex 0.0149999997 -3.07831597 2.07093811
    endloop
  endfacet
  facet normal 0 -0.462152153 0.886800647
    outer loop
      vertex -0.0149999997 -3.0851264 2.06738877
      vertex 0.0149999997 -3.0851264 2.06738877
      vertex 0.0149999997 -3.08172131 2.06916332
    endloop
  endfacet
  facet normal 0 -0.462175548 0.886788487
    outer loop
      vertex -0.0149999997 -3.08853173 2.06561399
      vertex 0.0149999997 -3.08853173 2.06561399
      vertex 0.0149999997 -3.0851264 2.06738877
    endloop
  endfacet
  facet normal 0 -0.462175548 0.886788487
    outer loop
      vertex -0.0149999997 -3.09193707 2.0638392
      vertex 0.0149999997 -3.09193707 2.0638392
      vertex 0.0149999997 -3.08853173 2.06561399
    endloop
  endfacet
  facet normal 0 -0.462175548 0.886788487
    outer loop
      vertex -0.0149999997 -3.0953424 2.06206441
      vertex 0.0149999997 -3.0953424 2.06206441
      vertex 0.0149999997 -3.09193707 2.0638392
    endloop
  endfacet
  facet normal 0 -0.462175548 0.886788487
    outer loop
      vertex -0.0149999997 -3.09874773 2.06028962
      vertex 0.0149999997 -3.09874773 2.06028962
      vertex 0.0149999997 -3.0953424 2.06206441
    endloop
  endfacet
  facet normal 0 -0.462152153 0.886800647
    outer loop
      vertex -0.0149999997 -3.10215282 2.05851507
      vertex 0.0149999997 -3.10215282 2.05851507
      vertex 0.0149999997 -3.09874773 2.06028962
    endloop
  endfacet
  facet normal 0 -0.462175548 0.886788487
    outer loop
      vertex -0.0149999997 -3.10555816 2.05674028
      vertex 0.0149999997 -3.10555816 2.05674028
      vertex 0.0149999997 -3.10215282 2.05851507
    endloop
  endfacet
  facet normal 0 -0.462175548 0.886788487
    outer loop
      vertex -0.0149999997 -3.10896349 2.0549655
      vertex 0.0149999997 -3.10896349 2.0549655
      vertex 0.0149999997 -3.10555816 2.05674028
    endloop
  endfacet
  facet normal 0 -0.462175548 0.886788487
    outer loop
      vertex -0.0149999997 -3.11236882 2.05319071
      vertex 0.0149999997 -3.11236882 2.05319071
      vertex 0.0149999997 -3.10896349 2.0549655
    endloop
  endfacet
  facet normal 0 -0.481489956 0.876451671
    outer loop
      vertex -0.0149999997 -3.11577392 2.05132008
      vertex 0.0149999997 -3.11577392 2.05132008
      vertex 0.0149999997 -3.11236882 2.05319071
    endloop
  endfacet
  facet normal 0 -0.495510101 0.868602216
    outer loop
      vertex -0.0149999997 -3.11917925 2.04937744
      vertex 0.0149999997 -3.11917925 2.04937744
      vertex 0.0149999997 -3.11577392 2.05132008
    endloop
  endfacet
  facet normal 0 -0.495510101 0.868602216
    outer loop
      vertex -0.0149999997 -3.12258458 2.04743481
      vertex 0.0149999997 -3.12258458 2.04743481
      vertex 0.0149999997 -3.11917925 2.04937744
    endloop
  endfacet
  facet normal 0 -0.495510101 0.868602216
    outer loop
      vertex -0.0149999997 -3.12598991 2.04549217
      vertex 0.0149999997 -3.12598991 2.04549217
      vertex 0.0149999997 -3.12258458 2.04743481
    endloop
  endfacet
  facet normal 0 -0.495510101 0.868602216
    outer loop
      vertex -0.0149999997 -3.12939525 2.04354954
      vertex 0.0149999997 -3.12939525 2.04354954
      vertex 0.0149999997 -3.12598991 2.04549217
    endloop
  endfacet
  facet normal 0 -0.495536268 0.868587315
    outer loop
      vertex -0.0149999997 -3.13280034 2.0416069
      vertex 0.0149999997 -3.13280034 2.0416069
      vertex 0.0149999997 -3.12939525 2.04354954
    endloop
  endfacet
  facet normal 0 -0.495510101 0.868602216
    outer loop
      vertex -0.0149999997 -3.13620567 2.03966427
      vertex 0.0149999997 -3.13620567 2.03966427
      vertex 0.0149999997 -3.13280034 2.0416069
    endloop
  endfacet
  facet normal 0 -0.495510101 0.868602216
    outer loop
      vertex -0.0149999997 -3.13961101 2.03772163
      vertex 0.0149999997 -3.13961101 2.03772163
      vertex 0.0149999997 -3.13620567 2.03966427
    endloop
  endfacet
  facet normal 0 -0.478248864 0.878224313
    outer loop
      vertex -0.0149999997 -3.14301634 2.03586721
      vertex 0.0149999997 -3.14301634 2.03586721
      vertex 0.0149999997 -3.13961101 2.03772163
    endloop
  endfacet
  facet normal 0 -0.466481417 0.884531021
    outer loop
      vertex -0.0149999997 -3.14642143 2.03407145
      vertex 0.0149999997 -3.14642143 2.03407145
      vertex 0.0149999997 -3.14301634 2.03586721
    endloop
  endfacet
  facet normal 0 -0.466455847 0.884544432
    outer loop
      vertex -0.0149999997 -3.14982677 2.03227568
      vertex 0.0149999997 -3.14982677 2.03227568
      vertex 0.0149999997 -3.14642143 2.03407145
    endloop
  endfacet
  facet normal 0 -0.466455847 0.884544432
    outer loop
      vertex -0.0149999997 -3.1532321 2.03047991
      vertex 0.0149999997 -3.1532321 2.03047991
      vertex 0.0149999997 -3.14982677 2.03227568
    endloop
  endfacet
  facet normal 0 -0.466455847 0.884544432
    outer loop
      vertex -0.0149999997 -3.15663743 2.02868414
      vertex 0.0149999997 -3.15663743 2.02868414
      vertex 0.0149999997 -3.1532321 2.03047991
    endloop
  endfacet
  facet normal 0 -0.466407388 0.884570003
    outer loop
      vertex -0.0149999997 -3.16004276 2.02688861
      vertex 0.0149999997 -3.16004276 2.02688861
      vertex 0.0149999997 -3.15663743 2.02868414
    endloop
  endfacet
  facet normal 0 -0.466481417 0.884531021
    outer loop
      vertex -0.0149999997 -3.16344786 2.02509284
      vertex 0.0149999997 -3.16344786 2.02509284
      vertex 0.0149999997 -3.16004276 2.02688861
    endloop
  endfacet
  facet normal 0 -0.467907637 0.88377738
    outer loop
      vertex -0.0149999997 -3.16685319 2.02328992
      vertex 0.0149999997 -3.16685319 2.02328992
      vertex 0.0149999997 -3.16344786 2.02509284
    endloop
  endfacet
  facet normal 0 -0.468197525 0.883623838
    outer loop
      vertex -0.0149999997 -3.17025852 2.02148557
      vertex 0.0149999997 -3.17025852 2.02148557
      vertex 0.0149999997 -3.16685319 2.02328992
    endloop
  endfacet
  facet normal 0 -0.468197525 0.883623838
    outer loop
      vertex -0.0149999997 -3.17366385 2.01968122
      vertex 0.0149999997 -3.17366385 2.01968122
      vertex 0.0149999997 -3.17025852 2.02148557
    endloop
  endfacet
  facet normal 0 -0.468271434 0.883584678
    outer loop
      vertex -0.0149999997 -3.17706895 2.01787663
      vertex 0.0149999997 -3.17706895 2.01787663
      vertex 0.0149999997 -3.17366385 2.01968122
    endloop
  endfacet
  facet normal 0 -0.468197525 0.883623838
    outer loop
      vertex -0.0149999997 -3.18047428 2.01607227
      vertex 0.0149999997 -3.18047428 2.01607227
      vertex 0.0149999997 -3.17706895 2.01787663
    endloop
  endfacet
  facet normal 0 -0.468197525 0.883623838
    outer loop
      vertex -0.0149999997 -3.18387961 2.01426792
      vertex 0.0149999997 -3.18387961 2.01426792
      vertex 0.0149999997 -3.18047428 2.01607227
    endloop
  endfacet
  facet normal 0 -0.48909232 0.87223196
    outer loop
      vertex -0.0149999997 -3.18728495 2.01235843
      vertex 0.0149999997 -3.18728495 2.01235843
      vertex 0.0149999997 -3.18387961 2.01426792
    endloop
  endfacet
  facet normal 0 -0.490947396 0.871189117
    outer loop
      vertex -0.0149999997 -3.19069028 2.0104394
      vertex 0.0149999997 -3.19069028 2.0104394
      vertex 0.0149999997 -3.18728495 2.01235843
    endloop
  endfacet
  facet normal 0 -0.490927219 0.871200681
    outer loop
      vertex -0.0149999997 -3.19409537 2.0085206
      vertex 0.0149999997 -3.19409537 2.0085206
      vertex 0.0149999997 -3.19069028 2.0104394
    endloop
  endfacet
  facet normal 0 -0.490947396 0.871189117
    outer loop
      vertex -0.0149999997 -3.19750071 2.00660157
      vertex 0.0149999997 -3.19750071 2.00660157
      vertex 0.0149999997 -3.19409537 2.0085206
    endloop
  endfacet
  facet normal 0 -0.490901083 0.871215284
    outer loop
      vertex -0.0149999997 -3.20090604 2.00468278
      vertex 0.0149999997 -3.20090604 2.00468278
      vertex 0.0149999997 -3.19750071 2.00660157
    endloop
  endfacet
  facet normal 0 -0.489371032 0.872075677
    outer loop
      vertex -0.0149999997 -3.20431137 2.00277185
      vertex 0.0149999997 -3.20431137 2.00277185
      vertex 0.0149999997 -3.20090604 2.00468278
    endloop
  endfacet
  facet normal 0 -0.487743258 0.872987092
    outer loop
      vertex -0.0149999997 -3.2077167 2.00086927
      vertex 0.0149999997 -3.2077167 2.00086927
      vertex 0.0149999997 -3.20431137 2.00277185
    endloop
  endfacet
  facet normal 0 -0.48774603 0.872985661
    outer loop
      vertex -0.0149999997 -3.2111218 1.99896681
      vertex 0.0149999997 -3.2111218 1.99896681
      vertex 0.0149999997 -3.2077167 2.00086927
    endloop
  endfacet
  facet normal 0 -0.487743258 0.872987092
    outer loop
      vertex -0.0149999997 -3.21452713 1.99706423
      vertex 0.0149999997 -3.21452713 1.99706423
      vertex 0.0149999997 -3.2111218 1.99896681
    endloop
  endfacet
  facet normal 0 -0.487720013 0.873000205
    outer loop
      vertex -0.0149999997 -3.21793246 1.99516177
      vertex 0.0149999997 -3.21793246 1.99516177
      vertex 0.0149999997 -3.21452713 1.99706423
    endloop
  endfacet
  facet normal 0 -0.48634395 0.873767376
    outer loop
      vertex -0.0149999997 -3.2213378 1.99326634
      vertex 0.0149999997 -3.2213378 1.99326634
      vertex 0.0149999997 -3.21793246 1.99516177
    endloop
  endfacet
  facet normal 0 -0.477349102 0.878713667
    outer loop
      vertex -0.0149999997 -3.22474289 1.99141657
      vertex 0.0149999997 -3.22474289 1.99141657
      vertex 0.0149999997 -3.2213378 1.99326634
    endloop
  endfacet
  facet normal 0 -0.477299601 0.878740668
    outer loop
      vertex -0.0149999997 -3.22814822 1.98956692
      vertex 0.0149999997 -3.22814822 1.98956692
      vertex 0.0149999997 -3.22474289 1.99141657
    endloop
  endfacet
  facet normal 0 -0.477299601 0.878740668
    outer loop
      vertex -0.0149999997 -3.23155355 1.98771727
      vertex 0.0149999997 -3.23155355 1.98771727
      vertex 0.0149999997 -3.22814822 1.98956692
    endloop
  endfacet
  facet normal 0 -0.477299601 0.878740668
    outer loop
      vertex -0.0149999997 -3.23495889 1.98586762
      vertex 0.0149999997 -3.23495889 1.98586762
      vertex 0.0149999997 -3.23155355 1.98771727
    endloop
  endfacet
  facet normal 0 -0.477299601 0.878740668
    outer loop
      vertex -0.0149999997 -3.23836422 1.98401797
      vertex 0.0149999997 -3.23836422 1.98401797
      vertex 0.0149999997 -3.23495889 1.98586762
    endloop
  endfacet
  facet normal 0 -0.477824003 0.878455639
    outer loop
      vertex -0.0149999997 -3.24176931 1.98216581
      vertex 0.0149999997 -3.24176931 1.98216581
      vertex 0.0149999997 -3.23836422 1.98401797
    endloop
  endfacet
  facet normal 0 -0.478651881 0.878004849
    outer loop
      vertex -0.0149999997 -3.24517465 1.98030937
      vertex 0.0149999997 -3.24517465 1.98030937
      vertex 0.0149999997 -3.24176931 1.98216581
    endloop
  endfacet
  facet normal 0 -0.478651881 0.878004849
    outer loop
      vertex -0.0149999997 -3.24857998 1.97845292
      vertex 0.0149999997 -3.24857998 1.97845292
      vertex 0.0149999997 -3.24517465 1.98030937
    endloop
  endfacet
  facet normal 0 -0.478628159 0.878017664
    outer loop
      vertex -0.0149999997 -3.25198531 1.97659659
      vertex 0.0149999997 -3.25198531 1.97659659
      vertex 0.0149999997 -3.24857998 1.97845292
    endloop
  endfacet
  facet normal 0 -0.47867766 0.877990663
    outer loop
      vertex -0.0149999997 -3.25539041 1.97474015
      vertex 0.0149999997 -3.25539041 1.97474015
      vertex 0.0149999997 -3.25198531 1.97659659
    endloop
  endfacet
  facet normal 0 -0.478651881 0.878004849
    outer loop
      vertex -0.0149999997 -3.25879574 1.9728837
      vertex 0.0149999997 -3.25879574 1.9728837
      vertex 0.0149999997 -3.25539041 1.97474015
    endloop
  endfacet
  facet normal 0 -0.478651881 0.878004849
    outer loop
      vertex -0.0149999997 -3.26220107 1.97102726
      vertex 0.0149999997 -3.26220107 1.97102726
      vertex 0.0149999997 -3.25879574 1.9728837
    endloop
  endfacet
  facet normal 0 -0.479480535 0.877552569
    outer loop
      vertex -0.0149999997 -3.2656064 1.96916664
      vertex 0.0149999997 -3.2656064 1.96916664
      vertex 0.0149999997 -3.26220107 1.97102726
    endloop
  endfacet
  facet normal 0 -0.480142474 0.877190411
    outer loop
      vertex -0.0149999997 -3.26901174 1.96730268
      vertex 0.0149999997 -3.26901174 1.96730268
      vertex 0.0149999997 -3.2656064 1.96916664
    endloop
  endfacet
  facet normal 0 -0.480168402 0.877176404
    outer loop
      vertex -0.0149999997 -3.27241683 1.96543872
      vertex 0.0149999997 -3.27241683 1.96543872
      vertex 0.0149999997 -3.26901174 1.96730268
    endloop
  endfacet
  facet normal 0 -0.480142474 0.877190411
    outer loop
      vertex -0.0149999997 -3.27582216 1.96357477
      vertex 0.0149999997 -3.27582216 1.96357477
      vertex 0.0149999997 -3.27241683 1.96543872
    endloop
  endfacet
  facet normal 0 -0.480142474 0.877190411
    outer loop
      vertex -0.0149999997 -3.2792275 1.96171081
      vertex 0.0149999997 -3.2792275 1.96171081
      vertex 0.0149999997 -3.27582216 1.96357477
    endloop
  endfacet
  facet normal 0 -0.480118841 0.877203405
    outer loop
      vertex -0.0149999997 -3.28263283 1.95984697
      vertex 0.0149999997 -3.28263283 1.95984697
      vertex 0.0149999997 -3.2792275 1.96171081
    endloop
  endfacet
  facet normal 0 -0.480168402 0.877176404
    outer loop
      vertex -0.0149999997 -3.28603792 1.95798302
      vertex 0.0149999997 -3.28603792 1.95798302
      vertex 0.0149999997 -3.28263283 1.95984697
    endloop
  endfacet
  facet normal 0 -0.438331246 0.898813426
    outer loop
      vertex -0.0149999997 -3.28944325 1.95632231
      vertex 0.0149999997 -3.28944325 1.95632231
      vertex 0.0149999997 -3.28603792 1.95798302
    endloop
  endfacet
  facet normal 0 -0.372471482 0.928043664
    outer loop
      vertex -0.0149999997 -3.29284859 1.95495558
      vertex 0.0149999997 -3.29284859 1.95495558
      vertex 0.0149999997 -3.28944325 1.95632231
    endloop
  endfacet
  facet normal 0 -0.372471482 0.928043664
    outer loop
      vertex -0.0149999997 -3.29625392 1.95358884
      vertex 0.0149999997 -3.29625392 1.95358884
      vertex 0.0149999997 -3.29284859 1.95495558
    endloop
  endfacet
  facet normal 0 -0.372499436 0.928032398
    outer loop
      vertex -0.0149999997 -3.29965925 1.95222199
      vertex 0.0149999997 -3.29965925 1.95222199
      vertex 0.0149999997 -3.29625392 1.95358884
    endloop
  endfacet
  facet normal 0 -0.372493953 0.928034663
    outer loop
      vertex -0.0149999997 -3.30306435 1.95085526
      vertex 0.0149999997 -3.30306435 1.95085526
      vertex 0.0149999997 -3.29965925 1.95222199
    endloop
  endfacet
  facet normal 0 -0.372471482 0.928043664
    outer loop
      vertex -0.0149999997 -3.30646968 1.94948852
      vertex 0.0149999997 -3.30646968 1.94948852
      vertex 0.0149999997 -3.30306435 1.95085526
    endloop
  endfacet
  facet normal 0 -0.372499436 0.928032398
    outer loop
      vertex -0.0149999997 -3.30987501 1.94812167
      vertex 0.0149999997 -3.30987501 1.94812167
      vertex 0.0149999997 -3.30646968 1.94948852
    endloop
  endfacet
  facet normal 0 -0.372471482 0.928043664
    outer loop
      vertex -0.0149999997 -3.31328034 1.94675493
      vertex 0.0149999997 -3.31328034 1.94675493
      vertex 0.0149999997 -3.30987501 1.94812167
    endloop
  endfacet
  facet normal 0 -0.363572896 0.931565821
    outer loop
      vertex -0.0149999997 -3.31668544 1.94542599
      vertex 0.0149999997 -3.31668544 1.94542599
      vertex 0.0149999997 -3.31328034 1.94675493
    endloop
  endfacet
  facet normal 0 -0.351374835 0.936234832
    outer loop
      vertex -0.0149999997 -3.32009077 1.94414794
      vertex 0.0149999997 -3.32009077 1.94414794
      vertex 0.0149999997 -3.31668544 1.94542599
    endloop
  endfacet
  facet normal 0 -0.351374835 0.936234832
    outer loop
      vertex -0.0149999997 -3.3234961 1.9428699
      vertex 0.0149999997 -3.3234961 1.9428699
      vertex 0.0149999997 -3.32009077 1.94414794
    endloop
  endfacet
  facet normal 0 -0.351374835 0.936234832
    outer loop
      vertex -0.0149999997 -3.32690144 1.94159186
      vertex 0.0149999997 -3.32690144 1.94159186
      vertex 0.0149999997 -3.3234961 1.9428699
    endloop
  endfacet
  facet normal 0 -0.351346165 0.93624568
    outer loop
      vertex -0.0149999997 -3.33030677 1.94031394
      vertex 0.0149999997 -3.33030677 1.94031394
      vertex 0.0149999997 -3.32690144 1.94159186
    endloop
  endfacet
  facet normal 0 -0.351396412 0.936226726
    outer loop
      vertex -0.0149999997 -3.33371186 1.93903589
      vertex 0.0149999997 -3.33371186 1.93903589
      vertex 0.0149999997 -3.33030677 1.94031394
    endloop
  endfacet
  facet normal 0 -0.351374835 0.936234832
    outer loop
      vertex -0.0149999997 -3.3371172 1.93775785
      vertex 0.0149999997 -3.3371172 1.93775785
      vertex 0.0149999997 -3.33371186 1.93903589
    endloop
  endfacet
  facet normal 0 -0.351346165 0.93624568
    outer loop
      vertex -0.0149999997 -3.34052253 1.93647993
      vertex 0.0149999997 -3.34052253 1.93647993
      vertex 0.0149999997 -3.3371172 1.93775785
    endloop
  endfacet
  facet normal 0 -0.370482296 0.928839505
    outer loop
      vertex -0.0149999997 -3.34392786 1.93512166
      vertex 0.0149999997 -3.34392786 1.93512166
      vertex 0.0149999997 -3.34052253 1.93647993
    endloop
  endfacet
  facet normal 0 -0.419205308 0.907891512
    outer loop
      vertex -0.0149999997 -3.34733295 1.9335494
      vertex 0.0149999997 -3.34733295 1.9335494
      vertex 0.0149999997 -3.34392786 1.93512166
    endloop
  endfacet
  facet normal 0 -0.419154912 0.907914758
    outer loop
      vertex -0.0149999997 -3.35073829 1.93197727
      vertex 0.0149999997 -3.35073829 1.93197727
      vertex 0.0149999997 -3.34733295 1.9335494
    endloop
  endfacet
  facet normal 0 -0.419154912 0.907914758
    outer loop
      vertex -0.0149999997 -3.35414362 1.93040514
      vertex 0.0149999997 -3.35414362 1.93040514
      vertex 0.0149999997 -3.35073829 1.93197727
    endloop
  endfacet
  facet normal 0 -0.419154912 0.907914758
    outer loop
      vertex -0.0149999997 -3.35754895 1.92883301
      vertex 0.0149999997 -3.35754895 1.92883301
      vertex 0.0149999997 -3.35414362 1.93040514
    endloop
  endfacet
  facet normal 0 -0.419154912 0.907914758
    outer loop
      vertex -0.0149999997 -3.36095428 1.92726088
      vertex 0.0149999997 -3.36095428 1.92726088
      vertex 0.0149999997 -3.35754895 1.92883301
    endloop
  endfacet
  facet normal 0 -0.419179112 0.907903552
    outer loop
      vertex -0.0149999997 -3.36435938 1.92568874
      vertex 0.0149999997 -3.36435938 1.92568874
      vertex 0.0149999997 -3.36095428 1.92726088
    endloop
  endfacet
  facet normal 0 -0.419154912 0.907914758
    outer loop
      vertex -0.0149999997 -3.36776471 1.92411661
      vertex 0.0149999997 -3.36776471 1.92411661
      vertex 0.0149999997 -3.36435938 1.92568874
    endloop
  endfacet
  facet normal 0 -0.421378076 0.906885087
    outer loop
      vertex -0.0149999997 -3.37117004 1.92253435
      vertex 0.0149999997 -3.37117004 1.92253435
      vertex 0.0149999997 -3.36776471 1.92411661
    endloop
  endfacet
  facet normal 0 -0.453715473 0.89114666
    outer loop
      vertex -0.0149999997 -3.37457538 1.92080057
      vertex 0.0149999997 -3.37457538 1.92080057
      vertex 0.0149999997 -3.37117004 1.92253435
    endloop
  endfacet
  facet normal 0 -0.453690678 0.891159236
    outer loop
      vertex -0.0149999997 -3.37798071 1.91906691
      vertex 0.0149999997 -3.37798071 1.91906691
      vertex 0.0149999997 -3.37457538 1.92080057
    endloop
  endfacet
  facet normal 0 -0.45371592 0.891146421
    outer loop
      vertex -0.0149999997 -3.3813858 1.91733325
      vertex 0.0149999997 -3.3813858 1.91733325
      vertex 0.0149999997 -3.37798071 1.91906691
    endloop
  endfacet
  facet normal 0 -0.453715473 0.89114666
    outer loop
      vertex -0.0149999997 -3.38479114 1.91559947
      vertex 0.0149999997 -3.38479114 1.91559947
      vertex 0.0149999997 -3.3813858 1.91733325
    endloop
  endfacet
  facet normal 0 -0.453690678 0.891159236
    outer loop
      vertex -0.0149999997 -3.38819647 1.9138658
      vertex 0.0149999997 -3.38819647 1.9138658
      vertex 0.0149999997 -3.38479114 1.91559947
    endloop
  endfacet
  facet normal 0 -0.453690678 0.891159236
    outer loop
      vertex -0.0149999997 -3.3916018 1.91213214
      vertex 0.0149999997 -3.3916018 1.91213214
      vertex 0.0149999997 -3.38819647 1.9138658
    endloop
  endfacet
  facet normal 0 -0.45371592 0.891146421
    outer loop
      vertex -0.0149999997 -3.3950069 1.91039848
      vertex 0.0149999997 -3.3950069 1.91039848
      vertex 0.0149999997 -3.3916018 1.91213214
    endloop
  endfacet
  facet normal 0 -0.456039608 0.889959514
    outer loop
      vertex -0.0149999997 -3.39841223 1.9086535
      vertex 0.0149999997 -3.39841223 1.9086535
      vertex 0.0149999997 -3.3950069 1.91039848
    endloop
  endfacet
  facet normal 0 -0.536741674 0.843746603
    outer loop
      vertex -0.0149999997 -3.40181756 1.90648723
      vertex 0.0149999997 -3.40181756 1.90648723
      vertex 0.0149999997 -3.39841223 1.9086535
    endloop
  endfacet
  facet normal 0 -0.536741674 0.843746603
    outer loop
      vertex -0.0149999997 -3.40522289 1.90432096
      vertex 0.0149999997 -3.40522289 1.90432096
      vertex 0.0149999997 -3.40181756 1.90648723
    endloop
  endfacet
  facet normal 0 -0.536741674 0.843746603
    outer loop
      vertex -0.0149999997 -3.40862823 1.90215468
      vertex 0.0149999997 -3.40862823 1.90215468
      vertex 0.0149999997 -3.40522289 1.90432096
    endloop
  endfacet
  facet normal 0 -0.536768496 0.843729615
    outer loop
      vertex -0.0149999997 -3.41203332 1.89998841
      vertex 0.0149999997 -3.41203332 1.89998841
      vertex 0.0149999997 -3.40862823 1.90215468
    endloop
  endfacet
  facet normal 0 -0.536741674 0.843746603
    outer loop
      vertex -0.0149999997 -3.41543865 1.89782214
      vertex 0.0149999997 -3.41543865 1.89782214
      vertex 0.0149999997 -3.41203332 1.89998841
    endloop
  endfacet
  facet normal 0 -0.536741674 0.843746603
    outer loop
      vertex -0.0149999997 -3.41884398 1.89565587
      vertex 0.0149999997 -3.41884398 1.89565587
      vertex 0.0149999997 -3.41543865 1.89782214
    endloop
  endfacet
  facet normal 0 -0.539717495 0.841846168
    outer loop
      vertex -0.0149999997 -3.42224932 1.89347267
      vertex 0.0149999997 -3.42224932 1.89347267
      vertex 0.0149999997 -3.41884398 1.89565587
    endloop
  endfacet
  facet normal 0 -0.550898373 0.834572375
    outer loop
      vertex -0.0149999997 -3.42565441 1.89122498
      vertex 0.0149999997 -3.42565441 1.89122498
      vertex 0.0149999997 -3.42224932 1.89347267
    endloop
  endfacet
  facet normal 0 -0.550891876 0.834576607
    outer loop
      vertex -0.0149999997 -3.42905974 1.88897717
      vertex 0.0149999997 -3.42905974 1.88897717
      vertex 0.0149999997 -3.42565441 1.89122498
    endloop
  endfacet
  facet normal 0 -0.550871551 0.834590137
    outer loop
      vertex -0.0149999997 -3.43246508 1.88672948
      vertex 0.0149999997 -3.43246508 1.88672948
      vertex 0.0149999997 -3.42905974 1.88897717
    endloop
  endfacet
  facet normal 0 -0.550891876 0.834576607
    outer loop
      vertex -0.0149999997 -3.43587041 1.88448167
      vertex 0.0149999997 -3.43587041 1.88448167
      vertex 0.0149999997 -3.43246508 1.88672948
    endloop
  endfacet
  facet normal 0 -0.551644146 0.834079623
    outer loop
      vertex -0.0149999997 -3.43927574 1.88222945
      vertex 0.0149999997 -3.43927574 1.88222945
      vertex 0.0149999997 -3.43587041 1.88448167
    endloop
  endfacet
  facet normal 0 -0.586262822 0.81012094
    outer loop
      vertex -0.0149999997 -3.44268084 1.87976527
      vertex 0.0149999997 -3.44268084 1.87976527
      vertex 0.0149999997 -3.43927574 1.88222945
    endloop
  endfacet
  facet normal 0 -0.586235881 0.810140491
    outer loop
      vertex -0.0149999997 -3.44608617 1.8773011
      vertex 0.0149999997 -3.44608617 1.8773011
      vertex 0.0149999997 -3.44268084 1.87976527
    endloop
  endfacet
  facet normal 0 -0.586235881 0.810140491
    outer loop
      vertex -0.0149999997 -3.4494915 1.87483692
      vertex 0.0149999997 -3.4494915 1.87483692
      vertex 0.0149999997 -3.44608617 1.8773011
    endloop
  endfacet
  facet normal 0 -0.725211263 0.688526511
    outer loop
      vertex -0.0149999997 -3.45289683 1.87125015
      vertex 0.0149999997 -3.45289683 1.87125015
      vertex 0.0149999997 -3.4494915 1.87483692
    endloop
  endfacet
  facet normal 0 -0.876974642 0.480536789
    outer loop
      vertex -0.0149999997 -3.45630193 1.86503589
      vertex 0.0149999997 -3.45630193 1.86503589
      vertex 0.0149999997 -3.45289683 1.87125015
    endloop
  endfacet
  facet normal 0 -0.778015614 0.628244936
    outer loop
      vertex -0.0149999997 -3.45970726 1.86081874
      vertex 0.0149999997 -3.45970726 1.86081874
      vertex 0.0149999997 -3.45630193 1.86503589
    endloop
  endfacet
  facet normal 0 -0.778015614 0.628244936
    outer loop
      vertex -0.0149999997 -3.46311259 1.8566016
      vertex 0.0149999997 -3.46311259 1.8566016
      vertex 0.0149999997 -3.45970726 1.86081874
    endloop
  endfacet
  facet normal 0 -1 0
    outer loop
      vertex -0.0149999997 -3.46311259 1.81802428
      vertex 0.0149999997 -3.46311259 1.81802428
      vertex 0.0149999997 -3.46311259 1.8566016
    endloop
  endfacet
  facet normal -1 0 0
    outer loop
      vertex -0.0149999997 -3.46311259 1.81802428
      vertex -0.0149999997 -3.46311259 1.8566016
      vertex -0.0149999997 -3.45970726 1.86081874
    endloop
  endfacet
  facet normal -1 0 0
    outer loop
      vertex -0.0149999997 -3.45630193 1.86503589
      vertex -0.0149999997 -3.45289683 1.87125015
      vertex -0.0149999997 -3.4494915 1.87483692
    endloop
  endfacet
  facet normal -1 0 0
    outer loop
      vertex -0.0149999997 -3.46311259 1.81802428
      vertex -0.0149999997 -3.45970726 1.86081874
      vertex -0.0149999997 -3.45630193 1.86503589
    endloop
  endfacet
  facet normal -0.99999994 0 0
    outer loop
      vertex -0.0149999997 -3.45970726 1.80918634
      vertex -0.0149999997 -3.46311259 1.81802428
      vertex -0.0149999997 -3.45630193 1.86503589
    endloop
  endfacet
  facet normal -0.99999994 0 0
    outer loop
      vertex -0.0149999997 -3.45630193 1.86503589
      vertex -0.0149999997 -3.4494915 1.87483692
      vertex -0.0149999997 -3.44608617 1.8773011
    endloop
  endfacet
  facet normal -1 0 -0
    outer loop
      vertex -0.0149999997 -3.44268084 1.87976527
      vertex -0.0149999997 -3.43927574 1.88222945
      vertex -0.0149999997 -3.45970726 1.80918634
    endloop
  endfacet
  facet normal -0.99999994 0 -0
    outer loop
      vertex -0.0149999997 -3.43927574 1.88222945
      vertex -0.0149999997 -3.43587041 1.88448167
      vertex -0.0149999997 -3.45970726 1.80918634
    endloop
  endfacet
  facet normal -0.99999994 0 0
    outer loop
      vertex -0.0149999997 -3.45630193 1.86503589
      vertex -0.0149999997 -3.44608617 1.8773011
      vertex -0.0149999997 -3.44268084 1.87976527
    endloop
  endfacet
  facet normal -0.99999994 0 0
    outer loop
      vertex -0.0149999997 -3.45630193 1.80034828
      vertex -0.0149999997 -3.45970726 1.80918634
      vertex -0.0149999997 -3.43246508 1.88672948
    endloop
  endfacet
  facet normal -1 0 0
    outer loop
      vertex -0.0149999997 -3.45970726 1.80918634
      vertex -0.0149999997 -3.45630193 1.86503589
      vertex -0.0149999997 -3.44268084 1.87976527
    endloop
  endfacet
  facet normal -1 0 0
    outer loop
      vertex -0.0149999997 -3.4494915 1.78003359
      vertex -0.0149999997 -3.45289683 1.79019094
      vertex -0.0149999997 -3.41203332 1.89998841
    endloop
  endfacet
  facet normal -1 0 0
    outer loop
      vertex -0.0149999997 -3.45289683 1.79019094
      vertex -0.0149999997 -3.45630193 1.80034828
      vertex -0.0149999997 -3.41884398 1.89565587
    endloop
  endfacet
  facet normal -1 0 0
    outer loop
      vertex -0.0149999997 -3.42565441 1.89122498
      vertex -0.0149999997 -3.45630193 1.80034828
      vertex -0.0149999997 -3.42905974 1.88897717
    endloop
  endfacet
  facet normal -0.99999994 0 0
    outer loop
      vertex -0.0149999997 -3.44268084 1.75971878
      vertex -0.0149999997 -3.44608617 1.76987612
      vertex -0.0149999997 -3.41884398 1.73464477
    endloop
  endfacet
  facet normal -1 0 0
    outer loop
      vertex -0.0149999997 -3.44608617 1.76987612
      vertex -0.0149999997 -3.4494915 1.78003359
      vertex -0.0149999997 -3.41884398 1.73464477
    endloop
  endfacet
  facet normal -0.99999994 0 0
    outer loop
      vertex -0.0149999997 -3.43587041 1.74548125
      vertex -0.0149999997 -3.43927574 1.75050521
      vertex -0.0149999997 -3.41884398 1.73464477
    endloop
  endfacet
  facet normal -1 0 0
    outer loop
      vertex -0.0149999997 -3.43927574 1.75050521
      vertex -0.0149999997 -3.44268084 1.75971878
      vertex -0.0149999997 -3.41884398 1.73464477
    endloop
  endfacet
  facet normal -1 0 0
    outer loop
      vertex -0.0149999997 -3.42905974 1.73796952
      vertex -0.0149999997 -3.43246508 1.7408061
      vertex -0.0149999997 -3.41884398 1.73464477
    endloop
  endfacet
  facet normal -1 0 0
    outer loop
      vertex -0.0149999997 -3.43246508 1.7408061
      vertex -0.0149999997 -3.43587041 1.74548125
      vertex -0.0149999997 -3.41884398 1.73464477
    endloop
  endfacet
  facet normal -1 0 0
    outer loop
      vertex -0.0149999997 -3.42224932 1.73508608
      vertex -0.0149999997 -3.42565441 1.7353853
      vertex -0.0149999997 -3.42905974 1.73796952
    endloop
  endfacet
  facet normal -1 0 0
    outer loop
      vertex -0.0149999997 -3.41203332 1.71558118
      vertex -0.0149999997 -3.41543865 1.72511292
      vertex -0.0149999997 -3.3916018 1.69764531
    endloop
  endfacet
  facet normal -1 0 0
    outer loop
      vertex -0.0149999997 -3.41543865 1.72511292
      vertex -0.0149999997 -3.41884398 1.73464477
      vertex -0.0149999997 -3.3813858 1.69400203
    endloop
  endfacet
  facet normal -1 0 0
    outer loop
      vertex -0.0149999997 -3.41203332 1.71558118
      vertex -0.0149999997 -3.3916018 1.69764531
      vertex -0.0149999997 -3.3950069 1.69885969
    endloop
  endfacet
  facet normal -0.99999994 0 0
    outer loop
      vertex -0.0149999997 -3.41884398 1.73464477
      vertex -0.0149999997 -3.42224932 1.73508608
      vertex -0.0149999997 -3.42905974 1.73796952
    endloop
  endfacet
  facet normal -1 0 0
    outer loop
      vertex -0.0149999997 -3.45630193 1.80034828
      vertex -0.0149999997 -3.42565441 1.89122498
      vertex -0.0149999997 -3.42224932 1.89347267
    endloop
  endfacet
  facet normal -1 0 0
    outer loop
      vertex -0.0149999997 -3.42905974 1.88897717
      vertex -0.0149999997 -3.45630193 1.80034828
      vertex -0.0149999997 -3.43246508 1.88672948
    endloop
  endfacet
  facet normal -1 0 -0
    outer loop
      vertex -0.0149999997 -3.43587041 1.88448167
      vertex -0.0149999997 -3.43246508 1.88672948
      vertex -0.0149999997 -3.45970726 1.80918634
    endloop
  endfacet
  facet normal -1 0 0
    outer loop
      vertex -0.0149999997 -3.41884398 1.73464477
      vertex -0.0149999997 -3.4494915 1.78003359
      vertex -0.0149999997 -3.40522289 1.90432096
    endloop
  endfacet
  facet normal -1 0 0
    outer loop
      vertex -0.0149999997 -3.40522289 1.70250297
      vertex -0.0149999997 -3.40862823 1.70604932
      vertex -0.0149999997 -3.40181756 1.70128858
    endloop
  endfacet
  facet normal -1 0 0
    outer loop
      vertex -0.0149999997 -3.40862823 1.70604932
      vertex -0.0149999997 -3.41203332 1.71558118
      vertex -0.0149999997 -3.40181756 1.70128858
    endloop
  endfacet
  facet normal -1 0 0
    outer loop
      vertex -0.0149999997 -3.40181756 1.70128858
      vertex -0.0149999997 -3.41203332 1.71558118
      vertex -0.0149999997 -3.39841223 1.7000742
    endloop
  endfacet
  facet normal -1 0 0
    outer loop
      vertex -0.0149999997 -3.39841223 1.7000742
      vertex -0.0149999997 -3.41203332 1.71558118
      vertex -0.0149999997 -3.3950069 1.69885969
    endloop
  endfacet
  facet normal -1 0 0
    outer loop
      vertex -0.0149999997 -3.45630193 1.80034828
      vertex -0.0149999997 -3.42224932 1.89347267
      vertex -0.0149999997 -3.41884398 1.89565587
    endloop
  endfacet
  facet normal -1 0 0
    outer loop
      vertex -0.0149999997 -3.45289683 1.79019094
      vertex -0.0149999997 -3.41884398 1.89565587
      vertex -0.0149999997 -3.41543865 1.89782214
    endloop
  endfacet
  facet normal -1 0 0
    outer loop
      vertex -0.0149999997 -3.38819647 1.69643092
      vertex -0.0149999997 -3.41543865 1.72511292
      vertex -0.0149999997 -3.38479114 1.69521654
    endloop
  endfacet
  facet normal -1 0 0
    outer loop
      vertex -0.0149999997 -3.38819647 1.69643092
      vertex -0.0149999997 -3.3916018 1.69764531
      vertex -0.0149999997 -3.41543865 1.72511292
    endloop
  endfacet
  facet normal -1 0 0
    outer loop
      vertex -0.0149999997 -3.4494915 1.78003359
      vertex -0.0149999997 -3.41203332 1.89998841
      vertex -0.0149999997 -3.40862823 1.90215468
    endloop
  endfacet
  facet normal -1 0 0
    outer loop
      vertex -0.0149999997 -3.45289683 1.79019094
      vertex -0.0149999997 -3.41543865 1.89782214
      vertex -0.0149999997 -3.41203332 1.89998841
    endloop
  endfacet
  facet normal -0.99999994 0 -0
    outer loop
      vertex -0.0149999997 -3.40862823 1.90215468
      vertex -0.0149999997 -3.40522289 1.90432096
      vertex -0.0149999997 -3.4494915 1.78003359
    endloop
  endfacet
  facet normal -1 0 0
    outer loop
      vertex -0.0149999997 -3.38479114 1.69521654
      vertex -0.0149999997 -3.41543865 1.72511292
      vertex -0.0149999997 -3.3813858 1.69400203
    endloop
  endfacet
  facet normal -1 0 0
    outer loop
      vertex -0.0149999997 -3.37798071 1.69278765
      vertex -0.0149999997 -3.3813858 1.69400203
      vertex -0.0149999997 -3.41884398 1.73464477
    endloop
  endfacet
  facet normal -1 0 0
    outer loop
      vertex -0.0149999997 -3.37798071 1.69278765
      vertex -0.0149999997 -3.41884398 1.73464477
      vertex -0.0149999997 -3.34392786 1.68887401
    endloop
  endfacet
  facet normal -1 0 0
    outer loop
      vertex -0.0149999997 -3.40181756 1.90648723
      vertex -0.0149999997 -3.39841223 1.9086535
      vertex -0.0149999997 -3.3950069 1.91039848
    endloop
  endfacet
  facet normal -1 0 -0
    outer loop
      vertex -0.0149999997 -3.40522289 1.90432096
      vertex -0.0149999997 -3.40181756 1.90648723
      vertex -0.0149999997 -3.41884398 1.73464477
    endloop
  endfacet
  facet normal -0.99999994 0 0
    outer loop
      vertex -0.0149999997 -3.37798071 1.69278765
      vertex -0.0149999997 -3.34392786 1.68887401
      vertex -0.0149999997 -3.37457538 1.69157326
    endloop
  endfacet
  facet normal -1 0 0
    outer loop
      vertex -0.0149999997 -3.3950069 1.91039848
      vertex -0.0149999997 -3.41884398 1.73464477
      vertex -0.0149999997 -3.40181756 1.90648723
    endloop
  endfacet
  facet normal -1 0 -0
    outer loop
      vertex -0.0149999997 -3.3950069 1.91039848
      vertex -0.0149999997 -3.3916018 1.91213214
      vertex -0.0149999997 -3.41884398 1.73464477
    endloop
  endfacet
  facet normal -1 0 -0
    outer loop
      vertex -0.0149999997 -3.3916018 1.91213214
      vertex -0.0149999997 -3.38819647 1.9138658
      vertex -0.0149999997 -3.41884398 1.73464477
    endloop
  endfacet
  facet normal -1 0 -0
    outer loop
      vertex -0.0149999997 -3.38819647 1.9138658
      vertex -0.0149999997 -3.38479114 1.91559947
      vertex -0.0149999997 -3.41884398 1.73464477
    endloop
  endfacet
  facet normal -1 0 0
    outer loop
      vertex -0.0149999997 -3.37457538 1.69157326
      vertex -0.0149999997 -3.34392786 1.68887401
      vertex -0.0149999997 -3.34733295 1.68843675
    endloop
  endfacet
  facet normal -1 0 0
    outer loop
      vertex -0.0149999997 -3.36435938 1.68792999
      vertex -0.0149999997 -3.36776471 1.68914437
      vertex -0.0149999997 -3.36095428 1.68756223
    endloop
  endfacet
  facet normal -1 0 0
    outer loop
      vertex -0.0149999997 -3.36776471 1.68914437
      vertex -0.0149999997 -3.37117004 1.69035888
      vertex -0.0149999997 -3.35754895 1.68756223
    endloop
  endfacet
  facet normal -1 0 0
    outer loop
      vertex -0.0149999997 -3.36095428 1.68756223
      vertex -0.0149999997 -3.36776471 1.68914437
      vertex -0.0149999997 -3.35754895 1.68756223
    endloop
  endfacet
  facet normal -1 0 0
    outer loop
      vertex -0.0149999997 -3.37117004 1.69035888
      vertex -0.0149999997 -3.37457538 1.69157326
      vertex -0.0149999997 -3.34733295 1.68843675
    endloop
  endfacet
  facet normal -1 0 0
    outer loop
      vertex -0.0149999997 -3.41884398 1.73464477
      vertex -0.0149999997 -3.38479114 1.91559947
      vertex -0.0149999997 -3.3813858 1.91733325
    endloop
  endfacet
  facet normal -0.99999994 0 0
    outer loop
      vertex -0.0149999997 -3.35073829 1.68799949
      vertex -0.0149999997 -3.35414362 1.68756223
      vertex -0.0149999997 -3.35754895 1.68756223
    endloop
  endfacet
  facet normal -1 0 0
    outer loop
      vertex -0.0149999997 -3.41884398 1.73464477
      vertex -0.0149999997 -3.3813858 1.91733325
      vertex -0.0149999997 -3.32009077 1.69193172
    endloop
  endfacet
  facet normal -1 0 0
    outer loop
      vertex -0.0149999997 -3.34392786 1.68887401
      vertex -0.0149999997 -3.41884398 1.73464477
      vertex -0.0149999997 -3.34052253 1.68931127
    endloop
  endfacet
  facet normal -1 0 0
    outer loop
      vertex -0.0149999997 -3.3813858 1.91733325
      vertex -0.0149999997 -3.37798071 1.91906691
      vertex -0.0149999997 -3.32009077 1.69193172
    endloop
  endfacet
  facet normal -1 0 0
    outer loop
      vertex -0.0149999997 -3.37798071 1.91906691
      vertex -0.0149999997 -3.37457538 1.92080057
      vertex -0.0149999997 -3.32009077 1.69193172
    endloop
  endfacet
  facet normal -1 0 0
    outer loop
      vertex -0.0149999997 -3.37457538 1.92080057
      vertex -0.0149999997 -3.37117004 1.92253435
      vertex -0.0149999997 -3.36776471 1.92411661
    endloop
  endfacet
  facet normal -1 0 0
    outer loop
      vertex -0.0149999997 -3.36435938 1.92568874
      vertex -0.0149999997 -3.36095428 1.92726088
      vertex -0.0149999997 -3.30987501 1.6924113
    endloop
  endfacet
  facet normal -0.99999994 0 0
    outer loop
      vertex -0.0149999997 -3.36095428 1.92726088
      vertex -0.0149999997 -3.35754895 1.92883301
      vertex -0.0149999997 -3.30646968 1.69257116
    endloop
  endfacet
  facet normal -0.99999994 0 0
    outer loop
      vertex -0.0149999997 -3.37457538 1.92080057
      vertex -0.0149999997 -3.36776471 1.92411661
      vertex -0.0149999997 -3.31328034 1.69225144
    endloop
  endfacet
  facet normal -1 0 0
    outer loop
      vertex -0.0149999997 -3.36776471 1.92411661
      vertex -0.0149999997 -3.36435938 1.92568874
      vertex -0.0149999997 -3.31328034 1.69225144
    endloop
  endfacet
  facet normal -1 0 0
    outer loop
      vertex -0.0149999997 -3.41884398 1.73464477
      vertex -0.0149999997 -3.33371186 1.69018579
      vertex -0.0149999997 -3.3371172 1.68974853
    endloop
  endfacet
  facet normal -1 0 0
    outer loop
      vertex -0.0149999997 -3.34052253 1.68931127
      vertex -0.0149999997 -3.41884398 1.73464477
      vertex -0.0149999997 -3.3371172 1.68974853
    endloop
  endfacet
  facet normal -0.99999994 0 0
    outer loop
      vertex -0.0149999997 -3.3234961 1.69149745
      vertex -0.0149999997 -3.41884398 1.73464477
      vertex -0.0149999997 -3.32009077 1.69193172
    endloop
  endfacet
  facet normal -0.99999994 -0 0
    outer loop
      vertex -0.0149999997 -3.35073829 1.68799949
      vertex -0.0149999997 -3.35754895 1.68756223
      vertex -0.0149999997 -3.37117004 1.69035888
    endloop
  endfacet
  facet normal -1 -0 0
    outer loop
      vertex -0.0149999997 -3.34733295 1.68843675
      vertex -0.0149999997 -3.35073829 1.68799949
      vertex -0.0149999997 -3.37117004 1.69035888
    endloop
  endfacet
  facet normal -1 0 0
    outer loop
      vertex -0.0149999997 -3.41884398 1.73464477
      vertex -0.0149999997 -3.3234961 1.69149745
      vertex -0.0149999997 -3.32690144 1.6910603
    endloop
  endfacet
  facet normal -1 0 0
    outer loop
      vertex -0.0149999997 -3.33371186 1.69018579
      vertex -0.0149999997 -3.41884398 1.73464477
      vertex -0.0149999997 -3.33030677 1.69062304
    endloop
  endfacet
  facet normal -1 0 0
    outer loop
      vertex -0.0149999997 -3.35754895 1.92883301
      vertex -0.0149999997 -3.35414362 1.93040514
      vertex -0.0149999997 -3.2792275 1.69634032
    endloop
  endfacet
  facet normal -1 0 0
    outer loop
      vertex -0.0149999997 -3.35414362 1.93040514
      vertex -0.0149999997 -3.35073829 1.93197727
      vertex -0.0149999997 -3.26220107 1.70089126
    endloop
  endfacet
  facet normal -1 0 0
    outer loop
      vertex -0.0149999997 -3.33030677 1.69062304
      vertex -0.0149999997 -3.41884398 1.73464477
      vertex -0.0149999997 -3.32690144 1.6910603
    endloop
  endfacet
  facet normal -1 0 0
    outer loop
      vertex -0.0149999997 -3.35073829 1.93197727
      vertex -0.0149999997 -3.34733295 1.9335494
      vertex -0.0149999997 -3.26220107 1.70089126
    endloop
  endfacet
  facet normal -1 0 0
    outer loop
      vertex -0.0149999997 -3.32009077 1.69193172
      vertex -0.0149999997 -3.37457538 1.92080057
      vertex -0.0149999997 -3.31668544 1.69209158
    endloop
  endfacet
  facet normal -1 0 0
    outer loop
      vertex -0.0149999997 -3.34733295 1.9335494
      vertex -0.0149999997 -3.34392786 1.93512166
      vertex -0.0149999997 -3.34052253 1.93647993
    endloop
  endfacet
  facet normal -1 0 0
    outer loop
      vertex -0.0149999997 -3.34733295 1.9335494
      vertex -0.0149999997 -3.34052253 1.93647993
      vertex -0.0149999997 -3.3371172 1.93775785
    endloop
  endfacet
  facet normal -1 0 0
    outer loop
      vertex -0.0149999997 -3.31668544 1.69209158
      vertex -0.0149999997 -3.37457538 1.92080057
      vertex -0.0149999997 -3.31328034 1.69225144
    endloop
  endfacet
  facet normal -1 0 0
    outer loop
      vertex -0.0149999997 -3.34733295 1.9335494
      vertex -0.0149999997 -3.3371172 1.93775785
      vertex -0.0149999997 -3.25879574 1.70199323
    endloop
  endfacet
  facet normal -1 0 0
    outer loop
      vertex -0.0149999997 -3.3371172 1.93775785
      vertex -0.0149999997 -3.33371186 1.93903589
      vertex -0.0149999997 -3.25879574 1.70199323
    endloop
  endfacet
  facet normal -1 0 0
    outer loop
      vertex -0.0149999997 -3.30646968 1.69257116
      vertex -0.0149999997 -3.35754895 1.92883301
      vertex -0.0149999997 -3.30306435 1.69273102
    endloop
  endfacet
  facet normal -1 0 0
    outer loop
      vertex -0.0149999997 -3.33371186 1.93903589
      vertex -0.0149999997 -3.33030677 1.94031394
      vertex -0.0149999997 -3.25539041 1.7030952
    endloop
  endfacet
  facet normal -1 0 0
    outer loop
      vertex -0.0149999997 -3.33030677 1.94031394
      vertex -0.0149999997 -3.32690144 1.94159186
      vertex -0.0149999997 -3.25198531 1.70419717
    endloop
  endfacet
  facet normal -1 0 0
    outer loop
      vertex -0.0149999997 -3.28263283 1.69555569
      vertex -0.0149999997 -3.35754895 1.92883301
      vertex -0.0149999997 -3.2792275 1.69634032
    endloop
  endfacet
  facet normal -1 0 0
    outer loop
      vertex -0.0149999997 -3.35754895 1.92883301
      vertex -0.0149999997 -3.28263283 1.69555569
      vertex -0.0149999997 -3.30306435 1.69273102
    endloop
  endfacet
  facet normal -0.99999994 0 0
    outer loop
      vertex -0.0149999997 -3.31328034 1.69225144
      vertex -0.0149999997 -3.36435938 1.92568874
      vertex -0.0149999997 -3.30987501 1.6924113
    endloop
  endfacet
  facet normal -0.99999994 0 0
    outer loop
      vertex -0.0149999997 -3.32690144 1.94159186
      vertex -0.0149999997 -3.3234961 1.9428699
      vertex -0.0149999997 -3.24857998 1.70529914
    endloop
  endfacet
  facet normal -0.99999994 0 0
    outer loop
      vertex -0.0149999997 -3.3234961 1.9428699
      vertex -0.0149999997 -3.32009077 1.94414794
      vertex -0.0149999997 -3.24517465 1.70640111
    endloop
  endfacet
  facet normal -1 0 0
    outer loop
      vertex -0.0149999997 -3.30987501 1.6924113
      vertex -0.0149999997 -3.36095428 1.92726088
      vertex -0.0149999997 -3.30646968 1.69257116
    endloop
  endfacet
  facet normal -1 0 0
    outer loop
      vertex -0.0149999997 -3.2792275 1.69634032
      vertex -0.0149999997 -3.35414362 1.93040514
      vertex -0.0149999997 -3.27582216 1.69712496
    endloop
  endfacet
  facet normal -1 0 0
    outer loop
      vertex -0.0149999997 -3.32009077 1.94414794
      vertex -0.0149999997 -3.31668544 1.94542599
      vertex -0.0149999997 -3.24176931 1.70750308
    endloop
  endfacet
  facet normal -1 0 0
    outer loop
      vertex -0.0149999997 -3.27582216 1.69712496
      vertex -0.0149999997 -3.35414362 1.93040514
      vertex -0.0149999997 -3.26220107 1.70089126
    endloop
  endfacet
  facet normal -1 0 0
    outer loop
      vertex -0.0149999997 -3.26220107 1.70089126
      vertex -0.0149999997 -3.34733295 1.9335494
      vertex -0.0149999997 -3.25879574 1.70199323
    endloop
  endfacet
  facet normal -1 0 0
    outer loop
      vertex -0.0149999997 -3.31668544 1.94542599
      vertex -0.0149999997 -3.31328034 1.94675493
      vertex -0.0149999997 -3.23836422 1.7085973
    endloop
  endfacet
  facet normal -1 0 0
    outer loop
      vertex -0.0149999997 -3.30987501 1.94812167
      vertex -0.0149999997 -3.30646968 1.94948852
      vertex -0.0149999997 -3.22814822 1.71180212
    endloop
  endfacet
  facet normal -1 0 0
    outer loop
      vertex -0.0149999997 -3.30646968 1.94948852
      vertex -0.0149999997 -3.30306435 1.95085526
      vertex -0.0149999997 -3.22474289 1.71287036
    endloop
  endfacet
  facet normal -0.99999994 0 0
    outer loop
      vertex -0.0149999997 -3.24517465 1.70640111
      vertex -0.0149999997 -3.32009077 1.94414794
      vertex -0.0149999997 -3.24176931 1.70750308
    endloop
  endfacet
  facet normal -1 0 0
    outer loop
      vertex -0.0149999997 -3.31328034 1.94675493
      vertex -0.0149999997 -3.30987501 1.94812167
      vertex -0.0149999997 -3.23155355 1.71073389
    endloop
  endfacet
  facet normal -0.99999994 0 0
    outer loop
      vertex -0.0149999997 -3.25879574 1.70199323
      vertex -0.0149999997 -3.33371186 1.93903589
      vertex -0.0149999997 -3.25539041 1.7030952
    endloop
  endfacet
  facet normal -1 -0 0
    outer loop
      vertex -0.0149999997 -3.29965925 1.69289088
      vertex -0.0149999997 -3.30306435 1.69273102
      vertex -0.0149999997 -3.28263283 1.69555569
    endloop
  endfacet
  facet normal -1 0 0
    outer loop
      vertex -0.0149999997 -3.33030677 1.94031394
      vertex -0.0149999997 -3.25198531 1.70419717
      vertex -0.0149999997 -3.25539041 1.7030952
    endloop
  endfacet
  facet normal -1 0 0
    outer loop
      vertex -0.0149999997 -3.25198531 1.70419717
      vertex -0.0149999997 -3.32690144 1.94159186
      vertex -0.0149999997 -3.24857998 1.70529914
    endloop
  endfacet
  facet normal -0.99999994 0 0
    outer loop
      vertex -0.0149999997 -3.29965925 1.95222199
      vertex -0.0149999997 -3.29625392 1.95358884
      vertex -0.0149999997 -3.21793246 1.71500695
    endloop
  endfacet
  facet normal -1 0 0
    outer loop
      vertex -0.0149999997 -3.29625392 1.95358884
      vertex -0.0149999997 -3.29284859 1.95495558
      vertex -0.0149999997 -3.21452713 1.7160753
    endloop
  endfacet
  facet normal -1 0 0
    outer loop
      vertex -0.0149999997 -3.30306435 1.95085526
      vertex -0.0149999997 -3.29965925 1.95222199
      vertex -0.0149999997 -3.2213378 1.71393871
    endloop
  endfacet
  facet normal -1 0 0
    outer loop
      vertex -0.0149999997 -3.3234961 1.9428699
      vertex -0.0149999997 -3.24517465 1.70640111
      vertex -0.0149999997 -3.24857998 1.70529914
    endloop
  endfacet
  facet normal -1 0 0
    outer loop
      vertex -0.0149999997 -3.28944325 1.6939863
      vertex -0.0149999997 -3.29284859 1.6932106
      vertex -0.0149999997 -3.29625392 1.69305074
    endloop
  endfacet
  facet normal -1 -0 0
    outer loop
      vertex -0.0149999997 -3.29625392 1.69305074
      vertex -0.0149999997 -3.29965925 1.69289088
      vertex -0.0149999997 -3.28603792 1.69477093
    endloop
  endfacet
  facet normal -1 0 0
    outer loop
      vertex -0.0149999997 -3.31668544 1.94542599
      vertex -0.0149999997 -3.23836422 1.7085973
      vertex -0.0149999997 -3.24176931 1.70750308
    endloop
  endfacet
  facet normal -1 0 0
    outer loop
      vertex -0.0149999997 -3.29284859 1.95495558
      vertex -0.0149999997 -3.28944325 1.95632231
      vertex -0.0149999997 -3.2111218 1.71714354
    endloop
  endfacet
  facet normal -1 0 0
    outer loop
      vertex -0.0149999997 -3.23836422 1.7085973
      vertex -0.0149999997 -3.31328034 1.94675493
      vertex -0.0149999997 -3.23495889 1.70966554
    endloop
  endfacet
  facet normal -1 0 0
    outer loop
      vertex -0.0149999997 -3.28603792 1.95798302
      vertex -0.0149999997 -3.28263283 1.95984697
      vertex -0.0149999997 -3.17706895 1.73088384
    endloop
  endfacet
  facet normal -1 0 0
    outer loop
      vertex -0.0149999997 -3.28263283 1.95984697
      vertex -0.0149999997 -3.2792275 1.96171081
      vertex -0.0149999997 -3.17366385 1.73235559
    endloop
  endfacet
  facet normal -0.99999994 0 0
    outer loop
      vertex -0.0149999997 -3.22814822 1.71180212
      vertex -0.0149999997 -3.30646968 1.94948852
      vertex -0.0149999997 -3.22474289 1.71287036
    endloop
  endfacet
  facet normal -1 0 0
    outer loop
      vertex -0.0149999997 -3.2792275 1.96171081
      vertex -0.0149999997 -3.27582216 1.96357477
      vertex -0.0149999997 -3.17025852 1.73382735
    endloop
  endfacet
  facet normal -1 0 0
    outer loop
      vertex -0.0149999997 -3.28944325 1.95632231
      vertex -0.0149999997 -3.28603792 1.95798302
      vertex -0.0149999997 -3.18728495 1.72646856
    endloop
  endfacet
  facet normal -1 0 0
    outer loop
      vertex -0.0149999997 -3.28603792 1.69477093
      vertex -0.0149999997 -3.28944325 1.6939863
      vertex -0.0149999997 -3.29625392 1.69305074
    endloop
  endfacet
  facet normal -1 0 0
    outer loop
      vertex -0.0149999997 -3.28263283 1.69555569
      vertex -0.0149999997 -3.28603792 1.69477093
      vertex -0.0149999997 -3.29965925 1.69289088
    endloop
  endfacet
  facet normal -1 0 0
    outer loop
      vertex -0.0149999997 -3.30987501 1.94812167
      vertex -0.0149999997 -3.22814822 1.71180212
      vertex -0.0149999997 -3.23155355 1.71073389
    endloop
  endfacet
  facet normal -1 0 0
    outer loop
      vertex -0.0149999997 -3.23495889 1.70966554
      vertex -0.0149999997 -3.31328034 1.94675493
      vertex -0.0149999997 -3.23155355 1.71073389
    endloop
  endfacet
  facet normal -1 0 0
    outer loop
      vertex -0.0149999997 -3.27241683 1.96543872
      vertex -0.0149999997 -3.26901174 1.96730268
      vertex -0.0149999997 -3.17025852 1.73382735
    endloop
  endfacet
  facet normal -1 0 0
    outer loop
      vertex -0.0149999997 -3.26901174 1.96730268
      vertex -0.0149999997 -3.2656064 1.96916664
      vertex -0.0149999997 -3.16685319 1.73509407
    endloop
  endfacet
  facet normal -1 0 0
    outer loop
      vertex -0.0149999997 -3.2111218 1.71714354
      vertex -0.0149999997 -3.28944325 1.95632231
      vertex -0.0149999997 -3.2077167 1.71821189
    endloop
  endfacet
  facet normal -1 0 0
    outer loop
      vertex -0.0149999997 -3.27582216 1.96357477
      vertex -0.0149999997 -3.27241683 1.96543872
      vertex -0.0149999997 -3.17025852 1.73382735
    endloop
  endfacet
  facet normal -1 -0 0
    outer loop
      vertex -0.0149999997 -3.26901174 1.69869435
      vertex -0.0149999997 -3.27241683 1.69790959
      vertex -0.0149999997 -3.2656064 1.69978929
    endloop
  endfacet
  facet normal -1 -0 0
    outer loop
      vertex -0.0149999997 -3.27241683 1.69790959
      vertex -0.0149999997 -3.27582216 1.69712496
      vertex -0.0149999997 -3.2656064 1.69978929
    endloop
  endfacet
  facet normal -1 0 0
    outer loop
      vertex -0.0149999997 -3.2656064 1.96916664
      vertex -0.0149999997 -3.26220107 1.97102726
      vertex -0.0149999997 -3.16344786 1.73631418
    endloop
  endfacet
  facet normal -1 0 0
    outer loop
      vertex -0.0149999997 -3.26220107 1.97102726
      vertex -0.0149999997 -3.25879574 1.9728837
      vertex -0.0149999997 -3.16004276 1.73753428
    endloop
  endfacet
  facet normal -1 0 0
    outer loop
      vertex -0.0149999997 -3.25539041 1.97474015
      vertex -0.0149999997 -3.25198531 1.97659659
      vertex -0.0149999997 -3.1532321 1.7399745
    endloop
  endfacet
  facet normal -1 0 0
    outer loop
      vertex -0.0149999997 -3.25198531 1.97659659
      vertex -0.0149999997 -3.24857998 1.97845292
      vertex -0.0149999997 -3.14982677 1.74119461
    endloop
  endfacet
  facet normal -1 0 0
    outer loop
      vertex -0.0149999997 -3.28263283 1.95984697
      vertex -0.0149999997 -3.17366385 1.73235559
      vertex -0.0149999997 -3.17706895 1.73088384
    endloop
  endfacet
  facet normal -1 0 0
    outer loop
      vertex -0.0149999997 -3.28944325 1.95632231
      vertex -0.0149999997 -3.18728495 1.72646856
      vertex -0.0149999997 -3.19069028 1.72499669
    endloop
  endfacet
  facet normal -1 0 0
    outer loop
      vertex -0.0149999997 -3.25879574 1.9728837
      vertex -0.0149999997 -3.25539041 1.97474015
      vertex -0.0149999997 -3.15663743 1.73875439
    endloop
  endfacet
  facet normal -0.99999994 0 0
    outer loop
      vertex -0.0149999997 -3.29625392 1.95358884
      vertex -0.0149999997 -3.21452713 1.7160753
      vertex -0.0149999997 -3.21793246 1.71500695
    endloop
  endfacet
  facet normal -1 0 0
    outer loop
      vertex -0.0149999997 -3.26220107 1.70089126
      vertex -0.0149999997 -3.2656064 1.69978929
      vertex -0.0149999997 -3.27582216 1.69712496
    endloop
  endfacet
  facet normal -1 0 0
    outer loop
      vertex -0.0149999997 -3.28944325 1.95632231
      vertex -0.0149999997 -3.19069028 1.72499669
      vertex -0.0149999997 -3.19409537 1.72352493
    endloop
  endfacet
  facet normal -1 0 0
    outer loop
      vertex -0.0149999997 -3.28944325 1.95632231
      vertex -0.0149999997 -3.19750071 1.72205317
      vertex -0.0149999997 -3.2077167 1.71821189
    endloop
  endfacet
  facet normal -1 0 0
    outer loop
      vertex -0.0149999997 -3.24857998 1.97845292
      vertex -0.0149999997 -3.24517465 1.98030937
      vertex -0.0149999997 -3.14642143 1.74241483
    endloop
  endfacet
  facet normal -1 0 0
    outer loop
      vertex -0.0149999997 -3.18047428 1.72941208
      vertex -0.0149999997 -3.28603792 1.95798302
      vertex -0.0149999997 -3.17706895 1.73088384
    endloop
  endfacet
  facet normal -1 0 0
    outer loop
      vertex -0.0149999997 -3.24517465 1.98030937
      vertex -0.0149999997 -3.24176931 1.98216581
      vertex -0.0149999997 -3.14301634 1.74363494
    endloop
  endfacet
  facet normal -1 0 0
    outer loop
      vertex -0.0149999997 -3.24176931 1.98216581
      vertex -0.0149999997 -3.23836422 1.98401797
      vertex -0.0149999997 -3.13961101 1.74485505
    endloop
  endfacet
  facet normal -1 0 0
    outer loop
      vertex -0.0149999997 -3.16685319 1.73509407
      vertex -0.0149999997 -3.2656064 1.96916664
      vertex -0.0149999997 -3.16344786 1.73631418
    endloop
  endfacet
  facet normal -1 0 0
    outer loop
      vertex -0.0149999997 -3.23836422 1.98401797
      vertex -0.0149999997 -3.23495889 1.98586762
      vertex -0.0149999997 -3.13620567 1.74607515
    endloop
  endfacet
  facet normal -1 0 0
    outer loop
      vertex -0.0149999997 -3.19750071 1.72205317
      vertex -0.0149999997 -3.28944325 1.95632231
      vertex -0.0149999997 -3.19409537 1.72352493
    endloop
  endfacet
  facet normal -1 0 0
    outer loop
      vertex -0.0149999997 -3.28603792 1.95798302
      vertex -0.0149999997 -3.18047428 1.72941208
      vertex -0.0149999997 -3.18387961 1.72794032
    endloop
  endfacet
  facet normal -1 0 0
    outer loop
      vertex -0.0149999997 -3.28603792 1.95798302
      vertex -0.0149999997 -3.18387961 1.72794032
      vertex -0.0149999997 -3.18728495 1.72646856
    endloop
  endfacet
  facet normal -1 0 0
    outer loop
      vertex -0.0149999997 -3.22474289 1.71287036
      vertex -0.0149999997 -3.30306435 1.95085526
      vertex -0.0149999997 -3.2213378 1.71393871
    endloop
  endfacet
  facet normal -1 0 0
    outer loop
      vertex -0.0149999997 -3.17366385 1.73235559
      vertex -0.0149999997 -3.2792275 1.96171081
      vertex -0.0149999997 -3.17025852 1.73382735
    endloop
  endfacet
  facet normal -1 0 0
    outer loop
      vertex -0.0149999997 -3.23495889 1.98586762
      vertex -0.0149999997 -3.23155355 1.98771727
      vertex -0.0149999997 -3.13280034 1.74728048
    endloop
  endfacet
  facet normal -1 0 0
    outer loop
      vertex -0.0149999997 -3.23155355 1.98771727
      vertex -0.0149999997 -3.22814822 1.98956692
      vertex -0.0149999997 -3.13280034 1.74728048
    endloop
  endfacet
  facet normal -1 0 0
    outer loop
      vertex -0.0149999997 -3.22814822 1.98956692
      vertex -0.0149999997 -3.22474289 1.99141657
      vertex -0.0149999997 -3.13280034 1.74728048
    endloop
  endfacet
  facet normal -0.99999994 0 0
    outer loop
      vertex -0.0149999997 -3.2213378 1.71393871
      vertex -0.0149999997 -3.29965925 1.95222199
      vertex -0.0149999997 -3.21793246 1.71500695
    endloop
  endfacet
  facet normal -1 0 0
    outer loop
      vertex -0.0149999997 -3.17025852 1.73382735
      vertex -0.0149999997 -3.26901174 1.96730268
      vertex -0.0149999997 -3.16685319 1.73509407
    endloop
  endfacet
  facet normal -1 0 0
    outer loop
      vertex -0.0149999997 -3.22474289 1.99141657
      vertex -0.0149999997 -3.2213378 1.99326634
      vertex -0.0149999997 -3.13280034 1.74728048
    endloop
  endfacet
  facet normal -1 0 0
    outer loop
      vertex -0.0149999997 -3.2213378 1.99326634
      vertex -0.0149999997 -3.21793246 1.99516177
      vertex -0.0149999997 -3.13280034 1.74728048
    endloop
  endfacet
  facet normal -1 0 0
    outer loop
      vertex -0.0149999997 -3.21452713 1.7160753
      vertex -0.0149999997 -3.29284859 1.95495558
      vertex -0.0149999997 -3.2111218 1.71714354
    endloop
  endfacet
  facet normal -1 0 0
    outer loop
      vertex -0.0149999997 -3.21793246 1.99516177
      vertex -0.0149999997 -3.21452713 1.99706423
      vertex -0.0149999997 -3.12939525 1.74802756
    endloop
  endfacet
  facet normal -1 0 0
    outer loop
      vertex -0.0149999997 -3.2111218 1.99896681
      vertex -0.0149999997 -3.2077167 2.00086927
      vertex -0.0149999997 -3.11917925 1.75026894
    endloop
  endfacet
  facet normal -1 0 0
    outer loop
      vertex -0.0149999997 -3.2077167 2.00086927
      vertex -0.0149999997 -3.20431137 2.00277185
      vertex -0.0149999997 -3.11577392 1.75101602
    endloop
  endfacet
  facet normal -1 0 0
    outer loop
      vertex -0.0149999997 -3.16344786 1.73631418
      vertex -0.0149999997 -3.26220107 1.97102726
      vertex -0.0149999997 -3.16004276 1.73753428
    endloop
  endfacet
  facet normal -1 0 0
    outer loop
      vertex -0.0149999997 -3.21452713 1.99706423
      vertex -0.0149999997 -3.2111218 1.99896681
      vertex -0.0149999997 -3.12258458 1.74952173
    endloop
  endfacet
  facet normal -1 0 0
    outer loop
      vertex -0.0149999997 -3.20090604 1.72058141
      vertex -0.0149999997 -3.20431137 1.71928012
      vertex -0.0149999997 -3.2077167 1.71821189
    endloop
  endfacet
  facet normal -1 0 0
    outer loop
      vertex -0.0149999997 -3.19750071 1.72205317
      vertex -0.0149999997 -3.20090604 1.72058141
      vertex -0.0149999997 -3.2077167 1.71821189
    endloop
  endfacet
  facet normal -0.99999994 0 0
    outer loop
      vertex -0.0149999997 -3.15663743 1.73875439
      vertex -0.0149999997 -3.25539041 1.97474015
      vertex -0.0149999997 -3.1532321 1.7399745
    endloop
  endfacet
  facet normal -1 0 0
    outer loop
      vertex -0.0149999997 -3.16004276 1.73753428
      vertex -0.0149999997 -3.25879574 1.9728837
      vertex -0.0149999997 -3.15663743 1.73875439
    endloop
  endfacet
  facet normal -1 0 0
    outer loop
      vertex -0.0149999997 -3.24176931 1.98216581
      vertex -0.0149999997 -3.13961101 1.74485505
      vertex -0.0149999997 -3.14301634 1.74363494
    endloop
  endfacet
  facet normal -1 0 0
    outer loop
      vertex -0.0149999997 -3.14642143 1.74241483
      vertex -0.0149999997 -3.24517465 1.98030937
      vertex -0.0149999997 -3.14301634 1.74363494
    endloop
  endfacet
  facet normal -1 0 0
    outer loop
      vertex -0.0149999997 -3.25198531 1.97659659
      vertex -0.0149999997 -3.14982677 1.74119461
      vertex -0.0149999997 -3.1532321 1.7399745
    endloop
  endfacet
  facet normal -1 0 0
    outer loop
      vertex -0.0149999997 -3.20431137 2.00277185
      vertex -0.0149999997 -3.20090604 2.00468278
      vertex -0.0149999997 -3.11236882 1.75176311
    endloop
  endfacet
  facet normal -1 0 0
    outer loop
      vertex -0.0149999997 -3.19750071 2.00660157
      vertex -0.0149999997 -3.19409537 2.0085206
      vertex -0.0149999997 -3.10555816 1.75325739
    endloop
  endfacet
  facet normal -1 0 0
    outer loop
      vertex -0.0149999997 -3.19409537 2.0085206
      vertex -0.0149999997 -3.19069028 2.0104394
      vertex -0.0149999997 -3.10215282 1.75400448
    endloop
  endfacet
  facet normal -1 0 0
    outer loop
      vertex -0.0149999997 -3.12598991 1.74877465
      vertex -0.0149999997 -3.21452713 1.99706423
      vertex -0.0149999997 -3.12258458 1.74952173
    endloop
  endfacet
  facet normal -1 0 0
    outer loop
      vertex -0.0149999997 -3.20090604 2.00468278
      vertex -0.0149999997 -3.19750071 2.00660157
      vertex -0.0149999997 -3.10896349 1.75251031
    endloop
  endfacet
  facet normal -1 0 0
    outer loop
      vertex -0.0149999997 -3.14982677 1.74119461
      vertex -0.0149999997 -3.24857998 1.97845292
      vertex -0.0149999997 -3.14642143 1.74241483
    endloop
  endfacet
  facet normal -1 0 0
    outer loop
      vertex -0.0149999997 -3.13961101 1.74485505
      vertex -0.0149999997 -3.23836422 1.98401797
      vertex -0.0149999997 -3.13620567 1.74607515
    endloop
  endfacet
  facet normal -1 0 0
    outer loop
      vertex -0.0149999997 -3.21452713 1.99706423
      vertex -0.0149999997 -3.12598991 1.74877465
      vertex -0.0149999997 -3.12939525 1.74802756
    endloop
  endfacet
  facet normal -1 0 0
    outer loop
      vertex -0.0149999997 -3.19069028 2.0104394
      vertex -0.0149999997 -3.18728495 2.01235843
      vertex -0.0149999997 -3.09874773 1.75475156
    endloop
  endfacet
  facet normal -1 0 0
    outer loop
      vertex -0.0149999997 -3.18728495 2.01235843
      vertex -0.0149999997 -3.18387961 2.01426792
      vertex -0.0149999997 -3.09193707 1.75624585
    endloop
  endfacet
  facet normal -1 0 0
    outer loop
      vertex -0.0149999997 -3.2111218 1.99896681
      vertex -0.0149999997 -3.11917925 1.75026894
      vertex -0.0149999997 -3.12258458 1.74952173
    endloop
  endfacet
  facet normal -1 0 0
    outer loop
      vertex -0.0149999997 -3.18387961 2.01426792
      vertex -0.0149999997 -3.18047428 2.01607227
      vertex -0.0149999997 -3.09193707 1.75624585
    endloop
  endfacet
  facet normal -1 0 0
    outer loop
      vertex -0.0149999997 -3.13620567 1.74607515
      vertex -0.0149999997 -3.23495889 1.98586762
      vertex -0.0149999997 -3.13280034 1.74728048
    endloop
  endfacet
  facet normal -1 0 0
    outer loop
      vertex -0.0149999997 -3.11917925 1.75026894
      vertex -0.0149999997 -3.2077167 2.00086927
      vertex -0.0149999997 -3.11577392 1.75101602
    endloop
  endfacet
  facet normal -1 0 0
    outer loop
      vertex -0.0149999997 -3.18047428 2.01607227
      vertex -0.0149999997 -3.17706895 2.01787663
      vertex -0.0149999997 -3.08853173 1.75699282
    endloop
  endfacet
  facet normal -1 0 0
    outer loop
      vertex -0.0149999997 -3.17706895 2.01787663
      vertex -0.0149999997 -3.17366385 2.01968122
      vertex -0.0149999997 -3.0851264 1.75772393
    endloop
  endfacet
  facet normal -1 0 0
    outer loop
      vertex -0.0149999997 -3.17366385 2.01968122
      vertex -0.0149999997 -3.17025852 2.02148557
      vertex -0.0149999997 -3.08172131 1.75845504
    endloop
  endfacet
  facet normal -1 0 0
    outer loop
      vertex -0.0149999997 -3.20431137 2.00277185
      vertex -0.0149999997 -3.11236882 1.75176311
      vertex -0.0149999997 -3.11577392 1.75101602
    endloop
  endfacet
  facet normal -1 0 0
    outer loop
      vertex -0.0149999997 -3.17025852 2.02148557
      vertex -0.0149999997 -3.16685319 2.02328992
      vertex -0.0149999997 -3.07831597 1.75918615
    endloop
  endfacet
  facet normal -1 0 0
    outer loop
      vertex -0.0149999997 -3.16685319 2.02328992
      vertex -0.0149999997 -3.16344786 2.02509284
      vertex -0.0149999997 -3.07491064 1.75991726
    endloop
  endfacet
  facet normal -1 0 0
    outer loop
      vertex -0.0149999997 -3.16344786 2.02509284
      vertex -0.0149999997 -3.16004276 2.02688861
      vertex -0.0149999997 -3.07150531 1.76064837
    endloop
  endfacet
  facet normal -1 0 0
    outer loop
      vertex -0.0149999997 -3.16004276 2.02688861
      vertex -0.0149999997 -3.15663743 2.02868414
      vertex -0.0149999997 -3.06810021 1.76137948
    endloop
  endfacet
  facet normal -0.99999994 0 0
    outer loop
      vertex -0.0149999997 -3.19750071 2.00660157
      vertex -0.0149999997 -3.10555816 1.75325739
      vertex -0.0149999997 -3.10896349 1.75251031
    endloop
  endfacet
  facet normal -0.99999994 0 0
    outer loop
      vertex -0.0149999997 -3.20090604 2.00468278
      vertex -0.0149999997 -3.10896349 1.75251031
      vertex -0.0149999997 -3.11236882 1.75176311
    endloop
  endfacet
  facet normal -1 0 0
    outer loop
      vertex -0.0149999997 -3.15663743 2.02868414
      vertex -0.0149999997 -3.1532321 2.03047991
      vertex -0.0149999997 -3.06469488 1.76211059
    endloop
  endfacet
  facet normal -0.99999994 0 0
    outer loop
      vertex -0.0149999997 -3.13280034 1.74728048
      vertex -0.0149999997 -3.21793246 1.99516177
      vertex -0.0149999997 -3.12939525 1.74802756
    endloop
  endfacet
  facet normal -1 0 0
    outer loop
      vertex -0.0149999997 -3.1532321 2.03047991
      vertex -0.0149999997 -3.14982677 2.03227568
      vertex -0.0149999997 -3.06128955 1.7628417
    endloop
  endfacet
  facet normal -0.99999994 0 0
    outer loop
      vertex -0.0149999997 -3.10555816 1.75325739
      vertex -0.0149999997 -3.19409537 2.0085206
      vertex -0.0149999997 -3.10215282 1.75400448
    endloop
  endfacet
  facet normal -1 0 0
    outer loop
      vertex -0.0149999997 -3.14982677 2.03227568
      vertex -0.0149999997 -3.14642143 2.03407145
      vertex -0.0149999997 -3.05788422 1.76357281
    endloop
  endfacet
  facet normal -0.99999994 0 0
    outer loop
      vertex -0.0149999997 -3.10215282 1.75400448
      vertex -0.0149999997 -3.19069028 2.0104394
      vertex -0.0149999997 -3.09874773 1.75475156
    endloop
  endfacet
  facet normal -1 0 0
    outer loop
      vertex -0.0149999997 -3.14642143 2.03407145
      vertex -0.0149999997 -3.14301634 2.03586721
      vertex -0.0149999997 -3.05447888 1.76430392
    endloop
  endfacet
  facet normal -1 0 0
    outer loop
      vertex -0.0149999997 -3.09874773 1.75475156
      vertex -0.0149999997 -3.18728495 2.01235843
      vertex -0.0149999997 -3.0953424 1.75549877
    endloop
  endfacet
  facet normal -1 0 0
    outer loop
      vertex -0.0149999997 -3.14301634 2.03586721
      vertex -0.0149999997 -3.13961101 2.03772163
      vertex -0.0149999997 -3.04766846 1.76576614
    endloop
  endfacet
  facet normal -1 0 0
    outer loop
      vertex -0.0149999997 -3.0953424 1.75549877
      vertex -0.0149999997 -3.18728495 2.01235843
      vertex -0.0149999997 -3.09193707 1.75624585
    endloop
  endfacet
  facet normal -1 0 0
    outer loop
      vertex -0.0149999997 -3.13961101 2.03772163
      vertex -0.0149999997 -3.13620567 2.03966427
      vertex -0.0149999997 -3.0374527 1.76810253
    endloop
  endfacet
  facet normal -1 0 0
    outer loop
      vertex -0.0149999997 -3.09193707 1.75624585
      vertex -0.0149999997 -3.18047428 2.01607227
      vertex -0.0149999997 -3.08853173 1.75699282
    endloop
  endfacet
  facet normal -1 0 0
    outer loop
      vertex -0.0149999997 -3.13280034 2.0416069
      vertex -0.0149999997 -3.12939525 2.04354954
      vertex -0.0149999997 -3.03064203 1.76971447
    endloop
  endfacet
  facet normal -1 0 0
    outer loop
      vertex -0.0149999997 -3.12939525 2.04354954
      vertex -0.0149999997 -3.12598991 2.04549217
      vertex -0.0149999997 -3.0272367 1.77052033
    endloop
  endfacet
  facet normal -1 0 0
    outer loop
      vertex -0.0149999997 -3.07491064 1.75991726
      vertex -0.0149999997 -3.16344786 2.02509284
      vertex -0.0149999997 -3.07150531 1.76064837
    endloop
  endfacet
  facet normal -1 0 0
    outer loop
      vertex -0.0149999997 -3.13620567 2.03966427
      vertex -0.0149999997 -3.13280034 2.0416069
      vertex -0.0149999997 -3.03404737 1.7689085
    endloop
  endfacet
  facet normal -1 0 0
    outer loop
      vertex -0.0149999997 -3.08853173 1.75699282
      vertex -0.0149999997 -3.17706895 2.01787663
      vertex -0.0149999997 -3.0851264 1.75772393
    endloop
  endfacet
  facet normal -0.99999994 0 0
    outer loop
      vertex -0.0149999997 -3.12598991 2.04549217
      vertex -0.0149999997 -3.12258458 2.04743481
      vertex -0.0149999997 -3.02383137 1.7713263
    endloop
  endfacet
  facet normal -1 0 0
    outer loop
      vertex -0.0149999997 -3.16685319 2.02328992
      vertex -0.0149999997 -3.07491064 1.75991726
      vertex -0.0149999997 -3.07831597 1.75918615
    endloop
  endfacet
  facet normal -1 0 0
    outer loop
      vertex -0.0149999997 -3.11917925 2.04937744
      vertex -0.0149999997 -3.11577392 2.05132008
      vertex -0.0149999997 -3.01361561 1.77374411
    endloop
  endfacet
  facet normal -1 0 0
    outer loop
      vertex -0.0149999997 -3.11577392 2.05132008
      vertex -0.0149999997 -3.11236882 2.05319071
      vertex -0.0149999997 -3.01361561 1.77374411
    endloop
  endfacet
  facet normal -1 0 0
    outer loop
      vertex -0.0149999997 -3.13961101 2.03772163
      vertex -0.0149999997 -3.04426312 1.76649725
      vertex -0.0149999997 -3.04766846 1.76576614
    endloop
  endfacet
  facet normal -1 0 0
    outer loop
      vertex -0.0149999997 -3.12258458 2.04743481
      vertex -0.0149999997 -3.11917925 2.04937744
      vertex -0.0149999997 -3.02042627 1.77213228
    endloop
  endfacet
  facet normal -1 0 0
    outer loop
      vertex -0.0149999997 -3.17366385 2.01968122
      vertex -0.0149999997 -3.08172131 1.75845504
      vertex -0.0149999997 -3.0851264 1.75772393
    endloop
  endfacet
  facet normal -1 0 0
    outer loop
      vertex -0.0149999997 -3.04426312 1.76649725
      vertex -0.0149999997 -3.13961101 2.03772163
      vertex -0.0149999997 -3.04085779 1.76729655
    endloop
  endfacet
  facet normal -1 0 0
    outer loop
      vertex -0.0149999997 -3.07150531 1.76064837
      vertex -0.0149999997 -3.16004276 2.02688861
      vertex -0.0149999997 -3.06810021 1.76137948
    endloop
  endfacet
  facet normal -1 0 0
    outer loop
      vertex -0.0149999997 -3.11236882 2.05319071
      vertex -0.0149999997 -3.10896349 2.0549655
      vertex -0.0149999997 -3.01361561 1.77374411
    endloop
  endfacet
  facet normal -1 0 0
    outer loop
      vertex -0.0149999997 -3.08172131 1.75845504
      vertex -0.0149999997 -3.17025852 2.02148557
      vertex -0.0149999997 -3.07831597 1.75918615
    endloop
  endfacet
  facet normal -1 0 0
    outer loop
      vertex -0.0149999997 -3.06810021 1.76137948
      vertex -0.0149999997 -3.15663743 2.02868414
      vertex -0.0149999997 -3.06469488 1.76211059
    endloop
  endfacet
  facet normal -1 0 0
    outer loop
      vertex -0.0149999997 -3.10555816 2.05674028
      vertex -0.0149999997 -3.10215282 2.05851507
      vertex -0.0149999997 -3.00680494 1.77535594
    endloop
  endfacet
  facet normal -1 0 0
    outer loop
      vertex -0.0149999997 -3.10215282 2.05851507
      vertex -0.0149999997 -3.09874773 2.06028962
      vertex -0.0149999997 -3.00680494 1.77535594
    endloop
  endfacet
  facet normal -1 0 0
    outer loop
      vertex -0.0149999997 -3.10896349 2.0549655
      vertex -0.0149999997 -3.10555816 2.05674028
      vertex -0.0149999997 -3.01021028 1.77455008
    endloop
  endfacet
  facet normal -1 0 0
    outer loop
      vertex -0.0149999997 -3.06469488 1.76211059
      vertex -0.0149999997 -3.1532321 2.03047991
      vertex -0.0149999997 -3.06128955 1.7628417
    endloop
  endfacet
  facet normal -1 0 0
    outer loop
      vertex -0.0149999997 -3.14642143 2.03407145
      vertex -0.0149999997 -3.05447888 1.76430392
      vertex -0.0149999997 -3.05788422 1.76357281
    endloop
  endfacet
  facet normal -1 0 0
    outer loop
      vertex -0.0149999997 -3.14982677 2.03227568
      vertex -0.0149999997 -3.05788422 1.76357281
      vertex -0.0149999997 -3.06128955 1.7628417
    endloop
  endfacet
  facet normal -1 0 0
    outer loop
      vertex -0.0149999997 -3.09874773 2.06028962
      vertex -0.0149999997 -3.0953424 2.06206441
      vertex -0.0149999997 -3.00680494 1.77535594
    endloop
  endfacet
  facet normal -1 0 0
    outer loop
      vertex -0.0149999997 -3.05447888 1.76430392
      vertex -0.0149999997 -3.14301634 2.03586721
      vertex -0.0149999997 -3.05107379 1.76503503
    endloop
  endfacet
  facet normal -1 0 0
    outer loop
      vertex -0.0149999997 -3.05107379 1.76503503
      vertex -0.0149999997 -3.14301634 2.03586721
      vertex -0.0149999997 -3.04766846 1.76576614
    endloop
  endfacet
  facet normal -1 0 0
    outer loop
      vertex -0.0149999997 -3.0953424 2.06206441
      vertex -0.0149999997 -3.09193707 2.0638392
      vertex -0.0149999997 -3.00680494 1.77535594
    endloop
  endfacet
  facet normal -1 0 0
    outer loop
      vertex -0.0149999997 -3.08853173 2.06561399
      vertex -0.0149999997 -3.0851264 2.06738877
      vertex -0.0149999997 -3.00680494 1.77535594
    endloop
  endfacet
  facet normal -1 0 0
    outer loop
      vertex -0.0149999997 -3.0851264 2.06738877
      vertex -0.0149999997 -3.08172131 2.06916332
      vertex -0.0149999997 -3.00339985 1.77572954
    endloop
  endfacet
  facet normal -1 0 0
    outer loop
      vertex -0.0149999997 -3.09193707 2.0638392
      vertex -0.0149999997 -3.08853173 2.06561399
      vertex -0.0149999997 -3.00680494 1.77535594
    endloop
  endfacet
  facet normal -1 0 0
    outer loop
      vertex -0.0149999997 -3.04085779 1.76729655
      vertex -0.0149999997 -3.13961101 2.03772163
      vertex -0.0149999997 -3.0374527 1.76810253
    endloop
  endfacet
  facet normal -1 0 0
    outer loop
      vertex -0.0149999997 -3.13620567 2.03966427
      vertex -0.0149999997 -3.03404737 1.7689085
      vertex -0.0149999997 -3.0374527 1.76810253
    endloop
  endfacet
  facet normal -1 0 0
    outer loop
      vertex -0.0149999997 -3.13280034 2.0416069
      vertex -0.0149999997 -3.03064203 1.76971447
      vertex -0.0149999997 -3.03404737 1.7689085
    endloop
  endfacet
  facet normal -1 0 0
    outer loop
      vertex -0.0149999997 -3.03064203 1.76971447
      vertex -0.0149999997 -3.12939525 2.04354954
      vertex -0.0149999997 -3.0272367 1.77052033
    endloop
  endfacet
  facet normal -1 0 0
    outer loop
      vertex -0.0149999997 -3.08172131 2.06916332
      vertex -0.0149999997 -3.07831597 2.07093811
      vertex -0.0149999997 -2.99999452 1.77607167
    endloop
  endfacet
  facet normal -1 0 0
    outer loop
      vertex -0.0149999997 -3.0272367 1.77052033
      vertex -0.0149999997 -3.12598991 2.04549217
      vertex -0.0149999997 -3.02383137 1.7713263
    endloop
  endfacet
  facet normal -1 0 0
    outer loop
      vertex -0.0149999997 -3.07831597 2.07093811
      vertex -0.0149999997 -3.07491064 2.07274556
      vertex -0.0149999997 -2.99318385 1.77675569
    endloop
  endfacet
  facet normal -1 0 0
    outer loop
      vertex -0.0149999997 -3.12258458 2.04743481
      vertex -0.0149999997 -3.02042627 1.77213228
      vertex -0.0149999997 -3.02383137 1.7713263
    endloop
  endfacet
  facet normal -1 0 0
    outer loop
      vertex -0.0149999997 -3.07150531 2.07460976
      vertex -0.0149999997 -3.06810021 2.07647395
      vertex -0.0149999997 -2.98637342 1.77743983
    endloop
  endfacet
  facet normal -1 0 0
    outer loop
      vertex -0.0149999997 -3.06810021 2.07647395
      vertex -0.0149999997 -3.06469488 2.07833815
      vertex -0.0149999997 -2.98296809 1.77778184
    endloop
  endfacet
  facet normal -1 0 0
    outer loop
      vertex -0.0149999997 -3.07491064 2.07274556
      vertex -0.0149999997 -3.07150531 2.07460976
      vertex -0.0149999997 -2.98977876 1.7770977
    endloop
  endfacet
  facet normal -1 0 0
    outer loop
      vertex -0.0149999997 -3.02042627 1.77213228
      vertex -0.0149999997 -3.11917925 2.04937744
      vertex -0.0149999997 -3.01702094 1.77293813
    endloop
  endfacet
  facet normal -1 0 0
    outer loop
      vertex -0.0149999997 -3.06469488 2.07833815
      vertex -0.0149999997 -3.06128955 2.08020234
      vertex -0.0149999997 -2.97615743 1.77846599
    endloop
  endfacet
  facet normal -1 0 0
    outer loop
      vertex -0.0149999997 -3.01361561 1.77374411
      vertex -0.0149999997 -3.10896349 2.0549655
      vertex -0.0149999997 -3.01021028 1.77455008
    endloop
  endfacet
  facet normal -1 0 0
    outer loop
      vertex -0.0149999997 -3.06128955 2.08020234
      vertex -0.0149999997 -3.05788422 2.08206654
      vertex -0.0149999997 -2.97275233 1.778808
    endloop
  endfacet
  facet normal -1 0 0
    outer loop
      vertex -0.0149999997 -3.01702094 1.77293813
      vertex -0.0149999997 -3.11917925 2.04937744
      vertex -0.0149999997 -3.01361561 1.77374411
    endloop
  endfacet
  facet normal -1 0 0
    outer loop
      vertex -0.0149999997 -3.05788422 2.08206654
      vertex -0.0149999997 -3.05447888 2.08393073
      vertex -0.0149999997 -2.97275233 1.778808
    endloop
  endfacet
  facet normal -1 0 0
    outer loop
      vertex -0.0149999997 -3.01021028 1.77455008
      vertex -0.0149999997 -3.10555816 2.05674028
      vertex -0.0149999997 -3.00680494 1.77535594
    endloop
  endfacet
  facet normal -1 0 0
    outer loop
      vertex -0.0149999997 -3.05447888 2.08393073
      vertex -0.0149999997 -3.05107379 2.08579493
      vertex -0.0149999997 -2.97275233 1.778808
    endloop
  endfacet
  facet normal -1 0 0
    outer loop
      vertex -0.0149999997 -3.05107379 2.08579493
      vertex -0.0149999997 -3.04766846 2.08765912
      vertex -0.0149999997 -2.969347 1.77898943
    endloop
  endfacet
  facet normal -1 0 0
    outer loop
      vertex -0.0149999997 -3.04766846 2.08765912
      vertex -0.0149999997 -3.04426312 2.08952332
      vertex -0.0149999997 -2.969347 1.77898943
    endloop
  endfacet
  facet normal -1 0 0
    outer loop
      vertex -0.0149999997 -3.04426312 2.08952332
      vertex -0.0149999997 -3.04085779 2.09138751
      vertex -0.0149999997 -2.969347 1.77898943
    endloop
  endfacet
  facet normal -1 0 0
    outer loop
      vertex -0.0149999997 -3.00680494 1.77535594
      vertex -0.0149999997 -3.0851264 2.06738877
      vertex -0.0149999997 -3.00339985 1.77572954
    endloop
  endfacet
  facet normal -1 0 0
    outer loop
      vertex -0.0149999997 -3.04085779 2.09138751
      vertex -0.0149999997 -3.0374527 2.09325171
      vertex -0.0149999997 -2.96594167 1.77901709
    endloop
  endfacet
  facet normal -1 0 0
    outer loop
      vertex -0.0149999997 -3.0374527 2.09325171
      vertex -0.0149999997 -3.03404737 2.0951159
      vertex -0.0149999997 -2.96253633 1.77904475
    endloop
  endfacet
  facet normal -0.99999994 0 0
    outer loop
      vertex -0.0149999997 -3.00339985 1.77572954
      vertex -0.0149999997 -3.08172131 2.06916332
      vertex -0.0149999997 -2.99999452 1.77607167
    endloop
  endfacet
  facet normal -1 0 0
    outer loop
      vertex -0.0149999997 -3.03404737 2.0951159
      vertex -0.0149999997 -3.03064203 2.09698009
      vertex -0.0149999997 -2.95913124 1.7790724
    endloop
  endfacet
  facet normal -1 0 0
    outer loop
      vertex -0.0149999997 -3.03064203 2.09698009
      vertex -0.0149999997 -3.0272367 2.09884429
      vertex -0.0149999997 -2.95572591 1.77910006
    endloop
  endfacet
  facet normal -1 0 0
    outer loop
      vertex -0.0149999997 -2.99999452 1.77607167
      vertex -0.0149999997 -3.07831597 2.07093811
      vertex -0.0149999997 -2.99658918 1.77641368
    endloop
  endfacet
  facet normal -1 0 0
    outer loop
      vertex -0.0149999997 -3.02383137 2.10097885
      vertex -0.0149999997 -3.02042627 2.10319686
      vertex -0.0149999997 -2.93529415 1.77926588
    endloop
  endfacet
  facet normal -1 0 0
    outer loop
      vertex -0.0149999997 -3.02042627 2.10319686
      vertex -0.0149999997 -3.01702094 2.10541487
      vertex -0.0149999997 -2.93188882 1.77926588
    endloop
  endfacet
  facet normal -1 0 0
    outer loop
      vertex -0.0149999997 -2.99658918 1.77641368
      vertex -0.0149999997 -3.07831597 2.07093811
      vertex -0.0149999997 -2.99318385 1.77675569
    endloop
  endfacet
  facet normal -1 0 0
    outer loop
      vertex -0.0149999997 -3.0272367 2.09884429
      vertex -0.0149999997 -3.02383137 2.10097885
      vertex -0.0149999997 -2.93869948 1.77923822
    endloop
  endfacet
  facet normal -1 0 0
    outer loop
      vertex -0.0149999997 -2.99318385 1.77675569
      vertex -0.0149999997 -3.07491064 2.07274556
      vertex -0.0149999997 -2.98977876 1.7770977
    endloop
  endfacet
  facet normal -1 0 0
    outer loop
      vertex -0.0149999997 -3.01702094 2.10541487
      vertex -0.0149999997 -3.01361561 2.10763311
      vertex -0.0149999997 -2.92848372 1.77926588
    endloop
  endfacet
  facet normal -1 0 0
    outer loop
      vertex -0.0149999997 -3.01361561 2.10763311
      vertex -0.0149999997 -3.01021028 2.10985112
      vertex -0.0149999997 -2.92848372 1.77926588
    endloop
  endfacet
  facet normal -1 0 0
    outer loop
      vertex -0.0149999997 -2.98637342 1.77743983
      vertex -0.0149999997 -3.06810021 2.07647395
      vertex -0.0149999997 -2.98296809 1.77778184
    endloop
  endfacet
  facet normal -1 0 0
    outer loop
      vertex -0.0149999997 -2.97275233 1.778808
      vertex -0.0149999997 -3.05107379 2.08579493
      vertex -0.0149999997 -2.969347 1.77898943
    endloop
  endfacet
  facet normal -1 0 0
    outer loop
      vertex -0.0149999997 -3.06469488 2.07833815
      vertex -0.0149999997 -2.97956276 1.77812386
      vertex -0.0149999997 -2.98296809 1.77778184
    endloop
  endfacet
  facet normal -1 0 0
    outer loop
      vertex -0.0149999997 -3.00680494 2.11206913
      vertex -0.0149999997 -3.00339985 2.11428738
      vertex -0.0149999997 -2.92507839 1.77911222
    endloop
  endfacet
  facet normal -1 0 0
    outer loop
      vertex -0.0149999997 -3.00339985 2.11428738
      vertex -0.0149999997 -2.99999452 2.11650538
      vertex -0.0149999997 -2.92167306 1.77892518
    endloop
  endfacet
  facet normal -1 0 0
    outer loop
      vertex -0.0149999997 -2.97956276 1.77812386
      vertex -0.0149999997 -3.06469488 2.07833815
      vertex -0.0149999997 -2.97615743 1.77846599
    endloop
  endfacet
  facet normal -1 0 0
    outer loop
      vertex -0.0149999997 -3.01021028 2.10985112
      vertex -0.0149999997 -3.00680494 2.11206913
      vertex -0.0149999997 -2.92848372 1.77926588
    endloop
  endfacet
  facet normal -1 0 0
    outer loop
      vertex -0.0149999997 -3.06128955 2.08020234
      vertex -0.0149999997 -2.97275233 1.778808
      vertex -0.0149999997 -2.97615743 1.77846599
    endloop
  endfacet
  facet normal -1 0 0
    outer loop
      vertex -0.0149999997 -2.98977876 1.7770977
      vertex -0.0149999997 -3.07150531 2.07460976
      vertex -0.0149999997 -2.98637342 1.77743983
    endloop
  endfacet
  facet normal -1 0 0
    outer loop
      vertex -0.0149999997 -2.969347 1.77898943
      vertex -0.0149999997 -3.04085779 2.09138751
      vertex -0.0149999997 -2.96594167 1.77901709
    endloop
  endfacet
  facet normal -1 0 0
    outer loop
      vertex -0.0149999997 -2.99999452 2.11650538
      vertex -0.0149999997 -2.99658918 2.11872339
      vertex -0.0149999997 -2.91826773 1.77873814
    endloop
  endfacet
  facet normal -1 0 0
    outer loop
      vertex -0.0149999997 -2.99658918 2.11872339
      vertex -0.0149999997 -2.99318385 2.12094164
      vertex -0.0149999997 -2.9114573 1.77836406
    endloop
  endfacet
  facet normal -1 0 0
    outer loop
      vertex -0.0149999997 -2.99318385 2.12094164
      vertex -0.0149999997 -2.98977876 2.12315965
      vertex -0.0149999997 -2.90805197 1.7781769
    endloop
  endfacet
  facet normal -1 0 0
    outer loop
      vertex -0.0149999997 -3.0374527 2.09325171
      vertex -0.0149999997 -2.96253633 1.77904475
      vertex -0.0149999997 -2.96594167 1.77901709
    endloop
  endfacet
  facet normal -1 0 0
    outer loop
      vertex -0.0149999997 -2.98637342 2.12537766
      vertex -0.0149999997 -2.98296809 2.1275959
      vertex -0.0149999997 -2.9012413 1.77780282
    endloop
  endfacet
  facet normal -1 0 0
    outer loop
      vertex -0.0149999997 -2.98296809 2.1275959
      vertex -0.0149999997 -2.97956276 2.12981391
      vertex -0.0149999997 -2.89783621 1.77761579
    endloop
  endfacet
  facet normal -0.99999994 0 0
    outer loop
      vertex -0.0149999997 -2.95913124 1.7790724
      vertex -0.0149999997 -3.03064203 2.09698009
      vertex -0.0149999997 -2.95572591 1.77910006
    endloop
  endfacet
  facet normal -1 0 0
    outer loop
      vertex -0.0149999997 -2.98977876 2.12315965
      vertex -0.0149999997 -2.98637342 2.12537766
      vertex -0.0149999997 -2.90464664 1.77798986
    endloop
  endfacet
  facet normal -1 0 0
    outer loop
      vertex -0.0149999997 -2.96253633 1.77904475
      vertex -0.0149999997 -3.03404737 2.0951159
      vertex -0.0149999997 -2.95913124 1.7790724
    endloop
  endfacet
  facet normal -1 0 0
    outer loop
      vertex -0.0149999997 -2.97956276 2.12981391
      vertex -0.0149999997 -2.97615743 2.13203192
      vertex -0.0149999997 -2.89443088 1.77742875
    endloop
  endfacet
  facet normal -1 0 0
    outer loop
      vertex -0.0149999997 -2.95572591 1.77910006
      vertex -0.0149999997 -3.0272367 2.09884429
      vertex -0.0149999997 -2.95232058 1.77912772
    endloop
  endfacet
  facet normal -1 0 0
    outer loop
      vertex -0.0149999997 -2.95232058 1.77912772
      vertex -0.0149999997 -3.0272367 2.09884429
      vertex -0.0149999997 -2.94891524 1.77915525
    endloop
  endfacet
  facet normal -1 0 0
    outer loop
      vertex -0.0149999997 -2.97615743 2.13203192
      vertex -0.0149999997 -2.97275233 2.13425398
      vertex -0.0149999997 -2.88762021 1.77705467
    endloop
  endfacet
  facet normal -1 0 0
    outer loop
      vertex -0.0149999997 -2.94891524 1.77915525
      vertex -0.0149999997 -3.0272367 2.09884429
      vertex -0.0149999997 -2.94550991 1.77918291
    endloop
  endfacet
  facet normal -1 0 0
    outer loop
      vertex -0.0149999997 -2.969347 2.13685155
      vertex -0.0149999997 -2.96594167 2.13944936
      vertex -0.0149999997 -2.86718869 1.77593231
    endloop
  endfacet
  facet normal -1 0 0
    outer loop
      vertex -0.0149999997 -2.96594167 2.13944936
      vertex -0.0149999997 -2.96253633 2.14204693
      vertex -0.0149999997 -2.86378336 1.77574515
    endloop
  endfacet
  facet normal -1 0 0
    outer loop
      vertex -0.0149999997 -2.92848372 1.77926588
      vertex -0.0149999997 -3.00680494 2.11206913
      vertex -0.0149999997 -2.92507839 1.77911222
    endloop
  endfacet
  facet normal -1 0 0
    outer loop
      vertex -0.0149999997 -2.94550991 1.77918291
      vertex -0.0149999997 -3.0272367 2.09884429
      vertex -0.0149999997 -2.94210482 1.77921057
    endloop
  endfacet
  facet normal -1 0 0
    outer loop
      vertex -0.0149999997 -2.97275233 2.13425398
      vertex -0.0149999997 -2.969347 2.13685155
      vertex -0.0149999997 -2.87059379 1.77611935
    endloop
  endfacet
  facet normal -1 0 0
    outer loop
      vertex -0.0149999997 -2.94210482 1.77921057
      vertex -0.0149999997 -3.0272367 2.09884429
      vertex -0.0149999997 -2.93869948 1.77923822
    endloop
  endfacet
  facet normal -1 0 0
    outer loop
      vertex -0.0149999997 -2.96253633 2.14204693
      vertex -0.0149999997 -2.95913124 2.14464474
      vertex -0.0149999997 -2.86037803 1.77555811
    endloop
  endfacet
  facet normal -1 0 0
    outer loop
      vertex -0.0149999997 -2.95913124 2.14464474
      vertex -0.0149999997 -2.95572591 2.14724255
      vertex -0.0149999997 -2.86037803 1.77555811
    endloop
  endfacet
  facet normal -1 0 0
    outer loop
      vertex -0.0149999997 -2.93869948 1.77923822
      vertex -0.0149999997 -3.02383137 2.10097885
      vertex -0.0149999997 -2.93529415 1.77926588
    endloop
  endfacet
  facet normal -1 0 0
    outer loop
      vertex -0.0149999997 -2.93529415 1.77926588
      vertex -0.0149999997 -3.02042627 2.10319686
      vertex -0.0149999997 -2.93188882 1.77926588
    endloop
  endfacet
  facet normal -1 0 0
    outer loop
      vertex -0.0149999997 -2.93188882 1.77926588
      vertex -0.0149999997 -3.01702094 2.10541487
      vertex -0.0149999997 -2.92848372 1.77926588
    endloop
  endfacet
  facet normal -1 0 0
    outer loop
      vertex -0.0149999997 -2.92507839 1.77911222
      vertex -0.0149999997 -3.00339985 2.11428738
      vertex -0.0149999997 -2.92167306 1.77892518
    endloop
  endfacet
  facet normal -1 0 0
    outer loop
      vertex -0.0149999997 -2.95572591 2.14724255
      vertex -0.0149999997 -2.95232058 2.14984012
      vertex -0.0149999997 -2.85697269 1.77528369
    endloop
  endfacet
  facet normal -1 0 0
    outer loop
      vertex -0.0149999997 -2.95232058 2.14984012
      vertex -0.0149999997 -2.94891524 2.15243793
      vertex -0.0149999997 -2.85697269 1.77528369
    endloop
  endfacet
  facet normal -1 0 0
    outer loop
      vertex -0.0149999997 -2.94891524 2.15243793
      vertex -0.0149999997 -2.94550991 2.1550355
      vertex -0.0149999997 -2.85697269 1.77528369
    endloop
  endfacet
  facet normal -1 0 0
    outer loop
      vertex -0.0149999997 -2.94550991 2.1550355
      vertex -0.0149999997 -2.94210482 2.1576333
      vertex -0.0149999997 -2.85697269 1.77528369
    endloop
  endfacet
  facet normal -0.99999994 0 0
    outer loop
      vertex -0.0149999997 -2.94210482 2.1576333
      vertex -0.0149999997 -2.93869948 2.16023111
      vertex -0.0149999997 -2.85697269 1.77528369
    endloop
  endfacet
  facet normal -1 0 0
    outer loop
      vertex -0.0149999997 -2.99318385 2.12094164
      vertex -0.0149999997 -2.90805197 1.7781769
      vertex -0.0149999997 -2.9114573 1.77836406
    endloop
  endfacet
  facet normal -1 0 0
    outer loop
      vertex -0.0149999997 -2.93529415 2.16282868
      vertex -0.0149999997 -2.93188882 2.16542649
      vertex -0.0149999997 -2.85697269 1.77528369
    endloop
  endfacet
  facet normal -1 0 0
    outer loop
      vertex -0.0149999997 -2.93188882 2.16542649
      vertex -0.0149999997 -2.92848372 2.16802406
      vertex -0.0149999997 -2.85697269 1.77528369
    endloop
  endfacet
  facet normal -1 0 0
    outer loop
      vertex -0.0149999997 -2.90464664 1.77798986
      vertex -0.0149999997 -2.98637342 2.12537766
      vertex -0.0149999997 -2.9012413 1.77780282
    endloop
  endfacet
  facet normal -1 0 0
    outer loop
      vertex -0.0149999997 -2.93869948 2.16023111
      vertex -0.0149999997 -2.93529415 2.16282868
      vertex -0.0149999997 -2.85697269 1.77528369
    endloop
  endfacet
  facet normal -1 0 0
    outer loop
      vertex -0.0149999997 -2.99658918 2.11872339
      vertex -0.0149999997 -2.9114573 1.77836406
      vertex -0.0149999997 -2.91486239 1.7785511
    endloop
  endfacet
  facet normal -1 0 0
    outer loop
      vertex -0.0149999997 -2.92167306 1.77892518
      vertex -0.0149999997 -2.99999452 2.11650538
      vertex -0.0149999997 -2.91826773 1.77873814
    endloop
  endfacet
  facet normal -1 0 0
    outer loop
      vertex -0.0149999997 -2.90805197 1.7781769
      vertex -0.0149999997 -2.98977876 2.12315965
      vertex -0.0149999997 -2.90464664 1.77798986
    endloop
  endfacet
  facet normal -1 0 0
    outer loop
      vertex -0.0149999997 -2.91826773 1.77873814
      vertex -0.0149999997 -2.99658918 2.11872339
      vertex -0.0149999997 -2.91486239 1.7785511
    endloop
  endfacet
  facet normal -1 0 0
    outer loop
      vertex -0.0149999997 -2.92848372 2.16802406
      vertex -0.0149999997 -2.92507839 2.17104506
      vertex -0.0149999997 -2.85697269 1.77528369
    endloop
  endfacet
  facet normal -1 0 0
    outer loop
      vertex -0.0149999997 -2.9012413 1.77780282
      vertex -0.0149999997 -2.98296809 2.1275959
      vertex -0.0149999997 -2.89783621 1.77761579
    endloop
  endfacet
  facet normal -1 0 0
    outer loop
      vertex -0.0149999997 -2.92507839 2.17104506
      vertex -0.0149999997 -2.92167306 2.1742177
      vertex -0.0149999997 -2.85697269 1.77528369
    endloop
  endfacet
  facet normal -1 0 0
    outer loop
      vertex -0.0149999997 -2.89783621 1.77761579
      vertex -0.0149999997 -2.97956276 2.12981391
      vertex -0.0149999997 -2.89443088 1.77742875
    endloop
  endfacet
  facet normal -1 0 0
    outer loop
      vertex -0.0149999997 -2.89443088 1.77742875
      vertex -0.0149999997 -2.97615743 2.13203192
      vertex -0.0149999997 -2.89102554 1.77724171
    endloop
  endfacet
  facet normal -1 0 0
    outer loop
      vertex -0.0149999997 -2.92167306 2.1742177
      vertex -0.0149999997 -2.91826773 2.17739034
      vertex -0.0149999997 -2.85697269 1.77528369
    endloop
  endfacet
  facet normal -1 0 0
    outer loop
      vertex -0.0149999997 -2.89102554 1.77724171
      vertex -0.0149999997 -2.97615743 2.13203192
      vertex -0.0149999997 -2.88762021 1.77705467
    endloop
  endfacet
  facet normal -1 0 0
    outer loop
      vertex -0.0149999997 -2.88762021 1.77705467
      vertex -0.0149999997 -2.97275233 2.13425398
      vertex -0.0149999997 -2.88421488 1.77686751
    endloop
  endfacet
  facet normal -1 0 0
    outer loop
      vertex -0.0149999997 -2.91826773 2.17739034
      vertex -0.0149999997 -2.91486239 2.18056297
      vertex -0.0149999997 -2.85356736 1.77388895
    endloop
  endfacet
  facet normal -1 0 0
    outer loop
      vertex -0.0149999997 -2.88421488 1.77686751
      vertex -0.0149999997 -2.97275233 2.13425398
      vertex -0.0149999997 -2.88080978 1.77668047
    endloop
  endfacet
  facet normal -1 0 0
    outer loop
      vertex -0.0149999997 -2.91486239 2.18056297
      vertex -0.0149999997 -2.9114573 2.18373561
      vertex -0.0149999997 -2.85016227 1.7724942
    endloop
  endfacet
  facet normal -1 0 0
    outer loop
      vertex -0.0149999997 -2.9114573 2.18373561
      vertex -0.0149999997 -2.90805197 2.18690825
      vertex -0.0149999997 -2.87399912 2.21249437
    endloop
  endfacet
  facet normal -1 0 0
    outer loop
      vertex -0.0149999997 -2.87399912 1.77630639
      vertex -0.0149999997 -2.97275233 2.13425398
      vertex -0.0149999997 -2.87059379 1.77611935
    endloop
  endfacet
  facet normal -1 0 0
    outer loop
      vertex -0.0149999997 -2.90464664 2.19008088
      vertex -0.0149999997 -2.9012413 2.19325352
      vertex -0.0149999997 -2.88421488 2.20606232
    endloop
  endfacet
  facet normal -0.99999994 0 0
    outer loop
      vertex -0.0149999997 -2.9012413 2.19325352
      vertex -0.0149999997 -2.89783621 2.19642591
      vertex -0.0149999997 -2.88762021 2.20391822
    endloop
  endfacet
  facet normal -1 0 -0
    outer loop
      vertex -0.0149999997 -2.90464664 2.19008088
      vertex -0.0149999997 -2.88080978 2.20820618
      vertex -0.0149999997 -2.90805197 2.18690825
    endloop
  endfacet
  facet normal -1 0 0
    outer loop
      vertex -0.0149999997 -2.97275233 2.13425398
      vertex -0.0149999997 -2.87399912 1.77630639
      vertex -0.0149999997 -2.87740445 1.77649343
    endloop
  endfacet
  facet normal -1 0 0
    outer loop
      vertex -0.0149999997 -2.88080978 1.77668047
      vertex -0.0149999997 -2.97275233 2.13425398
      vertex -0.0149999997 -2.87740445 1.77649343
    endloop
  endfacet
  facet normal -1 0 0
    outer loop
      vertex -0.0149999997 -2.88080978 2.20820618
      vertex -0.0149999997 -2.90464664 2.19008088
      vertex -0.0149999997 -2.88421488 2.20606232
    endloop
  endfacet
  facet normal -1 0 0
    outer loop
      vertex -0.0149999997 -2.89783621 2.19642591
      vertex -0.0149999997 -2.89443088 2.19959855
      vertex -0.0149999997 -2.89102554 2.20177436
    endloop
  endfacet
  facet normal -1 0 -0
    outer loop
      vertex -0.0149999997 -2.88762021 2.20391822
      vertex -0.0149999997 -2.88421488 2.20606232
      vertex -0.0149999997 -2.9012413 2.19325352
    endloop
  endfacet
  facet normal -1 0 0
    outer loop
      vertex -0.0149999997 -2.89783621 2.19642591
      vertex -0.0149999997 -2.89102554 2.20177436
      vertex -0.0149999997 -2.88762021 2.20391822
    endloop
  endfacet
  facet normal -0.99999994 0 0
    outer loop
      vertex -0.0149999997 -2.87059379 1.77611935
      vertex -0.0149999997 -2.969347 2.13685155
      vertex -0.0149999997 -2.86718869 1.77593231
    endloop
  endfacet
  facet normal -1 0 0
    outer loop
      vertex -0.0149999997 -2.86718869 1.77593231
      vertex -0.0149999997 -2.96594167 2.13944936
      vertex -0.0149999997 -2.86378336 1.77574515
    endloop
  endfacet
  facet normal -1 0 -0
    outer loop
      vertex -0.0149999997 -2.87740445 2.21035028
      vertex -0.0149999997 -2.87399912 2.21249437
      vertex -0.0149999997 -2.90805197 2.18690825
    endloop
  endfacet
  facet normal -1 0 0
    outer loop
      vertex -0.0149999997 -2.87399912 2.21249437
      vertex -0.0149999997 -2.87059379 2.21463823
      vertex -0.0149999997 -2.84675694 1.77109933
    endloop
  endfacet
  facet normal -0.99999994 0 0
    outer loop
      vertex -0.0149999997 -2.86378336 1.77574515
      vertex -0.0149999997 -2.96253633 2.14204693
      vertex -0.0149999997 -2.86037803 1.77555811
    endloop
  endfacet
  facet normal -1 0 -0
    outer loop
      vertex -0.0149999997 -2.88080978 2.20820618
      vertex -0.0149999997 -2.87740445 2.21035028
      vertex -0.0149999997 -2.90805197 2.18690825
    endloop
  endfacet
  facet normal -0.99999994 0 0
    outer loop
      vertex -0.0149999997 -2.87059379 2.21463823
      vertex -0.0149999997 -2.86718869 2.21678233
      vertex -0.0149999997 -2.8433516 1.76970458
    endloop
  endfacet
  facet normal -1 0 0
    outer loop
      vertex -0.0149999997 -2.9114573 2.18373561
      vertex -0.0149999997 -2.87399912 2.21249437
      vertex -0.0149999997 -2.84675694 1.77109933
    endloop
  endfacet
  facet normal -1 0 0
    outer loop
      vertex -0.0149999997 -2.86718869 2.21678233
      vertex -0.0149999997 -2.86378336 2.21900773
      vertex -0.0149999997 -2.83654094 1.76691496
    endloop
  endfacet
  facet normal -1 0 0
    outer loop
      vertex -0.0149999997 -2.86037803 1.77555811
      vertex -0.0149999997 -2.95572591 2.14724255
      vertex -0.0149999997 -2.85697269 1.77528369
    endloop
  endfacet
  facet normal -1 0 0
    outer loop
      vertex -0.0149999997 -2.86378336 2.21900773
      vertex -0.0149999997 -2.86037803 2.22143698
      vertex -0.0149999997 -2.82291985 1.76133585
    endloop
  endfacet
  facet normal -0.99999994 0 0
    outer loop
      vertex -0.0149999997 -2.85697269 2.22386622
      vertex -0.0149999997 -2.85356736 2.22978473
      vertex -0.0149999997 -2.85016227 2.23390889
    endloop
  endfacet
  facet normal -1 0 0
    outer loop
      vertex -0.0149999997 -2.86037803 2.22143698
      vertex -0.0149999997 -2.85697269 2.22386622
      vertex -0.0149999997 -2.81951475 1.75994098
    endloop
  endfacet
  facet normal -1 0 0
    outer loop
      vertex -0.0149999997 -2.85016227 2.23390889
      vertex -0.0149999997 -2.84675694 2.26000547
      vertex -0.0149999997 -2.83994627 2.26525044
    endloop
  endfacet
  facet normal -1 0 0
    outer loop
      vertex -0.0149999997 -2.84675694 2.26000547
      vertex -0.0149999997 -2.8433516 2.26313543
      vertex -0.0149999997 -2.83994627 2.26525044
    endloop
  endfacet
  facet normal -1 0 0
    outer loop
      vertex -0.0149999997 -2.85697269 2.22386622
      vertex -0.0149999997 -2.85016227 2.23390889
      vertex -0.0149999997 -2.65265584 2.32870412
    endloop
  endfacet
  facet normal -0.99999994 0 0
    outer loop
      vertex -0.0149999997 -2.85697269 1.77528369
      vertex -0.0149999997 -2.91826773 2.17739034
      vertex -0.0149999997 -2.85356736 1.77388895
    endloop
  endfacet
  facet normal -1 0 0
    outer loop
      vertex -0.0149999997 -2.83994627 2.26525044
      vertex -0.0149999997 -2.83654094 2.3095026
      vertex -0.0149999997 -2.82632518 2.31270123
    endloop
  endfacet
  facet normal -1 0 0
    outer loop
      vertex -0.0149999997 -2.83654094 2.3095026
      vertex -0.0149999997 -2.83313584 2.3121829
      vertex -0.0149999997 -2.82973051 2.31251526
    endloop
  endfacet
  facet normal -1 0 0
    outer loop
      vertex -0.0149999997 -2.82632518 2.31270123
      vertex -0.0149999997 -2.83654094 2.3095026
      vertex -0.0149999997 -2.82973051 2.31251526
    endloop
  endfacet
  facet normal -1 0 0
    outer loop
      vertex -0.0149999997 -2.82632518 2.31270123
      vertex -0.0149999997 -2.82291985 2.58056736
      vertex -0.0149999997 -2.75821972 2.53006601
    endloop
  endfacet
  facet normal -1 0 0
    outer loop
      vertex -0.0149999997 -2.82291985 2.58056736
      vertex -0.0149999997 -2.81951475 2.58725452
      vertex -0.0149999997 -2.79908299 2.58767509
    endloop
  endfacet
  facet normal -1 0 0
    outer loop
      vertex -0.0149999997 -2.78886724 2.57404137
      vertex -0.0149999997 -2.82291985 2.58056736
      vertex -0.0149999997 -2.79227233 2.57892752
    endloop
  endfacet
  facet normal -1 0 0
    outer loop
      vertex -0.0149999997 -2.81951475 2.58725452
      vertex -0.0149999997 -2.81610942 2.59136343
      vertex -0.0149999997 -2.80929875 2.59323859
    endloop
  endfacet
  facet normal -0.99999994 0 0
    outer loop
      vertex -0.0149999997 -2.81610942 2.59136343
      vertex -0.0149999997 -2.81270409 2.59323859
      vertex -0.0149999997 -2.80929875 2.59323859
    endloop
  endfacet
  facet normal -1 0 0
    outer loop
      vertex -0.0149999997 -2.80929875 2.59323859
      vertex -0.0149999997 -2.80589342 2.59323859
      vertex -0.0149999997 -2.80248833 2.59169459
    endloop
  endfacet
  facet normal -1 0 0
    outer loop
      vertex -0.0149999997 -2.82291985 2.58056736
      vertex -0.0149999997 -2.78886724 2.57404137
      vertex -0.0149999997 -2.7854619 2.56915522
    endloop
  endfacet
  facet normal -1 0 0
    outer loop
      vertex -0.0149999997 -2.81951475 2.58725452
      vertex -0.0149999997 -2.80929875 2.59323859
      vertex -0.0149999997 -2.79908299 2.58767509
    endloop
  endfacet
  facet normal -0.99999994 0 0
    outer loop
      vertex -0.0149999997 -2.80929875 2.59323859
      vertex -0.0149999997 -2.80248833 2.59169459
      vertex -0.0149999997 -2.79908299 2.58767509
    endloop
  endfacet
  facet normal -0.99999994 0 -0
    outer loop
      vertex -0.0149999997 -2.79908299 2.58767509
      vertex -0.0149999997 -2.79567766 2.5836556
      vertex -0.0149999997 -2.82291985 2.58056736
    endloop
  endfacet
  facet normal -1 0 -0
    outer loop
      vertex -0.0149999997 -2.79567766 2.5836556
      vertex -0.0149999997 -2.79227233 2.57892752
      vertex -0.0149999997 -2.82291985 2.58056736
    endloop
  endfacet
  facet normal -1 0 0
    outer loop
      vertex -0.0149999997 -2.9114573 2.18373561
      vertex -0.0149999997 -2.84675694 1.77109933
      vertex -0.0149999997 -2.85016227 1.7724942
    endloop
  endfacet
  facet normal -1 0 0
    outer loop
      vertex -0.0149999997 -2.85016227 2.23390889
      vertex -0.0149999997 -2.83994627 2.26525044
      vertex -0.0149999997 -2.65606117 2.32991147
    endloop
  endfacet
  facet normal -1 0 0
    outer loop
      vertex -0.0149999997 -2.84675694 1.77109933
      vertex -0.0149999997 -2.87059379 2.21463823
      vertex -0.0149999997 -2.8433516 1.76970458
    endloop
  endfacet
  facet normal -1 0 0
    outer loop
      vertex -0.0149999997 -2.83994627 2.26525044
      vertex -0.0149999997 -2.82632518 2.31270123
      vertex -0.0149999997 -2.66287184 2.33523202
    endloop
  endfacet
  facet normal -1 0 0
    outer loop
      vertex -0.0149999997 -2.85356736 1.77388895
      vertex -0.0149999997 -2.91486239 2.18056297
      vertex -0.0149999997 -2.85016227 1.7724942
    endloop
  endfacet
  facet normal -1 0 0
    outer loop
      vertex -0.0149999997 -2.82291985 2.58056736
      vertex -0.0149999997 -2.7854619 2.56915522
      vertex -0.0149999997 -2.78205657 2.56426907
    endloop
  endfacet
  facet normal -1 0 0
    outer loop
      vertex -0.0149999997 -2.82291985 2.58056736
      vertex -0.0149999997 -2.78205657 2.56426907
      vertex -0.0149999997 -2.77865124 2.55938292
    endloop
  endfacet
  facet normal -1 0 0
    outer loop
      vertex -0.0149999997 -2.8433516 1.76970458
      vertex -0.0149999997 -2.86718869 2.21678233
      vertex -0.0149999997 -2.83994627 1.76830983
    endloop
  endfacet
  facet normal -1 0 0
    outer loop
      vertex -0.0149999997 -2.82291985 2.58056736
      vertex -0.0149999997 -2.77865124 2.55938292
      vertex -0.0149999997 -2.7752459 2.55449677
    endloop
  endfacet
  facet normal -1 0 0
    outer loop
      vertex -0.0149999997 -2.83994627 1.76830983
      vertex -0.0149999997 -2.86718869 2.21678233
      vertex -0.0149999997 -2.83654094 1.76691496
    endloop
  endfacet
  facet normal -1 0 0
    outer loop
      vertex -0.0149999997 -2.77184081 2.54961061
      vertex -0.0149999997 -2.82291985 2.58056736
      vertex -0.0149999997 -2.7752459 2.55449677
    endloop
  endfacet
  facet normal -1 0 0
    outer loop
      vertex -0.0149999997 -2.82291985 2.58056736
      vertex -0.0149999997 -2.77184081 2.54961061
      vertex -0.0149999997 -2.76843548 2.54472446
    endloop
  endfacet
  facet normal -1 0 0
    outer loop
      vertex -0.0149999997 -2.83654094 1.76691496
      vertex -0.0149999997 -2.86378336 2.21900773
      vertex -0.0149999997 -2.83313584 1.76552022
    endloop
  endfacet
  facet normal -1 0 0
    outer loop
      vertex -0.0149999997 -2.82291985 2.58056736
      vertex -0.0149999997 -2.76843548 2.54472446
      vertex -0.0149999997 -2.76503015 2.53983831
    endloop
  endfacet
  facet normal -1 0 0
    outer loop
      vertex -0.0149999997 -2.86378336 2.21900773
      vertex -0.0149999997 -2.82632518 1.7627306
      vertex -0.0149999997 -2.82973051 1.76412535
    endloop
  endfacet
  facet normal -1 0 0
    outer loop
      vertex -0.0149999997 -2.82632518 1.7627306
      vertex -0.0149999997 -2.86378336 2.21900773
      vertex -0.0149999997 -2.82291985 1.76133585
    endloop
  endfacet
  facet normal -1 0 0
    outer loop
      vertex -0.0149999997 -2.82291985 2.58056736
      vertex -0.0149999997 -2.76503015 2.53983831
      vertex -0.0149999997 -2.76162481 2.53495216
    endloop
  endfacet
  facet normal -1 0 0
    outer loop
      vertex -0.0149999997 -2.85697269 2.22386622
      vertex -0.0149999997 -2.81610942 1.75854623
      vertex -0.0149999997 -2.81951475 1.75994098
    endloop
  endfacet
  facet normal -0.99999994 0 0
    outer loop
      vertex -0.0149999997 -2.81610942 1.75854623
      vertex -0.0149999997 -2.85697269 2.22386622
      vertex -0.0149999997 -2.81270409 1.75715137
    endloop
  endfacet
  facet normal -1 0 0
    outer loop
      vertex -0.0149999997 -2.75821972 2.53006601
      vertex -0.0149999997 -2.82291985 2.58056736
      vertex -0.0149999997 -2.76162481 2.53495216
    endloop
  endfacet
  facet normal -1 0 0
    outer loop
      vertex -0.0149999997 -2.85697269 2.22386622
      vertex -0.0149999997 -2.79908299 1.75157225
      vertex -0.0149999997 -2.80248833 1.752967
    endloop
  endfacet
  facet normal -1 0 0
    outer loop
      vertex -0.0149999997 -2.83313584 1.76552022
      vertex -0.0149999997 -2.86378336 2.21900773
      vertex -0.0149999997 -2.82973051 1.76412535
    endloop
  endfacet
  facet normal -1 0 0
    outer loop
      vertex -0.0149999997 -2.81951475 1.75994098
      vertex -0.0149999997 -2.82291985 1.76133585
      vertex -0.0149999997 -2.86037803 2.22143698
    endloop
  endfacet
  facet normal -1 0 0
    outer loop
      vertex -0.0149999997 -2.79908299 1.75157225
      vertex -0.0149999997 -2.85697269 2.22386622
      vertex -0.0149999997 -2.79567766 1.7501775
    endloop
  endfacet
  facet normal -1 0 0
    outer loop
      vertex -0.0149999997 -2.85697269 2.22386622
      vertex -0.0149999997 -2.78886724 1.74738789
      vertex -0.0149999997 -2.79227233 1.74878263
    endloop
  endfacet
  facet normal -1 0 0
    outer loop
      vertex -0.0149999997 -2.80929875 1.75575662
      vertex -0.0149999997 -2.81270409 1.75715137
      vertex -0.0149999997 -2.85697269 2.22386622
    endloop
  endfacet
  facet normal -1 0 0
    outer loop
      vertex -0.0149999997 -2.78886724 1.74738789
      vertex -0.0149999997 -2.85697269 2.22386622
      vertex -0.0149999997 -2.7854619 1.74598491
    endloop
  endfacet
  facet normal -1 0 0
    outer loop
      vertex -0.0149999997 -2.80929875 1.75575662
      vertex -0.0149999997 -2.85697269 2.22386622
      vertex -0.0149999997 -2.80589342 1.75436187
    endloop
  endfacet
  facet normal -1 0 0
    outer loop
      vertex -0.0149999997 -2.80248833 1.752967
      vertex -0.0149999997 -2.80589342 1.75436187
      vertex -0.0149999997 -2.85697269 2.22386622
    endloop
  endfacet
  facet normal -1 0 0
    outer loop
      vertex -0.0149999997 -2.82632518 2.31270123
      vertex -0.0149999997 -2.75821972 2.53006601
      vertex -0.0149999997 -2.75481439 2.52517986
    endloop
  endfacet
  facet normal -1 0 0
    outer loop
      vertex -0.0149999997 -2.82632518 2.31270123
      vertex -0.0149999997 -2.75481439 2.52517986
      vertex -0.0149999997 -2.75140905 2.52029371
    endloop
  endfacet
  facet normal -0.99999994 0 0
    outer loop
      vertex -0.0149999997 -2.79567766 1.7501775
      vertex -0.0149999997 -2.85697269 2.22386622
      vertex -0.0149999997 -2.79227233 1.74878263
    endloop
  endfacet
  facet normal -1 0 0
    outer loop
      vertex -0.0149999997 -2.7854619 1.74598491
      vertex -0.0149999997 -2.85697269 2.22386622
      vertex -0.0149999997 -2.78205657 1.74456465
    endloop
  endfacet
  facet normal -1 0 0
    outer loop
      vertex -0.0149999997 -2.82632518 2.31270123
      vertex -0.0149999997 -2.75140905 2.52029371
      vertex -0.0149999997 -2.74800372 2.51540756
    endloop
  endfacet
  facet normal -1 0 0
    outer loop
      vertex -0.0149999997 -2.78205657 1.74456465
      vertex -0.0149999997 -2.85697269 2.22386622
      vertex -0.0149999997 -2.77865124 1.74314439
    endloop
  endfacet
  facet normal -1 0 -0
    outer loop
      vertex -0.0149999997 -2.74800372 2.51540756
      vertex -0.0149999997 -2.74459839 2.51052141
      vertex -0.0149999997 -2.82632518 2.31270123
    endloop
  endfacet
  facet normal -1 0 -0
    outer loop
      vertex -0.0149999997 -2.74459839 2.51052141
      vertex -0.0149999997 -2.74119329 2.50563526
      vertex -0.0149999997 -2.82632518 2.31270123
    endloop
  endfacet
  facet normal -1 0 0
    outer loop
      vertex -0.0149999997 -2.77865124 1.74314439
      vertex -0.0149999997 -2.85697269 2.22386622
      vertex -0.0149999997 -2.7752459 1.74172401
    endloop
  endfacet
  facet normal -1 0 0
    outer loop
      vertex -0.0149999997 -2.82632518 2.31270123
      vertex -0.0149999997 -2.74119329 2.50563526
      vertex -0.0149999997 -2.73778796 2.50074911
    endloop
  endfacet
  facet normal -1 0 0
    outer loop
      vertex -0.0149999997 -2.85697269 2.22386622
      vertex -0.0149999997 -2.77184081 1.74030375
      vertex -0.0149999997 -2.7752459 1.74172401
    endloop
  endfacet
  facet normal -1 0 0
    outer loop
      vertex -0.0149999997 -2.77184081 1.74030375
      vertex -0.0149999997 -2.85697269 2.22386622
      vertex -0.0149999997 -2.76843548 1.7388835
    endloop
  endfacet
  facet normal -1 0 0
    outer loop
      vertex -0.0149999997 -2.82632518 2.31270123
      vertex -0.0149999997 -2.73778796 2.50074911
      vertex -0.0149999997 -2.73438263 2.49586296
    endloop
  endfacet
  facet normal -1 0 0
    outer loop
      vertex -0.0149999997 -2.85697269 2.22386622
      vertex -0.0149999997 -2.75821972 1.7346226
      vertex -0.0149999997 -2.76162481 1.73604286
    endloop
  endfacet
  facet normal -1 0 0
    outer loop
      vertex -0.0149999997 -2.75821972 1.7346226
      vertex -0.0149999997 -2.85697269 2.22386622
      vertex -0.0149999997 -2.75481439 1.73320222
    endloop
  endfacet
  facet normal -1 0 -0
    outer loop
      vertex -0.0149999997 -2.73438263 2.49586296
      vertex -0.0149999997 -2.7309773 2.49097681
      vertex -0.0149999997 -2.82632518 2.31270123
    endloop
  endfacet
  facet normal -1 0 -0
    outer loop
      vertex -0.0149999997 -2.7309773 2.49097681
      vertex -0.0149999997 -2.7275722 2.48609066
      vertex -0.0149999997 -2.82632518 2.31270123
    endloop
  endfacet
  facet normal -1 0 0
    outer loop
      vertex -0.0149999997 -2.85697269 2.22386622
      vertex -0.0149999997 -2.74459839 1.72894132
      vertex -0.0149999997 -2.74800372 1.7303617
    endloop
  endfacet
  facet normal -1 0 0
    outer loop
      vertex -0.0149999997 -2.74459839 1.72894132
      vertex -0.0149999997 -2.85697269 2.22386622
      vertex -0.0149999997 -2.64244008 2.32871342
    endloop
  endfacet
  facet normal -1 0 0
    outer loop
      vertex -0.0149999997 -2.82632518 2.31270123
      vertex -0.0149999997 -2.7275722 2.48609066
      vertex -0.0149999997 -2.72416687 2.48120451
    endloop
  endfacet
  facet normal -1 0 0
    outer loop
      vertex -0.0149999997 -2.76843548 1.7388835
      vertex -0.0149999997 -2.85697269 2.22386622
      vertex -0.0149999997 -2.76503015 1.73746312
    endloop
  endfacet
  facet normal -1 0 0
    outer loop
      vertex -0.0149999997 -2.76162481 1.73604286
      vertex -0.0149999997 -2.76503015 1.73746312
      vertex -0.0149999997 -2.85697269 2.22386622
    endloop
  endfacet
  facet normal -1 0 0
    outer loop
      vertex -0.0149999997 -2.75140905 1.73178196
      vertex -0.0149999997 -2.75481439 1.73320222
      vertex -0.0149999997 -2.85697269 2.22386622
    endloop
  endfacet
  facet normal -1 0 0
    outer loop
      vertex -0.0149999997 -2.75140905 1.73178196
      vertex -0.0149999997 -2.85697269 2.22386622
      vertex -0.0149999997 -2.74800372 1.7303617
    endloop
  endfacet
  facet normal -1 0 0
    outer loop
      vertex -0.0149999997 -2.83994627 2.26525044
      vertex -0.0149999997 -2.66287184 2.33523202
      vertex -0.0149999997 -2.65946651 2.33257174
    endloop
  endfacet
  facet normal -1 0 0
    outer loop
      vertex -0.0149999997 -2.72416687 2.48120451
      vertex -0.0149999997 -2.72076154 2.47631836
      vertex -0.0149999997 -2.7173562 2.47009182
    endloop
  endfacet
  facet normal -0.99999994 0 0
    outer loop
      vertex -0.0149999997 -2.82632518 2.31270123
      vertex -0.0149999997 -2.72416687 2.48120451
      vertex -0.0149999997 -2.71395087 2.4619813
    endloop
  endfacet
  facet normal -1 -0 0
    outer loop
      vertex -0.0149999997 -2.66287184 2.33523202
      vertex -0.0149999997 -2.82632518 2.31270123
      vertex -0.0149999997 -2.66627693 2.34423065
    endloop
  endfacet
  facet normal -1 -0 0
    outer loop
      vertex -0.0149999997 -2.65265584 2.32870412
      vertex -0.0149999997 -2.85016227 2.23390889
      vertex -0.0149999997 -2.65606117 2.32991147
    endloop
  endfacet
  facet normal -1 0 0
    outer loop
      vertex -0.0149999997 -2.72416687 2.48120451
      vertex -0.0149999997 -2.7173562 2.47009182
      vertex -0.0149999997 -2.71395087 2.4619813
    endloop
  endfacet
  facet normal -1 0 -0
    outer loop
      vertex -0.0149999997 -2.71395087 2.4619813
      vertex -0.0149999997 -2.71054578 2.45387101
      vertex -0.0149999997 -2.82632518 2.31270123
    endloop
  endfacet
  facet normal -1 0 0
    outer loop
      vertex -0.0149999997 -2.83994627 2.26525044
      vertex -0.0149999997 -2.65946651 2.33257174
      vertex -0.0149999997 -2.65606117 2.32991147
    endloop
  endfacet
  facet normal -1 0 0
    outer loop
      vertex -0.0149999997 -2.73438263 1.72414553
      vertex -0.0149999997 -2.73778796 1.72576344
      vertex -0.0149999997 -2.64244008 2.32871342
    endloop
  endfacet
  facet normal -1 0 0
    outer loop
      vertex -0.0149999997 -2.73778796 1.72576344
      vertex -0.0149999997 -2.74119329 1.72738147
      vertex -0.0149999997 -2.64244008 2.32871342
    endloop
  endfacet
  facet normal -1 0 0
    outer loop
      vertex -0.0149999997 -2.74119329 1.72738147
      vertex -0.0149999997 -2.74459839 1.72894132
      vertex -0.0149999997 -2.64244008 2.32871342
    endloop
  endfacet
  facet normal -1 -0 0
    outer loop
      vertex -0.0149999997 -2.70373511 2.4376502
      vertex -0.0149999997 -2.82632518 2.31270123
      vertex -0.0149999997 -2.70714045 2.44576049
    endloop
  endfacet
  facet normal -1 0 -0
    outer loop
      vertex -0.0149999997 -2.71054578 2.45387101
      vertex -0.0149999997 -2.70714045 2.44576049
      vertex -0.0149999997 -2.82632518 2.31270123
    endloop
  endfacet
  facet normal -1 0 -0
    outer loop
      vertex -0.0149999997 -2.70373511 2.4376502
      vertex -0.0149999997 -2.70032978 2.42953992
      vertex -0.0149999997 -2.82632518 2.31270123
    endloop
  endfacet
  facet normal -1 0 -0
    outer loop
      vertex -0.0149999997 -2.70032978 2.42953992
      vertex -0.0149999997 -2.69692469 2.4214294
      vertex -0.0149999997 -2.82632518 2.31270123
    endloop
  endfacet
  facet normal -1 0 0
    outer loop
      vertex -0.0149999997 -2.85697269 2.22386622
      vertex -0.0149999997 -2.65265584 2.32870412
      vertex -0.0149999997 -2.64925075 2.32870412
    endloop
  endfacet
  facet normal -1 0 0
    outer loop
      vertex -0.0149999997 -2.7275722 1.7209096
      vertex -0.0149999997 -2.7309773 1.7225275
      vertex -0.0149999997 -2.64244008 2.32871342
    endloop
  endfacet
  facet normal -1 0 0
    outer loop
      vertex -0.0149999997 -2.7309773 1.7225275
      vertex -0.0149999997 -2.73438263 1.72414553
      vertex -0.0149999997 -2.64244008 2.32871342
    endloop
  endfacet
  facet normal -1 -0 0
    outer loop
      vertex -0.0149999997 -2.64584541 2.32870412
      vertex -0.0149999997 -2.85697269 2.22386622
      vertex -0.0149999997 -2.64925075 2.32870412
    endloop
  endfacet
  facet normal -1 0 0
    outer loop
      vertex -0.0149999997 -2.7173562 1.71605575
      vertex -0.0149999997 -2.72076154 1.71767366
      vertex -0.0149999997 -2.64244008 2.32871342
    endloop
  endfacet
  facet normal -1 0 0
    outer loop
      vertex -0.0149999997 -2.72076154 1.71767366
      vertex -0.0149999997 -2.72416687 1.71929169
      vertex -0.0149999997 -2.64244008 2.32871342
    endloop
  endfacet
  facet normal -1 0 0
    outer loop
      vertex -0.0149999997 -2.72416687 1.71929169
      vertex -0.0149999997 -2.7275722 1.7209096
      vertex -0.0149999997 -2.64244008 2.32871342
    endloop
  endfacet
  facet normal -1 0 0
    outer loop
      vertex -0.0149999997 -2.85697269 2.22386622
      vertex -0.0149999997 -2.64584541 2.32870412
      vertex -0.0149999997 -2.64244008 2.32871342
    endloop
  endfacet
  facet normal -0.99999994 0 -0
    outer loop
      vertex -0.0149999997 -2.69692469 2.4214294
      vertex -0.0149999997 -2.69351935 2.41331911
      vertex -0.0149999997 -2.82632518 2.31270123
    endloop
  endfacet
  facet normal -1 0 -0
    outer loop
      vertex -0.0149999997 -2.69351935 2.41331911
      vertex -0.0149999997 -2.69011402 2.40520859
      vertex -0.0149999997 -2.82632518 2.31270123
    endloop
  endfacet
  facet normal -1 0 0
    outer loop
      vertex -0.0149999997 -2.70714045 1.71120191
      vertex -0.0149999997 -2.71054578 1.71281981
      vertex -0.0149999997 -2.64244008 2.32871342
    endloop
  endfacet
  facet normal -1 0 0
    outer loop
      vertex -0.0149999997 -2.71054578 1.71281981
      vertex -0.0149999997 -2.71395087 1.71443784
      vertex -0.0149999997 -2.64244008 2.32871342
    endloop
  endfacet
  facet normal -1 0 0
    outer loop
      vertex -0.0149999997 -2.71395087 1.71443784
      vertex -0.0149999997 -2.7173562 1.71605575
      vertex -0.0149999997 -2.64244008 2.32871342
    endloop
  endfacet
  facet normal -1 0 0
    outer loop
      vertex -0.0149999997 -2.82632518 2.31270123
      vertex -0.0149999997 -2.69011402 2.40520859
      vertex -0.0149999997 -2.68670869 2.3970983
    endloop
  endfacet
  facet normal -1 0 -0
    outer loop
      vertex -0.0149999997 -2.68670869 2.3970983
      vertex -0.0149999997 -2.68330336 2.38898802
      vertex -0.0149999997 -2.82632518 2.31270123
    endloop
  endfacet
  facet normal -0.99999994 0 -0
    outer loop
      vertex -0.0149999997 -2.68330336 2.38898802
      vertex -0.0149999997 -2.67989826 2.38087749
      vertex -0.0149999997 -2.82632518 2.31270123
    endloop
  endfacet
  facet normal -1 0 0
    outer loop
      vertex -0.0149999997 -2.70373511 1.709584
      vertex -0.0149999997 -2.70714045 1.71120191
      vertex -0.0149999997 -2.64244008 2.32871342
    endloop
  endfacet
  facet normal -1 0 0
    outer loop
      vertex -0.0149999997 -2.82632518 2.31270123
      vertex -0.0149999997 -2.67989826 2.38087749
      vertex -0.0149999997 -2.67649293 2.37276721
    endloop
  endfacet
  facet normal -1 -0 0
    outer loop
      vertex -0.0149999997 -2.66627693 2.34423065
      vertex -0.0149999997 -2.82632518 2.31270123
      vertex -0.0149999997 -2.66968226 2.35403633
    endloop
  endfacet
  facet normal -1 0 -0
    outer loop
      vertex -0.0149999997 -2.67649293 2.37276721
      vertex -0.0149999997 -2.6730876 2.36384201
      vertex -0.0149999997 -2.82632518 2.31270123
    endloop
  endfacet
  facet normal -1 0 -0
    outer loop
      vertex -0.0149999997 -2.6730876 2.36384201
      vertex -0.0149999997 -2.66968226 2.35403633
      vertex -0.0149999997 -2.82632518 2.31270123
    endloop
  endfacet
  facet normal -1 0 0
    outer loop
      vertex -0.0149999997 -2.70032978 1.70793855
      vertex -0.0149999997 -2.70373511 1.709584
      vertex -0.0149999997 -2.64244008 2.32871342
    endloop
  endfacet
  facet normal -1 0 0
    outer loop
      vertex -0.0149999997 -2.69351935 1.70455182
      vertex -0.0149999997 -2.69692469 1.70624518
      vertex -0.0149999997 -2.64244008 2.32871342
    endloop
  endfacet
  facet normal -1 0 0
    outer loop
      vertex -0.0149999997 -2.69692469 1.70624518
      vertex -0.0149999997 -2.70032978 1.70793855
      vertex -0.0149999997 -2.64244008 2.32871342
    endloop
  endfacet
  facet normal -1 0 0
    outer loop
      vertex -0.0149999997 -2.69011402 1.70285857
      vertex -0.0149999997 -2.69351935 1.70455182
      vertex -0.0149999997 -2.64244008 2.32871342
    endloop
  endfacet
  facet normal -0.99999994 0 0
    outer loop
      vertex -0.0149999997 -2.68670869 1.7011652
      vertex -0.0149999997 -2.69011402 1.70285857
      vertex -0.0149999997 -2.64244008 2.32871342
    endloop
  endfacet
  facet normal -1 0 0
    outer loop
      vertex -0.0149999997 -2.67649293 1.6960851
      vertex -0.0149999997 -2.67989826 1.69777846
      vertex -0.0149999997 -2.64244008 2.32871342
    endloop
  endfacet
  facet normal -1 0 0
    outer loop
      vertex -0.0149999997 -2.67989826 1.69777846
      vertex -0.0149999997 -2.68330336 1.69947183
      vertex -0.0149999997 -2.64244008 2.32871342
    endloop
  endfacet
  facet normal -0.99999994 0 0
    outer loop
      vertex -0.0149999997 -2.68330336 1.69947183
      vertex -0.0149999997 -2.68670869 1.7011652
      vertex -0.0149999997 -2.64244008 2.32871342
    endloop
  endfacet
  facet normal -1 0 0
    outer loop
      vertex -0.0149999997 -2.6730876 1.69439185
      vertex -0.0149999997 -2.67649293 1.6960851
      vertex -0.0149999997 -2.64244008 2.32871342
    endloop
  endfacet
  facet normal -1 0 0
    outer loop
      vertex -0.0149999997 -2.66968226 1.69269848
      vertex -0.0149999997 -2.6730876 1.69439185
      vertex -0.0149999997 -2.64244008 2.32871342
    endloop
  endfacet
  facet normal -1 0 0
    outer loop
      vertex -0.0149999997 -2.65946651 1.68761849
      vertex -0.0149999997 -2.66287184 1.68931174
      vertex -0.0149999997 -2.64925075 1.68368757
    endloop
  endfacet
  facet normal -1 0 0
    outer loop
      vertex -0.0149999997 -2.66287184 1.68931174
      vertex -0.0149999997 -2.66627693 1.69100511
      vertex -0.0149999997 -2.64244008 1.68171823
    endloop
  endfacet
  facet normal -1 0 0
    outer loop
      vertex -0.0149999997 -2.53687644 2.34377384
      vertex -0.0149999997 -2.66968226 1.69269848
      vertex -0.0149999997 -2.63903475 2.32968378
    endloop
  endfacet
  facet normal -1 0 0
    outer loop
      vertex -0.0149999997 -2.66627693 1.69100511
      vertex -0.0149999997 -2.66968226 1.69269848
      vertex -0.0149999997 -2.63903475 1.68073356
    endloop
  endfacet
  facet normal -1 0 0
    outer loop
      vertex -0.0149999997 -2.66968226 1.69269848
      vertex -0.0149999997 -2.64244008 2.32871342
      vertex -0.0149999997 -2.63903475 2.32968378
    endloop
  endfacet
  facet normal -1 0 0
    outer loop
      vertex -0.0149999997 -2.65265584 1.68467224
      vertex -0.0149999997 -2.65606117 1.68592513
      vertex -0.0149999997 -2.65946651 1.68761849
    endloop
  endfacet
  facet normal -1 0 0
    outer loop
      vertex -0.0149999997 -2.66968226 1.69269848
      vertex -0.0149999997 -2.53687644 2.34377384
      vertex -0.0149999997 -2.62881899 1.67777956
    endloop
  endfacet
  facet normal -1 0 0
    outer loop
      vertex -0.0149999997 -2.53687644 2.34377384
      vertex -0.0149999997 -2.63903475 2.32968378
      vertex -0.0149999997 -2.63562942 2.33084536
    endloop
  endfacet
  facet normal -1 0 0
    outer loop
      vertex -0.0149999997 -2.64925075 1.68368757
      vertex -0.0149999997 -2.65265584 1.68467224
      vertex -0.0149999997 -2.65946651 1.68761849
    endloop
  endfacet
  facet normal -1 0 0
    outer loop
      vertex -0.0149999997 -2.64584541 1.6827029
      vertex -0.0149999997 -2.64925075 1.68368757
      vertex -0.0149999997 -2.66287184 1.68931174
    endloop
  endfacet
  facet normal -1 0 0
    outer loop
      vertex -0.0149999997 -2.66627693 1.69100511
      vertex -0.0149999997 -2.63903475 1.68073356
      vertex -0.0149999997 -2.64244008 1.68171823
    endloop
  endfacet
  facet normal -1 0 0
    outer loop
      vertex -0.0149999997 -2.66968226 1.69269848
      vertex -0.0149999997 -2.63562942 1.67974889
      vertex -0.0149999997 -2.63903475 1.68073356
    endloop
  endfacet
  facet normal -1 0 0
    outer loop
      vertex -0.0149999997 -2.63562942 2.33084536
      vertex -0.0149999997 -2.63222432 2.33219171
      vertex -0.0149999997 -2.54028177 2.34412599
    endloop
  endfacet
  facet normal -1 0 0
    outer loop
      vertex -0.0149999997 -2.63222432 2.33219171
      vertex -0.0149999997 -2.62881899 2.33353806
      vertex -0.0149999997 -2.54028177 2.34412599
    endloop
  endfacet
  facet normal -1 -0 0
    outer loop
      vertex -0.0149999997 -2.54368687 2.34462714
      vertex -0.0149999997 -2.6151979 2.33832145
      vertex -0.0149999997 -2.5470922 2.34512854
    endloop
  endfacet
  facet normal -1 0 0
    outer loop
      vertex -0.0149999997 -2.62881899 2.33353806
      vertex -0.0149999997 -2.62541366 2.33486366
      vertex -0.0149999997 -2.62200832 2.33601618
    endloop
  endfacet
  facet normal -1 0 0
    outer loop
      vertex -0.0149999997 -2.61860323 2.33716869
      vertex -0.0149999997 -2.6151979 2.33832145
      vertex -0.0149999997 -2.54368687 2.34462714
    endloop
  endfacet
  facet normal -0.99999994 0 0
    outer loop
      vertex -0.0149999997 -2.6151979 2.33832145
      vertex -0.0149999997 -2.61179256 2.33947396
      vertex -0.0149999997 -2.5470922 2.34512854
    endloop
  endfacet
  facet normal -0.99999994 0 0
    outer loop
      vertex -0.0149999997 -2.55049753 2.34562993
      vertex -0.0149999997 -2.61179256 2.33947396
      vertex -0.0149999997 -2.60838723 2.34062648
    endloop
  endfacet
  facet normal -1 0 0
    outer loop
      vertex -0.0149999997 -2.62881899 2.33353806
      vertex -0.0149999997 -2.62200832 2.33601618
      vertex -0.0149999997 -2.54028177 2.34412599
    endloop
  endfacet
  facet normal -1 0 0
    outer loop
      vertex -0.0149999997 -2.62200832 2.33601618
      vertex -0.0149999997 -2.61860323 2.33716869
      vertex -0.0149999997 -2.54028177 2.34412599
    endloop
  endfacet
  facet normal -1 0 0
    outer loop
      vertex -0.0149999997 -2.63562942 1.67974889
      vertex -0.0149999997 -2.66968226 1.69269848
      vertex -0.0149999997 -2.63222432 1.67876422
    endloop
  endfacet
  facet normal -0.99999994 0 0
    outer loop
      vertex -0.0149999997 -2.64244008 1.68171823
      vertex -0.0149999997 -2.64584541 1.6827029
      vertex -0.0149999997 -2.66287184 1.68931174
    endloop
  endfacet
  facet normal -1 0 0
    outer loop
      vertex -0.0149999997 -2.61860323 2.33716869
      vertex -0.0149999997 -2.54368687 2.34462714
      vertex -0.0149999997 -2.54028177 2.34412599
    endloop
  endfacet
  facet normal -0.99999994 0 0
    outer loop
      vertex -0.0149999997 -2.61179256 2.33947396
      vertex -0.0149999997 -2.55049753 2.34562993
      vertex -0.0149999997 -2.5470922 2.34512854
    endloop
  endfacet
  facet normal -1 0 0
    outer loop
      vertex -0.0149999997 -2.6049819 2.34177899
      vertex -0.0149999997 -2.60157681 2.34293175
      vertex -0.0149999997 -2.55390286 2.34613109
    endloop
  endfacet
  facet normal -1 0 0
    outer loop
      vertex -0.0149999997 -2.60157681 2.34293175
      vertex -0.0149999997 -2.59817147 2.34408426
      vertex -0.0149999997 -2.55390286 2.34613109
    endloop
  endfacet
  facet normal -1 0 0
    outer loop
      vertex -0.0149999997 -2.60838723 2.34062648
      vertex -0.0149999997 -2.6049819 2.34177899
      vertex -0.0149999997 -2.55390286 2.34613109
    endloop
  endfacet
  facet normal -1 0 0
    outer loop
      vertex -0.0149999997 -2.62881899 1.67777956
      vertex -0.0149999997 -2.63222432 1.67876422
      vertex -0.0149999997 -2.66968226 1.69269848
    endloop
  endfacet
  facet normal -1 0 0
    outer loop
      vertex -0.0149999997 -2.63562942 2.33084536
      vertex -0.0149999997 -2.54028177 2.34412599
      vertex -0.0149999997 -2.53687644 2.34377384
    endloop
  endfacet
  facet normal -1 0 0
    outer loop
      vertex -0.0149999997 -2.59817147 2.34408426
      vertex -0.0149999997 -2.59476614 2.34523678
      vertex -0.0149999997 -2.55390286 2.34613109
    endloop
  endfacet
  facet normal -0.99999994 -0 0
    outer loop
      vertex -0.0149999997 -2.55049753 2.34562993
      vertex -0.0149999997 -2.60838723 2.34062648
      vertex -0.0149999997 -2.55390286 2.34613109
    endloop
  endfacet
  facet normal -1 0 0
    outer loop
      vertex -0.0149999997 -2.62541366 1.67679489
      vertex -0.0149999997 -2.62881899 1.67777956
      vertex -0.0149999997 -2.53687644 2.34377384
    endloop
  endfacet
  facet normal -1 0 0
    outer loop
      vertex -0.0149999997 -2.6151979 1.67384088
      vertex -0.0149999997 -2.61860323 1.67482555
      vertex -0.0149999997 -2.53687644 2.34377384
    endloop
  endfacet
  facet normal -1 0 0
    outer loop
      vertex -0.0149999997 -2.61860323 1.67482555
      vertex -0.0149999997 -2.62200832 1.67581022
      vertex -0.0149999997 -2.53687644 2.34377384
    endloop
  endfacet
  facet normal -1 0 0
    outer loop
      vertex -0.0149999997 -2.62200832 1.67581022
      vertex -0.0149999997 -2.62541366 1.67679489
      vertex -0.0149999997 -2.53687644 2.34377384
    endloop
  endfacet
  facet normal -0.99999994 0 0
    outer loop
      vertex -0.0149999997 -2.59476614 2.34523678
      vertex -0.0149999997 -2.59136081 2.34634066
      vertex -0.0149999997 -2.58795571 2.34701395
    endloop
  endfacet
  facet normal -1 0 0
    outer loop
      vertex -0.0149999997 -2.58455038 2.34768724
      vertex -0.0149999997 -2.58114505 2.34836078
      vertex -0.0149999997 -2.55390286 2.34613109
    endloop
  endfacet
  facet normal -1 0 0
    outer loop
      vertex -0.0149999997 -2.58114505 2.34836078
      vertex -0.0149999997 -2.57773972 2.34902048
      vertex -0.0149999997 -2.5573082 2.34726048
    endloop
  endfacet
  facet normal -0.99999994 0 0
    outer loop
      vertex -0.0149999997 -2.5573082 2.34726048
      vertex -0.0149999997 -2.57773972 2.34902048
      vertex -0.0149999997 -2.57092929 2.34967875
    endloop
  endfacet
  facet normal -1 0 0
    outer loop
      vertex -0.0149999997 -2.59476614 2.34523678
      vertex -0.0149999997 -2.58795571 2.34701395
      vertex -0.0149999997 -2.55390286 2.34613109
    endloop
  endfacet
  facet normal -0.99999994 0 0
    outer loop
      vertex -0.0149999997 -2.58795571 2.34701395
      vertex -0.0149999997 -2.58455038 2.34768724
      vertex -0.0149999997 -2.55390286 2.34613109
    endloop
  endfacet
  facet normal -1 0 0
    outer loop
      vertex -0.0149999997 -2.61179256 1.67285621
      vertex -0.0149999997 -2.6151979 1.67384088
      vertex -0.0149999997 -2.53687644 2.34377384
    endloop
  endfacet
  facet normal -0.99999994 0 0
    outer loop
      vertex -0.0149999997 -2.6049819 1.67097759
      vertex -0.0149999997 -2.60838723 1.67187154
      vertex -0.0149999997 -2.61179256 1.67285621
    endloop
  endfacet
  facet normal -1 0 0
    outer loop
      vertex -0.0149999997 -2.60157681 1.67009902
      vertex -0.0149999997 -2.6049819 1.67097759
      vertex -0.0149999997 -2.61179256 1.67285621
    endloop
  endfacet
  facet normal -1 0 0
    outer loop
      vertex -0.0149999997 -2.55390286 2.34613109
      vertex -0.0149999997 -2.58114505 2.34836078
      vertex -0.0149999997 -2.5573082 2.34726048
    endloop
  endfacet
  facet normal -1 0 0
    outer loop
      vertex -0.0149999997 -2.57773972 2.34902048
      vertex -0.0149999997 -2.57433438 2.3495481
      vertex -0.0149999997 -2.57092929 2.34967875
    endloop
  endfacet
  facet normal -1 0 0
    outer loop
      vertex -0.0149999997 -2.56752396 2.34967875
      vertex -0.0149999997 -2.56411862 2.34967875
      vertex -0.0149999997 -2.56071329 2.34846973
    endloop
  endfacet
  facet normal -1 0 0
    outer loop
      vertex -0.0149999997 -2.57092929 2.34967875
      vertex -0.0149999997 -2.56752396 2.34967875
      vertex -0.0149999997 -2.56071329 2.34846973
    endloop
  endfacet
  facet normal -1 0 0
    outer loop
      vertex -0.0149999997 -2.5573082 2.34726048
      vertex -0.0149999997 -2.57092929 2.34967875
      vertex -0.0149999997 -2.56071329 2.34846973
    endloop
  endfacet
  facet normal -1 0 0
    outer loop
      vertex -0.0149999997 -2.59817147 1.66922033
      vertex -0.0149999997 -2.60157681 1.67009902
      vertex -0.0149999997 -2.53687644 2.34377384
    endloop
  endfacet
  facet normal -1 0 0
    outer loop
      vertex -0.0149999997 -2.60157681 1.67009902
      vertex -0.0149999997 -2.61179256 1.67285621
      vertex -0.0149999997 -2.53687644 2.34377384
    endloop
  endfacet
  facet normal -1 0 0
    outer loop
      vertex -0.0149999997 -2.59476614 1.66834164
      vertex -0.0149999997 -2.59817147 1.66922033
      vertex -0.0149999997 -2.53687644 2.34377384
    endloop
  endfacet
  facet normal -1 0 0
    outer loop
      vertex -0.0149999997 -2.58455038 1.66570568
      vertex -0.0149999997 -2.58795571 1.66658425
      vertex -0.0149999997 -2.53687644 2.34377384
    endloop
  endfacet
  facet normal -1 0 0
    outer loop
      vertex -0.0149999997 -2.58795571 1.66658425
      vertex -0.0149999997 -2.59136081 1.66746294
      vertex -0.0149999997 -2.53687644 2.34377384
    endloop
  endfacet
  facet normal -1 0 0
    outer loop
      vertex -0.0149999997 -2.59136081 1.66746294
      vertex -0.0149999997 -2.59476614 1.66834164
      vertex -0.0149999997 -2.53687644 2.34377384
    endloop
  endfacet
  facet normal -1 0 0
    outer loop
      vertex -0.0149999997 -2.58114505 1.66482699
      vertex -0.0149999997 -2.58455038 1.66570568
      vertex -0.0149999997 -2.53687644 2.34377384
    endloop
  endfacet
  facet normal -1 0 0
    outer loop
      vertex -0.0149999997 -2.57773972 1.6639483
      vertex -0.0149999997 -2.58114505 1.66482699
      vertex -0.0149999997 -2.53347111 2.34377384
    endloop
  endfacet
  facet normal -0.99999994 0 0
    outer loop
      vertex -0.0149999997 -2.58114505 1.66482699
      vertex -0.0149999997 -2.53687644 2.34377384
      vertex -0.0149999997 -2.53347111 2.34377384
    endloop
  endfacet
  facet normal -1 0 0
    outer loop
      vertex -0.0149999997 -2.56752396 1.66131234
      vertex -0.0149999997 -2.57092929 1.66219091
      vertex -0.0149999997 -2.53006577 2.34377384
    endloop
  endfacet
  facet normal -1 0 0
    outer loop
      vertex -0.0149999997 -2.57092929 1.66219091
      vertex -0.0149999997 -2.57433438 1.66306961
      vertex -0.0149999997 -2.53006577 2.34377384
    endloop
  endfacet
  facet normal -1 0 0
    outer loop
      vertex -0.0149999997 -2.53006577 2.34377384
      vertex -0.0149999997 -2.57433438 1.66306961
      vertex -0.0149999997 -2.57773972 1.6639483
    endloop
  endfacet
  facet normal -1 0 0
    outer loop
      vertex -0.0149999997 -2.57773972 1.6639483
      vertex -0.0149999997 -2.53347111 2.34377384
      vertex -0.0149999997 -2.53006577 2.34377384
    endloop
  endfacet
  facet normal -1 0 -0
    outer loop
      vertex -0.0149999997 -2.53006577 2.34377384
      vertex -0.0149999997 -2.52666068 2.34448981
      vertex -0.0149999997 -2.5573082 1.65859509
    endloop
  endfacet
  facet normal -1 0 -0
    outer loop
      vertex -0.0149999997 -2.52666068 2.34448981
      vertex -0.0149999997 -2.52325535 2.34520578
      vertex -0.0149999997 -2.5573082 1.65859509
    endloop
  endfacet
  facet normal -1 0 0
    outer loop
      vertex -0.0149999997 -2.56411862 1.66043365
      vertex -0.0149999997 -2.56752396 1.66131234
      vertex -0.0149999997 -2.53006577 2.34377384
    endloop
  endfacet
  facet normal -1 0 -0
    outer loop
      vertex -0.0149999997 -2.52325535 2.34520578
      vertex -0.0149999997 -2.51985002 2.34592175
      vertex -0.0149999997 -2.5573082 1.65859509
    endloop
  endfacet
  facet normal -1 0 -0
    outer loop
      vertex -0.0149999997 -2.51985002 2.34592175
      vertex -0.0149999997 -2.51644468 2.34663773
      vertex -0.0149999997 -2.5573082 1.65859509
    endloop
  endfacet
  facet normal -1 0 0
    outer loop
      vertex -0.0149999997 -2.56071329 1.65955496
      vertex -0.0149999997 -2.56411862 1.66043365
      vertex -0.0149999997 -2.53006577 2.34377384
    endloop
  endfacet
  facet normal -0.99999994 0 0
    outer loop
      vertex -0.0149999997 -2.55049753 1.6562537
      vertex -0.0149999997 -2.55390286 1.65742433
      vertex -0.0149999997 -2.51303935 2.3473537
    endloop
  endfacet
  facet normal -1 0 0
    outer loop
      vertex -0.0149999997 -2.55390286 1.65742433
      vertex -0.0149999997 -2.5573082 1.65859509
      vertex -0.0149999997 -2.51303935 2.3473537
    endloop
  endfacet
  facet normal -1 0 0
    outer loop
      vertex -0.0149999997 -2.5573082 1.65859509
      vertex -0.0149999997 -2.56071329 1.65955496
      vertex -0.0149999997 -2.53006577 2.34377384
    endloop
  endfacet
  facet normal -1 0 -0
    outer loop
      vertex -0.0149999997 -2.51644468 2.34663773
      vertex -0.0149999997 -2.51303935 2.3473537
      vertex -0.0149999997 -2.5573082 1.65859509
    endloop
  endfacet
  facet normal -1 0 -0
    outer loop
      vertex -0.0149999997 -2.51303935 2.3473537
      vertex -0.0149999997 -2.50963426 2.34806967
      vertex -0.0149999997 -2.55049753 1.6562537
    endloop
  endfacet
  facet normal -1 0 -0
    outer loop
      vertex -0.0149999997 -2.50963426 2.34806967
      vertex -0.0149999997 -2.50622892 2.34878564
      vertex -0.0149999997 -2.55049753 1.6562537
    endloop
  endfacet
  facet normal -1 0 -0
    outer loop
      vertex -0.0149999997 -2.50622892 2.34878564
      vertex -0.0149999997 -2.50282359 2.34950161
      vertex -0.0149999997 -2.55049753 1.6562537
    endloop
  endfacet
  facet normal -1 0 0
    outer loop
      vertex -0.0149999997 -2.54368687 1.65391231
      vertex -0.0149999997 -2.5470922 1.65508294
      vertex -0.0149999997 -2.50282359 2.34950161
    endloop
  endfacet
  facet normal -1 0 0
    outer loop
      vertex -0.0149999997 -2.5470922 1.65508294
      vertex -0.0149999997 -2.55049753 1.6562537
      vertex -0.0149999997 -2.50282359 2.34950161
    endloop
  endfacet
  facet normal -1 0 0
    outer loop
      vertex -0.0149999997 -2.53687644 1.65157092
      vertex -0.0149999997 -2.54028177 1.65274155
      vertex -0.0149999997 -2.49941826 2.3502233
    endloop
  endfacet
  facet normal -1 0 0
    outer loop
      vertex -0.0149999997 -2.54028177 1.65274155
      vertex -0.0149999997 -2.54368687 1.65391231
      vertex -0.0149999997 -2.49941826 2.3502233
    endloop
  endfacet
  facet normal -1 0 0
    outer loop
      vertex -0.0149999997 -2.54368687 1.65391231
      vertex -0.0149999997 -2.50282359 2.34950161
      vertex -0.0149999997 -2.49941826 2.3502233
    endloop
  endfacet
  facet normal -1 0 0
    outer loop
      vertex -0.0149999997 -2.53006577 1.64922953
      vertex -0.0149999997 -2.53347111 1.65040016
      vertex -0.0149999997 -2.49941826 1.64063549
    endloop
  endfacet
  facet normal -1 0 0
    outer loop
      vertex -0.0149999997 -2.53347111 1.65040016
      vertex -0.0149999997 -2.53687644 1.65157092
      vertex -0.0149999997 -2.49941826 2.3502233
    endloop
  endfacet
  facet normal -1 0 0
    outer loop
      vertex -0.0149999997 -2.49941826 1.64063549
      vertex -0.0149999997 -2.53347111 1.65040016
      vertex -0.0149999997 -2.49941826 2.3502233
    endloop
  endfacet
  facet normal -1 0 -0
    outer loop
      vertex -0.0149999997 -2.49601293 2.35125208
      vertex -0.0149999997 -2.49260783 2.35228109
      vertex -0.0149999997 -2.49941826 1.64063549
    endloop
  endfacet
  facet normal -1 0 -0
    outer loop
      vertex -0.0149999997 -2.49260783 2.35228109
      vertex -0.0149999997 -2.4892025 2.35330987
      vertex -0.0149999997 -2.49601293 1.63998079
    endloop
  endfacet
  facet normal -1 0 0
    outer loop
      vertex -0.0149999997 -2.49941826 1.64063549
      vertex -0.0149999997 -2.49260783 2.35228109
      vertex -0.0149999997 -2.49601293 1.63998079
    endloop
  endfacet
  facet normal -1 0 0
    outer loop
      vertex -0.0149999997 -2.49941826 2.3502233
      vertex -0.0149999997 -2.49601293 2.35125208
      vertex -0.0149999997 -2.49941826 1.64063549
    endloop
  endfacet
  facet normal -0.99999994 0 0
    outer loop
      vertex -0.0149999997 -2.52325535 1.64688814
      vertex -0.0149999997 -2.52666068 1.64805877
      vertex -0.0149999997 -2.49941826 1.64063549
    endloop
  endfacet
  facet normal -0.99999994 0 0
    outer loop
      vertex -0.0149999997 -2.52666068 1.64805877
      vertex -0.0149999997 -2.53006577 1.64922953
      vertex -0.0149999997 -2.49941826 1.64063549
    endloop
  endfacet
  facet normal -1 0 0
    outer loop
      vertex -0.0149999997 -2.4892025 2.35330987
      vertex -0.0149999997 -2.48579717 2.35433865
      vertex -0.0149999997 -2.32234383 1.64718616
    endloop
  endfacet
  facet normal -1 0 0
    outer loop
      vertex -0.0149999997 -2.48239183 2.35536742
      vertex -0.0149999997 -2.47898674 2.3563962
      vertex -0.0149999997 -2.32234383 1.64718616
    endloop
  endfacet
  facet normal -1 0 0
    outer loop
      vertex -0.0149999997 -2.47898674 2.3563962
      vertex -0.0149999997 -2.47558141 2.35742497
      vertex -0.0149999997 -2.32234383 1.64718616
    endloop
  endfacet
  facet normal -1 0 -0
    outer loop
      vertex -0.0149999997 -2.4892025 2.35330987
      vertex -0.0149999997 -2.45855498 1.63450766
      vertex -0.0149999997 -2.49260783 1.6393261
    endloop
  endfacet
  facet normal -0.99999994 0 0
    outer loop
      vertex -0.0149999997 -2.48579717 2.35433865
      vertex -0.0149999997 -2.48239183 2.35536742
      vertex -0.0149999997 -2.32234383 1.64718616
    endloop
  endfacet
  facet normal -1 0 0
    outer loop
      vertex -0.0149999997 -2.51644468 1.64454675
      vertex -0.0149999997 -2.51985002 1.64571738
      vertex -0.0149999997 -2.50622892 1.64194477
    endloop
  endfacet
  facet normal -1 0 0
    outer loop
      vertex -0.0149999997 -2.51985002 1.64571738
      vertex -0.0149999997 -2.52325535 1.64688814
      vertex -0.0149999997 -2.50282359 1.64129007
    endloop
  endfacet
  facet normal -1 0 0
    outer loop
      vertex -0.0149999997 -2.50622892 1.64194477
      vertex -0.0149999997 -2.51985002 1.64571738
      vertex -0.0149999997 -2.50282359 1.64129007
    endloop
  endfacet
  facet normal -1 0 0
    outer loop
      vertex -0.0149999997 -2.50963426 1.64259946
      vertex -0.0149999997 -2.51303935 1.64337599
      vertex -0.0149999997 -2.51644468 1.64454675
    endloop
  endfacet
  facet normal -1 0 0
    outer loop
      vertex -0.0149999997 -2.49941826 1.64063549
      vertex -0.0149999997 -2.50282359 1.64129007
      vertex -0.0149999997 -2.52325535 1.64688814
    endloop
  endfacet
  facet normal -1 0 0
    outer loop
      vertex -0.0149999997 -2.50622892 1.64194477
      vertex -0.0149999997 -2.50963426 1.64259946
      vertex -0.0149999997 -2.51644468 1.64454675
    endloop
  endfacet
  facet normal -1 0 0
    outer loop
      vertex -0.0149999997 -2.49601293 1.63998079
      vertex -0.0149999997 -2.4892025 2.35330987
      vertex -0.0149999997 -2.49260783 1.6393261
    endloop
  endfacet
  facet normal -1 0 0
    outer loop
      vertex -0.0149999997 -2.45855498 1.63450766
      vertex -0.0149999997 -2.4892025 2.35330987
      vertex -0.0149999997 -2.45514965 1.63420784
    endloop
  endfacet
  facet normal -1 0 0
    outer loop
      vertex -0.0149999997 -2.47217607 2.35845375
      vertex -0.0149999997 -2.46877074 2.35948277
      vertex -0.0149999997 -2.32234383 1.64718616
    endloop
  endfacet
  facet normal -1 0 0
    outer loop
      vertex -0.0149999997 -2.46877074 2.35948277
      vertex -0.0149999997 -2.46536541 2.36051154
      vertex -0.0149999997 -2.31893849 1.64799225
    endloop
  endfacet
  facet normal -1 0 0
    outer loop
      vertex -0.0149999997 -2.46536541 1.63510728
      vertex -0.0149999997 -2.4892025 1.6386714
      vertex -0.0149999997 -2.46196032 1.63480747
    endloop
  endfacet
  facet normal -1 0 0
    outer loop
      vertex -0.0149999997 -2.47558141 2.35742497
      vertex -0.0149999997 -2.47217607 2.35845375
      vertex -0.0149999997 -2.32234383 1.64718616
    endloop
  endfacet
  facet normal -1 0 0
    outer loop
      vertex -0.0149999997 -2.45514965 1.63420784
      vertex -0.0149999997 -2.4892025 2.35330987
      vertex -0.0149999997 -2.32234383 1.64718616
    endloop
  endfacet
  facet normal -1 0 0
    outer loop
      vertex -0.0149999997 -2.4892025 1.6386714
      vertex -0.0149999997 -2.46536541 1.63510728
      vertex -0.0149999997 -2.48579717 1.6380167
    endloop
  endfacet
  facet normal -0.99999994 0 0
    outer loop
      vertex -0.0149999997 -2.46536541 2.36051154
      vertex -0.0149999997 -2.46196032 2.36154032
      vertex -0.0149999997 -2.44152856 2.36690617
    endloop
  endfacet
  facet normal -1 0 0
    outer loop
      vertex -0.0149999997 -2.49260783 1.6393261
      vertex -0.0149999997 -2.46196032 1.63480747
      vertex -0.0149999997 -2.4892025 1.6386714
    endloop
  endfacet
  facet normal -0.99999994 0 0
    outer loop
      vertex -0.0149999997 -2.46196032 1.63480747
      vertex -0.0149999997 -2.49260783 1.6393261
      vertex -0.0149999997 -2.45855498 1.63450766
    endloop
  endfacet
  facet normal -0.99999994 0 0
    outer loop
      vertex -0.0149999997 -2.46196032 2.36154032
      vertex -0.0149999997 -2.45855498 2.36256909
      vertex -0.0149999997 -2.44833922 2.3652873
    endloop
  endfacet
  facet normal -1 0 0
    outer loop
      vertex -0.0149999997 -2.44152856 2.36690617
      vertex -0.0149999997 -2.46196032 2.36154032
      vertex -0.0149999997 -2.44493389 2.36609674
    endloop
  endfacet
  facet normal -1 0 0
    outer loop
      vertex -0.0149999997 -2.45855498 2.36256909
      vertex -0.0149999997 -2.45514965 2.36359787
      vertex -0.0149999997 -2.45174432 2.36447787
    endloop
  endfacet
  facet normal -1 0 -0
    outer loop
      vertex -0.0149999997 -2.45174432 2.36447787
      vertex -0.0149999997 -2.44833922 2.3652873
      vertex -0.0149999997 -2.45855498 2.36256909
    endloop
  endfacet
  facet normal -1 0 -0
    outer loop
      vertex -0.0149999997 -2.44833922 2.3652873
      vertex -0.0149999997 -2.44493389 2.36609674
      vertex -0.0149999997 -2.46196032 2.36154032
    endloop
  endfacet
  facet normal -1 0 0
    outer loop
      vertex -0.0149999997 -2.48579717 1.6380167
      vertex -0.0149999997 -2.46536541 1.63510728
      vertex -0.0149999997 -2.48239183 1.637362
    endloop
  endfacet
  facet normal -1 0 0
    outer loop
      vertex -0.0149999997 -2.46536541 2.36051154
      vertex -0.0149999997 -2.44152856 2.36690617
      vertex -0.0149999997 -2.31893849 1.64799225
    endloop
  endfacet
  facet normal -1 0 0
    outer loop
      vertex -0.0149999997 -2.44152856 2.36690617
      vertex -0.0149999997 -2.43812323 2.3677156
      vertex -0.0149999997 -2.31893849 1.64799225
    endloop
  endfacet
  facet normal -1 0 0
    outer loop
      vertex -0.0149999997 -2.48239183 1.637362
      vertex -0.0149999997 -2.46536541 1.63510728
      vertex -0.0149999997 -2.46877074 1.63540709
    endloop
  endfacet
  facet normal -1 0 0
    outer loop
      vertex -0.0149999997 -2.47558141 1.63605261
      vertex -0.0149999997 -2.47898674 1.63670731
      vertex -0.0149999997 -2.47217607 1.6357069
    endloop
  endfacet
  facet normal -1 0 0
    outer loop
      vertex -0.0149999997 -2.47898674 1.63670731
      vertex -0.0149999997 -2.48239183 1.637362
      vertex -0.0149999997 -2.46877074 1.63540709
    endloop
  endfacet
  facet normal -1 0 0
    outer loop
      vertex -0.0149999997 -2.46877074 1.63540709
      vertex -0.0149999997 -2.47217607 1.6357069
      vertex -0.0149999997 -2.47898674 1.63670731
    endloop
  endfacet
  facet normal -1 0 0
    outer loop
      vertex -0.0149999997 -2.45514965 1.63420784
      vertex -0.0149999997 -2.32234383 1.64718616
      vertex -0.0149999997 -2.44493389 1.63344157
    endloop
  endfacet
  facet normal -1 0 0
    outer loop
      vertex -0.0149999997 -2.31553316 1.64867687
      vertex -0.0149999997 -2.42790747 2.37014389
      vertex -0.0149999997 -2.31212783 1.64936149
    endloop
  endfacet
  facet normal -1 0 0
    outer loop
      vertex -0.0149999997 -2.43812323 2.3677156
      vertex -0.0149999997 -2.43471789 2.36852503
      vertex -0.0149999997 -2.31893849 1.64799225
    endloop
  endfacet
  facet normal -1 0 0
    outer loop
      vertex -0.0149999997 -2.43471789 2.36852503
      vertex -0.0149999997 -2.4313128 2.36933446
      vertex -0.0149999997 -2.31893849 1.64799225
    endloop
  endfacet
  facet normal -1 0 0
    outer loop
      vertex -0.0149999997 -2.4313128 2.36933446
      vertex -0.0149999997 -2.42790747 2.37014389
      vertex -0.0149999997 -2.31553316 1.64867687
    endloop
  endfacet
  facet normal -1 0 0
    outer loop
      vertex -0.0149999997 -2.42790747 2.37014389
      vertex -0.0149999997 -2.42450213 2.37095332
      vertex -0.0149999997 -2.31212783 1.64936149
    endloop
  endfacet
  facet normal -1 0 0
    outer loop
      vertex -0.0149999997 -2.32234383 1.64718616
      vertex -0.0149999997 -2.46877074 2.35948277
      vertex -0.0149999997 -2.31893849 1.64799225
    endloop
  endfacet
  facet normal -1 0 0
    outer loop
      vertex -0.0149999997 -2.35639668 2.38117313
      vertex -0.0149999997 -2.4210968 2.37176275
      vertex -0.0149999997 -2.41769171 2.37257218
    endloop
  endfacet
  facet normal -1 0 0
    outer loop
      vertex -0.0149999997 -2.44833922 1.6336503
      vertex -0.0149999997 -2.45174432 1.63390803
      vertex -0.0149999997 -2.45514965 1.63420784
    endloop
  endfacet
  facet normal -1 0 0
    outer loop
      vertex -0.0149999997 -2.4210968 2.37176275
      vertex -0.0149999997 -2.35639668 2.38117313
      vertex -0.0149999997 -2.3053174 1.65073085
    endloop
  endfacet
  facet normal -1 0 0
    outer loop
      vertex -0.0149999997 -2.44493389 1.63344157
      vertex -0.0149999997 -2.32234383 1.64718616
      vertex -0.0149999997 -2.32574892 1.64617276
    endloop
  endfacet
  facet normal -1 0 0
    outer loop
      vertex -0.0149999997 -2.41769171 2.37257218
      vertex -0.0149999997 -2.41428638 2.37338161
      vertex -0.0149999997 -2.35980177 2.38097954
    endloop
  endfacet
  facet normal -0.99999994 0 0
    outer loop
      vertex -0.0149999997 -2.42450213 2.37095332
      vertex -0.0149999997 -2.4210968 2.37176275
      vertex -0.0149999997 -2.30872273 1.65004611
    endloop
  endfacet
  facet normal -1 0 0
    outer loop
      vertex -0.0149999997 -2.44833922 1.6336503
      vertex -0.0149999997 -2.45514965 1.63420784
      vertex -0.0149999997 -2.44493389 1.63344157
    endloop
  endfacet
  facet normal -1 0 0
    outer loop
      vertex -0.0149999997 -2.44493389 1.63344157
      vertex -0.0149999997 -2.32574892 1.64617276
      vertex -0.0149999997 -2.32915425 1.64515924
    endloop
  endfacet
  facet normal -1 0 0
    outer loop
      vertex -0.0149999997 -2.41428638 2.37338161
      vertex -0.0149999997 -2.41088104 2.37419105
      vertex -0.0149999997 -2.3632071 2.3807857
    endloop
  endfacet
  facet normal -1 0 0
    outer loop
      vertex -0.0149999997 -2.44152856 1.63323283
      vertex -0.0149999997 -2.44493389 1.63344157
      vertex -0.0149999997 -2.32915425 1.64515924
    endloop
  endfacet
  facet normal -1 0 0
    outer loop
      vertex -0.0149999997 -2.43812323 1.6330241
      vertex -0.0149999997 -2.44152856 1.63323283
      vertex -0.0149999997 -2.40066528 1.63305545
    endloop
  endfacet
  facet normal -1 0 0
    outer loop
      vertex -0.0149999997 -2.44152856 1.63323283
      vertex -0.0149999997 -2.32915425 1.64515924
      vertex -0.0149999997 -2.40066528 1.63305545
    endloop
  endfacet
  facet normal -1 -0 0
    outer loop
      vertex -0.0149999997 -2.33596492 1.64313221
      vertex -0.0149999997 -2.39725995 1.63321662
      vertex -0.0149999997 -2.33255959 1.64414573
    endloop
  endfacet
  facet normal -0.99999994 0 0
    outer loop
      vertex -0.0149999997 -2.41088104 2.37419105
      vertex -0.0149999997 -2.40747571 2.37500048
      vertex -0.0149999997 -2.36661243 2.38059211
    endloop
  endfacet
  facet normal -1 0 0
    outer loop
      vertex -0.0149999997 -2.31893849 1.64799225
      vertex -0.0149999997 -2.4313128 2.36933446
      vertex -0.0149999997 -2.31553316 1.64867687
    endloop
  endfacet
  facet normal -1 0 0
    outer loop
      vertex -0.0149999997 -2.40407038 2.37580991
      vertex -0.0149999997 -2.40066528 2.37661934
      vertex -0.0149999997 -2.37682819 2.38001108
    endloop
  endfacet
  facet normal -1 0 0
    outer loop
      vertex -0.0149999997 -2.40066528 2.37661934
      vertex -0.0149999997 -2.39725995 2.37742877
      vertex -0.0149999997 -2.38023353 2.37981749
    endloop
  endfacet
  facet normal -1 0 0
    outer loop
      vertex -0.0149999997 -2.38023353 2.37981749
      vertex -0.0149999997 -2.39725995 2.37742877
      vertex -0.0149999997 -2.38363886 2.37962365
    endloop
  endfacet
  facet normal -1 0 0
    outer loop
      vertex -0.0149999997 -2.40747571 2.37500048
      vertex -0.0149999997 -2.40407038 2.37580991
      vertex -0.0149999997 -2.37001777 2.38039851
    endloop
  endfacet
  facet normal -1 0 0
    outer loop
      vertex -0.0149999997 -2.43471789 1.63281536
      vertex -0.0149999997 -2.43812323 1.6330241
      vertex -0.0149999997 -2.40747571 1.63273299
    endloop
  endfacet
  facet normal -1 0 0
    outer loop
      vertex -0.0149999997 -2.39725995 1.63321662
      vertex -0.0149999997 -2.33596492 1.64313221
      vertex -0.0149999997 -2.39385462 1.63337779
    endloop
  endfacet
  facet normal -1 0 0
    outer loop
      vertex -0.0149999997 -2.40066528 1.63305545
      vertex -0.0149999997 -2.33255959 1.64414573
      vertex -0.0149999997 -2.39725995 1.63321662
    endloop
  endfacet
  facet normal -1 0 0
    outer loop
      vertex -0.0149999997 -2.42790747 1.63239789
      vertex -0.0149999997 -2.4313128 1.63260663
      vertex -0.0149999997 -2.4210968 1.63224947
    endloop
  endfacet
  facet normal -1 0 0
    outer loop
      vertex -0.0149999997 -2.4313128 1.63260663
      vertex -0.0149999997 -2.43471789 1.63281536
      vertex -0.0149999997 -2.41088104 1.63257182
    endloop
  endfacet
  facet normal -1 0 0
    outer loop
      vertex -0.0149999997 -2.4210968 1.63224947
      vertex -0.0149999997 -2.4313128 1.63260663
      vertex -0.0149999997 -2.41428638 1.63241065
    endloop
  endfacet
  facet normal -1 0 0
    outer loop
      vertex -0.0149999997 -2.4210968 1.63224947
      vertex -0.0149999997 -2.42450213 1.63224947
      vertex -0.0149999997 -2.42790747 1.63239789
    endloop
  endfacet
  facet normal -1 0 0
    outer loop
      vertex -0.0149999997 -2.41428638 1.63241065
      vertex -0.0149999997 -2.41769171 1.63224947
      vertex -0.0149999997 -2.4210968 1.63224947
    endloop
  endfacet
  facet normal -1 -0 0
    outer loop
      vertex -0.0149999997 -2.41088104 1.63257182
      vertex -0.0149999997 -2.41428638 1.63241065
      vertex -0.0149999997 -2.4313128 1.63260663
    endloop
  endfacet
  facet normal -1 -0 0
    outer loop
      vertex -0.0149999997 -2.33255959 1.64414573
      vertex -0.0149999997 -2.40066528 1.63305545
      vertex -0.0149999997 -2.32915425 1.64515924
    endloop
  endfacet
  facet normal -1 0 0
    outer loop
      vertex -0.0149999997 -2.39725995 2.37742877
      vertex -0.0149999997 -2.39385462 2.3782382
      vertex -0.0149999997 -2.38363886 2.37962365
    endloop
  endfacet
  facet normal -0.99999994 0 0
    outer loop
      vertex -0.0149999997 -2.39385462 2.3782382
      vertex -0.0149999997 -2.39044929 2.37904763
      vertex -0.0149999997 -2.38704419 2.37943006
    endloop
  endfacet
  facet normal -0.99999994 0 -0
    outer loop
      vertex -0.0149999997 -2.38023353 2.37981749
      vertex -0.0149999997 -2.37682819 2.38001108
      vertex -0.0149999997 -2.40066528 2.37661934
    endloop
  endfacet
  facet normal -0.99999994 0 0
    outer loop
      vertex -0.0149999997 -2.39385462 2.3782382
      vertex -0.0149999997 -2.38704419 2.37943006
      vertex -0.0149999997 -2.38363886 2.37962365
    endloop
  endfacet
  facet normal -1 0 0
    outer loop
      vertex -0.0149999997 -2.40066528 1.63305545
      vertex -0.0149999997 -2.40407038 1.63289416
      vertex -0.0149999997 -2.43812323 1.6330241
    endloop
  endfacet
  facet normal -1 -0 0
    outer loop
      vertex -0.0149999997 -2.40407038 1.63289416
      vertex -0.0149999997 -2.40747571 1.63273299
      vertex -0.0149999997 -2.43812323 1.6330241
    endloop
  endfacet
  facet normal -1 -0 0
    outer loop
      vertex -0.0149999997 -2.40747571 1.63273299
      vertex -0.0149999997 -2.41088104 1.63257182
      vertex -0.0149999997 -2.43471789 1.63281536
    endloop
  endfacet
  facet normal -1 0 0
    outer loop
      vertex -0.0149999997 -2.37342286 2.38020468
      vertex -0.0149999997 -2.40407038 2.37580991
      vertex -0.0149999997 -2.37682819 2.38001108
    endloop
  endfacet
  facet normal -1 0 -0
    outer loop
      vertex -0.0149999997 -2.37342286 2.38020468
      vertex -0.0149999997 -2.37001777 2.38039851
      vertex -0.0149999997 -2.40407038 2.37580991
    endloop
  endfacet
  facet normal -1 0 -0
    outer loop
      vertex -0.0149999997 -2.37001777 2.38039851
      vertex -0.0149999997 -2.36661243 2.38059211
      vertex -0.0149999997 -2.40747571 2.37500048
    endloop
  endfacet
  facet normal -1 0 -0
    outer loop
      vertex -0.0149999997 -2.3632071 2.3807857
      vertex -0.0149999997 -2.35980177 2.38097954
      vertex -0.0149999997 -2.41428638 2.37338161
    endloop
  endfacet
  facet normal -1 0 -0
    outer loop
      vertex -0.0149999997 -2.35980177 2.38097954
      vertex -0.0149999997 -2.35639668 2.38117313
      vertex -0.0149999997 -2.41769171 2.37257218
    endloop
  endfacet
  facet normal -1 0 0
    outer loop
      vertex -0.0149999997 -2.38704419 1.63374031
      vertex -0.0149999997 -2.33937025 1.64211881
      vertex -0.0149999997 -2.34277534 1.64110899
    endloop
  endfacet
  facet normal -1 0 -0
    outer loop
      vertex -0.0149999997 -2.36661243 2.38059211
      vertex -0.0149999997 -2.3632071 2.3807857
      vertex -0.0149999997 -2.41088104 2.37419105
    endloop
  endfacet
  facet normal -1 -0 0
    outer loop
      vertex -0.0149999997 -2.39044929 1.63354063
      vertex -0.0149999997 -2.39385462 1.63337779
      vertex -0.0149999997 -2.33937025 1.64211881
    endloop
  endfacet
  facet normal -1 0 0
    outer loop
      vertex -0.0149999997 -2.38704419 1.63374031
      vertex -0.0149999997 -2.34277534 1.64110899
      vertex -0.0149999997 -2.38363886 1.63393986
    endloop
  endfacet
  facet normal -1 0 0
    outer loop
      vertex -0.0149999997 -2.35639668 2.38117313
      vertex -0.0149999997 -2.35299134 2.38136697
      vertex -0.0149999997 -2.3053174 1.65073085
    endloop
  endfacet
  facet normal -1 0 0
    outer loop
      vertex -0.0149999997 -2.35299134 2.38136697
      vertex -0.0149999997 -2.34958601 2.38156056
      vertex -0.0149999997 -2.30191207 1.65141547
    endloop
  endfacet
  facet normal -1 -0 0
    outer loop
      vertex -0.0149999997 -2.33937025 1.64211881
      vertex -0.0149999997 -2.39385462 1.63337779
      vertex -0.0149999997 -2.33596492 1.64313221
    endloop
  endfacet
  facet normal -1 0 0
    outer loop
      vertex -0.0149999997 -2.33937025 1.64211881
      vertex -0.0149999997 -2.38704419 1.63374031
      vertex -0.0149999997 -2.39044929 1.63354063
    endloop
  endfacet
  facet normal -1 -0 0
    outer loop
      vertex -0.0149999997 -2.38023353 1.63413954
      vertex -0.0149999997 -2.38363886 1.63393986
      vertex -0.0149999997 -2.34618068 1.64011121
    endloop
  endfacet
  facet normal -1 -0 0
    outer loop
      vertex -0.0149999997 -2.34958601 1.63911331
      vertex -0.0149999997 -2.38023353 1.63413954
      vertex -0.0149999997 -2.34618068 1.64011121
    endloop
  endfacet
  facet normal -1 0 0
    outer loop
      vertex -0.0149999997 -2.34618068 2.38175416
      vertex -0.0149999997 -2.34277534 2.38194799
      vertex -0.0149999997 -2.30191207 1.65141547
    endloop
  endfacet
  facet normal -1 0 0
    outer loop
      vertex -0.0149999997 -2.34277534 2.38194799
      vertex -0.0149999997 -2.33937025 2.38214159
      vertex -0.0149999997 -2.29850674 1.65205228
    endloop
  endfacet
  facet normal -1 0 0
    outer loop
      vertex -0.0149999997 -2.38363886 1.63393986
      vertex -0.0149999997 -2.34277534 1.64110899
      vertex -0.0149999997 -2.34618068 1.64011121
    endloop
  endfacet
  facet normal -1 0 0
    outer loop
      vertex -0.0149999997 -2.34958601 2.38156056
      vertex -0.0149999997 -2.34618068 2.38175416
      vertex -0.0149999997 -2.30191207 1.65141547
    endloop
  endfacet
  facet normal -1 0 0
    outer loop
      vertex -0.0149999997 -2.38023353 1.63413954
      vertex -0.0149999997 -2.34958601 1.63911331
      vertex -0.0149999997 -2.37682819 1.63433921
    endloop
  endfacet
  facet normal -1 0 0
    outer loop
      vertex -0.0149999997 -2.33937025 2.38214159
      vertex -0.0149999997 -2.33596492 2.38233542
      vertex -0.0149999997 -2.29850674 1.65205228
    endloop
  endfacet
  facet normal -1 0 0
    outer loop
      vertex -0.0149999997 -2.33596492 2.38233542
      vertex -0.0149999997 -2.33255959 2.38252902
      vertex -0.0149999997 -2.29850674 1.65205228
    endloop
  endfacet
  facet normal -1 0 0
    outer loop
      vertex -0.0149999997 -2.32915425 2.38272262
      vertex -0.0149999997 -2.32574892 2.38291645
      vertex -0.0149999997 -2.29850674 1.65205228
    endloop
  endfacet
  facet normal -1 0 0
    outer loop
      vertex -0.0149999997 -2.32574892 2.38291645
      vertex -0.0149999997 -2.32234383 2.38311005
      vertex -0.0149999997 -2.2951014 1.65255225
    endloop
  endfacet
  facet normal -0.99999994 0 0
    outer loop
      vertex -0.0149999997 -2.33255959 2.38252902
      vertex -0.0149999997 -2.32915425 2.38272262
      vertex -0.0149999997 -2.29850674 1.65205228
    endloop
  endfacet
  facet normal -1 0 0
    outer loop
      vertex -0.0149999997 -2.37682819 1.63433921
      vertex -0.0149999997 -2.34958601 1.63911331
      vertex -0.0149999997 -2.35299134 1.63811553
    endloop
  endfacet
  facet normal -1 0 0
    outer loop
      vertex -0.0149999997 -2.37682819 1.63433921
      vertex -0.0149999997 -2.35299134 1.63811553
      vertex -0.0149999997 -2.37342286 1.63453889
    endloop
  endfacet
  facet normal -1 -0 0
    outer loop
      vertex -0.0149999997 -2.36661243 1.63493812
      vertex -0.0149999997 -2.37001777 1.63473845
      vertex -0.0149999997 -2.35639668 1.63711762
    endloop
  endfacet
  facet normal -1 -0 0
    outer loop
      vertex -0.0149999997 -2.37001777 1.63473845
      vertex -0.0149999997 -2.37342286 1.63453889
      vertex -0.0149999997 -2.35639668 1.63711762
    endloop
  endfacet
  facet normal -1 -0 0
    outer loop
      vertex -0.0149999997 -2.35639668 1.63711762
      vertex -0.0149999997 -2.37342286 1.63453889
      vertex -0.0149999997 -2.35299134 1.63811553
    endloop
  endfacet
  facet normal -1 -0 0
    outer loop
      vertex -0.0149999997 -2.3632071 1.6351378
      vertex -0.0149999997 -2.36661243 1.63493812
      vertex -0.0149999997 -2.35980177 1.63611984
    endloop
  endfacet
  facet normal -1 0 0
    outer loop
      vertex -0.0149999997 -2.35639668 1.63711762
      vertex -0.0149999997 -2.35980177 1.63611984
      vertex -0.0149999997 -2.36661243 1.63493812
    endloop
  endfacet
  facet normal -1 0 0
    outer loop
      vertex -0.0149999997 -2.32234383 2.38311005
      vertex -0.0149999997 -2.31893849 2.38330388
      vertex -0.0149999997 -2.29169631 1.65305221
    endloop
  endfacet
  facet normal -1 0 0
    outer loop
      vertex -0.0149999997 -2.31893849 2.38330388
      vertex -0.0149999997 -2.31553316 2.38349748
      vertex -0.0149999997 -2.28829098 2.38372517
    endloop
  endfacet
  facet normal -1 0 0
    outer loop
      vertex -0.0149999997 -2.30872273 1.65004611
      vertex -0.0149999997 -2.4210968 2.37176275
      vertex -0.0149999997 -2.3053174 1.65073085
    endloop
  endfacet
  facet normal -1 0 0
    outer loop
      vertex -0.0149999997 -2.35299134 2.38136697
      vertex -0.0149999997 -2.30191207 1.65141547
      vertex -0.0149999997 -2.3053174 1.65073085
    endloop
  endfacet
  facet normal -1 0 0
    outer loop
      vertex -0.0149999997 -2.30191207 1.65141547
      vertex -0.0149999997 -2.34277534 2.38194799
      vertex -0.0149999997 -2.29850674 1.65205228
    endloop
  endfacet
  facet normal -1 0 0
    outer loop
      vertex -0.0149999997 -2.31212783 2.38369107
      vertex -0.0149999997 -2.30872273 2.38388491
      vertex -0.0149999997 -2.2951014 2.38395452
    endloop
  endfacet
  facet normal -1 0 0
    outer loop
      vertex -0.0149999997 -2.30872273 2.38388491
      vertex -0.0149999997 -2.3053174 2.3840692
      vertex -0.0149999997 -2.30191207 2.3840692
    endloop
  endfacet
  facet normal -1 0 0
    outer loop
      vertex -0.0149999997 -2.31212783 1.64936149
      vertex -0.0149999997 -2.42450213 2.37095332
      vertex -0.0149999997 -2.30872273 1.65004611
    endloop
  endfacet
  facet normal -1 0 0
    outer loop
      vertex -0.0149999997 -2.31553316 2.38349748
      vertex -0.0149999997 -2.31212783 2.38369107
      vertex -0.0149999997 -2.29169631 2.38383985
    endloop
  endfacet
  facet normal -1 0 0
    outer loop
      vertex -0.0149999997 -2.30872273 2.38388491
      vertex -0.0149999997 -2.30191207 2.3840692
      vertex -0.0149999997 -2.2951014 2.38395452
    endloop
  endfacet
  facet normal -1 0 0
    outer loop
      vertex -0.0149999997 -2.30191207 2.3840692
      vertex -0.0149999997 -2.29850674 2.3840692
      vertex -0.0149999997 -2.2951014 2.38395452
    endloop
  endfacet
  facet normal -1 0 -0
    outer loop
      vertex -0.0149999997 -2.2951014 2.38395452
      vertex -0.0149999997 -2.29169631 2.38383985
      vertex -0.0149999997 -2.31212783 2.38369107
    endloop
  endfacet
  facet normal -1 0 -0
    outer loop
      vertex -0.0149999997 -2.29169631 2.38383985
      vertex -0.0149999997 -2.28829098 2.38372517
      vertex -0.0149999997 -2.31553316 2.38349748
    endloop
  endfacet
  facet normal -1 0 0
    outer loop
      vertex -0.0149999997 -2.29850674 1.65205228
      vertex -0.0149999997 -2.32574892 2.38291645
      vertex -0.0149999997 -2.2951014 1.65255225
    endloop
  endfacet
  facet normal -1 0 -0
    outer loop
      vertex -0.0149999997 -2.28829098 2.38372517
      vertex -0.0149999997 -2.28488564 2.38361049
      vertex -0.0149999997 -2.31893849 2.38330388
    endloop
  endfacet
  facet normal -1 0 0
    outer loop
      vertex -0.0149999997 -2.31893849 2.38330388
      vertex -0.0149999997 -2.28488564 2.38361049
      vertex -0.0149999997 -2.28829098 1.65355206
    endloop
  endfacet
  facet normal -1 0 -0
    outer loop
      vertex -0.0149999997 -2.28488564 2.38361049
      vertex -0.0149999997 -2.28148031 2.38349581
      vertex -0.0149999997 -2.28829098 1.65355206
    endloop
  endfacet
  facet normal -1 0 -0
    outer loop
      vertex -0.0149999997 -2.28148031 2.38349581
      vertex -0.0149999997 -2.27807522 2.38338113
      vertex -0.0149999997 -2.28488564 1.65405202
    endloop
  endfacet
  facet normal -1 0 0
    outer loop
      vertex -0.0149999997 -2.31893849 2.38330388
      vertex -0.0149999997 -2.28829098 1.65355206
      vertex -0.0149999997 -2.29169631 1.65305221
    endloop
  endfacet
  facet normal -1 0 0
    outer loop
      vertex -0.0149999997 -2.2951014 1.65255225
      vertex -0.0149999997 -2.32234383 2.38311005
      vertex -0.0149999997 -2.29169631 1.65305221
    endloop
  endfacet
  facet normal -1 0 -0
    outer loop
      vertex -0.0149999997 -2.27807522 2.38338113
      vertex -0.0149999997 -2.27466989 2.38326645
      vertex -0.0149999997 -2.28148031 1.65455186
    endloop
  endfacet
  facet normal -1 0 0
    outer loop
      vertex -0.0149999997 -2.28829098 1.65355206
      vertex -0.0149999997 -2.28148031 2.38349581
      vertex -0.0149999997 -2.28488564 1.65405202
    endloop
  endfacet
  facet normal -1 0 -0
    outer loop
      vertex -0.0149999997 -2.27466989 2.38326645
      vertex -0.0149999997 -2.27126455 2.38315177
      vertex -0.0149999997 -2.27807522 1.65505183
    endloop
  endfacet
  facet normal -1 0 -0
    outer loop
      vertex -0.0149999997 -2.27126455 2.38315177
      vertex -0.0149999997 -2.26785922 2.38303709
      vertex -0.0149999997 -2.27466989 1.65555167
    endloop
  endfacet
  facet normal -1 0 0
    outer loop
      vertex -0.0149999997 -2.28488564 1.65405202
      vertex -0.0149999997 -2.27807522 2.38338113
      vertex -0.0149999997 -2.28148031 1.65455186
    endloop
  endfacet
  facet normal -1 0 -0
    outer loop
      vertex -0.0149999997 -2.26785922 2.38303709
      vertex -0.0149999997 -2.26445389 2.38292241
      vertex -0.0149999997 -2.27126455 1.65605164
    endloop
  endfacet
  facet normal -0.99999994 0 -0
    outer loop
      vertex -0.0149999997 -2.26445389 2.38292241
      vertex -0.0149999997 -2.26104879 2.38280749
      vertex -0.0149999997 -2.26785922 1.65655148
    endloop
  endfacet
  facet normal -1 0 0
    outer loop
      vertex -0.0149999997 -2.28148031 1.65455186
      vertex -0.0149999997 -2.27466989 2.38326645
      vertex -0.0149999997 -2.27807522 1.65505183
    endloop
  endfacet
  facet normal -1 0 0
    outer loop
      vertex -0.0149999997 -2.27126455 2.38315177
      vertex -0.0149999997 -2.27466989 1.65555167
      vertex -0.0149999997 -2.27807522 1.65505183
    endloop
  endfacet
  facet normal -1 -0 0
    outer loop
      vertex -0.0149999997 -2.27126455 1.65605164
      vertex -0.0149999997 -2.27466989 1.65555167
      vertex -0.0149999997 -2.26785922 2.38303709
    endloop
  endfacet
  facet normal -1 -0 0
    outer loop
      vertex -0.0149999997 -2.26445389 1.65705144
      vertex -0.0149999997 -2.26785922 1.65655148
      vertex -0.0149999997 -2.26104879 2.38280749
    endloop
  endfacet
  facet normal -1 -0 0
    outer loop
      vertex -0.0149999997 -2.26785922 1.65655148
      vertex -0.0149999997 -2.27126455 1.65605164
      vertex -0.0149999997 -2.26445389 2.38292241
    endloop
  endfacet
  facet normal -0.99999994 0 0
    outer loop
      vertex -0.0149999997 -2.26445389 1.65705144
      vertex -0.0149999997 -2.2508328 2.38246346
      vertex -0.0149999997 -2.2474277 2.38234878
    endloop
  endfacet
  facet normal -1 0 -0
    outer loop
      vertex -0.0149999997 -2.26104879 2.38280749
      vertex -0.0149999997 -2.25764346 2.38269281
      vertex -0.0149999997 -2.26445389 1.65705144
    endloop
  endfacet
  facet normal -1 0 -0
    outer loop
      vertex -0.0149999997 -2.25423813 2.38257813
      vertex -0.0149999997 -2.2508328 2.38246346
      vertex -0.0149999997 -2.26445389 1.65705144
    endloop
  endfacet
  facet normal -1 0 0
    outer loop
      vertex -0.0149999997 -2.26445389 1.65705144
      vertex -0.0149999997 -2.25764346 2.38269281
      vertex -0.0149999997 -2.25423813 2.38257813
    endloop
  endfacet
  facet normal -1 0 0
    outer loop
      vertex -0.0149999997 -2.26445389 1.65705144
      vertex -0.0149999997 -2.2474277 2.38234878
      vertex -0.0149999997 -2.26104879 1.65708005
    endloop
  endfacet
  facet normal -1 0 -0
    outer loop
      vertex -0.0149999997 -2.2474277 2.38234878
      vertex -0.0149999997 -2.24402237 2.3822341
      vertex -0.0149999997 -2.26104879 1.65708005
    endloop
  endfacet
  facet normal -0.99999994 0 0
    outer loop
      vertex -0.0149999997 -2.26104879 1.65708005
      vertex -0.0149999997 -2.24402237 2.3822341
      vertex -0.0149999997 -2.25764346 1.65708005
    endloop
  endfacet
  facet normal -1 0 -0
    outer loop
      vertex -0.0149999997 -2.24402237 2.3822341
      vertex -0.0149999997 -2.24061704 2.38211942
      vertex -0.0149999997 -2.25764346 1.65708005
    endloop
  endfacet
  facet normal -1 0 -0
    outer loop
      vertex -0.0149999997 -2.2372117 2.38200474
      vertex -0.0149999997 -2.23380637 2.38189006
      vertex -0.0149999997 -2.25423813 1.65708005
    endloop
  endfacet
  facet normal -1 0 -0
    outer loop
      vertex -0.0149999997 -2.23380637 2.38189006
      vertex -0.0149999997 -2.23040128 2.38177538
      vertex -0.0149999997 -2.25423813 1.65708005
    endloop
  endfacet
  facet normal -1 0 0
    outer loop
      vertex -0.0149999997 -2.25764346 1.65708005
      vertex -0.0149999997 -2.24061704 2.38211942
      vertex -0.0149999997 -2.25423813 1.65708005
    endloop
  endfacet
  facet normal -1 0 -0
    outer loop
      vertex -0.0149999997 -2.24061704 2.38211942
      vertex -0.0149999997 -2.2372117 2.38200474
      vertex -0.0149999997 -2.25423813 1.65708005
    endloop
  endfacet
  facet normal -1 0 0
    outer loop
      vertex -0.0149999997 -2.24402237 1.65607917
      vertex -0.0149999997 -2.2474277 1.65641272
      vertex -0.0149999997 -2.18953776 2.37827802
    endloop
  endfacet
  facet normal -1 0 0
    outer loop
      vertex -0.0149999997 -2.2474277 1.65641272
      vertex -0.0149999997 -2.2508328 1.65674639
      vertex -0.0149999997 -2.1929431 2.3789103
    endloop
  endfacet
  facet normal -1 0 0
    outer loop
      vertex -0.0149999997 -2.1929431 2.3789103
      vertex -0.0149999997 -2.2508328 1.65674639
      vertex -0.0149999997 -2.25423813 1.65708005
    endloop
  endfacet
  facet normal -1 0 0
    outer loop
      vertex -0.0149999997 -2.25423813 1.65708005
      vertex -0.0149999997 -2.23040128 2.38177538
      vertex -0.0149999997 -2.22699594 2.3816607
    endloop
  endfacet
  facet normal -1 0 0
    outer loop
      vertex -0.0149999997 -2.25423813 1.65708005
      vertex -0.0149999997 -2.22699594 2.3816607
      vertex -0.0149999997 -2.1929431 2.3789103
    endloop
  endfacet
  facet normal -1 0 0
    outer loop
      vertex -0.0149999997 -2.22359061 2.38154602
      vertex -0.0149999997 -2.22018528 2.38143134
      vertex -0.0149999997 -2.1929431 2.3789103
    endloop
  endfacet
  facet normal -1 0 0
    outer loop
      vertex -0.0149999997 -2.22018528 2.38143134
      vertex -0.0149999997 -2.21678019 2.38131642
      vertex -0.0149999997 -2.1929431 2.3789103
    endloop
  endfacet
  facet normal -1 0 0
    outer loop
      vertex -0.0149999997 -2.2474277 1.65641272
      vertex -0.0149999997 -2.1929431 2.3789103
      vertex -0.0149999997 -2.18953776 2.37827802
    endloop
  endfacet
  facet normal -1 0 0
    outer loop
      vertex -0.0149999997 -2.22699594 2.3816607
      vertex -0.0149999997 -2.22359061 2.38154602
      vertex -0.0149999997 -2.1929431 2.3789103
    endloop
  endfacet
  facet normal -1 0 0
    outer loop
      vertex -0.0149999997 -2.24061704 1.65574551
      vertex -0.0149999997 -2.24402237 1.65607917
      vertex -0.0149999997 -2.18613267 2.37764549
    endloop
  endfacet
  facet normal -1 0 0
    outer loop
      vertex -0.0149999997 -2.1929431 2.3789103
      vertex -0.0149999997 -2.21337485 2.38120174
      vertex -0.0149999997 -2.19634843 2.37954283
    endloop
  endfacet
  facet normal -0.99999994 0 0
    outer loop
      vertex -0.0149999997 -2.2372117 1.65541184
      vertex -0.0149999997 -2.24061704 1.65574551
      vertex -0.0149999997 -2.18272734 2.37701297
    endloop
  endfacet
  facet normal -1 -0 -0
    outer loop
      vertex -0.0149999997 -2.21337485 2.38120174
      vertex -0.0149999997 -2.1929431 2.3789103
      vertex -0.0149999997 -2.21678019 2.38131642
    endloop
  endfacet
  facet normal -1 0 0
    outer loop
      vertex -0.0149999997 -2.19634843 2.37954283
      vertex -0.0149999997 -2.21337485 2.38120174
      vertex -0.0149999997 -2.20996952 2.38108706
    endloop
  endfacet
  facet normal -1 0 0
    outer loop
      vertex -0.0149999997 -2.22699594 1.65441084
      vertex -0.0149999997 -2.23040128 1.65474451
      vertex -0.0149999997 -2.17251134 2.37511563
    endloop
  endfacet
  facet normal -1 0 0
    outer loop
      vertex -0.0149999997 -2.23040128 1.65474451
      vertex -0.0149999997 -2.23380637 1.65507817
      vertex -0.0149999997 -2.17591667 2.37574816
    endloop
  endfacet
  facet normal -1 0 0
    outer loop
      vertex -0.0149999997 -2.23380637 1.65507817
      vertex -0.0149999997 -2.2372117 1.65541184
      vertex -0.0149999997 -2.179322 2.37638044
    endloop
  endfacet
  facet normal -1 0 0
    outer loop
      vertex -0.0149999997 -2.20996952 2.38108706
      vertex -0.0149999997 -2.20656419 2.38097239
      vertex -0.0149999997 -2.19975376 2.38017535
    endloop
  endfacet
  facet normal -1 0 0
    outer loop
      vertex -0.0149999997 -2.20656419 2.38097239
      vertex -0.0149999997 -2.20315886 2.38080764
      vertex -0.0149999997 -2.19975376 2.38017535
    endloop
  endfacet
  facet normal -0.99999994 0 0
    outer loop
      vertex -0.0149999997 -2.19634843 2.37954283
      vertex -0.0149999997 -2.20996952 2.38108706
      vertex -0.0149999997 -2.19975376 2.38017535
    endloop
  endfacet
  facet normal -1 0 0
    outer loop
      vertex -0.0149999997 -2.22359061 1.65407717
      vertex -0.0149999997 -2.22699594 1.65441084
      vertex -0.0149999997 -2.16910625 2.37448311
    endloop
  endfacet
  facet normal -1 0 0
    outer loop
      vertex -0.0149999997 -2.24402237 1.65607917
      vertex -0.0149999997 -2.18953776 2.37827802
      vertex -0.0149999997 -2.18613267 2.37764549
    endloop
  endfacet
  facet normal -1 0 0
    outer loop
      vertex -0.0149999997 -2.21678019 1.65340996
      vertex -0.0149999997 -2.22018528 1.65374351
      vertex -0.0149999997 -2.16229558 2.3732183
    endloop
  endfacet
  facet normal -0.99999994 0 0
    outer loop
      vertex -0.0149999997 -2.22018528 1.65374351
      vertex -0.0149999997 -2.22359061 1.65407717
      vertex -0.0149999997 -2.16570091 2.37385058
    endloop
  endfacet
  facet normal -0.99999994 -0 0
    outer loop
      vertex -0.0149999997 -2.18272734 2.37701297
      vertex -0.0149999997 -2.24061704 1.65574551
      vertex -0.0149999997 -2.18613267 2.37764549
    endloop
  endfacet
  facet normal -1 0 0
    outer loop
      vertex -0.0149999997 -2.23380637 1.65507817
      vertex -0.0149999997 -2.179322 2.37638044
      vertex -0.0149999997 -2.17591667 2.37574816
    endloop
  endfacet
  facet normal -1 0 0
    outer loop
      vertex -0.0149999997 -2.22699594 1.65441084
      vertex -0.0149999997 -2.17251134 2.37511563
      vertex -0.0149999997 -2.16910625 2.37448311
    endloop
  endfacet
  facet normal -1 0 0
    outer loop
      vertex -0.0149999997 -2.21337485 1.65307629
      vertex -0.0149999997 -2.21678019 1.65340996
      vertex -0.0149999997 -2.15889025 2.37258577
    endloop
  endfacet
  facet normal -1 0 0
    outer loop
      vertex -0.0149999997 -2.2372117 1.65541184
      vertex -0.0149999997 -2.18272734 2.37701297
      vertex -0.0149999997 -2.179322 2.37638044
    endloop
  endfacet
  facet normal -0.99999994 0 0
    outer loop
      vertex -0.0149999997 -2.20996952 1.65274262
      vertex -0.0149999997 -2.21337485 1.65307629
      vertex -0.0149999997 -2.15548491 2.37195325
    endloop
  endfacet
  facet normal -1 0 0
    outer loop
      vertex -0.0149999997 -2.23040128 1.65474451
      vertex -0.0149999997 -2.17591667 2.37574816
      vertex -0.0149999997 -2.17251134 2.37511563
    endloop
  endfacet
  facet normal -1 0 0
    outer loop
      vertex -0.0149999997 -2.22359061 1.65407717
      vertex -0.0149999997 -2.16910625 2.37448311
      vertex -0.0149999997 -2.16570091 2.37385058
    endloop
  endfacet
  facet normal -1 0 0
    outer loop
      vertex -0.0149999997 -2.22018528 1.65374351
      vertex -0.0149999997 -2.16570091 2.37385058
      vertex -0.0149999997 -2.16229558 2.3732183
    endloop
  endfacet
  facet normal -1 0 0
    outer loop
      vertex -0.0149999997 -2.21678019 1.65340996
      vertex -0.0149999997 -2.16229558 2.3732183
      vertex -0.0149999997 -2.15889025 2.37258577
    endloop
  endfacet
  facet normal -1 0 0
    outer loop
      vertex -0.0149999997 -2.20656419 1.65127778
      vertex -0.0149999997 -2.20996952 1.65274262
      vertex -0.0149999997 -1.87284684 2.22960472
    endloop
  endfacet
  facet normal -1 0 -0
    outer loop
      vertex -0.0149999997 -2.15889025 2.37258577
      vertex -0.0149999997 -2.15548491 2.37195325
      vertex -0.0149999997 -2.21337485 1.65307629
    endloop
  endfacet
  facet normal -1 0 -0
    outer loop
      vertex -0.0149999997 -2.15548491 2.37195325
      vertex -0.0149999997 -2.15207982 2.37132072
      vertex -0.0149999997 -2.20996952 1.65274262
    endloop
  endfacet
  facet normal -1 0 0
    outer loop
      vertex -0.0149999997 -2.20996952 1.65274262
      vertex -0.0149999997 -2.15207982 2.37132072
      vertex -0.0149999997 -2.14867449 2.37068844
    endloop
  endfacet
  facet normal -1 0 -0
    outer loop
      vertex -0.0149999997 -2.14867449 2.37068844
      vertex -0.0149999997 -2.14526916 2.37005591
      vertex -0.0149999997 -2.20996952 1.65274262
    endloop
  endfacet
  facet normal -1 0 0
    outer loop
      vertex -0.0149999997 -2.20996952 1.65274262
      vertex -0.0149999997 -2.14526916 2.37005591
      vertex -0.0149999997 -2.14186382 2.36942339
    endloop
  endfacet
  facet normal -1 0 -0
    outer loop
      vertex -0.0149999997 -2.14186382 2.36942339
      vertex -0.0149999997 -2.13845873 2.3687911
      vertex -0.0149999997 -2.20996952 1.65274262
    endloop
  endfacet
  facet normal -1 0 0
    outer loop
      vertex -0.0149999997 -2.13845873 2.3687911
      vertex -0.0149999997 -2.1350534 2.36815858
      vertex -0.0149999997 -2.0669477 2.34793591
    endloop
  endfacet
  facet normal -1 0 0
    outer loop
      vertex -0.0149999997 -2.20996952 1.65274262
      vertex -0.0149999997 -2.05673194 2.34388661
      vertex -0.0149999997 -2.05332661 2.34253669
    endloop
  endfacet
  facet normal -0.99999994 0 0
    outer loop
      vertex -0.0149999997 -2.19634843 1.64620554
      vertex -0.0149999997 -2.19975376 1.64789629
      vertex -0.0149999997 -1.85241508 2.21163249
    endloop
  endfacet
  facet normal -1 0 0
    outer loop
      vertex -0.0149999997 -2.19975376 1.64789629
      vertex -0.0149999997 -2.20315886 1.64958704
      vertex -0.0149999997 -1.85241508 2.21163249
    endloop
  endfacet
  facet normal -1 0 0
    outer loop
      vertex -0.0149999997 -2.20315886 1.64958704
      vertex -0.0149999997 -2.20656419 1.65127778
      vertex -0.0149999997 -1.85582042 2.21462798
    endloop
  endfacet
  facet normal -1 0 0
    outer loop
      vertex -0.0149999997 -2.1929431 1.64451492
      vertex -0.0149999997 -2.19634843 1.64620554
      vertex -0.0149999997 -1.84900987 2.208637
    endloop
  endfacet
  facet normal -1 0 0
    outer loop
      vertex -0.0149999997 -2.20996952 1.65274262
      vertex -0.0149999997 -2.13845873 2.3687911
      vertex -0.0149999997 -2.0669477 2.34793591
    endloop
  endfacet
  facet normal -1 0 0
    outer loop
      vertex -0.0149999997 -2.18272734 1.63944268
      vertex -0.0149999997 -2.18613267 1.64113343
      vertex -0.0149999997 -1.7979306 2.15604162
    endloop
  endfacet
  facet normal -1 0 0
    outer loop
      vertex -0.0149999997 -2.18613267 1.64113343
      vertex -0.0149999997 -2.18953776 1.64282417
      vertex -0.0149999997 -1.80133593 2.16018057
    endloop
  endfacet
  facet normal -1 -0 0
    outer loop
      vertex -0.0149999997 -2.03970551 2.33713746
      vertex -0.0149999997 -2.20996952 1.65274262
      vertex -0.0149999997 -2.04311085 2.33848739
    endloop
  endfacet
  facet normal -1 0 0
    outer loop
      vertex -0.0149999997 -2.20996952 1.65274262
      vertex -0.0149999997 -2.0669477 2.34793591
      vertex -0.0149999997 -2.06354237 2.34658623
    endloop
  endfacet
  facet normal -1 0 0
    outer loop
      vertex -0.0149999997 -2.179322 1.63775206
      vertex -0.0149999997 -2.18272734 1.63944268
      vertex -0.0149999997 -1.7979306 2.15604162
    endloop
  endfacet
  facet normal -1 0 0
    outer loop
      vertex -0.0149999997 -2.20996952 1.65274262
      vertex -0.0149999997 -2.03970551 2.33713746
      vertex -0.0149999997 -2.03630018 2.33578777
    endloop
  endfacet
  facet normal -1 -0 0
    outer loop
      vertex -0.0149999997 -1.97159994 2.30173588
      vertex -0.0149999997 -2.20996952 1.65274262
      vertex -0.0149999997 -1.97500515 2.30391693
    endloop
  endfacet
  facet normal -0.99999994 0 0
    outer loop
      vertex -0.0149999997 -2.18953776 1.64282417
      vertex -0.0149999997 -2.1929431 1.64451492
      vertex -0.0149999997 -1.84560454 2.20564175
    endloop
  endfacet
  facet normal -1 0 0
    outer loop
      vertex -0.0149999997 -2.20996952 1.65274262
      vertex -0.0149999997 -2.06354237 2.34658623
      vertex -0.0149999997 -2.06013727 2.3452363
    endloop
  endfacet
  facet normal -1 0 0
    outer loop
      vertex -0.0149999997 -2.1350534 2.36815858
      vertex -0.0149999997 -2.13164806 2.36752605
      vertex -0.0149999997 -2.07035303 2.34928584
    endloop
  endfacet
  facet normal -1 0 0
    outer loop
      vertex -0.0149999997 -2.0669477 2.34793591
      vertex -0.0149999997 -2.1350534 2.36815858
      vertex -0.0149999997 -2.07035303 2.34928584
    endloop
  endfacet
  facet normal -1 0 0
    outer loop
      vertex -0.0149999997 -2.20996952 1.65274262
      vertex -0.0149999997 -2.06013727 2.3452363
      vertex -0.0149999997 -2.05673194 2.34388661
    endloop
  endfacet
  facet normal -0.99999994 0 0
    outer loop
      vertex -0.0149999997 -2.20996952 1.65274262
      vertex -0.0149999997 -1.97159994 2.30173588
      vertex -0.0149999997 -1.9681946 2.29955482
    endloop
  endfacet
  facet normal -1 0 0
    outer loop
      vertex -0.0149999997 -2.20996952 1.65274262
      vertex -0.0149999997 -2.05332661 2.34253669
      vertex -0.0149999997 -2.04992127 2.341187
    endloop
  endfacet
  facet normal -1 -0 0
    outer loop
      vertex -0.0149999997 -2.04651618 2.33983707
      vertex -0.0149999997 -2.20996952 1.65274262
      vertex -0.0149999997 -2.04992127 2.341187
    endloop
  endfacet
  facet normal -1 0 0
    outer loop
      vertex -0.0149999997 -2.13164806 2.36752605
      vertex -0.0149999997 -2.12824273 2.36689353
      vertex -0.0149999997 -2.07375836 2.35063577
    endloop
  endfacet
  facet normal -1 0 0
    outer loop
      vertex -0.0149999997 -2.12824273 2.36689353
      vertex -0.0149999997 -2.1248374 2.36626124
      vertex -0.0149999997 -2.0771637 2.35198545
    endloop
  endfacet
  facet normal -1 0 0
    outer loop
      vertex -0.0149999997 -2.1248374 2.36626124
      vertex -0.0149999997 -2.1214323 2.36562872
      vertex -0.0149999997 -2.08056879 2.35333538
    endloop
  endfacet
  facet normal -1 0 0
    outer loop
      vertex -0.0149999997 -2.0771637 2.35198545
      vertex -0.0149999997 -2.1248374 2.36626124
      vertex -0.0149999997 -2.08056879 2.35333538
    endloop
  endfacet
  facet normal -1 0 0
    outer loop
      vertex -0.0149999997 -2.1214323 2.36562872
      vertex -0.0149999997 -2.11802697 2.36499619
      vertex -0.0149999997 -2.08737946 2.35603499
    endloop
  endfacet
  facet normal -1 0 0
    outer loop
      vertex -0.0149999997 -2.20996952 1.65274262
      vertex -0.0149999997 -2.04651618 2.33983707
      vertex -0.0149999997 -2.04311085 2.33848739
    endloop
  endfacet
  facet normal -1 0 0
    outer loop
      vertex -0.0149999997 -2.17591667 1.63606131
      vertex -0.0149999997 -2.179322 1.63775206
      vertex -0.0149999997 -1.79452538 2.15190244
    endloop
  endfacet
  facet normal -1 0 0
    outer loop
      vertex -0.0149999997 -2.11802697 2.36499619
      vertex -0.0149999997 -2.11462164 2.36436367
      vertex -0.0149999997 -2.09078479 2.35738468
    endloop
  endfacet
  facet normal -1 0 0
    outer loop
      vertex -0.0149999997 -2.11462164 2.36436367
      vertex -0.0149999997 -2.11121631 2.36373138
      vertex -0.0149999997 -2.09418988 2.35873461
    endloop
  endfacet
  facet normal -1 0 0
    outer loop
      vertex -0.0149999997 -2.11121631 2.36373138
      vertex -0.0149999997 -2.10781121 2.36309886
      vertex -0.0149999997 -2.09759521 2.3600843
    endloop
  endfacet
  facet normal -1 0 0
    outer loop
      vertex -0.0149999997 -2.10781121 2.36309886
      vertex -0.0149999997 -2.10440588 2.36246634
      vertex -0.0149999997 -2.10100055 2.36143422
    endloop
  endfacet
  facet normal -1 -0 -0
    outer loop
      vertex -0.0149999997 -2.09759521 2.3600843
      vertex -0.0149999997 -2.09418988 2.35873461
      vertex -0.0149999997 -2.11121631 2.36373138
    endloop
  endfacet
  facet normal -1 -0 -0
    outer loop
      vertex -0.0149999997 -2.09418988 2.35873461
      vertex -0.0149999997 -2.09078479 2.35738468
      vertex -0.0149999997 -2.11462164 2.36436367
    endloop
  endfacet
  facet normal -0.99999994 0 0
    outer loop
      vertex -0.0149999997 -2.10781121 2.36309886
      vertex -0.0149999997 -2.10100055 2.36143422
      vertex -0.0149999997 -2.09759521 2.3600843
    endloop
  endfacet
  facet normal -1 0 0
    outer loop
      vertex -0.0149999997 -2.20996952 1.65274262
      vertex -0.0149999997 -1.9681946 2.29955482
      vertex -0.0149999997 -1.96478939 2.29737377
    endloop
  endfacet
  facet normal -1 0 0
    outer loop
      vertex -0.0149999997 -2.08056879 2.35333538
      vertex -0.0149999997 -2.1214323 2.36562872
      vertex -0.0149999997 -2.08397412 2.35468507
    endloop
  endfacet
  facet normal -1 -0 -0
    outer loop
      vertex -0.0149999997 -2.09078479 2.35738468
      vertex -0.0149999997 -2.08737946 2.35603499
      vertex -0.0149999997 -2.11802697 2.36499619
    endloop
  endfacet
  facet normal -1 -0 -0
    outer loop
      vertex -0.0149999997 -2.08737946 2.35603499
      vertex -0.0149999997 -2.08397412 2.35468507
      vertex -0.0149999997 -2.1214323 2.36562872
    endloop
  endfacet
  facet normal -1 0 0
    outer loop
      vertex -0.0149999997 -2.17251134 1.63437057
      vertex -0.0149999997 -2.17591667 1.63606131
      vertex -0.0149999997 -1.79112005 2.14776349
    endloop
  endfacet
  facet normal -1 0 0
    outer loop
      vertex -0.0149999997 -2.07035303 2.34928584
      vertex -0.0149999997 -2.13164806 2.36752605
      vertex -0.0149999997 -2.07375836 2.35063577
    endloop
  endfacet
  facet normal -1 -0 0
    outer loop
      vertex -0.0149999997 -1.96138406 2.29519272
      vertex -0.0149999997 -2.20996952 1.65274262
      vertex -0.0149999997 -1.96478939 2.29737377
    endloop
  endfacet
  facet normal -1 0 0
    outer loop
      vertex -0.0149999997 -2.16910625 1.63262904
      vertex -0.0149999997 -2.17251134 1.63437057
      vertex -0.0149999997 -1.78771484 2.14362431
    endloop
  endfacet
  facet normal -1 0 0
    outer loop
      vertex -0.0149999997 -2.20996952 1.65274262
      vertex -0.0149999997 -1.96138406 2.29519272
      vertex -0.0149999997 -1.95797884 2.29301167
    endloop
  endfacet
  facet normal -1 -0 -0
    outer loop
      vertex -0.0149999997 -2.0771637 2.35198545
      vertex -0.0149999997 -2.07375836 2.35063577
      vertex -0.0149999997 -2.12824273 2.36689353
    endloop
  endfacet
  facet normal -1 0 0
    outer loop
      vertex -0.0149999997 -2.16570091 1.62950432
      vertex -0.0149999997 -2.16910625 1.63262904
      vertex -0.0149999997 -1.76728308 2.11878991
    endloop
  endfacet
  facet normal -0.99999994 0 0
    outer loop
      vertex -0.0149999997 -2.20996952 1.65274262
      vertex -0.0149999997 -1.95797884 2.29301167
      vertex -0.0149999997 -1.95457351 2.29083061
    endloop
  endfacet
  facet normal -1 -0 0
    outer loop
      vertex -0.0149999997 -1.94435763 2.28428745
      vertex -0.0149999997 -2.20996952 1.65274262
      vertex -0.0149999997 -1.94776297 2.28646851
    endloop
  endfacet
  facet normal -1 0 0
    outer loop
      vertex -0.0149999997 -2.16229558 1.62637961
      vertex -0.0149999997 -2.16570091 1.62950432
      vertex -0.0149999997 -1.76728308 2.11878991
    endloop
  endfacet
  facet normal -1 0 0
    outer loop
      vertex -0.0149999997 -2.20996952 1.65274262
      vertex -0.0149999997 -1.94435763 2.28428745
      vertex -0.0149999997 -1.94095242 2.2821064
    endloop
  endfacet
  facet normal -1 -0 0
    outer loop
      vertex -0.0149999997 -1.93754709 2.27992535
      vertex -0.0149999997 -2.20996952 1.65274262
      vertex -0.0149999997 -1.94095242 2.2821064
    endloop
  endfacet
  facet normal -1 0 0
    outer loop
      vertex -0.0149999997 -2.20996952 1.65274262
      vertex -0.0149999997 -1.95457351 2.29083061
      vertex -0.0149999997 -1.95116818 2.28864956
    endloop
  endfacet
  facet normal -1 0 0
    outer loop
      vertex -0.0149999997 -2.15889025 1.6232549
      vertex -0.0149999997 -2.16229558 1.62637961
      vertex -0.0149999997 -1.76728308 2.11878991
    endloop
  endfacet
  facet normal -1 0 0
    outer loop
      vertex -0.0149999997 -2.20996952 1.65274262
      vertex -0.0149999997 -1.93754709 2.27992535
      vertex -0.0149999997 -1.93414187 2.27774429
    endloop
  endfacet
  facet normal -1 0 0
    outer loop
      vertex -0.0149999997 -2.14867449 1.61388075
      vertex -0.0149999997 -2.15207982 1.61700547
      vertex -0.0149999997 -1.76728308 2.11878991
    endloop
  endfacet
  facet normal -1 0 0
    outer loop
      vertex -0.0149999997 -2.15207982 1.61700547
      vertex -0.0149999997 -2.15548491 1.62013018
      vertex -0.0149999997 -1.76728308 2.11878991
    endloop
  endfacet
  facet normal -1 -0 0
    outer loop
      vertex -0.0149999997 -1.86263096 2.22061872
      vertex -0.0149999997 -2.20656419 1.65127778
      vertex -0.0149999997 -1.86603618 2.22361398
    endloop
  endfacet
  facet normal -1 0 0
    outer loop
      vertex -0.0149999997 -2.15548491 1.62013018
      vertex -0.0149999997 -2.15889025 1.6232549
      vertex -0.0149999997 -1.76728308 2.11878991
    endloop
  endfacet
  facet normal -1 0 0
    outer loop
      vertex -0.0149999997 -2.20996952 1.65274262
      vertex -0.0149999997 -1.93414187 2.27774429
      vertex -0.0149999997 -1.93073654 2.27556324
    endloop
  endfacet
  facet normal -1 0 0
    outer loop
      vertex -0.0149999997 -2.20996952 1.65274262
      vertex -0.0149999997 -1.95116818 2.28864956
      vertex -0.0149999997 -1.94776297 2.28646851
    endloop
  endfacet
  facet normal -1 0 0
    outer loop
      vertex -0.0149999997 -2.03630018 2.33578777
      vertex -0.0149999997 -2.03289485 2.33443785
      vertex -0.0149999997 -1.97841048 2.30609798
    endloop
  endfacet
  facet normal -1 0 0
    outer loop
      vertex -0.0149999997 -2.03289485 2.33443785
      vertex -0.0149999997 -2.02948976 2.33308816
      vertex -0.0149999997 -1.9818157 2.30827904
    endloop
  endfacet
  facet normal -1 0 0
    outer loop
      vertex -0.0149999997 -2.02948976 2.33308816
      vertex -0.0149999997 -2.02608442 2.33173823
      vertex -0.0149999997 -1.98522103 2.31046009
    endloop
  endfacet
  facet normal -1 0 0
    outer loop
      vertex -0.0149999997 -2.03289485 2.33443785
      vertex -0.0149999997 -1.9818157 2.30827904
      vertex -0.0149999997 -1.97841048 2.30609798
    endloop
  endfacet
  facet normal -1 0 0
    outer loop
      vertex -0.0149999997 -2.02608442 2.33173823
      vertex -0.0149999997 -2.02267909 2.33038855
      vertex -0.0149999997 -1.99203157 2.3148222
    endloop
  endfacet
  facet normal -1 0 0
    outer loop
      vertex -0.0149999997 -2.02267909 2.33038855
      vertex -0.0149999997 -2.01927376 2.32903862
      vertex -0.0149999997 -1.99203157 2.3148222
    endloop
  endfacet
  facet normal -1 0 0
    outer loop
      vertex -0.0149999997 -1.99203157 2.3148222
      vertex -0.0149999997 -2.01927376 2.32903862
      vertex -0.0149999997 -1.99543691 2.31700325
    endloop
  endfacet
  facet normal -1 0 0
    outer loop
      vertex -0.0149999997 -2.01927376 2.32903862
      vertex -0.0149999997 -2.01586866 2.32768893
      vertex -0.0149999997 -1.99543691 2.31700325
    endloop
  endfacet
  facet normal -1 0 0
    outer loop
      vertex -0.0149999997 -2.01586866 2.32768893
      vertex -0.0149999997 -2.01246333 2.32633901
      vertex -0.0149999997 -1.99884212 2.3191843
    endloop
  endfacet
  facet normal -1 0 0
    outer loop
      vertex -0.0149999997 -1.99543691 2.31700325
      vertex -0.0149999997 -2.01586866 2.32768893
      vertex -0.0149999997 -1.99884212 2.3191843
    endloop
  endfacet
  facet normal -1 0 0
    outer loop
      vertex -0.0149999997 -2.01246333 2.32633901
      vertex -0.0149999997 -2.009058 2.32498932
      vertex -0.0149999997 -2.00224733 2.32136536
    endloop
  endfacet
  facet normal -1 0 0
    outer loop
      vertex -0.0149999997 -2.009058 2.32498932
      vertex -0.0149999997 -2.00565267 2.32354641
      vertex -0.0149999997 -2.00224733 2.32136536
    endloop
  endfacet
  facet normal -0.99999994 -0 -0
    outer loop
      vertex -0.0149999997 -2.00224733 2.32136536
      vertex -0.0149999997 -1.99884212 2.3191843
      vertex -0.0149999997 -2.01246333 2.32633901
    endloop
  endfacet
  facet normal -1 -0 -0
    outer loop
      vertex -0.0149999997 -1.99203157 2.3148222
      vertex -0.0149999997 -1.98862636 2.31264114
      vertex -0.0149999997 -2.02608442 2.33173823
    endloop
  endfacet
  facet normal -1 -0 0
    outer loop
      vertex -0.0149999997 -1.97500515 2.30391693
      vertex -0.0149999997 -2.20996952 1.65274262
      vertex -0.0149999997 -1.97841048 2.30609798
    endloop
  endfacet
  facet normal -1 -0 0
    outer loop
      vertex -0.0149999997 -1.97841048 2.30609798
      vertex -0.0149999997 -2.20996952 1.65274262
      vertex -0.0149999997 -2.03630018 2.33578777
    endloop
  endfacet
  facet normal -1 0 0
    outer loop
      vertex -0.0149999997 -2.20996952 1.65274262
      vertex -0.0149999997 -1.87625206 2.23260021
      vertex -0.0149999997 -1.87284684 2.22960472
    endloop
  endfacet
  facet normal -1 0 0
    outer loop
      vertex -0.0149999997 -2.20656419 1.65127778
      vertex -0.0149999997 -1.86263096 2.22061872
      vertex -0.0149999997 -1.85922563 2.21762323
    endloop
  endfacet
  facet normal -1 0 0
    outer loop
      vertex -0.0149999997 -2.20996952 1.65274262
      vertex -0.0149999997 -1.93073654 2.27556324
      vertex -0.0149999997 -1.88987315 2.2445817
    endloop
  endfacet
  facet normal -1 -0 0
    outer loop
      vertex -0.0149999997 -1.88646793 2.24158621
      vertex -0.0149999997 -2.20996952 1.65274262
      vertex -0.0149999997 -1.88987315 2.2445817
    endloop
  endfacet
  facet normal -1 0 0
    outer loop
      vertex -0.0149999997 -2.14526916 1.61075604
      vertex -0.0149999997 -2.14867449 1.61388075
      vertex -0.0149999997 -1.76728308 2.11878991
    endloop
  endfacet
  facet normal -1 0 0
    outer loop
      vertex -0.0149999997 -2.20996952 1.65274262
      vertex -0.0149999997 -1.88646793 2.24158621
      vertex -0.0149999997 -1.8830626 2.23859096
    endloop
  endfacet
  facet normal -0.99999994 -0 0
    outer loop
      vertex -0.0149999997 -1.87965739 2.23559546
      vertex -0.0149999997 -2.20996952 1.65274262
      vertex -0.0149999997 -1.8830626 2.23859096
    endloop
  endfacet
  facet normal -1 -0 0
    outer loop
      vertex -0.0149999997 -1.87625206 2.23260021
      vertex -0.0149999997 -2.20996952 1.65274262
      vertex -0.0149999997 -1.87965739 2.23559546
    endloop
  endfacet
  facet normal -1 -0 -0
    outer loop
      vertex -0.0149999997 -1.98522103 2.31046009
      vertex -0.0149999997 -1.9818157 2.30827904
      vertex -0.0149999997 -2.02948976 2.33308816
    endloop
  endfacet
  facet normal -1 0 0
    outer loop
      vertex -0.0149999997 -2.02608442 2.33173823
      vertex -0.0149999997 -1.98862636 2.31264114
      vertex -0.0149999997 -1.98522103 2.31046009
    endloop
  endfacet
  facet normal -1 0 0
    outer loop
      vertex -0.0149999997 -2.20656419 1.65127778
      vertex -0.0149999997 -1.87284684 2.22960472
      vertex -0.0149999997 -1.86944151 2.22660947
    endloop
  endfacet
  facet normal -1 0 0
    outer loop
      vertex -0.0149999997 -2.1350534 1.6013819
      vertex -0.0149999997 -2.13845873 1.60450661
      vertex -0.0149999997 -1.76728308 2.11878991
    endloop
  endfacet
  facet normal -1 0 0
    outer loop
      vertex -0.0149999997 -2.13845873 1.60450661
      vertex -0.0149999997 -2.14186382 1.60763133
      vertex -0.0149999997 -1.76728308 2.11878991
    endloop
  endfacet
  facet normal -1 -0 0
    outer loop
      vertex -0.0149999997 -1.78430951 2.13948536
      vertex -0.0149999997 -2.16910625 1.63262904
      vertex -0.0149999997 -1.78771484 2.14362431
    endloop
  endfacet
  facet normal -1 0 0
    outer loop
      vertex -0.0149999997 -2.14186382 1.60763133
      vertex -0.0149999997 -2.14526916 1.61075604
      vertex -0.0149999997 -1.76728308 2.11878991
    endloop
  endfacet
  facet normal -1 -0 0
    outer loop
      vertex -0.0149999997 -1.85241508 2.21163249
      vertex -0.0149999997 -2.20315886 1.64958704
      vertex -0.0149999997 -1.85582042 2.21462798
    endloop
  endfacet
  facet normal -1 0 0
    outer loop
      vertex -0.0149999997 -2.19634843 1.64620554
      vertex -0.0149999997 -1.85241508 2.21163249
      vertex -0.0149999997 -1.84900987 2.208637
    endloop
  endfacet
  facet normal -1 0 0
    outer loop
      vertex -0.0149999997 -2.1929431 1.64451492
      vertex -0.0149999997 -1.84900987 2.208637
      vertex -0.0149999997 -1.84560454 2.20564175
    endloop
  endfacet
  facet normal -0.99999994 0 0
    outer loop
      vertex -0.0149999997 -2.16910625 1.63262904
      vertex -0.0149999997 -1.78430951 2.13948536
      vertex -0.0149999997 -1.78090417 2.13534617
    endloop
  endfacet
  facet normal -1 -0 0
    outer loop
      vertex -0.0149999997 -1.86603618 2.22361398
      vertex -0.0149999997 -2.20656419 1.65127778
      vertex -0.0149999997 -1.86944151 2.22660947
    endloop
  endfacet
  facet normal -1 0 0
    outer loop
      vertex -0.0149999997 -2.13164806 1.59825718
      vertex -0.0149999997 -2.1350534 1.6013819
      vertex -0.0149999997 -1.76728308 2.11878991
    endloop
  endfacet
  facet normal -1 0 0
    outer loop
      vertex -0.0149999997 -1.88987315 2.2445817
      vertex -0.0149999997 -1.93073654 2.27556324
      vertex -0.0149999997 -1.89327848 2.24757719
    endloop
  endfacet
  facet normal -1 -0 0
    outer loop
      vertex -0.0149999997 -1.84219921 2.20264626
      vertex -0.0149999997 -2.18953776 1.64282417
      vertex -0.0149999997 -1.84560454 2.20564175
    endloop
  endfacet
  facet normal -0.99999994 0 0
    outer loop
      vertex -0.0149999997 -2.20656419 1.65127778
      vertex -0.0149999997 -1.85922563 2.21762323
      vertex -0.0149999997 -1.85582042 2.21462798
    endloop
  endfacet
  facet normal -1 0 0
    outer loop
      vertex -0.0149999997 -2.12824273 1.59513247
      vertex -0.0149999997 -2.13164806 1.59825718
      vertex -0.0149999997 -1.76728308 2.11878991
    endloop
  endfacet
  facet normal -1 0 0
    outer loop
      vertex -0.0149999997 -2.18953776 1.64282417
      vertex -0.0149999997 -1.84219921 2.20264626
      vertex -0.0149999997 -1.80474114 2.16431975
    endloop
  endfacet
  facet normal -1 -0 0
    outer loop
      vertex -0.0149999997 -1.80133593 2.16018057
      vertex -0.0149999997 -2.18953776 1.64282417
      vertex -0.0149999997 -1.80474114 2.16431975
    endloop
  endfacet
  facet normal -1 0 0
    outer loop
      vertex -0.0149999997 -2.11802697 1.58575821
      vertex -0.0149999997 -2.1214323 1.58888292
      vertex -0.0149999997 -1.76047254 2.11465073
    endloop
  endfacet
  facet normal -0.99999994 0 0
    outer loop
      vertex -0.0149999997 -2.1214323 1.58888292
      vertex -0.0149999997 -2.1248374 1.59200764
      vertex -0.0149999997 -1.76047254 2.11465073
    endloop
  endfacet
  facet normal -1 -0 0
    outer loop
      vertex -0.0149999997 -1.76728308 2.11878991
      vertex -0.0149999997 -2.16910625 1.63262904
      vertex -0.0149999997 -1.77068841 2.1229291
    endloop
  endfacet
  facet normal -1 0 0
    outer loop
      vertex -0.0149999997 -2.1248374 1.59200764
      vertex -0.0149999997 -2.12824273 1.59513247
      vertex -0.0149999997 -1.76047254 2.11465073
    endloop
  endfacet
  facet normal -0.99999994 -0 0
    outer loop
      vertex -0.0149999997 -1.7979306 2.15604162
      vertex -0.0149999997 -2.18613267 1.64113343
      vertex -0.0149999997 -1.80133593 2.16018057
    endloop
  endfacet
  facet normal -1 0 0
    outer loop
      vertex -0.0149999997 -2.11462164 1.5826335
      vertex -0.0149999997 -2.11802697 1.58575821
      vertex -0.0149999997 -1.76047254 2.11465073
    endloop
  endfacet
  facet normal -1 0 0
    outer loop
      vertex -0.0149999997 -2.179322 1.63775206
      vertex -0.0149999997 -1.7979306 2.15604162
      vertex -0.0149999997 -1.79452538 2.15190244
    endloop
  endfacet
  facet normal -1 -0 0
    outer loop
      vertex -0.0149999997 -1.79112005 2.14776349
      vertex -0.0149999997 -2.17591667 1.63606131
      vertex -0.0149999997 -1.79452538 2.15190244
    endloop
  endfacet
  facet normal -1 0 0
    outer loop
      vertex -0.0149999997 -1.93073654 2.27556324
      vertex -0.0149999997 -1.92733121 2.27338219
      vertex -0.0149999997 -1.89327848 2.24757719
    endloop
  endfacet
  facet normal -1 0 0
    outer loop
      vertex -0.0149999997 -1.92733121 2.27338219
      vertex -0.0149999997 -1.923926 2.27120137
      vertex -0.0149999997 -1.89668369 2.25057244
    endloop
  endfacet
  facet normal -1 0 0
    outer loop
      vertex -0.0149999997 -1.923926 2.27120137
      vertex -0.0149999997 -1.92052066 2.26902032
      vertex -0.0149999997 -1.90008903 2.25356793
    endloop
  endfacet
  facet normal -1 0 0
    outer loop
      vertex -0.0149999997 -1.89668369 2.25057244
      vertex -0.0149999997 -1.923926 2.27120137
      vertex -0.0149999997 -1.90008903 2.25356793
    endloop
  endfacet
  facet normal -0.99999994 0 0
    outer loop
      vertex -0.0149999997 -1.91711545 2.26683927
      vertex -0.0149999997 -1.91371012 2.26465821
      vertex -0.0149999997 -1.90349436 2.25656319
    endloop
  endfacet
  facet normal -1 0 0
    outer loop
      vertex -0.0149999997 -1.91371012 2.26465821
      vertex -0.0149999997 -1.9103049 2.26247716
      vertex -0.0149999997 -1.90689957 2.25955868
    endloop
  endfacet
  facet normal -0.99999994 0 0
    outer loop
      vertex -0.0149999997 -1.90349436 2.25656319
      vertex -0.0149999997 -1.91371012 2.26465821
      vertex -0.0149999997 -1.90689957 2.25955868
    endloop
  endfacet
  facet normal -1 0 0
    outer loop
      vertex -0.0149999997 -1.92052066 2.26902032
      vertex -0.0149999997 -1.91711545 2.26683927
      vertex -0.0149999997 -1.90008903 2.25356793
    endloop
  endfacet
  facet normal -1 -0 0
    outer loop
      vertex -0.0149999997 -1.78771484 2.14362431
      vertex -0.0149999997 -2.17251134 1.63437057
      vertex -0.0149999997 -1.79112005 2.14776349
    endloop
  endfacet
  facet normal -1 0 0
    outer loop
      vertex -0.0149999997 -2.10440588 1.57249439
      vertex -0.0149999997 -2.10781121 1.57587862
      vertex -0.0149999997 -1.76047254 2.11465073
    endloop
  endfacet
  facet normal -0.99999994 0 0
    outer loop
      vertex -0.0149999997 -2.10781121 1.57587862
      vertex -0.0149999997 -2.11121631 1.57926273
      vertex -0.0149999997 -1.76047254 2.11465073
    endloop
  endfacet
  facet normal -1 0 0
    outer loop
      vertex -0.0149999997 -2.11121631 1.57926273
      vertex -0.0149999997 -2.11462164 1.5826335
      vertex -0.0149999997 -1.76047254 2.11465073
    endloop
  endfacet
  facet normal -1 -0 -0
    outer loop
      vertex -0.0149999997 -1.90349436 2.25656319
      vertex -0.0149999997 -1.90008903 2.25356793
      vertex -0.0149999997 -1.91711545 2.26683927
    endloop
  endfacet
  facet normal -1 -0 -0
    outer loop
      vertex -0.0149999997 -1.89668369 2.25057244
      vertex -0.0149999997 -1.89327848 2.24757719
      vertex -0.0149999997 -1.92733121 2.27338219
    endloop
  endfacet
  facet normal -1 0 0
    outer loop
      vertex -0.0149999997 -2.10100055 1.56911027
      vertex -0.0149999997 -2.10440588 1.57249439
      vertex -0.0149999997 -1.76047254 2.11465073
    endloop
  endfacet
  facet normal -1 0 0
    outer loop
      vertex -0.0149999997 -2.09418988 1.56234193
      vertex -0.0149999997 -2.09759521 1.56572604
      vertex -0.0149999997 -1.76047254 2.11465073
    endloop
  endfacet
  facet normal -1 0 0
    outer loop
      vertex -0.0149999997 -2.09759521 1.56572604
      vertex -0.0149999997 -2.10100055 1.56911027
      vertex -0.0149999997 -1.76047254 2.11465073
    endloop
  endfacet
  facet normal -0.99999994 0 0
    outer loop
      vertex -0.0149999997 -2.08737946 1.55557358
      vertex -0.0149999997 -2.09078479 1.55895782
      vertex -0.0149999997 -1.76047254 2.11465073
    endloop
  endfacet
  facet normal -1 0 0
    outer loop
      vertex -0.0149999997 -2.09078479 1.55895782
      vertex -0.0149999997 -2.09418988 1.56234193
      vertex -0.0149999997 -1.76047254 2.11465073
    endloop
  endfacet
  facet normal -1 0 0
    outer loop
      vertex -0.0149999997 -2.08397412 1.55218947
      vertex -0.0149999997 -2.08737946 1.55557358
      vertex -0.0149999997 -1.76047254 2.11465073
    endloop
  endfacet
  facet normal -1 -0 0
    outer loop
      vertex -0.0149999997 -1.77068841 2.1229291
      vertex -0.0149999997 -2.16910625 1.63262904
      vertex -0.0149999997 -1.77409363 2.12706804
    endloop
  endfacet
  facet normal -1 0 0
    outer loop
      vertex -0.0149999997 -2.16910625 1.63262904
      vertex -0.0149999997 -1.78090417 2.13534617
      vertex -0.0149999997 -1.77749896 2.13120723
    endloop
  endfacet
  facet normal -1 0 0
    outer loop
      vertex -0.0149999997 -2.16910625 1.63262904
      vertex -0.0149999997 -1.77749896 2.13120723
      vertex -0.0149999997 -1.77409363 2.12706804
    endloop
  endfacet
  facet normal -1 0 0
    outer loop
      vertex -0.0149999997 -2.07375836 1.54203701
      vertex -0.0149999997 -2.0771637 1.54542112
      vertex -0.0149999997 -1.76047254 2.11465073
    endloop
  endfacet
  facet normal -1 0 0
    outer loop
      vertex -0.0149999997 -2.0771637 1.54542112
      vertex -0.0149999997 -2.08056879 1.54880524
      vertex -0.0149999997 -1.76047254 2.11465073
    endloop
  endfacet
  facet normal -1 0 0
    outer loop
      vertex -0.0149999997 -2.08056879 1.54880524
      vertex -0.0149999997 -2.08397412 1.55218947
      vertex -0.0149999997 -1.76047254 2.11465073
    endloop
  endfacet
  facet normal -1 0 0
    outer loop
      vertex -0.0149999997 -2.0669477 1.53526866
      vertex -0.0149999997 -2.07035303 1.53865278
      vertex -0.0149999997 -1.76047254 2.11465073
    endloop
  endfacet
  facet normal -1 0 0
    outer loop
      vertex -0.0149999997 -2.07035303 1.53865278
      vertex -0.0149999997 -2.07375836 1.54203701
      vertex -0.0149999997 -1.76047254 2.11465073
    endloop
  endfacet
  facet normal -1 -0 0
    outer loop
      vertex -0.0149999997 -1.76387787 2.11672044
      vertex -0.0149999997 -2.12824273 1.59513247
      vertex -0.0149999997 -1.76728308 2.11878991
    endloop
  endfacet
  facet normal -0.99999994 0 0
    outer loop
      vertex -0.0149999997 -2.12824273 1.59513247
      vertex -0.0149999997 -1.76387787 2.11672044
      vertex -0.0149999997 -1.76047254 2.11465073
    endloop
  endfacet
  facet normal -1 0 0
    outer loop
      vertex -0.0149999997 -1.84219921 2.20264626
      vertex -0.0149999997 -1.83879399 2.199651
      vertex -0.0149999997 -1.80474114 2.16431975
    endloop
  endfacet
  facet normal -1 0 0
    outer loop
      vertex -0.0149999997 -1.83879399 2.199651
      vertex -0.0149999997 -1.83538866 2.19665551
      vertex -0.0149999997 -1.80814648 2.1684587
    endloop
  endfacet
  facet normal -1 0 0
    outer loop
      vertex -0.0149999997 -1.83538866 2.19665551
      vertex -0.0149999997 -1.83198345 2.19366026
      vertex -0.0149999997 -1.80814648 2.1684587
    endloop
  endfacet
  facet normal -1 0 0
    outer loop
      vertex -0.0149999997 -1.83198345 2.19366026
      vertex -0.0149999997 -1.82857811 2.19066477
      vertex -0.0149999997 -1.81155169 2.17259789
    endloop
  endfacet
  facet normal -1 0 0
    outer loop
      vertex -0.0149999997 -1.80814648 2.1684587
      vertex -0.0149999997 -1.83198345 2.19366026
      vertex -0.0149999997 -1.81155169 2.17259789
    endloop
  endfacet
  facet normal -1 0 0
    outer loop
      vertex -0.0149999997 -1.82857811 2.19066477
      vertex -0.0149999997 -1.8251729 2.18766952
      vertex -0.0149999997 -1.81495702 2.17673707
    endloop
  endfacet
  facet normal -0.99999994 0 0
    outer loop
      vertex -0.0149999997 -1.8251729 2.18766952
      vertex -0.0149999997 -1.82176757 2.18467402
      vertex -0.0149999997 -1.81836236 2.18087602
    endloop
  endfacet
  facet normal -1 0 0
    outer loop
      vertex -0.0149999997 -1.81495702 2.17673707
      vertex -0.0149999997 -1.8251729 2.18766952
      vertex -0.0149999997 -1.81836236 2.18087602
    endloop
  endfacet
  facet normal -1 -0 -0
    outer loop
      vertex -0.0149999997 -1.81495702 2.17673707
      vertex -0.0149999997 -1.81155169 2.17259789
      vertex -0.0149999997 -1.82857811 2.19066477
    endloop
  endfacet
  facet normal -1 -0 -0
    outer loop
      vertex -0.0149999997 -1.80814648 2.1684587
      vertex -0.0149999997 -1.80474114 2.16431975
      vertex -0.0149999997 -1.83879399 2.199651
    endloop
  endfacet
  facet normal -1 0 0
    outer loop
      vertex -0.0149999997 -2.02267909 1.49761164
      vertex -0.0149999997 -1.76047254 2.11465073
      vertex -0.0149999997 -2.01927376 1.49508381
    endloop
  endfacet
  facet normal -1 0 -0
    outer loop
      vertex -0.0149999997 -1.76047254 2.11465073
      vertex -0.0149999997 -1.76047254 1.3538574
      vertex -0.0149999997 -1.78430951 1.36398089
    endloop
  endfacet
  facet normal -1 0 0
    outer loop
      vertex -0.0149999997 -1.76047254 1.3538574
      vertex -0.0149999997 -1.76387787 1.35472119
      vertex -0.0149999997 -1.77068841 1.35731232
    endloop
  endfacet
  facet normal -1 0 0
    outer loop
      vertex -0.0149999997 -1.78430951 1.36398089
      vertex -0.0149999997 -1.76047254 1.3538574
      vertex -0.0149999997 -1.78090417 1.36238801
    endloop
  endfacet
  facet normal -1 0 0
    outer loop
      vertex -0.0149999997 -1.76387787 1.35472119
      vertex -0.0149999997 -1.76728308 1.35558486
      vertex -0.0149999997 -1.77068841 1.35731232
    endloop
  endfacet
  facet normal -1 0 0
    outer loop
      vertex -0.0149999997 -1.77068841 1.35731232
      vertex -0.0149999997 -1.77409363 1.3590399
      vertex -0.0149999997 -1.76047254 1.3538574
    endloop
  endfacet
  facet normal -1 0 0
    outer loop
      vertex -0.0149999997 -1.76047254 2.11465073
      vertex -0.0149999997 -2.02267909 1.49761164
      vertex -0.0149999997 -2.02608442 1.50013947
    endloop
  endfacet
  facet normal -1 0 0
    outer loop
      vertex -0.0149999997 -1.83538866 1.38787317
      vertex -0.0149999997 -1.76047254 2.11465073
      vertex -0.0149999997 -1.83198345 1.3862803
    endloop
  endfacet
  facet normal -1 0 0
    outer loop
      vertex -0.0149999997 -1.76047254 2.11465073
      vertex -0.0149999997 -1.78430951 1.36398089
      vertex -0.0149999997 -1.78771484 1.36557364
    endloop
  endfacet
  facet normal -1 0 0
    outer loop
      vertex -0.0149999997 -1.79112005 1.36716652
      vertex -0.0149999997 -1.76047254 2.11465073
      vertex -0.0149999997 -1.78771484 1.36557364
    endloop
  endfacet
  facet normal -1 0 0
    outer loop
      vertex -0.0149999997 -1.77409363 1.3590399
      vertex -0.0149999997 -1.77749896 1.36076736
      vertex -0.0149999997 -1.76047254 1.3538574
    endloop
  endfacet
  facet normal -1 0 0
    outer loop
      vertex -0.0149999997 -1.77749896 1.36076736
      vertex -0.0149999997 -1.78090417 1.36238801
      vertex -0.0149999997 -1.76047254 1.3538574
    endloop
  endfacet
  facet normal -1 0 0
    outer loop
      vertex -0.0149999997 -1.76047254 2.11465073
      vertex -0.0149999997 -1.83538866 1.38787317
      vertex -0.0149999997 -1.83879399 1.38946593
    endloop
  endfacet
  facet normal -1 0 0
    outer loop
      vertex -0.0149999997 -1.76047254 2.11465073
      vertex -0.0149999997 -1.79112005 1.36716652
      vertex -0.0149999997 -1.79452538 1.36875927
    endloop
  endfacet
  facet normal -1 0 0
    outer loop
      vertex -0.0149999997 -1.82176757 1.38150191
      vertex -0.0149999997 -1.76047254 2.11465073
      vertex -0.0149999997 -1.81836236 1.37990904
    endloop
  endfacet
  facet normal -0.99999994 0 0
    outer loop
      vertex -0.0149999997 -1.76047254 2.11465073
      vertex -0.0149999997 -1.82176757 1.38150191
      vertex -0.0149999997 -1.8251729 1.38309467
    endloop
  endfacet
  facet normal -1 0 0
    outer loop
      vertex -0.0149999997 -1.82857811 1.38468754
      vertex -0.0149999997 -1.76047254 2.11465073
      vertex -0.0149999997 -1.8251729 1.38309467
    endloop
  endfacet
  facet normal -1 0 0
    outer loop
      vertex -0.0149999997 -1.79452538 1.36875927
      vertex -0.0149999997 -1.7979306 1.37035215
      vertex -0.0149999997 -1.76047254 2.11465073
    endloop
  endfacet
  facet normal -1 0 0
    outer loop
      vertex -0.0149999997 -1.7979306 1.37035215
      vertex -0.0149999997 -1.80133593 1.3719449
      vertex -0.0149999997 -1.76047254 2.11465073
    endloop
  endfacet
  facet normal -1 0 0
    outer loop
      vertex -0.0149999997 -1.80133593 1.3719449
      vertex -0.0149999997 -1.80474114 1.37353778
      vertex -0.0149999997 -1.76047254 2.11465073
    endloop
  endfacet
  facet normal -1 0 0
    outer loop
      vertex -0.0149999997 -1.80474114 1.37353778
      vertex -0.0149999997 -1.80814648 1.37513053
      vertex -0.0149999997 -1.76047254 2.11465073
    endloop
  endfacet
  facet normal -1 0 0
    outer loop
      vertex -0.0149999997 -1.80814648 1.37513053
      vertex -0.0149999997 -1.81155169 1.37672341
      vertex -0.0149999997 -1.76047254 2.11465073
    endloop
  endfacet
  facet normal -1 0 0
    outer loop
      vertex -0.0149999997 -1.81495702 1.37831628
      vertex -0.0149999997 -1.81836236 1.37990904
      vertex -0.0149999997 -1.76047254 2.11465073
    endloop
  endfacet
  facet normal -1 0 0
    outer loop
      vertex -0.0149999997 -1.81155169 1.37672341
      vertex -0.0149999997 -1.81495702 1.37831628
      vertex -0.0149999997 -1.76047254 2.11465073
    endloop
  endfacet
  facet normal -0.99999994 0 0
    outer loop
      vertex -0.0149999997 -1.76047254 2.11465073
      vertex -0.0149999997 -1.82857811 1.38468754
      vertex -0.0149999997 -1.83198345 1.3862803
    endloop
  endfacet
  facet normal -1 0 0
    outer loop
      vertex -0.0149999997 -1.84219921 1.3910588
      vertex -0.0149999997 -1.76047254 2.11465073
      vertex -0.0149999997 -1.83879399 1.38946593
    endloop
  endfacet
  facet normal -0.99999994 0 0
    outer loop
      vertex -0.0149999997 -1.76047254 2.11465073
      vertex -0.0149999997 -1.84219921 1.3910588
      vertex -0.0149999997 -1.84560454 1.39265156
    endloop
  endfacet
  facet normal -1 0 0
    outer loop
      vertex -0.0149999997 -1.85241508 1.39583731
      vertex -0.0149999997 -1.76047254 2.11465073
      vertex -0.0149999997 -1.84900987 1.39424443
    endloop
  endfacet
  facet normal -1 0 0
    outer loop
      vertex -0.0149999997 -1.76047254 2.11465073
      vertex -0.0149999997 -1.85241508 1.39583731
      vertex -0.0149999997 -1.85582042 1.39743006
    endloop
  endfacet
  facet normal -1 0 0
    outer loop
      vertex -0.0149999997 -1.85922563 1.39902294
      vertex -0.0149999997 -1.76047254 2.11465073
      vertex -0.0149999997 -1.85582042 1.39743006
    endloop
  endfacet
  facet normal -1 0 0
    outer loop
      vertex -0.0149999997 -1.76047254 2.11465073
      vertex -0.0149999997 -1.85922563 1.39902294
      vertex -0.0149999997 -1.86263096 1.40061569
    endloop
  endfacet
  facet normal -1 0 0
    outer loop
      vertex -0.0149999997 -1.86603618 1.40220857
      vertex -0.0149999997 -1.76047254 2.11465073
      vertex -0.0149999997 -1.86263096 1.40061569
    endloop
  endfacet
  facet normal -1 0 0
    outer loop
      vertex -0.0149999997 -1.76047254 2.11465073
      vertex -0.0149999997 -1.86603618 1.40220857
      vertex -0.0149999997 -1.88987315 1.41426992
    endloop
  endfacet
  facet normal -1 0 0
    outer loop
      vertex -0.0149999997 -1.88987315 1.41426992
      vertex -0.0149999997 -1.86603618 1.40220857
      vertex -0.0149999997 -1.86944151 1.40380132
    endloop
  endfacet
  facet normal -1 0 0
    outer loop
      vertex -0.0149999997 -1.84560454 1.39265156
      vertex -0.0149999997 -1.84900987 1.39424443
      vertex -0.0149999997 -1.76047254 2.11465073
    endloop
  endfacet
  facet normal -1 0 0
    outer loop
      vertex -0.0149999997 -1.76047254 2.11465073
      vertex -0.0149999997 -1.88987315 1.41426992
      vertex -0.0149999997 -1.89327848 1.41615319
    endloop
  endfacet
  facet normal -1 0 0
    outer loop
      vertex -0.0149999997 -1.90008903 1.41991997
      vertex -0.0149999997 -1.76047254 2.11465073
      vertex -0.0149999997 -1.89668369 1.41803658
    endloop
  endfacet
  facet normal -1 0 0
    outer loop
      vertex -0.0149999997 -1.76047254 2.11465073
      vertex -0.0149999997 -1.90689957 1.42368662
      vertex -0.0149999997 -1.9103049 1.42557001
    endloop
  endfacet
  facet normal -1 0 0
    outer loop
      vertex -0.0149999997 -1.76047254 2.11465073
      vertex -0.0149999997 -1.90008903 1.41991997
      vertex -0.0149999997 -1.90349436 1.42180324
    endloop
  endfacet
  facet normal -1 0 0
    outer loop
      vertex -0.0149999997 -1.90689957 1.42368662
      vertex -0.0149999997 -1.76047254 2.11465073
      vertex -0.0149999997 -1.90349436 1.42180324
    endloop
  endfacet
  facet normal -1 0 0
    outer loop
      vertex -0.0149999997 -1.923926 1.43310344
      vertex -0.0149999997 -1.76047254 2.11465073
      vertex -0.0149999997 -1.92052066 1.43122005
    endloop
  endfacet
  facet normal -1 0 0
    outer loop
      vertex -0.0149999997 -1.76047254 2.11465073
      vertex -0.0149999997 -1.923926 1.43310344
      vertex -0.0149999997 -1.92733121 1.43498671
    endloop
  endfacet
  facet normal -1 0 0
    outer loop
      vertex -0.0149999997 -1.93414187 1.43875349
      vertex -0.0149999997 -1.76047254 2.11465073
      vertex -0.0149999997 -1.93073654 1.4368701
    endloop
  endfacet
  facet normal -1 0 0
    outer loop
      vertex -0.0149999997 -2.05673194 1.52511621
      vertex -0.0149999997 -2.06013727 1.52850032
      vertex -0.0149999997 -2.03630018 1.50772309
    endloop
  endfacet
  facet normal -1 0 0
    outer loop
      vertex -0.0149999997 -2.06013727 1.52850032
      vertex -0.0149999997 -2.06354237 1.53188443
      vertex -0.0149999997 -2.03289485 1.50519526
    endloop
  endfacet
  facet normal -1 0 0
    outer loop
      vertex -0.0149999997 -2.03630018 1.50772309
      vertex -0.0149999997 -2.06013727 1.52850032
      vertex -0.0149999997 -2.03289485 1.50519526
    endloop
  endfacet
  facet normal -1 0 0
    outer loop
      vertex -0.0149999997 -2.06354237 1.53188443
      vertex -0.0149999997 -2.0669477 1.53526866
      vertex -0.0149999997 -2.02948976 1.50266743
    endloop
  endfacet
  facet normal -1 0 0
    outer loop
      vertex -0.0149999997 -1.76047254 2.11465073
      vertex -0.0149999997 -1.93414187 1.43875349
      vertex -0.0149999997 -1.93754709 1.44063675
    endloop
  endfacet
  facet normal -1 0 0
    outer loop
      vertex -0.0149999997 -1.94435763 1.44440353
      vertex -0.0149999997 -1.76047254 2.11465073
      vertex -0.0149999997 -1.94095242 1.44252014
    endloop
  endfacet
  facet normal -0.99999994 0 0
    outer loop
      vertex -0.0149999997 -1.86944151 1.40380132
      vertex -0.0149999997 -1.87284684 1.4053942
      vertex -0.0149999997 -1.88646793 1.41238654
    endloop
  endfacet
  facet normal -1 0 0
    outer loop
      vertex -0.0149999997 -1.88987315 1.41426992
      vertex -0.0149999997 -1.86944151 1.40380132
      vertex -0.0149999997 -1.88646793 1.41238654
    endloop
  endfacet
  facet normal -1 0 0
    outer loop
      vertex -0.0149999997 -1.76047254 2.11465073
      vertex -0.0149999997 -1.94435763 1.44440353
      vertex -0.0149999997 -1.94776297 1.4462868
    endloop
  endfacet
  facet normal -1 0 0
    outer loop
      vertex -0.0149999997 -1.99203157 1.47486103
      vertex -0.0149999997 -1.76047254 2.11465073
      vertex -0.0149999997 -1.98862636 1.47233307
    endloop
  endfacet
  facet normal -0.99999994 0 0
    outer loop
      vertex -0.0149999997 -2.04992127 1.51834786
      vertex -0.0149999997 -2.05332661 1.52173197
      vertex -0.0149999997 -2.04311085 1.51277876
    endloop
  endfacet
  facet normal -1 0 0
    outer loop
      vertex -0.0149999997 -2.05332661 1.52173197
      vertex -0.0149999997 -2.05673194 1.52511621
      vertex -0.0149999997 -2.03970551 1.51025093
    endloop
  endfacet
  facet normal -0.99999994 0 0
    outer loop
      vertex -0.0149999997 -2.04311085 1.51277876
      vertex -0.0149999997 -2.04651618 1.51530671
      vertex -0.0149999997 -2.04992127 1.51834786
    endloop
  endfacet
  facet normal -1 0 0
    outer loop
      vertex -0.0149999997 -2.03970551 1.51025093
      vertex -0.0149999997 -2.04311085 1.51277876
      vertex -0.0149999997 -2.05332661 1.52173197
    endloop
  endfacet
  facet normal -1 0 0
    outer loop
      vertex -0.0149999997 -2.03970551 1.51025093
      vertex -0.0149999997 -2.05673194 1.52511621
      vertex -0.0149999997 -2.03630018 1.50772309
    endloop
  endfacet
  facet normal -1 0 0
    outer loop
      vertex -0.0149999997 -1.76047254 2.11465073
      vertex -0.0149999997 -1.99203157 1.47486103
      vertex -0.0149999997 -1.99543691 1.47738886
    endloop
  endfacet
  facet normal -0.99999994 0 0
    outer loop
      vertex -0.0149999997 -1.87284684 1.4053942
      vertex -0.0149999997 -1.87625206 1.40698695
      vertex -0.0149999997 -1.8830626 1.41050315
    endloop
  endfacet
  facet normal -1 0 0
    outer loop
      vertex -0.0149999997 -1.87625206 1.40698695
      vertex -0.0149999997 -1.87965739 1.40861988
      vertex -0.0149999997 -1.8830626 1.41050315
    endloop
  endfacet
  facet normal -1 0 0
    outer loop
      vertex -0.0149999997 -1.8830626 1.41050315
      vertex -0.0149999997 -1.88646793 1.41238654
      vertex -0.0149999997 -1.87284684 1.4053942
    endloop
  endfacet
  facet normal -0.99999994 0 0
    outer loop
      vertex -0.0149999997 -1.89327848 1.41615319
      vertex -0.0149999997 -1.89668369 1.41803658
      vertex -0.0149999997 -1.76047254 2.11465073
    endloop
  endfacet
  facet normal -1 0 0
    outer loop
      vertex -0.0149999997 -2.00224733 1.48244452
      vertex -0.0149999997 -1.76047254 2.11465073
      vertex -0.0149999997 -1.99884212 1.47991669
    endloop
  endfacet
  facet normal -1 0 0
    outer loop
      vertex -0.0149999997 -1.76047254 2.11465073
      vertex -0.0149999997 -2.00224733 1.48244452
      vertex -0.0149999997 -2.00565267 1.48497236
    endloop
  endfacet
  facet normal -1 0 0
    outer loop
      vertex -0.0149999997 -2.01246333 1.49002814
      vertex -0.0149999997 -1.76047254 2.11465073
      vertex -0.0149999997 -2.009058 1.48750019
    endloop
  endfacet
  facet normal -1 0 0
    outer loop
      vertex -0.0149999997 -1.9103049 1.42557001
      vertex -0.0149999997 -1.91371012 1.4274534
      vertex -0.0149999997 -1.76047254 2.11465073
    endloop
  endfacet
  facet normal -1 0 0
    outer loop
      vertex -0.0149999997 -1.91371012 1.4274534
      vertex -0.0149999997 -1.91711545 1.42933667
      vertex -0.0149999997 -1.76047254 2.11465073
    endloop
  endfacet
  facet normal -1 0 0
    outer loop
      vertex -0.0149999997 -1.91711545 1.42933667
      vertex -0.0149999997 -1.92052066 1.43122005
      vertex -0.0149999997 -1.76047254 2.11465073
    endloop
  endfacet
  facet normal -1 0 0
    outer loop
      vertex -0.0149999997 -1.92733121 1.43498671
      vertex -0.0149999997 -1.93073654 1.4368701
      vertex -0.0149999997 -1.76047254 2.11465073
    endloop
  endfacet
  facet normal -1 0 0
    outer loop
      vertex -0.0149999997 -1.76047254 2.11465073
      vertex -0.0149999997 -2.01246333 1.49002814
      vertex -0.0149999997 -2.01586866 1.49255598
    endloop
  endfacet
  facet normal -1 0 0
    outer loop
      vertex -0.0149999997 -2.01927376 1.49508381
      vertex -0.0149999997 -1.76047254 2.11465073
      vertex -0.0149999997 -2.01586866 1.49255598
    endloop
  endfacet
  facet normal -1 0 0
    outer loop
      vertex -0.0149999997 -2.03289485 1.50519526
      vertex -0.0149999997 -2.06354237 1.53188443
      vertex -0.0149999997 -2.02948976 1.50266743
    endloop
  endfacet
  facet normal -1 0 0
    outer loop
      vertex -0.0149999997 -2.02608442 1.50013947
      vertex -0.0149999997 -2.02948976 1.50266743
      vertex -0.0149999997 -1.76047254 2.11465073
    endloop
  endfacet
  facet normal -1 0 0
    outer loop
      vertex -0.0149999997 -2.0669477 1.53526866
      vertex -0.0149999997 -1.76047254 2.11465073
      vertex -0.0149999997 -2.02948976 1.50266743
    endloop
  endfacet
  facet normal -1 0 0
    outer loop
      vertex -0.0149999997 -2.00565267 1.48497236
      vertex -0.0149999997 -2.009058 1.48750019
      vertex -0.0149999997 -1.76047254 2.11465073
    endloop
  endfacet
  facet normal -1 0 0
    outer loop
      vertex -0.0149999997 -1.99543691 1.47738886
      vertex -0.0149999997 -1.99884212 1.47991669
      vertex -0.0149999997 -1.76047254 2.11465073
    endloop
  endfacet
  facet normal -1 0 0
    outer loop
      vertex -0.0149999997 -1.98522103 1.46980524
      vertex -0.0149999997 -1.98862636 1.47233307
      vertex -0.0149999997 -1.95116818 1.44817019
    endloop
  endfacet
  facet normal -1 0 0
    outer loop
      vertex -0.0149999997 -1.97500515 1.46222174
      vertex -0.0149999997 -1.97841048 1.46474957
      vertex -0.0149999997 -1.96478939 1.45570362
    endloop
  endfacet
  facet normal -1 0 0
    outer loop
      vertex -0.0149999997 -1.97841048 1.46474957
      vertex -0.0149999997 -1.9818157 1.46727741
      vertex -0.0149999997 -1.96138406 1.45382023
    endloop
  endfacet
  facet normal -1 0 0
    outer loop
      vertex -0.0149999997 -1.9818157 1.46727741
      vertex -0.0149999997 -1.98522103 1.46980524
      vertex -0.0149999997 -1.95457351 1.45005357
    endloop
  endfacet
  facet normal -1 0 0
    outer loop
      vertex -0.0149999997 -1.76047254 2.11465073
      vertex -0.0149999997 -1.94776297 1.4462868
      vertex -0.0149999997 -1.98862636 1.47233307
    endloop
  endfacet
  facet normal -1 0 0
    outer loop
      vertex -0.0149999997 -1.97841048 1.46474957
      vertex -0.0149999997 -1.96138406 1.45382023
      vertex -0.0149999997 -1.96478939 1.45570362
    endloop
  endfacet
  facet normal -1 0 0
    outer loop
      vertex -0.0149999997 -1.98862636 1.47233307
      vertex -0.0149999997 -1.94776297 1.4462868
      vertex -0.0149999997 -1.95116818 1.44817019
    endloop
  endfacet
  facet normal -1 0 0
    outer loop
      vertex -0.0149999997 -1.9681946 1.45758688
      vertex -0.0149999997 -1.97159994 1.45969379
      vertex -0.0149999997 -1.97500515 1.46222174
    endloop
  endfacet
  facet normal -1 0 0
    outer loop
      vertex -0.0149999997 -1.96478939 1.45570362
      vertex -0.0149999997 -1.9681946 1.45758688
      vertex -0.0149999997 -1.97500515 1.46222174
    endloop
  endfacet
  facet normal -1 0 0
    outer loop
      vertex -0.0149999997 -1.98522103 1.46980524
      vertex -0.0149999997 -1.95116818 1.44817019
      vertex -0.0149999997 -1.95457351 1.45005357
    endloop
  endfacet
  facet normal -1 0 0
    outer loop
      vertex -0.0149999997 -1.93754709 1.44063675
      vertex -0.0149999997 -1.94095242 1.44252014
      vertex -0.0149999997 -1.76047254 2.11465073
    endloop
  endfacet
  facet normal -1 0 0
    outer loop
      vertex -0.0149999997 -1.95457351 1.45005357
      vertex -0.0149999997 -1.95797884 1.45193684
      vertex -0.0149999997 -1.9818157 1.46727741
    endloop
  endfacet
  facet normal 1 -0 0
    outer loop
      vertex 0.0149999997 -3.46311259 1.8566016
      vertex 0.0149999997 -3.46311259 1.81802428
      vertex 0.0149999997 -3.45970726 1.86081874
    endloop
  endfacet
  facet normal 0.99999994 -0 0
    outer loop
      vertex 0.0149999997 -3.46311259 1.81802428
      vertex 0.0149999997 -3.45970726 1.80918634
      vertex 0.0149999997 -3.45630193 1.86503589
    endloop
  endfacet
  facet normal 1 -0 0
    outer loop
      vertex 0.0149999997 -3.45970726 1.86081874
      vertex 0.0149999997 -3.46311259 1.81802428
      vertex 0.0149999997 -3.45630193 1.86503589
    endloop
  endfacet
  facet normal 1 -0 0
    outer loop
      vertex 0.0149999997 -3.45630193 1.80034828
      vertex 0.0149999997 -3.45289683 1.79019094
      vertex 0.0149999997 -3.41884398 1.89565587
    endloop
  endfacet
  facet normal 0.99999994 -0 0
    outer loop
      vertex 0.0149999997 -3.45289683 1.79019094
      vertex 0.0149999997 -3.4494915 1.78003359
      vertex 0.0149999997 -3.41203332 1.89998841
    endloop
  endfacet
  facet normal 1 -0 0
    outer loop
      vertex 0.0149999997 -3.44268084 1.87976527
      vertex 0.0149999997 -3.45970726 1.80918634
      vertex 0.0149999997 -3.43927574 1.88222945
    endloop
  endfacet
  facet normal 0.99999994 -0 0
    outer loop
      vertex 0.0149999997 -3.45970726 1.80918634
      vertex 0.0149999997 -3.45630193 1.80034828
      vertex 0.0149999997 -3.43246508 1.88672948
    endloop
  endfacet
  facet normal 1 -0 0
    outer loop
      vertex 0.0149999997 -3.45630193 1.86503589
      vertex 0.0149999997 -3.45970726 1.80918634
      vertex 0.0149999997 -3.44268084 1.87976527
    endloop
  endfacet
  facet normal 1 0 0
    outer loop
      vertex 0.0149999997 -3.4494915 1.78003359
      vertex 0.0149999997 -3.44608617 1.76987612
      vertex 0.0149999997 -3.41884398 1.73464477
    endloop
  endfacet
  facet normal 1 0 0
    outer loop
      vertex 0.0149999997 -3.45970726 1.80918634
      vertex 0.0149999997 -3.43587041 1.88448167
      vertex 0.0149999997 -3.43927574 1.88222945
    endloop
  endfacet
  facet normal 0.99999994 0 0
    outer loop
      vertex 0.0149999997 -3.44608617 1.76987612
      vertex 0.0149999997 -3.44268084 1.75971878
      vertex 0.0149999997 -3.41884398 1.73464477
    endloop
  endfacet
  facet normal 1 0 0
    outer loop
      vertex 0.0149999997 -3.44268084 1.75971878
      vertex 0.0149999997 -3.43927574 1.75050521
      vertex 0.0149999997 -3.41884398 1.73464477
    endloop
  endfacet
  facet normal 0.99999994 0 0
    outer loop
      vertex 0.0149999997 -3.41884398 1.73464477
      vertex 0.0149999997 -3.43927574 1.75050521
      vertex 0.0149999997 -3.43587041 1.74548125
    endloop
  endfacet
  facet normal 1 0 0
    outer loop
      vertex 0.0149999997 -3.43587041 1.74548125
      vertex 0.0149999997 -3.43246508 1.7408061
      vertex 0.0149999997 -3.41884398 1.73464477
    endloop
  endfacet
  facet normal 1 0 0
    outer loop
      vertex 0.0149999997 -3.41884398 1.73464477
      vertex 0.0149999997 -3.43246508 1.7408061
      vertex 0.0149999997 -3.42224932 1.73508608
    endloop
  endfacet
  facet normal 1 0 0
    outer loop
      vertex 0.0149999997 -3.43246508 1.7408061
      vertex 0.0149999997 -3.42905974 1.73796952
      vertex 0.0149999997 -3.42224932 1.73508608
    endloop
  endfacet
  facet normal 1 0 0
    outer loop
      vertex 0.0149999997 -3.42905974 1.73796952
      vertex 0.0149999997 -3.42565441 1.7353853
      vertex 0.0149999997 -3.42224932 1.73508608
    endloop
  endfacet
  facet normal 1 -0 0
    outer loop
      vertex 0.0149999997 -3.43587041 1.88448167
      vertex 0.0149999997 -3.45970726 1.80918634
      vertex 0.0149999997 -3.43246508 1.88672948
    endloop
  endfacet
  facet normal 1 0 0
    outer loop
      vertex 0.0149999997 -3.4494915 1.87483692
      vertex 0.0149999997 -3.45289683 1.87125015
      vertex 0.0149999997 -3.45630193 1.86503589
    endloop
  endfacet
  facet normal 0.99999994 0 0
    outer loop
      vertex 0.0149999997 -3.45630193 1.86503589
      vertex 0.0149999997 -3.44268084 1.87976527
      vertex 0.0149999997 -3.44608617 1.8773011
    endloop
  endfacet
  facet normal 0.99999994 0 0
    outer loop
      vertex 0.0149999997 -3.45630193 1.86503589
      vertex 0.0149999997 -3.44608617 1.8773011
      vertex 0.0149999997 -3.4494915 1.87483692
    endloop
  endfacet
  facet normal 1 0 0
    outer loop
      vertex 0.0149999997 -3.41884398 1.73464477
      vertex 0.0149999997 -3.41543865 1.72511292
      vertex 0.0149999997 -3.3813858 1.69400203
    endloop
  endfacet
  facet normal 1 0 0
    outer loop
      vertex 0.0149999997 -3.41543865 1.72511292
      vertex 0.0149999997 -3.41203332 1.71558118
      vertex 0.0149999997 -3.3916018 1.69764531
    endloop
  endfacet
  facet normal 1 0 0
    outer loop
      vertex 0.0149999997 -3.3916018 1.69764531
      vertex 0.0149999997 -3.41203332 1.71558118
      vertex 0.0149999997 -3.3950069 1.69885969
    endloop
  endfacet
  facet normal 1 -0 0
    outer loop
      vertex 0.0149999997 -3.42905974 1.88897717
      vertex 0.0149999997 -3.45630193 1.80034828
      vertex 0.0149999997 -3.42565441 1.89122498
    endloop
  endfacet
  facet normal 1 0 0
    outer loop
      vertex 0.0149999997 -3.45630193 1.80034828
      vertex 0.0149999997 -3.42905974 1.88897717
      vertex 0.0149999997 -3.43246508 1.88672948
    endloop
  endfacet
  facet normal 1 -0 0
    outer loop
      vertex 0.0149999997 -3.42565441 1.89122498
      vertex 0.0149999997 -3.45630193 1.80034828
      vertex 0.0149999997 -3.42224932 1.89347267
    endloop
  endfacet
  facet normal 1 -0 0
    outer loop
      vertex 0.0149999997 -3.41543865 1.89782214
      vertex 0.0149999997 -3.45289683 1.79019094
      vertex 0.0149999997 -3.41203332 1.89998841
    endloop
  endfacet
  facet normal 1 0 0
    outer loop
      vertex 0.0149999997 -3.41203332 1.71558118
      vertex 0.0149999997 -3.40862823 1.70604932
      vertex 0.0149999997 -3.40181756 1.70128858
    endloop
  endfacet
  facet normal 1 0 0
    outer loop
      vertex 0.0149999997 -3.40862823 1.70604932
      vertex 0.0149999997 -3.40522289 1.70250297
      vertex 0.0149999997 -3.40181756 1.70128858
    endloop
  endfacet
  facet normal 1 0 0
    outer loop
      vertex 0.0149999997 -3.45289683 1.79019094
      vertex 0.0149999997 -3.41543865 1.89782214
      vertex 0.0149999997 -3.41884398 1.89565587
    endloop
  endfacet
  facet normal 1 0 0
    outer loop
      vertex 0.0149999997 -3.39841223 1.7000742
      vertex 0.0149999997 -3.41203332 1.71558118
      vertex 0.0149999997 -3.40181756 1.70128858
    endloop
  endfacet
  facet normal 1 -0 0
    outer loop
      vertex 0.0149999997 -3.42224932 1.89347267
      vertex 0.0149999997 -3.45630193 1.80034828
      vertex 0.0149999997 -3.41884398 1.89565587
    endloop
  endfacet
  facet normal 1 0 0
    outer loop
      vertex 0.0149999997 -3.41203332 1.71558118
      vertex 0.0149999997 -3.39841223 1.7000742
      vertex 0.0149999997 -3.3950069 1.69885969
    endloop
  endfacet
  facet normal 1 -0 0
    outer loop
      vertex 0.0149999997 -3.4494915 1.78003359
      vertex 0.0149999997 -3.41884398 1.73464477
      vertex 0.0149999997 -3.40522289 1.90432096
    endloop
  endfacet
  facet normal 1 0 0
    outer loop
      vertex 0.0149999997 -3.38479114 1.69521654
      vertex 0.0149999997 -3.41543865 1.72511292
      vertex 0.0149999997 -3.38819647 1.69643092
    endloop
  endfacet
  facet normal 1 0 0
    outer loop
      vertex 0.0149999997 -3.41543865 1.72511292
      vertex 0.0149999997 -3.38479114 1.69521654
      vertex 0.0149999997 -3.3813858 1.69400203
    endloop
  endfacet
  facet normal 1 0 0
    outer loop
      vertex 0.0149999997 -3.4494915 1.78003359
      vertex 0.0149999997 -3.40862823 1.90215468
      vertex 0.0149999997 -3.41203332 1.89998841
    endloop
  endfacet
  facet normal 1 0 0
    outer loop
      vertex 0.0149999997 -3.40522289 1.90432096
      vertex 0.0149999997 -3.40862823 1.90215468
      vertex 0.0149999997 -3.4494915 1.78003359
    endloop
  endfacet
  facet normal 1 0 0
    outer loop
      vertex 0.0149999997 -3.3950069 1.91039848
      vertex 0.0149999997 -3.39841223 1.9086535
      vertex 0.0149999997 -3.40181756 1.90648723
    endloop
  endfacet
  facet normal 1 0 0
    outer loop
      vertex 0.0149999997 -3.40181756 1.90648723
      vertex 0.0149999997 -3.40522289 1.90432096
      vertex 0.0149999997 -3.41884398 1.73464477
    endloop
  endfacet
  facet normal 1 -0 0
    outer loop
      vertex 0.0149999997 -3.40181756 1.90648723
      vertex 0.0149999997 -3.41884398 1.73464477
      vertex 0.0149999997 -3.3950069 1.91039848
    endloop
  endfacet
  facet normal 1 -0 -0
    outer loop
      vertex 0.0149999997 -3.3916018 1.69764531
      vertex 0.0149999997 -3.38819647 1.69643092
      vertex 0.0149999997 -3.41543865 1.72511292
    endloop
  endfacet
  facet normal 1 -0 -0
    outer loop
      vertex 0.0149999997 -3.3813858 1.69400203
      vertex 0.0149999997 -3.37798071 1.69278765
      vertex 0.0149999997 -3.41884398 1.73464477
    endloop
  endfacet
  facet normal 1 0 0
    outer loop
      vertex 0.0149999997 -3.3916018 1.91213214
      vertex 0.0149999997 -3.3950069 1.91039848
      vertex 0.0149999997 -3.41884398 1.73464477
    endloop
  endfacet
  facet normal 1 0 0
    outer loop
      vertex 0.0149999997 -3.38819647 1.9138658
      vertex 0.0149999997 -3.3916018 1.91213214
      vertex 0.0149999997 -3.41884398 1.73464477
    endloop
  endfacet
  facet normal 1 -0 0
    outer loop
      vertex 0.0149999997 -3.38819647 1.9138658
      vertex 0.0149999997 -3.41884398 1.73464477
      vertex 0.0149999997 -3.38479114 1.91559947
    endloop
  endfacet
  facet normal 0.99999994 0 0
    outer loop
      vertex 0.0149999997 -3.37798071 1.69278765
      vertex 0.0149999997 -3.37457538 1.69157326
      vertex 0.0149999997 -3.34392786 1.68887401
    endloop
  endfacet
  facet normal 0.99999994 0 0
    outer loop
      vertex 0.0149999997 -3.41884398 1.73464477
      vertex 0.0149999997 -3.37798071 1.69278765
      vertex 0.0149999997 -3.34392786 1.68887401
    endloop
  endfacet
  facet normal 1 0 0
    outer loop
      vertex 0.0149999997 -3.37117004 1.69035888
      vertex 0.0149999997 -3.36776471 1.68914437
      vertex 0.0149999997 -3.35754895 1.68756223
    endloop
  endfacet
  facet normal 1 0 0
    outer loop
      vertex 0.0149999997 -3.36776471 1.68914437
      vertex 0.0149999997 -3.36435938 1.68792999
      vertex 0.0149999997 -3.36095428 1.68756223
    endloop
  endfacet
  facet normal 1 0 0
    outer loop
      vertex 0.0149999997 -3.37457538 1.69157326
      vertex 0.0149999997 -3.37117004 1.69035888
      vertex 0.0149999997 -3.34733295 1.68843675
    endloop
  endfacet
  facet normal 1 -0 0
    outer loop
      vertex 0.0149999997 -3.38479114 1.91559947
      vertex 0.0149999997 -3.41884398 1.73464477
      vertex 0.0149999997 -3.3813858 1.91733325
    endloop
  endfacet
  facet normal 1 0 0
    outer loop
      vertex 0.0149999997 -3.34392786 1.68887401
      vertex 0.0149999997 -3.37457538 1.69157326
      vertex 0.0149999997 -3.34733295 1.68843675
    endloop
  endfacet
  facet normal 1 0 0
    outer loop
      vertex 0.0149999997 -3.36776471 1.68914437
      vertex 0.0149999997 -3.36095428 1.68756223
      vertex 0.0149999997 -3.35754895 1.68756223
    endloop
  endfacet
  facet normal 1 0 0
    outer loop
      vertex 0.0149999997 -3.3813858 1.91733325
      vertex 0.0149999997 -3.41884398 1.73464477
      vertex 0.0149999997 -3.32009077 1.69193172
    endloop
  endfacet
  facet normal 1 0 0
    outer loop
      vertex 0.0149999997 -3.37457538 1.92080057
      vertex 0.0149999997 -3.37798071 1.91906691
      vertex 0.0149999997 -3.32009077 1.69193172
    endloop
  endfacet
  facet normal 1 0 0
    outer loop
      vertex 0.0149999997 -3.37798071 1.91906691
      vertex 0.0149999997 -3.3813858 1.91733325
      vertex 0.0149999997 -3.32009077 1.69193172
    endloop
  endfacet
  facet normal 0.99999994 0 0
    outer loop
      vertex 0.0149999997 -3.3234961 1.69149745
      vertex 0.0149999997 -3.41884398 1.73464477
      vertex 0.0149999997 -3.32690144 1.6910603
    endloop
  endfacet
  facet normal 0.99999994 0 0
    outer loop
      vertex 0.0149999997 -3.35754895 1.68756223
      vertex 0.0149999997 -3.35414362 1.68756223
      vertex 0.0149999997 -3.35073829 1.68799949
    endloop
  endfacet
  facet normal 1 0 -0
    outer loop
      vertex 0.0149999997 -3.35073829 1.68799949
      vertex 0.0149999997 -3.34733295 1.68843675
      vertex 0.0149999997 -3.37117004 1.69035888
    endloop
  endfacet
  facet normal 1 0 -0
    outer loop
      vertex 0.0149999997 -3.35754895 1.68756223
      vertex 0.0149999997 -3.35073829 1.68799949
      vertex 0.0149999997 -3.37117004 1.69035888
    endloop
  endfacet
  facet normal 1 0 0
    outer loop
      vertex 0.0149999997 -3.41884398 1.73464477
      vertex 0.0149999997 -3.3371172 1.68974853
      vertex 0.0149999997 -3.33371186 1.69018579
    endloop
  endfacet
  facet normal 1 0 0
    outer loop
      vertex 0.0149999997 -3.36776471 1.92411661
      vertex 0.0149999997 -3.37117004 1.92253435
      vertex 0.0149999997 -3.37457538 1.92080057
    endloop
  endfacet
  facet normal 1 0 0
    outer loop
      vertex 0.0149999997 -3.41884398 1.73464477
      vertex 0.0149999997 -3.3234961 1.69149745
      vertex 0.0149999997 -3.32009077 1.69193172
    endloop
  endfacet
  facet normal 1 0 0
    outer loop
      vertex 0.0149999997 -3.3371172 1.68974853
      vertex 0.0149999997 -3.41884398 1.73464477
      vertex 0.0149999997 -3.34052253 1.68931127
    endloop
  endfacet
  facet normal 1 0 -0
    outer loop
      vertex 0.0149999997 -3.34392786 1.68887401
      vertex 0.0149999997 -3.34052253 1.68931127
      vertex 0.0149999997 -3.41884398 1.73464477
    endloop
  endfacet
  facet normal 1 0 0
    outer loop
      vertex 0.0149999997 -3.41884398 1.73464477
      vertex 0.0149999997 -3.33030677 1.69062304
      vertex 0.0149999997 -3.32690144 1.6910603
    endloop
  endfacet
  facet normal 1 0 -0
    outer loop
      vertex 0.0149999997 -3.33371186 1.69018579
      vertex 0.0149999997 -3.33030677 1.69062304
      vertex 0.0149999997 -3.41884398 1.73464477
    endloop
  endfacet
  facet normal 1 -0 0
    outer loop
      vertex 0.0149999997 -3.36776471 1.92411661
      vertex 0.0149999997 -3.31328034 1.69225144
      vertex 0.0149999997 -3.36435938 1.92568874
    endloop
  endfacet
  facet normal 0.99999994 0 0
    outer loop
      vertex 0.0149999997 -3.37457538 1.92080057
      vertex 0.0149999997 -3.31668544 1.69209158
      vertex 0.0149999997 -3.31328034 1.69225144
    endloop
  endfacet
  facet normal 0.99999994 0 0
    outer loop
      vertex 0.0149999997 -3.36776471 1.92411661
      vertex 0.0149999997 -3.37457538 1.92080057
      vertex 0.0149999997 -3.31328034 1.69225144
    endloop
  endfacet
  facet normal 1 0 0
    outer loop
      vertex 0.0149999997 -3.35754895 1.92883301
      vertex 0.0149999997 -3.36095428 1.92726088
      vertex 0.0149999997 -3.30646968 1.69257116
    endloop
  endfacet
  facet normal 1 0 0
    outer loop
      vertex 0.0149999997 -3.36095428 1.92726088
      vertex 0.0149999997 -3.36435938 1.92568874
      vertex 0.0149999997 -3.30987501 1.6924113
    endloop
  endfacet
  facet normal 1 0 0
    outer loop
      vertex 0.0149999997 -3.31668544 1.69209158
      vertex 0.0149999997 -3.37457538 1.92080057
      vertex 0.0149999997 -3.32009077 1.69193172
    endloop
  endfacet
  facet normal 0.99999994 0 0
    outer loop
      vertex 0.0149999997 -3.36435938 1.92568874
      vertex 0.0149999997 -3.31328034 1.69225144
      vertex 0.0149999997 -3.30987501 1.6924113
    endloop
  endfacet
  facet normal 1 0 0
    outer loop
      vertex 0.0149999997 -3.35414362 1.93040514
      vertex 0.0149999997 -3.35754895 1.92883301
      vertex 0.0149999997 -3.2792275 1.69634032
    endloop
  endfacet
  facet normal 1 0 0
    outer loop
      vertex 0.0149999997 -3.35754895 1.92883301
      vertex 0.0149999997 -3.30646968 1.69257116
      vertex 0.0149999997 -3.30306435 1.69273102
    endloop
  endfacet
  facet normal 1 0 0
    outer loop
      vertex 0.0149999997 -3.36095428 1.92726088
      vertex 0.0149999997 -3.30987501 1.6924113
      vertex 0.0149999997 -3.30646968 1.69257116
    endloop
  endfacet
  facet normal 1 0 0
    outer loop
      vertex 0.0149999997 -3.35073829 1.93197727
      vertex 0.0149999997 -3.35414362 1.93040514
      vertex 0.0149999997 -3.27582216 1.69712496
    endloop
  endfacet
  facet normal 1 0 0
    outer loop
      vertex 0.0149999997 -3.34052253 1.93647993
      vertex 0.0149999997 -3.34392786 1.93512166
      vertex 0.0149999997 -3.34733295 1.9335494
    endloop
  endfacet
  facet normal 1 0 0
    outer loop
      vertex 0.0149999997 -3.34733295 1.9335494
      vertex 0.0149999997 -3.35073829 1.93197727
      vertex 0.0149999997 -3.26220107 1.70089126
    endloop
  endfacet
  facet normal 1 0 0
    outer loop
      vertex 0.0149999997 -3.3371172 1.93775785
      vertex 0.0149999997 -3.34052253 1.93647993
      vertex 0.0149999997 -3.34733295 1.9335494
    endloop
  endfacet
  facet normal 1 0 0
    outer loop
      vertex 0.0149999997 -3.32690144 1.94159186
      vertex 0.0149999997 -3.33030677 1.94031394
      vertex 0.0149999997 -3.25198531 1.70419717
    endloop
  endfacet
  facet normal 0.99999994 0 0
    outer loop
      vertex 0.0149999997 -3.33030677 1.94031394
      vertex 0.0149999997 -3.33371186 1.93903589
      vertex 0.0149999997 -3.25539041 1.7030952
    endloop
  endfacet
  facet normal 1 0 0
    outer loop
      vertex 0.0149999997 -3.26220107 1.70089126
      vertex 0.0149999997 -3.35073829 1.93197727
      vertex 0.0149999997 -3.2656064 1.69978929
    endloop
  endfacet
  facet normal 1 0 0
    outer loop
      vertex 0.0149999997 -3.33371186 1.93903589
      vertex 0.0149999997 -3.3371172 1.93775785
      vertex 0.0149999997 -3.25879574 1.70199323
    endloop
  endfacet
  facet normal 1 0 0
    outer loop
      vertex 0.0149999997 -3.3371172 1.93775785
      vertex 0.0149999997 -3.34733295 1.9335494
      vertex 0.0149999997 -3.25879574 1.70199323
    endloop
  endfacet
  facet normal 1 0 0
    outer loop
      vertex 0.0149999997 -3.35754895 1.92883301
      vertex 0.0149999997 -3.30306435 1.69273102
      vertex 0.0149999997 -3.28263283 1.69555569
    endloop
  endfacet
  facet normal 1 0 0
    outer loop
      vertex 0.0149999997 -3.35073829 1.93197727
      vertex 0.0149999997 -3.27582216 1.69712496
      vertex 0.0149999997 -3.27241683 1.69790959
    endloop
  endfacet
  facet normal 0.99999994 0 0
    outer loop
      vertex 0.0149999997 -3.3234961 1.9428699
      vertex 0.0149999997 -3.32690144 1.94159186
      vertex 0.0149999997 -3.24857998 1.70529914
    endloop
  endfacet
  facet normal 1 0 0
    outer loop
      vertex 0.0149999997 -3.35073829 1.93197727
      vertex 0.0149999997 -3.27241683 1.69790959
      vertex 0.0149999997 -3.2656064 1.69978929
    endloop
  endfacet
  facet normal 1 0 0
    outer loop
      vertex 0.0149999997 -3.35754895 1.92883301
      vertex 0.0149999997 -3.28263283 1.69555569
      vertex 0.0149999997 -3.2792275 1.69634032
    endloop
  endfacet
  facet normal 1 0 0
    outer loop
      vertex 0.0149999997 -3.30306435 1.69273102
      vertex 0.0149999997 -3.29965925 1.69289088
      vertex 0.0149999997 -3.28263283 1.69555569
    endloop
  endfacet
  facet normal 1 0 0
    outer loop
      vertex 0.0149999997 -3.35414362 1.93040514
      vertex 0.0149999997 -3.2792275 1.69634032
      vertex 0.0149999997 -3.27582216 1.69712496
    endloop
  endfacet
  facet normal 1 0 0
    outer loop
      vertex 0.0149999997 -3.29625392 1.69305074
      vertex 0.0149999997 -3.29284859 1.6932106
      vertex 0.0149999997 -3.28944325 1.6939863
    endloop
  endfacet
  facet normal 1 0 0
    outer loop
      vertex 0.0149999997 -3.29965925 1.69289088
      vertex 0.0149999997 -3.29625392 1.69305074
      vertex 0.0149999997 -3.28944325 1.6939863
    endloop
  endfacet
  facet normal 1 0 -0
    outer loop
      vertex 0.0149999997 -3.28944325 1.6939863
      vertex 0.0149999997 -3.28603792 1.69477093
      vertex 0.0149999997 -3.29965925 1.69289088
    endloop
  endfacet
  facet normal 1 0 -0
    outer loop
      vertex 0.0149999997 -3.28603792 1.69477093
      vertex 0.0149999997 -3.28263283 1.69555569
      vertex 0.0149999997 -3.29965925 1.69289088
    endloop
  endfacet
  facet normal 1 0 0
    outer loop
      vertex 0.0149999997 -3.32009077 1.94414794
      vertex 0.0149999997 -3.3234961 1.9428699
      vertex 0.0149999997 -3.24517465 1.70640111
    endloop
  endfacet
  facet normal 1 0 0
    outer loop
      vertex 0.0149999997 -3.34733295 1.9335494
      vertex 0.0149999997 -3.26220107 1.70089126
      vertex 0.0149999997 -3.25879574 1.70199323
    endloop
  endfacet
  facet normal 1 0 0
    outer loop
      vertex 0.0149999997 -3.27241683 1.69790959
      vertex 0.0149999997 -3.26901174 1.69869435
      vertex 0.0149999997 -3.2656064 1.69978929
    endloop
  endfacet
  facet normal 1 0 0
    outer loop
      vertex 0.0149999997 -3.33371186 1.93903589
      vertex 0.0149999997 -3.25879574 1.70199323
      vertex 0.0149999997 -3.25539041 1.7030952
    endloop
  endfacet
  facet normal 1 0 0
    outer loop
      vertex 0.0149999997 -3.31668544 1.94542599
      vertex 0.0149999997 -3.32009077 1.94414794
      vertex 0.0149999997 -3.24176931 1.70750308
    endloop
  endfacet
  facet normal 1 0 0
    outer loop
      vertex 0.0149999997 -3.31328034 1.94675493
      vertex 0.0149999997 -3.31668544 1.94542599
      vertex 0.0149999997 -3.23836422 1.7085973
    endloop
  endfacet
  facet normal 0.99999994 0 0
    outer loop
      vertex 0.0149999997 -3.25198531 1.70419717
      vertex 0.0149999997 -3.33030677 1.94031394
      vertex 0.0149999997 -3.25539041 1.7030952
    endloop
  endfacet
  facet normal 1 -0 0
    outer loop
      vertex 0.0149999997 -3.31328034 1.94675493
      vertex 0.0149999997 -3.23155355 1.71073389
      vertex 0.0149999997 -3.30987501 1.94812167
    endloop
  endfacet
  facet normal 1 0 0
    outer loop
      vertex 0.0149999997 -3.24176931 1.70750308
      vertex 0.0149999997 -3.32009077 1.94414794
      vertex 0.0149999997 -3.24517465 1.70640111
    endloop
  endfacet
  facet normal 1 0 0
    outer loop
      vertex 0.0149999997 -3.31328034 1.94675493
      vertex 0.0149999997 -3.23836422 1.7085973
      vertex 0.0149999997 -3.23495889 1.70966554
    endloop
  endfacet
  facet normal 1 0 0
    outer loop
      vertex 0.0149999997 -3.30306435 1.95085526
      vertex 0.0149999997 -3.30646968 1.94948852
      vertex 0.0149999997 -3.22474289 1.71287036
    endloop
  endfacet
  facet normal 1 0 0
    outer loop
      vertex 0.0149999997 -3.30646968 1.94948852
      vertex 0.0149999997 -3.30987501 1.94812167
      vertex 0.0149999997 -3.22814822 1.71180212
    endloop
  endfacet
  facet normal 1 0 0
    outer loop
      vertex 0.0149999997 -3.24857998 1.70529914
      vertex 0.0149999997 -3.32690144 1.94159186
      vertex 0.0149999997 -3.25198531 1.70419717
    endloop
  endfacet
  facet normal 1 0 0
    outer loop
      vertex 0.0149999997 -3.23155355 1.71073389
      vertex 0.0149999997 -3.31328034 1.94675493
      vertex 0.0149999997 -3.23495889 1.70966554
    endloop
  endfacet
  facet normal 1 0 0
    outer loop
      vertex 0.0149999997 -3.30987501 1.94812167
      vertex 0.0149999997 -3.23155355 1.71073389
      vertex 0.0149999997 -3.22814822 1.71180212
    endloop
  endfacet
  facet normal 1 0 0
    outer loop
      vertex 0.0149999997 -3.29284859 1.95495558
      vertex 0.0149999997 -3.29625392 1.95358884
      vertex 0.0149999997 -3.21452713 1.7160753
    endloop
  endfacet
  facet normal 0.99999994 0 0
    outer loop
      vertex 0.0149999997 -3.29625392 1.95358884
      vertex 0.0149999997 -3.29965925 1.95222199
      vertex 0.0149999997 -3.21793246 1.71500695
    endloop
  endfacet
  facet normal 1 0 0
    outer loop
      vertex 0.0149999997 -3.29965925 1.95222199
      vertex 0.0149999997 -3.30306435 1.95085526
      vertex 0.0149999997 -3.2213378 1.71393871
    endloop
  endfacet
  facet normal 1 0 0
    outer loop
      vertex 0.0149999997 -3.3234961 1.9428699
      vertex 0.0149999997 -3.24857998 1.70529914
      vertex 0.0149999997 -3.24517465 1.70640111
    endloop
  endfacet
  facet normal 0.99999994 0 0
    outer loop
      vertex 0.0149999997 -3.30646968 1.94948852
      vertex 0.0149999997 -3.22814822 1.71180212
      vertex 0.0149999997 -3.22474289 1.71287036
    endloop
  endfacet
  facet normal 1 0 0
    outer loop
      vertex 0.0149999997 -3.28944325 1.95632231
      vertex 0.0149999997 -3.29284859 1.95495558
      vertex 0.0149999997 -3.2111218 1.71714354
    endloop
  endfacet
  facet normal 1 0 0
    outer loop
      vertex 0.0149999997 -3.31668544 1.94542599
      vertex 0.0149999997 -3.24176931 1.70750308
      vertex 0.0149999997 -3.23836422 1.7085973
    endloop
  endfacet
  facet normal 1 0 0
    outer loop
      vertex 0.0149999997 -3.2792275 1.96171081
      vertex 0.0149999997 -3.28263283 1.95984697
      vertex 0.0149999997 -3.17366385 1.73235559
    endloop
  endfacet
  facet normal 1 0 0
    outer loop
      vertex 0.0149999997 -3.28263283 1.95984697
      vertex 0.0149999997 -3.28603792 1.95798302
      vertex 0.0149999997 -3.17706895 1.73088384
    endloop
  endfacet
  facet normal 1 0 0
    outer loop
      vertex 0.0149999997 -3.21452713 1.7160753
      vertex 0.0149999997 -3.29625392 1.95358884
      vertex 0.0149999997 -3.21793246 1.71500695
    endloop
  endfacet
  facet normal 1 0 0
    outer loop
      vertex 0.0149999997 -3.28603792 1.95798302
      vertex 0.0149999997 -3.28944325 1.95632231
      vertex 0.0149999997 -3.18728495 1.72646856
    endloop
  endfacet
  facet normal 1 0 0
    outer loop
      vertex 0.0149999997 -3.29965925 1.95222199
      vertex 0.0149999997 -3.2213378 1.71393871
      vertex 0.0149999997 -3.21793246 1.71500695
    endloop
  endfacet
  facet normal 1 0 0
    outer loop
      vertex 0.0149999997 -3.30306435 1.95085526
      vertex 0.0149999997 -3.22474289 1.71287036
      vertex 0.0149999997 -3.2213378 1.71393871
    endloop
  endfacet
  facet normal 1 0 0
    outer loop
      vertex 0.0149999997 -3.27582216 1.96357477
      vertex 0.0149999997 -3.2792275 1.96171081
      vertex 0.0149999997 -3.17025852 1.73382735
    endloop
  endfacet
  facet normal 1 0 0
    outer loop
      vertex 0.0149999997 -3.2656064 1.96916664
      vertex 0.0149999997 -3.26901174 1.96730268
      vertex 0.0149999997 -3.16004276 1.73753428
    endloop
  endfacet
  facet normal 1 0 0
    outer loop
      vertex 0.0149999997 -3.26901174 1.96730268
      vertex 0.0149999997 -3.27241683 1.96543872
      vertex 0.0149999997 -3.16344786 1.73631418
    endloop
  endfacet
  facet normal 1 0 0
    outer loop
      vertex 0.0149999997 -3.16004276 1.73753428
      vertex 0.0149999997 -3.26901174 1.96730268
      vertex 0.0149999997 -3.16344786 1.73631418
    endloop
  endfacet
  facet normal 1 0 0
    outer loop
      vertex 0.0149999997 -3.27241683 1.96543872
      vertex 0.0149999997 -3.27582216 1.96357477
      vertex 0.0149999997 -3.17025852 1.73382735
    endloop
  endfacet
  facet normal 1 0 0
    outer loop
      vertex 0.0149999997 -3.29284859 1.95495558
      vertex 0.0149999997 -3.21452713 1.7160753
      vertex 0.0149999997 -3.2111218 1.71714354
    endloop
  endfacet
  facet normal 1 0 0
    outer loop
      vertex 0.0149999997 -3.28944325 1.95632231
      vertex 0.0149999997 -3.2077167 1.71821189
      vertex 0.0149999997 -3.19750071 1.72205317
    endloop
  endfacet
  facet normal 1 0 0
    outer loop
      vertex 0.0149999997 -3.26220107 1.97102726
      vertex 0.0149999997 -3.2656064 1.96916664
      vertex 0.0149999997 -3.16004276 1.73753428
    endloop
  endfacet
  facet normal 1 0 0
    outer loop
      vertex 0.0149999997 -3.28944325 1.95632231
      vertex 0.0149999997 -3.19409537 1.72352493
      vertex 0.0149999997 -3.19069028 1.72499669
    endloop
  endfacet
  facet normal 1 0 0
    outer loop
      vertex 0.0149999997 -3.28944325 1.95632231
      vertex 0.0149999997 -3.2111218 1.71714354
      vertex 0.0149999997 -3.2077167 1.71821189
    endloop
  endfacet
  facet normal 1 0 0
    outer loop
      vertex 0.0149999997 -3.25879574 1.9728837
      vertex 0.0149999997 -3.26220107 1.97102726
      vertex 0.0149999997 -3.16004276 1.73753428
    endloop
  endfacet
  facet normal 1 0 0
    outer loop
      vertex 0.0149999997 -3.24857998 1.97845292
      vertex 0.0149999997 -3.25198531 1.97659659
      vertex 0.0149999997 -3.14982677 1.74119461
    endloop
  endfacet
  facet normal 1 0 0
    outer loop
      vertex 0.0149999997 -3.25198531 1.97659659
      vertex 0.0149999997 -3.25539041 1.97474015
      vertex 0.0149999997 -3.1532321 1.7399745
    endloop
  endfacet
  facet normal 1 0 0
    outer loop
      vertex 0.0149999997 -3.15663743 1.73875439
      vertex 0.0149999997 -3.25539041 1.97474015
      vertex 0.0149999997 -3.25879574 1.9728837
    endloop
  endfacet
  facet normal 0.99999994 0 0
    outer loop
      vertex 0.0149999997 -3.28944325 1.95632231
      vertex 0.0149999997 -3.19750071 1.72205317
      vertex 0.0149999997 -3.19409537 1.72352493
    endloop
  endfacet
  facet normal 1 0 0
    outer loop
      vertex 0.0149999997 -3.2077167 1.71821189
      vertex 0.0149999997 -3.20431137 1.71928012
      vertex 0.0149999997 -3.20090604 1.72058141
    endloop
  endfacet
  facet normal 1 0 0
    outer loop
      vertex 0.0149999997 -3.28603792 1.95798302
      vertex 0.0149999997 -3.18047428 1.72941208
      vertex 0.0149999997 -3.17706895 1.73088384
    endloop
  endfacet
  facet normal 1 0 0
    outer loop
      vertex 0.0149999997 -3.2077167 1.71821189
      vertex 0.0149999997 -3.20090604 1.72058141
      vertex 0.0149999997 -3.19750071 1.72205317
    endloop
  endfacet
  facet normal 1 0 0
    outer loop
      vertex 0.0149999997 -3.28944325 1.95632231
      vertex 0.0149999997 -3.19069028 1.72499669
      vertex 0.0149999997 -3.18728495 1.72646856
    endloop
  endfacet
  facet normal 1 0 0
    outer loop
      vertex 0.0149999997 -3.25539041 1.97474015
      vertex 0.0149999997 -3.15663743 1.73875439
      vertex 0.0149999997 -3.1532321 1.7399745
    endloop
  endfacet
  facet normal 0.99999994 0 0
    outer loop
      vertex 0.0149999997 -3.25879574 1.9728837
      vertex 0.0149999997 -3.16004276 1.73753428
      vertex 0.0149999997 -3.15663743 1.73875439
    endloop
  endfacet
  facet normal 1 0 0
    outer loop
      vertex 0.0149999997 -3.23836422 1.98401797
      vertex 0.0149999997 -3.24176931 1.98216581
      vertex 0.0149999997 -3.13961101 1.74485505
    endloop
  endfacet
  facet normal 1 0 0
    outer loop
      vertex 0.0149999997 -3.24176931 1.98216581
      vertex 0.0149999997 -3.24517465 1.98030937
      vertex 0.0149999997 -3.14301634 1.74363494
    endloop
  endfacet
  facet normal 1 0 0
    outer loop
      vertex 0.0149999997 -3.14982677 1.74119461
      vertex 0.0149999997 -3.25198531 1.97659659
      vertex 0.0149999997 -3.1532321 1.7399745
    endloop
  endfacet
  facet normal 1 0 0
    outer loop
      vertex 0.0149999997 -3.24517465 1.98030937
      vertex 0.0149999997 -3.24857998 1.97845292
      vertex 0.0149999997 -3.14642143 1.74241483
    endloop
  endfacet
  facet normal 1 0 0
    outer loop
      vertex 0.0149999997 -3.28603792 1.95798302
      vertex 0.0149999997 -3.18728495 1.72646856
      vertex 0.0149999997 -3.18387961 1.72794032
    endloop
  endfacet
  facet normal 1 0 0
    outer loop
      vertex 0.0149999997 -3.18047428 1.72941208
      vertex 0.0149999997 -3.28603792 1.95798302
      vertex 0.0149999997 -3.18387961 1.72794032
    endloop
  endfacet
  facet normal 1 0 0
    outer loop
      vertex 0.0149999997 -3.23495889 1.98586762
      vertex 0.0149999997 -3.23836422 1.98401797
      vertex 0.0149999997 -3.13620567 1.74607515
    endloop
  endfacet
  facet normal 1 0 0
    outer loop
      vertex 0.0149999997 -3.28263283 1.95984697
      vertex 0.0149999997 -3.17706895 1.73088384
      vertex 0.0149999997 -3.17366385 1.73235559
    endloop
  endfacet
  facet normal 1 0 0
    outer loop
      vertex 0.0149999997 -3.23155355 1.98771727
      vertex 0.0149999997 -3.23495889 1.98586762
      vertex 0.0149999997 -3.13280034 1.74728048
    endloop
  endfacet
  facet normal 1 0 0
    outer loop
      vertex 0.0149999997 -3.24857998 1.97845292
      vertex 0.0149999997 -3.14982677 1.74119461
      vertex 0.0149999997 -3.14642143 1.74241483
    endloop
  endfacet
  facet normal 1 0 0
    outer loop
      vertex 0.0149999997 -3.22814822 1.98956692
      vertex 0.0149999997 -3.23155355 1.98771727
      vertex 0.0149999997 -3.13280034 1.74728048
    endloop
  endfacet
  facet normal 1 0 0
    outer loop
      vertex 0.0149999997 -3.2792275 1.96171081
      vertex 0.0149999997 -3.17366385 1.73235559
      vertex 0.0149999997 -3.17025852 1.73382735
    endloop
  endfacet
  facet normal 1 0 0
    outer loop
      vertex 0.0149999997 -3.22474289 1.99141657
      vertex 0.0149999997 -3.22814822 1.98956692
      vertex 0.0149999997 -3.13280034 1.74728048
    endloop
  endfacet
  facet normal 1 0 0
    outer loop
      vertex 0.0149999997 -3.24517465 1.98030937
      vertex 0.0149999997 -3.14642143 1.74241483
      vertex 0.0149999997 -3.14301634 1.74363494
    endloop
  endfacet
  facet normal 1 0 0
    outer loop
      vertex 0.0149999997 -3.2213378 1.99326634
      vertex 0.0149999997 -3.22474289 1.99141657
      vertex 0.0149999997 -3.13280034 1.74728048
    endloop
  endfacet
  facet normal 1 0 0
    outer loop
      vertex 0.0149999997 -3.27241683 1.96543872
      vertex 0.0149999997 -3.17025852 1.73382735
      vertex 0.0149999997 -3.16685319 1.73509407
    endloop
  endfacet
  facet normal 1 0 -0
    outer loop
      vertex 0.0149999997 -3.16685319 1.73509407
      vertex 0.0149999997 -3.16344786 1.73631418
      vertex 0.0149999997 -3.27241683 1.96543872
    endloop
  endfacet
  facet normal 1 0 0
    outer loop
      vertex 0.0149999997 -3.24176931 1.98216581
      vertex 0.0149999997 -3.14301634 1.74363494
      vertex 0.0149999997 -3.13961101 1.74485505
    endloop
  endfacet
  facet normal 1 0 0
    outer loop
      vertex 0.0149999997 -3.21793246 1.99516177
      vertex 0.0149999997 -3.2213378 1.99326634
      vertex 0.0149999997 -3.13280034 1.74728048
    endloop
  endfacet
  facet normal 1 0 0
    outer loop
      vertex 0.0149999997 -3.23836422 1.98401797
      vertex 0.0149999997 -3.13961101 1.74485505
      vertex 0.0149999997 -3.13620567 1.74607515
    endloop
  endfacet
  facet normal 1 0 0
    outer loop
      vertex 0.0149999997 -3.21452713 1.99706423
      vertex 0.0149999997 -3.21793246 1.99516177
      vertex 0.0149999997 -3.12939525 1.74802756
    endloop
  endfacet
  facet normal 1 0 0
    outer loop
      vertex 0.0149999997 -3.23495889 1.98586762
      vertex 0.0149999997 -3.13620567 1.74607515
      vertex 0.0149999997 -3.13280034 1.74728048
    endloop
  endfacet
  facet normal 1 0 0
    outer loop
      vertex 0.0149999997 -3.20431137 2.00277185
      vertex 0.0149999997 -3.2077167 2.00086927
      vertex 0.0149999997 -3.11577392 1.75101602
    endloop
  endfacet
  facet normal 1 0 0
    outer loop
      vertex 0.0149999997 -3.2077167 2.00086927
      vertex 0.0149999997 -3.2111218 1.99896681
      vertex 0.0149999997 -3.11917925 1.75026894
    endloop
  endfacet
  facet normal 0.99999994 0 0
    outer loop
      vertex 0.0149999997 -3.12939525 1.74802756
      vertex 0.0149999997 -3.21793246 1.99516177
      vertex 0.0149999997 -3.13280034 1.74728048
    endloop
  endfacet
  facet normal 1 0 0
    outer loop
      vertex 0.0149999997 -3.2111218 1.99896681
      vertex 0.0149999997 -3.21452713 1.99706423
      vertex 0.0149999997 -3.12258458 1.74952173
    endloop
  endfacet
  facet normal 1 0 0
    outer loop
      vertex 0.0149999997 -3.21452713 1.99706423
      vertex 0.0149999997 -3.12939525 1.74802756
      vertex 0.0149999997 -3.12598991 1.74877465
    endloop
  endfacet
  facet normal 1 0 0
    outer loop
      vertex 0.0149999997 -3.20090604 2.00468278
      vertex 0.0149999997 -3.20431137 2.00277185
      vertex 0.0149999997 -3.11236882 1.75176311
    endloop
  endfacet
  facet normal 1 0 0
    outer loop
      vertex 0.0149999997 -3.21452713 1.99706423
      vertex 0.0149999997 -3.12598991 1.74877465
      vertex 0.0149999997 -3.12258458 1.74952173
    endloop
  endfacet
  facet normal 1 0 0
    outer loop
      vertex 0.0149999997 -3.19069028 2.0104394
      vertex 0.0149999997 -3.19409537 2.0085206
      vertex 0.0149999997 -3.10215282 1.75400448
    endloop
  endfacet
  facet normal 1 0 0
    outer loop
      vertex 0.0149999997 -3.19409537 2.0085206
      vertex 0.0149999997 -3.19750071 2.00660157
      vertex 0.0149999997 -3.10555816 1.75325739
    endloop
  endfacet
  facet normal 1 0 0
    outer loop
      vertex 0.0149999997 -3.11577392 1.75101602
      vertex 0.0149999997 -3.2077167 2.00086927
      vertex 0.0149999997 -3.11917925 1.75026894
    endloop
  endfacet
  facet normal 1 0 0
    outer loop
      vertex 0.0149999997 -3.19750071 2.00660157
      vertex 0.0149999997 -3.20090604 2.00468278
      vertex 0.0149999997 -3.10896349 1.75251031
    endloop
  endfacet
  facet normal 1 0 0
    outer loop
      vertex 0.0149999997 -3.2111218 1.99896681
      vertex 0.0149999997 -3.12258458 1.74952173
      vertex 0.0149999997 -3.11917925 1.75026894
    endloop
  endfacet
  facet normal 1 0 0
    outer loop
      vertex 0.0149999997 -3.18387961 2.01426792
      vertex 0.0149999997 -3.18728495 2.01235843
      vertex 0.0149999997 -3.09193707 1.75624585
    endloop
  endfacet
  facet normal 1 0 0
    outer loop
      vertex 0.0149999997 -3.18728495 2.01235843
      vertex 0.0149999997 -3.19069028 2.0104394
      vertex 0.0149999997 -3.09874773 1.75475156
    endloop
  endfacet
  facet normal 1 0 0
    outer loop
      vertex 0.0149999997 -3.10215282 1.75400448
      vertex 0.0149999997 -3.19409537 2.0085206
      vertex 0.0149999997 -3.10555816 1.75325739
    endloop
  endfacet
  facet normal 0.99999994 0 0
    outer loop
      vertex 0.0149999997 -3.20090604 2.00468278
      vertex 0.0149999997 -3.11236882 1.75176311
      vertex 0.0149999997 -3.10896349 1.75251031
    endloop
  endfacet
  facet normal 1 0 0
    outer loop
      vertex 0.0149999997 -3.20431137 2.00277185
      vertex 0.0149999997 -3.11577392 1.75101602
      vertex 0.0149999997 -3.11236882 1.75176311
    endloop
  endfacet
  facet normal 1 0 0
    outer loop
      vertex 0.0149999997 -3.18047428 2.01607227
      vertex 0.0149999997 -3.18387961 2.01426792
      vertex 0.0149999997 -3.09193707 1.75624585
    endloop
  endfacet
  facet normal 1 0 0
    outer loop
      vertex 0.0149999997 -3.17025852 2.02148557
      vertex 0.0149999997 -3.17366385 2.01968122
      vertex 0.0149999997 -3.08172131 1.75845504
    endloop
  endfacet
  facet normal 1 0 0
    outer loop
      vertex 0.0149999997 -3.17366385 2.01968122
      vertex 0.0149999997 -3.17706895 2.01787663
      vertex 0.0149999997 -3.0851264 1.75772393
    endloop
  endfacet
  facet normal 1 0 0
    outer loop
      vertex 0.0149999997 -3.0953424 1.75549877
      vertex 0.0149999997 -3.18728495 2.01235843
      vertex 0.0149999997 -3.09874773 1.75475156
    endloop
  endfacet
  facet normal 1 0 0
    outer loop
      vertex 0.0149999997 -3.17706895 2.01787663
      vertex 0.0149999997 -3.18047428 2.01607227
      vertex 0.0149999997 -3.08853173 1.75699282
    endloop
  endfacet
  facet normal 1 0 0
    outer loop
      vertex 0.0149999997 -3.19069028 2.0104394
      vertex 0.0149999997 -3.10215282 1.75400448
      vertex 0.0149999997 -3.09874773 1.75475156
    endloop
  endfacet
  facet normal 0.99999994 0 0
    outer loop
      vertex 0.0149999997 -3.19750071 2.00660157
      vertex 0.0149999997 -3.10896349 1.75251031
      vertex 0.0149999997 -3.10555816 1.75325739
    endloop
  endfacet
  facet normal 1 0 0
    outer loop
      vertex 0.0149999997 -3.16685319 2.02328992
      vertex 0.0149999997 -3.17025852 2.02148557
      vertex 0.0149999997 -3.07831597 1.75918615
    endloop
  endfacet
  facet normal 1 0 0
    outer loop
      vertex 0.0149999997 -3.18728495 2.01235843
      vertex 0.0149999997 -3.0953424 1.75549877
      vertex 0.0149999997 -3.09193707 1.75624585
    endloop
  endfacet
  facet normal 1 0 0
    outer loop
      vertex 0.0149999997 -3.16004276 2.02688861
      vertex 0.0149999997 -3.16344786 2.02509284
      vertex 0.0149999997 -3.07150531 1.76064837
    endloop
  endfacet
  facet normal 1 0 0
    outer loop
      vertex 0.0149999997 -3.16344786 2.02509284
      vertex 0.0149999997 -3.16685319 2.02328992
      vertex 0.0149999997 -3.07491064 1.75991726
    endloop
  endfacet
  facet normal 1 0 0
    outer loop
      vertex 0.0149999997 -3.08853173 1.75699282
      vertex 0.0149999997 -3.18047428 2.01607227
      vertex 0.0149999997 -3.09193707 1.75624585
    endloop
  endfacet
  facet normal 1 0 0
    outer loop
      vertex 0.0149999997 -3.15663743 2.02868414
      vertex 0.0149999997 -3.16004276 2.02688861
      vertex 0.0149999997 -3.06810021 1.76137948
    endloop
  endfacet
  facet normal 1 0 0
    outer loop
      vertex 0.0149999997 -3.1532321 2.03047991
      vertex 0.0149999997 -3.15663743 2.02868414
      vertex 0.0149999997 -3.06469488 1.76211059
    endloop
  endfacet
  facet normal 1 0 0
    outer loop
      vertex 0.0149999997 -3.17706895 2.01787663
      vertex 0.0149999997 -3.08853173 1.75699282
      vertex 0.0149999997 -3.0851264 1.75772393
    endloop
  endfacet
  facet normal 1 0 0
    outer loop
      vertex 0.0149999997 -3.14982677 2.03227568
      vertex 0.0149999997 -3.1532321 2.03047991
      vertex 0.0149999997 -3.06128955 1.7628417
    endloop
  endfacet
  facet normal 1 0 0
    outer loop
      vertex 0.0149999997 -3.07831597 1.75918615
      vertex 0.0149999997 -3.17025852 2.02148557
      vertex 0.0149999997 -3.08172131 1.75845504
    endloop
  endfacet
  facet normal 1 0 0
    outer loop
      vertex 0.0149999997 -3.16685319 2.02328992
      vertex 0.0149999997 -3.07831597 1.75918615
      vertex 0.0149999997 -3.07491064 1.75991726
    endloop
  endfacet
  facet normal 1 0 0
    outer loop
      vertex 0.0149999997 -3.17366385 2.01968122
      vertex 0.0149999997 -3.0851264 1.75772393
      vertex 0.0149999997 -3.08172131 1.75845504
    endloop
  endfacet
  facet normal 1 0 0
    outer loop
      vertex 0.0149999997 -3.14642143 2.03407145
      vertex 0.0149999997 -3.14982677 2.03227568
      vertex 0.0149999997 -3.05788422 1.76357281
    endloop
  endfacet
  facet normal 1 0 0
    outer loop
      vertex 0.0149999997 -3.14301634 2.03586721
      vertex 0.0149999997 -3.14642143 2.03407145
      vertex 0.0149999997 -3.05447888 1.76430392
    endloop
  endfacet
  facet normal 1 0 0
    outer loop
      vertex 0.0149999997 -3.16344786 2.02509284
      vertex 0.0149999997 -3.07491064 1.75991726
      vertex 0.0149999997 -3.07150531 1.76064837
    endloop
  endfacet
  facet normal 1 0 0
    outer loop
      vertex 0.0149999997 -3.13961101 2.03772163
      vertex 0.0149999997 -3.14301634 2.03586721
      vertex 0.0149999997 -3.04766846 1.76576614
    endloop
  endfacet
  facet normal 1 0 0
    outer loop
      vertex 0.0149999997 -3.16004276 2.02688861
      vertex 0.0149999997 -3.07150531 1.76064837
      vertex 0.0149999997 -3.06810021 1.76137948
    endloop
  endfacet
  facet normal 1 0 0
    outer loop
      vertex 0.0149999997 -3.13620567 2.03966427
      vertex 0.0149999997 -3.13961101 2.03772163
      vertex 0.0149999997 -3.0374527 1.76810253
    endloop
  endfacet
  facet normal 1 0 0
    outer loop
      vertex 0.0149999997 -3.15663743 2.02868414
      vertex 0.0149999997 -3.06810021 1.76137948
      vertex 0.0149999997 -3.06469488 1.76211059
    endloop
  endfacet
  facet normal 1 0 0
    outer loop
      vertex 0.0149999997 -3.12598991 2.04549217
      vertex 0.0149999997 -3.12939525 2.04354954
      vertex 0.0149999997 -3.0272367 1.77052033
    endloop
  endfacet
  facet normal 1 0 0
    outer loop
      vertex 0.0149999997 -3.12939525 2.04354954
      vertex 0.0149999997 -3.13280034 2.0416069
      vertex 0.0149999997 -3.03064203 1.76971447
    endloop
  endfacet
  facet normal 1 0 0
    outer loop
      vertex 0.0149999997 -3.04085779 1.76729655
      vertex 0.0149999997 -3.13961101 2.03772163
      vertex 0.0149999997 -3.04426312 1.76649725
    endloop
  endfacet
  facet normal 1 0 0
    outer loop
      vertex 0.0149999997 -3.13280034 2.0416069
      vertex 0.0149999997 -3.13620567 2.03966427
      vertex 0.0149999997 -3.03404737 1.7689085
    endloop
  endfacet
  facet normal 1 0 0
    outer loop
      vertex 0.0149999997 -3.1532321 2.03047991
      vertex 0.0149999997 -3.06469488 1.76211059
      vertex 0.0149999997 -3.06128955 1.7628417
    endloop
  endfacet
  facet normal 0.99999994 0 0
    outer loop
      vertex 0.0149999997 -3.12258458 2.04743481
      vertex 0.0149999997 -3.12598991 2.04549217
      vertex 0.0149999997 -3.02383137 1.7713263
    endloop
  endfacet
  facet normal 1 0 0
    outer loop
      vertex 0.0149999997 -3.13961101 2.03772163
      vertex 0.0149999997 -3.04085779 1.76729655
      vertex 0.0149999997 -3.0374527 1.76810253
    endloop
  endfacet
  facet normal 1 0 0
    outer loop
      vertex 0.0149999997 -3.11236882 2.05319071
      vertex 0.0149999997 -3.11577392 2.05132008
      vertex 0.0149999997 -3.01361561 1.77374411
    endloop
  endfacet
  facet normal 1 0 0
    outer loop
      vertex 0.0149999997 -3.11577392 2.05132008
      vertex 0.0149999997 -3.11917925 2.04937744
      vertex 0.0149999997 -3.01361561 1.77374411
    endloop
  endfacet
  facet normal 1 0 0
    outer loop
      vertex 0.0149999997 -3.03064203 1.76971447
      vertex 0.0149999997 -3.13280034 2.0416069
      vertex 0.0149999997 -3.03404737 1.7689085
    endloop
  endfacet
  facet normal 1 0 0
    outer loop
      vertex 0.0149999997 -3.11917925 2.04937744
      vertex 0.0149999997 -3.12258458 2.04743481
      vertex 0.0149999997 -3.02042627 1.77213228
    endloop
  endfacet
  facet normal 1 0 0
    outer loop
      vertex 0.0149999997 -3.14982677 2.03227568
      vertex 0.0149999997 -3.06128955 1.7628417
      vertex 0.0149999997 -3.05788422 1.76357281
    endloop
  endfacet
  facet normal 1 0 0
    outer loop
      vertex 0.0149999997 -3.14642143 2.03407145
      vertex 0.0149999997 -3.05788422 1.76357281
      vertex 0.0149999997 -3.05447888 1.76430392
    endloop
  endfacet
  facet normal 1 0 0
    outer loop
      vertex 0.0149999997 -3.13620567 2.03966427
      vertex 0.0149999997 -3.0374527 1.76810253
      vertex 0.0149999997 -3.03404737 1.7689085
    endloop
  endfacet
  facet normal 1 0 0
    outer loop
      vertex 0.0149999997 -3.10896349 2.0549655
      vertex 0.0149999997 -3.11236882 2.05319071
      vertex 0.0149999997 -3.01361561 1.77374411
    endloop
  endfacet
  facet normal 1 0 0
    outer loop
      vertex 0.0149999997 -3.14301634 2.03586721
      vertex 0.0149999997 -3.05447888 1.76430392
      vertex 0.0149999997 -3.05107379 1.76503503
    endloop
  endfacet
  facet normal 1 0 0
    outer loop
      vertex 0.0149999997 -3.10555816 2.05674028
      vertex 0.0149999997 -3.10896349 2.0549655
      vertex 0.0149999997 -3.01021028 1.77455008
    endloop
  endfacet
  facet normal 1 0 0
    outer loop
      vertex 0.0149999997 -3.12939525 2.04354954
      vertex 0.0149999997 -3.03064203 1.76971447
      vertex 0.0149999997 -3.0272367 1.77052033
    endloop
  endfacet
  facet normal 1 0 0
    outer loop
      vertex 0.0149999997 -3.09874773 2.06028962
      vertex 0.0149999997 -3.10215282 2.05851507
      vertex 0.0149999997 -3.00680494 1.77535594
    endloop
  endfacet
  facet normal 1 0 0
    outer loop
      vertex 0.0149999997 -3.10215282 2.05851507
      vertex 0.0149999997 -3.10555816 2.05674028
      vertex 0.0149999997 -3.00680494 1.77535594
    endloop
  endfacet
  facet normal 1 0 0
    outer loop
      vertex 0.0149999997 -3.02383137 1.7713263
      vertex 0.0149999997 -3.12598991 2.04549217
      vertex 0.0149999997 -3.0272367 1.77052033
    endloop
  endfacet
  facet normal 1 0 0
    outer loop
      vertex 0.0149999997 -3.14301634 2.03586721
      vertex 0.0149999997 -3.05107379 1.76503503
      vertex 0.0149999997 -3.04766846 1.76576614
    endloop
  endfacet
  facet normal 1 0 0
    outer loop
      vertex 0.0149999997 -3.13961101 2.03772163
      vertex 0.0149999997 -3.04766846 1.76576614
      vertex 0.0149999997 -3.04426312 1.76649725
    endloop
  endfacet
  facet normal 1 0 0
    outer loop
      vertex 0.0149999997 -3.01361561 1.77374411
      vertex 0.0149999997 -3.11917925 2.04937744
      vertex 0.0149999997 -3.01702094 1.77293813
    endloop
  endfacet
  facet normal 1 0 0
    outer loop
      vertex 0.0149999997 -3.0953424 2.06206441
      vertex 0.0149999997 -3.09874773 2.06028962
      vertex 0.0149999997 -3.00680494 1.77535594
    endloop
  endfacet
  facet normal 1 0 0
    outer loop
      vertex 0.0149999997 -3.12258458 2.04743481
      vertex 0.0149999997 -3.02383137 1.7713263
      vertex 0.0149999997 -3.02042627 1.77213228
    endloop
  endfacet
  facet normal 1 0 0
    outer loop
      vertex 0.0149999997 -3.01021028 1.77455008
      vertex 0.0149999997 -3.10896349 2.0549655
      vertex 0.0149999997 -3.01361561 1.77374411
    endloop
  endfacet
  facet normal 1 -0 0
    outer loop
      vertex 0.0149999997 -3.09193707 2.0638392
      vertex 0.0149999997 -3.00680494 1.77535594
      vertex 0.0149999997 -3.08853173 2.06561399
    endloop
  endfacet
  facet normal 1 0 0
    outer loop
      vertex 0.0149999997 -3.09193707 2.0638392
      vertex 0.0149999997 -3.0953424 2.06206441
      vertex 0.0149999997 -3.00680494 1.77535594
    endloop
  endfacet
  facet normal 1 0 0
    outer loop
      vertex 0.0149999997 -3.08172131 2.06916332
      vertex 0.0149999997 -3.0851264 2.06738877
      vertex 0.0149999997 -3.00339985 1.77572954
    endloop
  endfacet
  facet normal 1 0 0
    outer loop
      vertex 0.0149999997 -3.0851264 2.06738877
      vertex 0.0149999997 -3.08853173 2.06561399
      vertex 0.0149999997 -3.00680494 1.77535594
    endloop
  endfacet
  facet normal 1 0 0
    outer loop
      vertex 0.0149999997 -3.11917925 2.04937744
      vertex 0.0149999997 -3.02042627 1.77213228
      vertex 0.0149999997 -3.01702094 1.77293813
    endloop
  endfacet
  facet normal 1 0 0
    outer loop
      vertex 0.0149999997 -3.07831597 2.07093811
      vertex 0.0149999997 -3.08172131 2.06916332
      vertex 0.0149999997 -2.99999452 1.77607167
    endloop
  endfacet
  facet normal 1 0 0
    outer loop
      vertex 0.0149999997 -3.00339985 1.77572954
      vertex 0.0149999997 -3.0851264 2.06738877
      vertex 0.0149999997 -3.00680494 1.77535594
    endloop
  endfacet
  facet normal 1 0 0
    outer loop
      vertex 0.0149999997 -3.08172131 2.06916332
      vertex 0.0149999997 -3.00339985 1.77572954
      vertex 0.0149999997 -2.99999452 1.77607167
    endloop
  endfacet
  facet normal 1 0 0
    outer loop
      vertex 0.0149999997 -3.07491064 2.07274556
      vertex 0.0149999997 -3.07831597 2.07093811
      vertex 0.0149999997 -2.99318385 1.77675569
    endloop
  endfacet
  facet normal 1 0 0
    outer loop
      vertex 0.0149999997 -3.06469488 2.07833815
      vertex 0.0149999997 -3.06810021 2.07647395
      vertex 0.0149999997 -2.98296809 1.77778184
    endloop
  endfacet
  facet normal 1 0 0
    outer loop
      vertex 0.0149999997 -3.06810021 2.07647395
      vertex 0.0149999997 -3.07150531 2.07460976
      vertex 0.0149999997 -2.98637342 1.77743983
    endloop
  endfacet
  facet normal 1 0 0
    outer loop
      vertex 0.0149999997 -3.07150531 2.07460976
      vertex 0.0149999997 -3.07491064 2.07274556
      vertex 0.0149999997 -2.98977876 1.7770977
    endloop
  endfacet
  facet normal 1 0 0
    outer loop
      vertex 0.0149999997 -3.10555816 2.05674028
      vertex 0.0149999997 -3.01021028 1.77455008
      vertex 0.0149999997 -3.00680494 1.77535594
    endloop
  endfacet
  facet normal 1 0 0
    outer loop
      vertex 0.0149999997 -3.06128955 2.08020234
      vertex 0.0149999997 -3.06469488 2.07833815
      vertex 0.0149999997 -2.97615743 1.77846599
    endloop
  endfacet
  facet normal 1 0 0
    outer loop
      vertex 0.0149999997 -3.07491064 2.07274556
      vertex 0.0149999997 -2.99318385 1.77675569
      vertex 0.0149999997 -2.98977876 1.7770977
    endloop
  endfacet
  facet normal 1 0 0
    outer loop
      vertex 0.0149999997 -3.05788422 2.08206654
      vertex 0.0149999997 -3.06128955 2.08020234
      vertex 0.0149999997 -2.97275233 1.778808
    endloop
  endfacet
  facet normal 1 0 0
    outer loop
      vertex 0.0149999997 -3.07831597 2.07093811
      vertex 0.0149999997 -2.99999452 1.77607167
      vertex 0.0149999997 -2.99658918 1.77641368
    endloop
  endfacet
  facet normal 1 0 0
    outer loop
      vertex 0.0149999997 -3.07831597 2.07093811
      vertex 0.0149999997 -2.99658918 1.77641368
      vertex 0.0149999997 -2.99318385 1.77675569
    endloop
  endfacet
  facet normal 1 0 0
    outer loop
      vertex 0.0149999997 -3.05447888 2.08393073
      vertex 0.0149999997 -3.05788422 2.08206654
      vertex 0.0149999997 -2.97275233 1.778808
    endloop
  endfacet
  facet normal 1 0 0
    outer loop
      vertex 0.0149999997 -3.07150531 2.07460976
      vertex 0.0149999997 -2.98977876 1.7770977
      vertex 0.0149999997 -2.98637342 1.77743983
    endloop
  endfacet
  facet normal 1 0 0
    outer loop
      vertex 0.0149999997 -3.04766846 2.08765912
      vertex 0.0149999997 -3.05107379 2.08579493
      vertex 0.0149999997 -2.969347 1.77898943
    endloop
  endfacet
  facet normal 1 0 0
    outer loop
      vertex 0.0149999997 -3.05107379 2.08579493
      vertex 0.0149999997 -3.05447888 2.08393073
      vertex 0.0149999997 -2.97275233 1.778808
    endloop
  endfacet
  facet normal 1 0 0
    outer loop
      vertex 0.0149999997 -3.04426312 2.08952332
      vertex 0.0149999997 -3.04766846 2.08765912
      vertex 0.0149999997 -2.969347 1.77898943
    endloop
  endfacet
  facet normal 1 0 0
    outer loop
      vertex 0.0149999997 -3.06469488 2.07833815
      vertex 0.0149999997 -2.98296809 1.77778184
      vertex 0.0149999997 -2.97956276 1.77812386
    endloop
  endfacet
  facet normal 1 0 0
    outer loop
      vertex 0.0149999997 -3.06810021 2.07647395
      vertex 0.0149999997 -2.98637342 1.77743983
      vertex 0.0149999997 -2.98296809 1.77778184
    endloop
  endfacet
  facet normal 1 0 0
    outer loop
      vertex 0.0149999997 -3.04085779 2.09138751
      vertex 0.0149999997 -3.04426312 2.08952332
      vertex 0.0149999997 -2.969347 1.77898943
    endloop
  endfacet
  facet normal 1 0 0
    outer loop
      vertex 0.0149999997 -3.06469488 2.07833815
      vertex 0.0149999997 -2.97956276 1.77812386
      vertex 0.0149999997 -2.97615743 1.77846599
    endloop
  endfacet
  facet normal 1 0 0
    outer loop
      vertex 0.0149999997 -3.03404737 2.0951159
      vertex 0.0149999997 -3.0374527 2.09325171
      vertex 0.0149999997 -2.96253633 1.77904475
    endloop
  endfacet
  facet normal 1 0 0
    outer loop
      vertex 0.0149999997 -3.0374527 2.09325171
      vertex 0.0149999997 -3.04085779 2.09138751
      vertex 0.0149999997 -2.96594167 1.77901709
    endloop
  endfacet
  facet normal 1 0 0
    outer loop
      vertex 0.0149999997 -3.03064203 2.09698009
      vertex 0.0149999997 -3.03404737 2.0951159
      vertex 0.0149999997 -2.95913124 1.7790724
    endloop
  endfacet
  facet normal 1 0 0
    outer loop
      vertex 0.0149999997 -2.97275233 1.778808
      vertex 0.0149999997 -3.06128955 2.08020234
      vertex 0.0149999997 -2.97615743 1.77846599
    endloop
  endfacet
  facet normal 1 0 0
    outer loop
      vertex 0.0149999997 -2.969347 1.77898943
      vertex 0.0149999997 -3.05107379 2.08579493
      vertex 0.0149999997 -2.97275233 1.778808
    endloop
  endfacet
  facet normal 1 0 0
    outer loop
      vertex 0.0149999997 -3.0272367 2.09884429
      vertex 0.0149999997 -3.03064203 2.09698009
      vertex 0.0149999997 -2.95572591 1.77910006
    endloop
  endfacet
  facet normal 0.99999994 0 0
    outer loop
      vertex 0.0149999997 -3.04085779 2.09138751
      vertex 0.0149999997 -2.969347 1.77898943
      vertex 0.0149999997 -2.96594167 1.77901709
    endloop
  endfacet
  facet normal 1 0 0
    outer loop
      vertex 0.0149999997 -3.01702094 2.10541487
      vertex 0.0149999997 -3.02042627 2.10319686
      vertex 0.0149999997 -2.93188882 1.77926588
    endloop
  endfacet
  facet normal 1 0 0
    outer loop
      vertex 0.0149999997 -3.02042627 2.10319686
      vertex 0.0149999997 -3.02383137 2.10097885
      vertex 0.0149999997 -2.93529415 1.77926588
    endloop
  endfacet
  facet normal 1 0 0
    outer loop
      vertex 0.0149999997 -2.95913124 1.7790724
      vertex 0.0149999997 -3.03404737 2.0951159
      vertex 0.0149999997 -2.96253633 1.77904475
    endloop
  endfacet
  facet normal 1 0 0
    outer loop
      vertex 0.0149999997 -3.02383137 2.10097885
      vertex 0.0149999997 -3.0272367 2.09884429
      vertex 0.0149999997 -2.94210482 1.77921057
    endloop
  endfacet
  facet normal 1 0 0
    outer loop
      vertex 0.0149999997 -3.0374527 2.09325171
      vertex 0.0149999997 -2.96594167 1.77901709
      vertex 0.0149999997 -2.96253633 1.77904475
    endloop
  endfacet
  facet normal 1 0 0
    outer loop
      vertex 0.0149999997 -3.01021028 2.10985112
      vertex 0.0149999997 -3.01361561 2.10763311
      vertex 0.0149999997 -2.92848372 1.77926588
    endloop
  endfacet
  facet normal 1 0 0
    outer loop
      vertex 0.0149999997 -3.01361561 2.10763311
      vertex 0.0149999997 -3.01702094 2.10541487
      vertex 0.0149999997 -2.92848372 1.77926588
    endloop
  endfacet
  facet normal 1 0 0
    outer loop
      vertex 0.0149999997 -3.03064203 2.09698009
      vertex 0.0149999997 -2.95913124 1.7790724
      vertex 0.0149999997 -2.95572591 1.77910006
    endloop
  endfacet
  facet normal 0.99999994 0 0
    outer loop
      vertex 0.0149999997 -3.00680494 2.11206913
      vertex 0.0149999997 -3.01021028 2.10985112
      vertex 0.0149999997 -2.92848372 1.77926588
    endloop
  endfacet
  facet normal 1 0 0
    outer loop
      vertex 0.0149999997 -3.0272367 2.09884429
      vertex 0.0149999997 -2.95572591 1.77910006
      vertex 0.0149999997 -2.95232058 1.77912772
    endloop
  endfacet
  facet normal 1 0 0
    outer loop
      vertex 0.0149999997 -2.99999452 2.11650538
      vertex 0.0149999997 -3.00339985 2.11428738
      vertex 0.0149999997 -2.92167306 1.77892518
    endloop
  endfacet
  facet normal 1 0 0
    outer loop
      vertex 0.0149999997 -3.00339985 2.11428738
      vertex 0.0149999997 -3.00680494 2.11206913
      vertex 0.0149999997 -2.92507839 1.77911222
    endloop
  endfacet
  facet normal 1 0 0
    outer loop
      vertex 0.0149999997 -2.94210482 1.77921057
      vertex 0.0149999997 -3.0272367 2.09884429
      vertex 0.0149999997 -2.94550991 1.77918291
    endloop
  endfacet
  facet normal 1 0 0
    outer loop
      vertex 0.0149999997 -2.98977876 2.12315965
      vertex 0.0149999997 -2.99318385 2.12094164
      vertex 0.0149999997 -2.90805197 1.7781769
    endloop
  endfacet
  facet normal 1 0 0
    outer loop
      vertex 0.0149999997 -2.99318385 2.12094164
      vertex 0.0149999997 -2.99658918 2.11872339
      vertex 0.0149999997 -2.9114573 1.77836406
    endloop
  endfacet
  facet normal 1 0 0
    outer loop
      vertex 0.0149999997 -2.93188882 1.77926588
      vertex 0.0149999997 -3.02042627 2.10319686
      vertex 0.0149999997 -2.93529415 1.77926588
    endloop
  endfacet
  facet normal 1 0 0
    outer loop
      vertex 0.0149999997 -2.99658918 2.11872339
      vertex 0.0149999997 -2.99999452 2.11650538
      vertex 0.0149999997 -2.91826773 1.77873814
    endloop
  endfacet
  facet normal 1 0 0
    outer loop
      vertex 0.0149999997 -3.0272367 2.09884429
      vertex 0.0149999997 -2.95232058 1.77912772
      vertex 0.0149999997 -2.94891524 1.77915525
    endloop
  endfacet
  facet normal 1 0 0
    outer loop
      vertex 0.0149999997 -3.0272367 2.09884429
      vertex 0.0149999997 -2.94891524 1.77915525
      vertex 0.0149999997 -2.94550991 1.77918291
    endloop
  endfacet
  facet normal 1 0 0
    outer loop
      vertex 0.0149999997 -2.98637342 2.12537766
      vertex 0.0149999997 -2.98977876 2.12315965
      vertex 0.0149999997 -2.90464664 1.77798986
    endloop
  endfacet
  facet normal 1 0 0
    outer loop
      vertex 0.0149999997 -3.02383137 2.10097885
      vertex 0.0149999997 -2.94210482 1.77921057
      vertex 0.0149999997 -2.93869948 1.77923822
    endloop
  endfacet
  facet normal 1 0 0
    outer loop
      vertex 0.0149999997 -3.02383137 2.10097885
      vertex 0.0149999997 -2.93869948 1.77923822
      vertex 0.0149999997 -2.93529415 1.77926588
    endloop
  endfacet
  facet normal 1 0 0
    outer loop
      vertex 0.0149999997 -2.97956276 2.12981391
      vertex 0.0149999997 -2.98296809 2.1275959
      vertex 0.0149999997 -2.89783621 1.77761579
    endloop
  endfacet
  facet normal 1 0 0
    outer loop
      vertex 0.0149999997 -2.98296809 2.1275959
      vertex 0.0149999997 -2.98637342 2.12537766
      vertex 0.0149999997 -2.9012413 1.77780282
    endloop
  endfacet
  facet normal 1 0 0
    outer loop
      vertex 0.0149999997 -3.01702094 2.10541487
      vertex 0.0149999997 -2.93188882 1.77926588
      vertex 0.0149999997 -2.92848372 1.77926588
    endloop
  endfacet
  facet normal 1 0 0
    outer loop
      vertex 0.0149999997 -2.97615743 2.13203192
      vertex 0.0149999997 -2.97956276 2.12981391
      vertex 0.0149999997 -2.89443088 1.77742875
    endloop
  endfacet
  facet normal 1 0 0
    outer loop
      vertex 0.0149999997 -3.00680494 2.11206913
      vertex 0.0149999997 -2.92848372 1.77926588
      vertex 0.0149999997 -2.92507839 1.77911222
    endloop
  endfacet
  facet normal 1 0 0
    outer loop
      vertex 0.0149999997 -2.97275233 2.13425398
      vertex 0.0149999997 -2.97615743 2.13203192
      vertex 0.0149999997 -2.88762021 1.77705467
    endloop
  endfacet
  facet normal 1 0 0
    outer loop
      vertex 0.0149999997 -3.00339985 2.11428738
      vertex 0.0149999997 -2.92507839 1.77911222
      vertex 0.0149999997 -2.92167306 1.77892518
    endloop
  endfacet
  facet normal 1 0 0
    outer loop
      vertex 0.0149999997 -2.99658918 2.11872339
      vertex 0.0149999997 -2.91826773 1.77873814
      vertex 0.0149999997 -2.91486239 1.7785511
    endloop
  endfacet
  facet normal 1 0 0
    outer loop
      vertex 0.0149999997 -2.99658918 2.11872339
      vertex 0.0149999997 -2.91486239 1.7785511
      vertex 0.0149999997 -2.9114573 1.77836406
    endloop
  endfacet
  facet normal 1 0 0
    outer loop
      vertex 0.0149999997 -2.969347 2.13685155
      vertex 0.0149999997 -2.97275233 2.13425398
      vertex 0.0149999997 -2.87059379 1.77611935
    endloop
  endfacet
  facet normal 1 0 0
    outer loop
      vertex 0.0149999997 -2.99999452 2.11650538
      vertex 0.0149999997 -2.92167306 1.77892518
      vertex 0.0149999997 -2.91826773 1.77873814
    endloop
  endfacet
  facet normal 1 0 0
    outer loop
      vertex 0.0149999997 -2.96253633 2.14204693
      vertex 0.0149999997 -2.96594167 2.13944936
      vertex 0.0149999997 -2.86378336 1.77574515
    endloop
  endfacet
  facet normal 1 0 0
    outer loop
      vertex 0.0149999997 -2.96594167 2.13944936
      vertex 0.0149999997 -2.969347 2.13685155
      vertex 0.0149999997 -2.86718869 1.77593231
    endloop
  endfacet
  facet normal 1 0 0
    outer loop
      vertex 0.0149999997 -2.90805197 1.7781769
      vertex 0.0149999997 -2.99318385 2.12094164
      vertex 0.0149999997 -2.9114573 1.77836406
    endloop
  endfacet
  facet normal 1 0 0
    outer loop
      vertex 0.0149999997 -2.95572591 2.14724255
      vertex 0.0149999997 -2.95913124 2.14464474
      vertex 0.0149999997 -2.86037803 1.77555811
    endloop
  endfacet
  facet normal 1 0 0
    outer loop
      vertex 0.0149999997 -2.95913124 2.14464474
      vertex 0.0149999997 -2.96253633 2.14204693
      vertex 0.0149999997 -2.86037803 1.77555811
    endloop
  endfacet
  facet normal 1 0 0
    outer loop
      vertex 0.0149999997 -2.90464664 1.77798986
      vertex 0.0149999997 -2.98977876 2.12315965
      vertex 0.0149999997 -2.90805197 1.7781769
    endloop
  endfacet
  facet normal 1 0 0
    outer loop
      vertex 0.0149999997 -2.94550991 2.1550355
      vertex 0.0149999997 -2.94891524 2.15243793
      vertex 0.0149999997 -2.85697269 1.77528369
    endloop
  endfacet
  facet normal 1 0 0
    outer loop
      vertex 0.0149999997 -2.94891524 2.15243793
      vertex 0.0149999997 -2.95232058 2.14984012
      vertex 0.0149999997 -2.85697269 1.77528369
    endloop
  endfacet
  facet normal 1 0 0
    outer loop
      vertex 0.0149999997 -2.89783621 1.77761579
      vertex 0.0149999997 -2.98296809 2.1275959
      vertex 0.0149999997 -2.9012413 1.77780282
    endloop
  endfacet
  facet normal 1 0 0
    outer loop
      vertex 0.0149999997 -2.95232058 2.14984012
      vertex 0.0149999997 -2.95572591 2.14724255
      vertex 0.0149999997 -2.85697269 1.77528369
    endloop
  endfacet
  facet normal 1 0 0
    outer loop
      vertex 0.0149999997 -2.98637342 2.12537766
      vertex 0.0149999997 -2.90464664 1.77798986
      vertex 0.0149999997 -2.9012413 1.77780282
    endloop
  endfacet
  facet normal 0.99999994 0 0
    outer loop
      vertex 0.0149999997 -2.93869948 2.16023111
      vertex 0.0149999997 -2.94210482 2.1576333
      vertex 0.0149999997 -2.85697269 1.77528369
    endloop
  endfacet
  facet normal 1 0 0
    outer loop
      vertex 0.0149999997 -2.94210482 2.1576333
      vertex 0.0149999997 -2.94550991 2.1550355
      vertex 0.0149999997 -2.85697269 1.77528369
    endloop
  endfacet
  facet normal 1 0 0
    outer loop
      vertex 0.0149999997 -2.89443088 1.77742875
      vertex 0.0149999997 -2.97956276 2.12981391
      vertex 0.0149999997 -2.89783621 1.77761579
    endloop
  endfacet
  facet normal 1 0 0
    outer loop
      vertex 0.0149999997 -2.92848372 2.16802406
      vertex 0.0149999997 -2.93188882 2.16542649
      vertex 0.0149999997 -2.85697269 1.77528369
    endloop
  endfacet
  facet normal 1 0 0
    outer loop
      vertex 0.0149999997 -2.93188882 2.16542649
      vertex 0.0149999997 -2.93529415 2.16282868
      vertex 0.0149999997 -2.85697269 1.77528369
    endloop
  endfacet
  facet normal 0.99999994 0 0
    outer loop
      vertex 0.0149999997 -2.93529415 2.16282868
      vertex 0.0149999997 -2.93869948 2.16023111
      vertex 0.0149999997 -2.85697269 1.77528369
    endloop
  endfacet
  facet normal 1 0 0
    outer loop
      vertex 0.0149999997 -2.97275233 2.13425398
      vertex 0.0149999997 -2.88762021 1.77705467
      vertex 0.0149999997 -2.88421488 1.77686751
    endloop
  endfacet
  facet normal 1 0 0
    outer loop
      vertex 0.0149999997 -2.97615743 2.13203192
      vertex 0.0149999997 -2.89443088 1.77742875
      vertex 0.0149999997 -2.89102554 1.77724171
    endloop
  endfacet
  facet normal 1 0 0
    outer loop
      vertex 0.0149999997 -2.97615743 2.13203192
      vertex 0.0149999997 -2.89102554 1.77724171
      vertex 0.0149999997 -2.88762021 1.77705467
    endloop
  endfacet
  facet normal 1 0 0
    outer loop
      vertex 0.0149999997 -2.92507839 2.17104506
      vertex 0.0149999997 -2.92848372 2.16802406
      vertex 0.0149999997 -2.85697269 1.77528369
    endloop
  endfacet
  facet normal 1 0 0
    outer loop
      vertex 0.0149999997 -2.97275233 2.13425398
      vertex 0.0149999997 -2.88421488 1.77686751
      vertex 0.0149999997 -2.88080978 1.77668047
    endloop
  endfacet
  facet normal 1 0 0
    outer loop
      vertex 0.0149999997 -2.97275233 2.13425398
      vertex 0.0149999997 -2.88080978 1.77668047
      vertex 0.0149999997 -2.87740445 1.77649343
    endloop
  endfacet
  facet normal 1 0 0
    outer loop
      vertex 0.0149999997 -2.92167306 2.1742177
      vertex 0.0149999997 -2.92507839 2.17104506
      vertex 0.0149999997 -2.85697269 1.77528369
    endloop
  endfacet
  facet normal 1 0 0
    outer loop
      vertex 0.0149999997 -2.97275233 2.13425398
      vertex 0.0149999997 -2.87740445 1.77649343
      vertex 0.0149999997 -2.87399912 1.77630639
    endloop
  endfacet
  facet normal 1 0 0
    outer loop
      vertex 0.0149999997 -2.97275233 2.13425398
      vertex 0.0149999997 -2.87399912 1.77630639
      vertex 0.0149999997 -2.87059379 1.77611935
    endloop
  endfacet
  facet normal 1 0 0
    outer loop
      vertex 0.0149999997 -2.91826773 2.17739034
      vertex 0.0149999997 -2.92167306 2.1742177
      vertex 0.0149999997 -2.85697269 1.77528369
    endloop
  endfacet
  facet normal 1 0 0
    outer loop
      vertex 0.0149999997 -2.969347 2.13685155
      vertex 0.0149999997 -2.87059379 1.77611935
      vertex 0.0149999997 -2.86718869 1.77593231
    endloop
  endfacet
  facet normal 1 -0 0
    outer loop
      vertex 0.0149999997 -2.90805197 2.18690825
      vertex 0.0149999997 -2.9114573 2.18373561
      vertex 0.0149999997 -2.87740445 2.21035028
    endloop
  endfacet
  facet normal 1 0 0
    outer loop
      vertex 0.0149999997 -2.9114573 2.18373561
      vertex 0.0149999997 -2.91486239 2.18056297
      vertex 0.0149999997 -2.85016227 1.7724942
    endloop
  endfacet
  facet normal 1 -0 0
    outer loop
      vertex 0.0149999997 -2.87740445 2.21035028
      vertex 0.0149999997 -2.9114573 2.18373561
      vertex 0.0149999997 -2.87399912 2.21249437
    endloop
  endfacet
  facet normal 1 0 0
    outer loop
      vertex 0.0149999997 -2.91486239 2.18056297
      vertex 0.0149999997 -2.91826773 2.17739034
      vertex 0.0149999997 -2.85356736 1.77388895
    endloop
  endfacet
  facet normal 1 0 0
    outer loop
      vertex 0.0149999997 -2.96594167 2.13944936
      vertex 0.0149999997 -2.86718869 1.77593231
      vertex 0.0149999997 -2.86378336 1.77574515
    endloop
  endfacet
  facet normal 1 -0 0
    outer loop
      vertex 0.0149999997 -2.90464664 2.19008088
      vertex 0.0149999997 -2.90805197 2.18690825
      vertex 0.0149999997 -2.88080978 2.20820618
    endloop
  endfacet
  facet normal 0.99999994 -0 0
    outer loop
      vertex 0.0149999997 -2.89783621 2.19642591
      vertex 0.0149999997 -2.9012413 2.19325352
      vertex 0.0149999997 -2.88762021 2.20391822
    endloop
  endfacet
  facet normal 1 -0 0
    outer loop
      vertex 0.0149999997 -2.9012413 2.19325352
      vertex 0.0149999997 -2.90464664 2.19008088
      vertex 0.0149999997 -2.88421488 2.20606232
    endloop
  endfacet
  facet normal 1 0 0
    outer loop
      vertex 0.0149999997 -2.89102554 2.20177436
      vertex 0.0149999997 -2.89443088 2.19959855
      vertex 0.0149999997 -2.89783621 2.19642591
    endloop
  endfacet
  facet normal 1 0 0
    outer loop
      vertex 0.0149999997 -2.88080978 2.20820618
      vertex 0.0149999997 -2.88421488 2.20606232
      vertex 0.0149999997 -2.90464664 2.19008088
    endloop
  endfacet
  facet normal 1 0 0
    outer loop
      vertex 0.0149999997 -2.88421488 2.20606232
      vertex 0.0149999997 -2.88762021 2.20391822
      vertex 0.0149999997 -2.9012413 2.19325352
    endloop
  endfacet
  facet normal 1 0 0
    outer loop
      vertex 0.0149999997 -2.88762021 2.20391822
      vertex 0.0149999997 -2.89102554 2.20177436
      vertex 0.0149999997 -2.89783621 2.19642591
    endloop
  endfacet
  facet normal 1 0 0
    outer loop
      vertex 0.0149999997 -2.90805197 2.18690825
      vertex 0.0149999997 -2.87740445 2.21035028
      vertex 0.0149999997 -2.88080978 2.20820618
    endloop
  endfacet
  facet normal 0.99999994 0 0
    outer loop
      vertex 0.0149999997 -2.86037803 1.77555811
      vertex 0.0149999997 -2.96253633 2.14204693
      vertex 0.0149999997 -2.86378336 1.77574515
    endloop
  endfacet
  facet normal 1 0 0
    outer loop
      vertex 0.0149999997 -2.87059379 2.21463823
      vertex 0.0149999997 -2.87399912 2.21249437
      vertex 0.0149999997 -2.84675694 1.77109933
    endloop
  endfacet
  facet normal 1 0 0
    outer loop
      vertex 0.0149999997 -2.95572591 2.14724255
      vertex 0.0149999997 -2.86037803 1.77555811
      vertex 0.0149999997 -2.85697269 1.77528369
    endloop
  endfacet
  facet normal 1 0 0
    outer loop
      vertex 0.0149999997 -2.87399912 2.21249437
      vertex 0.0149999997 -2.9114573 2.18373561
      vertex 0.0149999997 -2.84675694 1.77109933
    endloop
  endfacet
  facet normal 1 0 0
    outer loop
      vertex 0.0149999997 -2.91486239 2.18056297
      vertex 0.0149999997 -2.85356736 1.77388895
      vertex 0.0149999997 -2.85016227 1.7724942
    endloop
  endfacet
  facet normal 0.99999994 0 0
    outer loop
      vertex 0.0149999997 -2.86718869 2.21678233
      vertex 0.0149999997 -2.87059379 2.21463823
      vertex 0.0149999997 -2.8433516 1.76970458
    endloop
  endfacet
  facet normal 1 0 0
    outer loop
      vertex 0.0149999997 -2.91826773 2.17739034
      vertex 0.0149999997 -2.85697269 1.77528369
      vertex 0.0149999997 -2.85356736 1.77388895
    endloop
  endfacet
  facet normal 1 0 0
    outer loop
      vertex 0.0149999997 -2.86378336 2.21900773
      vertex 0.0149999997 -2.86718869 2.21678233
      vertex 0.0149999997 -2.83654094 1.76691496
    endloop
  endfacet
  facet normal 1 0 0
    outer loop
      vertex 0.0149999997 -2.86037803 2.22143698
      vertex 0.0149999997 -2.86378336 2.21900773
      vertex 0.0149999997 -2.82291985 1.76133585
    endloop
  endfacet
  facet normal 1 0 0
    outer loop
      vertex 0.0149999997 -2.85016227 2.23390889
      vertex 0.0149999997 -2.85356736 2.22978473
      vertex 0.0149999997 -2.85697269 2.22386622
    endloop
  endfacet
  facet normal 1 0 0
    outer loop
      vertex 0.0149999997 -2.85697269 2.22386622
      vertex 0.0149999997 -2.86037803 2.22143698
      vertex 0.0149999997 -2.81951475 1.75994098
    endloop
  endfacet
  facet normal 1 0 0
    outer loop
      vertex 0.0149999997 -2.9114573 2.18373561
      vertex 0.0149999997 -2.85016227 1.7724942
      vertex 0.0149999997 -2.84675694 1.77109933
    endloop
  endfacet
  facet normal 1 -0 0
    outer loop
      vertex 0.0149999997 -2.8433516 2.26313543
      vertex 0.0149999997 -2.84675694 2.26000547
      vertex 0.0149999997 -2.83994627 2.26525044
    endloop
  endfacet
  facet normal 1 -0 0
    outer loop
      vertex 0.0149999997 -2.84675694 2.26000547
      vertex 0.0149999997 -2.85016227 2.23390889
      vertex 0.0149999997 -2.83994627 2.26525044
    endloop
  endfacet
  facet normal 1 -0 0
    outer loop
      vertex 0.0149999997 -2.85016227 2.23390889
      vertex 0.0149999997 -2.85697269 2.22386622
      vertex 0.0149999997 -2.65265584 2.32870412
    endloop
  endfacet
  facet normal 1 0 0
    outer loop
      vertex 0.0149999997 -2.87059379 2.21463823
      vertex 0.0149999997 -2.84675694 1.77109933
      vertex 0.0149999997 -2.8433516 1.76970458
    endloop
  endfacet
  facet normal 1 -0 0
    outer loop
      vertex 0.0149999997 -2.83313584 2.3121829
      vertex 0.0149999997 -2.83654094 2.3095026
      vertex 0.0149999997 -2.82973051 2.31251526
    endloop
  endfacet
  facet normal 1 -0 0
    outer loop
      vertex 0.0149999997 -2.83654094 2.3095026
      vertex 0.0149999997 -2.83994627 2.26525044
      vertex 0.0149999997 -2.82632518 2.31270123
    endloop
  endfacet
  facet normal 1 0 0
    outer loop
      vertex 0.0149999997 -2.82632518 2.31270123
      vertex 0.0149999997 -2.82973051 2.31251526
      vertex 0.0149999997 -2.83654094 2.3095026
    endloop
  endfacet
  facet normal 1 -0 0
    outer loop
      vertex 0.0149999997 -2.81951475 2.58725452
      vertex 0.0149999997 -2.82291985 2.58056736
      vertex 0.0149999997 -2.79908299 2.58767509
    endloop
  endfacet
  facet normal 1 0 0
    outer loop
      vertex 0.0149999997 -2.82291985 2.58056736
      vertex 0.0149999997 -2.82632518 2.31270123
      vertex 0.0149999997 -2.75821972 2.53006601
    endloop
  endfacet
  facet normal 1 0 0
    outer loop
      vertex 0.0149999997 -2.78886724 2.57404137
      vertex 0.0149999997 -2.82291985 2.58056736
      vertex 0.0149999997 -2.7854619 2.56915522
    endloop
  endfacet
  facet normal 0.99999994 -0 0
    outer loop
      vertex 0.0149999997 -2.81270409 2.59323859
      vertex 0.0149999997 -2.81610942 2.59136343
      vertex 0.0149999997 -2.80929875 2.59323859
    endloop
  endfacet
  facet normal 1 -0 0
    outer loop
      vertex 0.0149999997 -2.81610942 2.59136343
      vertex 0.0149999997 -2.81951475 2.58725452
      vertex 0.0149999997 -2.80929875 2.59323859
    endloop
  endfacet
  facet normal 1 0 0
    outer loop
      vertex 0.0149999997 -2.80248833 2.59169459
      vertex 0.0149999997 -2.80589342 2.59323859
      vertex 0.0149999997 -2.80929875 2.59323859
    endloop
  endfacet
  facet normal 1 0 0
    outer loop
      vertex 0.0149999997 -2.80929875 2.59323859
      vertex 0.0149999997 -2.81951475 2.58725452
      vertex 0.0149999997 -2.79908299 2.58767509
    endloop
  endfacet
  facet normal 1 0 0
    outer loop
      vertex 0.0149999997 -2.82291985 2.58056736
      vertex 0.0149999997 -2.78886724 2.57404137
      vertex 0.0149999997 -2.79227233 2.57892752
    endloop
  endfacet
  facet normal 0.99999994 0 0
    outer loop
      vertex 0.0149999997 -2.79908299 2.58767509
      vertex 0.0149999997 -2.80248833 2.59169459
      vertex 0.0149999997 -2.80929875 2.59323859
    endloop
  endfacet
  facet normal 1 0 0
    outer loop
      vertex 0.0149999997 -2.79227233 2.57892752
      vertex 0.0149999997 -2.79567766 2.5836556
      vertex 0.0149999997 -2.82291985 2.58056736
    endloop
  endfacet
  facet normal 0.99999994 0 0
    outer loop
      vertex 0.0149999997 -2.79567766 2.5836556
      vertex 0.0149999997 -2.79908299 2.58767509
      vertex 0.0149999997 -2.82291985 2.58056736
    endloop
  endfacet
  facet normal 0.99999994 -0 0
    outer loop
      vertex 0.0149999997 -2.83994627 2.26525044
      vertex 0.0149999997 -2.85016227 2.23390889
      vertex 0.0149999997 -2.65606117 2.32991147
    endloop
  endfacet
  facet normal 1 0 0
    outer loop
      vertex 0.0149999997 -2.86718869 2.21678233
      vertex 0.0149999997 -2.8433516 1.76970458
      vertex 0.0149999997 -2.83994627 1.76830983
    endloop
  endfacet
  facet normal 1 0 0
    outer loop
      vertex 0.0149999997 -2.7854619 2.56915522
      vertex 0.0149999997 -2.82291985 2.58056736
      vertex 0.0149999997 -2.78205657 2.56426907
    endloop
  endfacet
  facet normal 1 -0 0
    outer loop
      vertex 0.0149999997 -2.82632518 2.31270123
      vertex 0.0149999997 -2.83994627 2.26525044
      vertex 0.0149999997 -2.66287184 2.33523202
    endloop
  endfacet
  facet normal 1 0 0
    outer loop
      vertex 0.0149999997 -2.86718869 2.21678233
      vertex 0.0149999997 -2.83994627 1.76830983
      vertex 0.0149999997 -2.83654094 1.76691496
    endloop
  endfacet
  facet normal 1 0 0
    outer loop
      vertex 0.0149999997 -2.86378336 2.21900773
      vertex 0.0149999997 -2.83654094 1.76691496
      vertex 0.0149999997 -2.83313584 1.76552022
    endloop
  endfacet
  facet normal 1 0 0
    outer loop
      vertex 0.0149999997 -2.82632518 1.7627306
      vertex 0.0149999997 -2.86378336 2.21900773
      vertex 0.0149999997 -2.82973051 1.76412535
    endloop
  endfacet
  facet normal 1 0 0
    outer loop
      vertex 0.0149999997 -2.78205657 2.56426907
      vertex 0.0149999997 -2.82291985 2.58056736
      vertex 0.0149999997 -2.77865124 2.55938292
    endloop
  endfacet
  facet normal 1 0 0
    outer loop
      vertex 0.0149999997 -2.77865124 2.55938292
      vertex 0.0149999997 -2.82291985 2.58056736
      vertex 0.0149999997 -2.7752459 2.55449677
    endloop
  endfacet
  facet normal 1 0 0
    outer loop
      vertex 0.0149999997 -2.86378336 2.21900773
      vertex 0.0149999997 -2.82632518 1.7627306
      vertex 0.0149999997 -2.82291985 1.76133585
    endloop
  endfacet
  facet normal 1 0 0
    outer loop
      vertex 0.0149999997 -2.86378336 2.21900773
      vertex 0.0149999997 -2.83313584 1.76552022
      vertex 0.0149999997 -2.82973051 1.76412535
    endloop
  endfacet
  facet normal 1 0 0
    outer loop
      vertex 0.0149999997 -2.86037803 2.22143698
      vertex 0.0149999997 -2.82291985 1.76133585
      vertex 0.0149999997 -2.81951475 1.75994098
    endloop
  endfacet
  facet normal 1 0 0
    outer loop
      vertex 0.0149999997 -2.82291985 2.58056736
      vertex 0.0149999997 -2.77184081 2.54961061
      vertex 0.0149999997 -2.7752459 2.55449677
    endloop
  endfacet
  facet normal 1 0 0
    outer loop
      vertex 0.0149999997 -2.77184081 2.54961061
      vertex 0.0149999997 -2.82291985 2.58056736
      vertex 0.0149999997 -2.76843548 2.54472446
    endloop
  endfacet
  facet normal 1 0 0
    outer loop
      vertex 0.0149999997 -2.81610942 1.75854623
      vertex 0.0149999997 -2.85697269 2.22386622
      vertex 0.0149999997 -2.81951475 1.75994098
    endloop
  endfacet
  facet normal 1 0 0
    outer loop
      vertex 0.0149999997 -2.85697269 2.22386622
      vertex 0.0149999997 -2.81610942 1.75854623
      vertex 0.0149999997 -2.81270409 1.75715137
    endloop
  endfacet
  facet normal 1 0 0
    outer loop
      vertex 0.0149999997 -2.76843548 2.54472446
      vertex 0.0149999997 -2.82291985 2.58056736
      vertex 0.0149999997 -2.76503015 2.53983831
    endloop
  endfacet
  facet normal 1 0 0
    outer loop
      vertex 0.0149999997 -2.79908299 1.75157225
      vertex 0.0149999997 -2.85697269 2.22386622
      vertex 0.0149999997 -2.80248833 1.752967
    endloop
  endfacet
  facet normal 1 0 0
    outer loop
      vertex 0.0149999997 -2.85697269 2.22386622
      vertex 0.0149999997 -2.79908299 1.75157225
      vertex 0.0149999997 -2.79567766 1.7501775
    endloop
  endfacet
  facet normal 1 0 0
    outer loop
      vertex 0.0149999997 -2.76503015 2.53983831
      vertex 0.0149999997 -2.82291985 2.58056736
      vertex 0.0149999997 -2.76162481 2.53495216
    endloop
  endfacet
  facet normal 1 0 0
    outer loop
      vertex 0.0149999997 -2.78886724 1.74738789
      vertex 0.0149999997 -2.85697269 2.22386622
      vertex 0.0149999997 -2.79227233 1.74878263
    endloop
  endfacet
  facet normal 1 -0 -0
    outer loop
      vertex 0.0149999997 -2.81270409 1.75715137
      vertex 0.0149999997 -2.80929875 1.75575662
      vertex 0.0149999997 -2.85697269 2.22386622
    endloop
  endfacet
  facet normal 1 -0 -0
    outer loop
      vertex 0.0149999997 -2.80589342 1.75436187
      vertex 0.0149999997 -2.80248833 1.752967
      vertex 0.0149999997 -2.85697269 2.22386622
    endloop
  endfacet
  facet normal 1 -0 -0
    outer loop
      vertex 0.0149999997 -2.80929875 1.75575662
      vertex 0.0149999997 -2.80589342 1.75436187
      vertex 0.0149999997 -2.85697269 2.22386622
    endloop
  endfacet
  facet normal 1 0 0
    outer loop
      vertex 0.0149999997 -2.85697269 2.22386622
      vertex 0.0149999997 -2.78886724 1.74738789
      vertex 0.0149999997 -2.7854619 1.74598491
    endloop
  endfacet
  facet normal 1 0 0
    outer loop
      vertex 0.0149999997 -2.85697269 2.22386622
      vertex 0.0149999997 -2.79567766 1.7501775
      vertex 0.0149999997 -2.79227233 1.74878263
    endloop
  endfacet
  facet normal 1 0 0
    outer loop
      vertex 0.0149999997 -2.85697269 2.22386622
      vertex 0.0149999997 -2.7854619 1.74598491
      vertex 0.0149999997 -2.78205657 1.74456465
    endloop
  endfacet
  facet normal 1 0 0
    outer loop
      vertex 0.0149999997 -2.82291985 2.58056736
      vertex 0.0149999997 -2.75821972 2.53006601
      vertex 0.0149999997 -2.76162481 2.53495216
    endloop
  endfacet
  facet normal 1 0 0
    outer loop
      vertex 0.0149999997 -2.85697269 2.22386622
      vertex 0.0149999997 -2.78205657 1.74456465
      vertex 0.0149999997 -2.77865124 1.74314439
    endloop
  endfacet
  facet normal 1 0 0
    outer loop
      vertex 0.0149999997 -2.75821972 2.53006601
      vertex 0.0149999997 -2.82632518 2.31270123
      vertex 0.0149999997 -2.75481439 2.52517986
    endloop
  endfacet
  facet normal 1 0 0
    outer loop
      vertex 0.0149999997 -2.85697269 2.22386622
      vertex 0.0149999997 -2.77865124 1.74314439
      vertex 0.0149999997 -2.7752459 1.74172401
    endloop
  endfacet
  facet normal 1 0 0
    outer loop
      vertex 0.0149999997 -2.75481439 2.52517986
      vertex 0.0149999997 -2.82632518 2.31270123
      vertex 0.0149999997 -2.75140905 2.52029371
    endloop
  endfacet
  facet normal 1 0 0
    outer loop
      vertex 0.0149999997 -2.77184081 1.74030375
      vertex 0.0149999997 -2.85697269 2.22386622
      vertex 0.0149999997 -2.7752459 1.74172401
    endloop
  endfacet
  facet normal 1 0 0
    outer loop
      vertex 0.0149999997 -2.85697269 2.22386622
      vertex 0.0149999997 -2.77184081 1.74030375
      vertex 0.0149999997 -2.76843548 1.7388835
    endloop
  endfacet
  facet normal 1 0 0
    outer loop
      vertex 0.0149999997 -2.75140905 2.52029371
      vertex 0.0149999997 -2.82632518 2.31270123
      vertex 0.0149999997 -2.74800372 2.51540756
    endloop
  endfacet
  facet normal 0.99999994 0 0
    outer loop
      vertex 0.0149999997 -2.75821972 1.7346226
      vertex 0.0149999997 -2.85697269 2.22386622
      vertex 0.0149999997 -2.76162481 1.73604286
    endloop
  endfacet
  facet normal 1 0 0
    outer loop
      vertex 0.0149999997 -2.85697269 2.22386622
      vertex 0.0149999997 -2.75821972 1.7346226
      vertex 0.0149999997 -2.75481439 1.73320222
    endloop
  endfacet
  facet normal 1 0 0
    outer loop
      vertex 0.0149999997 -2.74800372 2.51540756
      vertex 0.0149999997 -2.82632518 2.31270123
      vertex 0.0149999997 -2.74459839 2.51052141
    endloop
  endfacet
  facet normal 1 0 0
    outer loop
      vertex 0.0149999997 -2.74119329 2.50563526
      vertex 0.0149999997 -2.74459839 2.51052141
      vertex 0.0149999997 -2.82632518 2.31270123
    endloop
  endfacet
  facet normal 1 0 0
    outer loop
      vertex 0.0149999997 -2.74459839 1.72894132
      vertex 0.0149999997 -2.85697269 2.22386622
      vertex 0.0149999997 -2.74800372 1.7303617
    endloop
  endfacet
  facet normal 1 -0 0
    outer loop
      vertex 0.0149999997 -2.85697269 2.22386622
      vertex 0.0149999997 -2.74459839 1.72894132
      vertex 0.0149999997 -2.64244008 2.32871342
    endloop
  endfacet
  facet normal 1 0 0
    outer loop
      vertex 0.0149999997 -2.74119329 2.50563526
      vertex 0.0149999997 -2.82632518 2.31270123
      vertex 0.0149999997 -2.73778796 2.50074911
    endloop
  endfacet
  facet normal 1 0 0
    outer loop
      vertex 0.0149999997 -2.85697269 2.22386622
      vertex 0.0149999997 -2.76843548 1.7388835
      vertex 0.0149999997 -2.76503015 1.73746312
    endloop
  endfacet
  facet normal 1 -0 -0
    outer loop
      vertex 0.0149999997 -2.76503015 1.73746312
      vertex 0.0149999997 -2.76162481 1.73604286
      vertex 0.0149999997 -2.85697269 2.22386622
    endloop
  endfacet
  facet normal 1 -0 -0
    outer loop
      vertex 0.0149999997 -2.75481439 1.73320222
      vertex 0.0149999997 -2.75140905 1.73178196
      vertex 0.0149999997 -2.85697269 2.22386622
    endloop
  endfacet
  facet normal 1 0 0
    outer loop
      vertex 0.0149999997 -2.85697269 2.22386622
      vertex 0.0149999997 -2.75140905 1.73178196
      vertex 0.0149999997 -2.74800372 1.7303617
    endloop
  endfacet
  facet normal 0.99999994 0 0
    outer loop
      vertex 0.0149999997 -2.66287184 2.33523202
      vertex 0.0149999997 -2.83994627 2.26525044
      vertex 0.0149999997 -2.65946651 2.33257174
    endloop
  endfacet
  facet normal 1 0 0
    outer loop
      vertex 0.0149999997 -2.73778796 2.50074911
      vertex 0.0149999997 -2.82632518 2.31270123
      vertex 0.0149999997 -2.73438263 2.49586296
    endloop
  endfacet
  facet normal 1 0 0
    outer loop
      vertex 0.0149999997 -2.82632518 2.31270123
      vertex 0.0149999997 -2.66287184 2.33523202
      vertex 0.0149999997 -2.66627693 2.34423065
    endloop
  endfacet
  facet normal 1 0 0
    outer loop
      vertex 0.0149999997 -2.73438263 2.49586296
      vertex 0.0149999997 -2.82632518 2.31270123
      vertex 0.0149999997 -2.7309773 2.49097681
    endloop
  endfacet
  facet normal 1 0 0
    outer loop
      vertex 0.0149999997 -2.7275722 2.48609066
      vertex 0.0149999997 -2.7309773 2.49097681
      vertex 0.0149999997 -2.82632518 2.31270123
    endloop
  endfacet
  facet normal 1 0 0
    outer loop
      vertex 0.0149999997 -2.85016227 2.23390889
      vertex 0.0149999997 -2.65265584 2.32870412
      vertex 0.0149999997 -2.65606117 2.32991147
    endloop
  endfacet
  facet normal 1 0 0
    outer loop
      vertex 0.0149999997 -2.7275722 2.48609066
      vertex 0.0149999997 -2.82632518 2.31270123
      vertex 0.0149999997 -2.72416687 2.48120451
    endloop
  endfacet
  facet normal 1 -0 0
    outer loop
      vertex 0.0149999997 -2.74119329 1.72738147
      vertex 0.0149999997 -2.73778796 1.72576344
      vertex 0.0149999997 -2.64244008 2.32871342
    endloop
  endfacet
  facet normal 1 -0 0
    outer loop
      vertex 0.0149999997 -2.73778796 1.72576344
      vertex 0.0149999997 -2.73438263 1.72414553
      vertex 0.0149999997 -2.64244008 2.32871342
    endloop
  endfacet
  facet normal 0.99999994 0 0
    outer loop
      vertex 0.0149999997 -2.82632518 2.31270123
      vertex 0.0149999997 -2.66627693 2.34423065
      vertex 0.0149999997 -2.66968226 2.35403633
    endloop
  endfacet
  facet normal 1 -0 0
    outer loop
      vertex 0.0149999997 -2.74459839 1.72894132
      vertex 0.0149999997 -2.74119329 1.72738147
      vertex 0.0149999997 -2.64244008 2.32871342
    endloop
  endfacet
  facet normal 0.99999994 0 0
    outer loop
      vertex 0.0149999997 -2.65946651 2.33257174
      vertex 0.0149999997 -2.83994627 2.26525044
      vertex 0.0149999997 -2.65606117 2.32991147
    endloop
  endfacet
  facet normal 1 0 0
    outer loop
      vertex 0.0149999997 -2.7173562 2.47009182
      vertex 0.0149999997 -2.72076154 2.47631836
      vertex 0.0149999997 -2.72416687 2.48120451
    endloop
  endfacet
  facet normal 0.99999994 0 0
    outer loop
      vertex 0.0149999997 -2.72416687 2.48120451
      vertex 0.0149999997 -2.82632518 2.31270123
      vertex 0.0149999997 -2.71395087 2.4619813
    endloop
  endfacet
  facet normal 1 -0 0
    outer loop
      vertex 0.0149999997 -2.73438263 1.72414553
      vertex 0.0149999997 -2.7309773 1.7225275
      vertex 0.0149999997 -2.64244008 2.32871342
    endloop
  endfacet
  facet normal 1 -0 0
    outer loop
      vertex 0.0149999997 -2.7309773 1.7225275
      vertex 0.0149999997 -2.7275722 1.7209096
      vertex 0.0149999997 -2.64244008 2.32871342
    endloop
  endfacet
  facet normal 1 0 0
    outer loop
      vertex 0.0149999997 -2.85697269 2.22386622
      vertex 0.0149999997 -2.64584541 2.32870412
      vertex 0.0149999997 -2.64925075 2.32870412
    endloop
  endfacet
  facet normal 1 -0 0
    outer loop
      vertex 0.0149999997 -2.65265584 2.32870412
      vertex 0.0149999997 -2.85697269 2.22386622
      vertex 0.0149999997 -2.64925075 2.32870412
    endloop
  endfacet
  facet normal 1 0 0
    outer loop
      vertex 0.0149999997 -2.71395087 2.4619813
      vertex 0.0149999997 -2.7173562 2.47009182
      vertex 0.0149999997 -2.72416687 2.48120451
    endloop
  endfacet
  facet normal 1 0 0
    outer loop
      vertex 0.0149999997 -2.71054578 2.45387101
      vertex 0.0149999997 -2.71395087 2.4619813
      vertex 0.0149999997 -2.82632518 2.31270123
    endloop
  endfacet
  facet normal 1 -0 0
    outer loop
      vertex 0.0149999997 -2.64584541 2.32870412
      vertex 0.0149999997 -2.85697269 2.22386622
      vertex 0.0149999997 -2.64244008 2.32871342
    endloop
  endfacet
  facet normal 1 -0 0
    outer loop
      vertex 0.0149999997 -2.72416687 1.71929169
      vertex 0.0149999997 -2.72076154 1.71767366
      vertex 0.0149999997 -2.64244008 2.32871342
    endloop
  endfacet
  facet normal 1 -0 0
    outer loop
      vertex 0.0149999997 -2.72076154 1.71767366
      vertex 0.0149999997 -2.7173562 1.71605575
      vertex 0.0149999997 -2.64244008 2.32871342
    endloop
  endfacet
  facet normal 1 -0 0
    outer loop
      vertex 0.0149999997 -2.7275722 1.7209096
      vertex 0.0149999997 -2.72416687 1.71929169
      vertex 0.0149999997 -2.64244008 2.32871342
    endloop
  endfacet
  facet normal 1 0 0
    outer loop
      vertex 0.0149999997 -2.70714045 2.44576049
      vertex 0.0149999997 -2.71054578 2.45387101
      vertex 0.0149999997 -2.82632518 2.31270123
    endloop
  endfacet
  facet normal 1 0 0
    outer loop
      vertex 0.0149999997 -2.69692469 2.4214294
      vertex 0.0149999997 -2.70032978 2.42953992
      vertex 0.0149999997 -2.82632518 2.31270123
    endloop
  endfacet
  facet normal 1 0 0
    outer loop
      vertex 0.0149999997 -2.70032978 2.42953992
      vertex 0.0149999997 -2.70373511 2.4376502
      vertex 0.0149999997 -2.82632518 2.31270123
    endloop
  endfacet
  facet normal 1 0 0
    outer loop
      vertex 0.0149999997 -2.70373511 2.4376502
      vertex 0.0149999997 -2.70714045 2.44576049
      vertex 0.0149999997 -2.82632518 2.31270123
    endloop
  endfacet
  facet normal 1 -0 0
    outer loop
      vertex 0.0149999997 -2.71395087 1.71443784
      vertex 0.0149999997 -2.71054578 1.71281981
      vertex 0.0149999997 -2.64244008 2.32871342
    endloop
  endfacet
  facet normal 1 -0 0
    outer loop
      vertex 0.0149999997 -2.71054578 1.71281981
      vertex 0.0149999997 -2.70714045 1.71120191
      vertex 0.0149999997 -2.64244008 2.32871342
    endloop
  endfacet
  facet normal 1 -0 0
    outer loop
      vertex 0.0149999997 -2.7173562 1.71605575
      vertex 0.0149999997 -2.71395087 1.71443784
      vertex 0.0149999997 -2.64244008 2.32871342
    endloop
  endfacet
  facet normal 1 0 0
    outer loop
      vertex 0.0149999997 -2.69011402 2.40520859
      vertex 0.0149999997 -2.69351935 2.41331911
      vertex 0.0149999997 -2.82632518 2.31270123
    endloop
  endfacet
  facet normal 0.99999994 0 0
    outer loop
      vertex 0.0149999997 -2.69351935 2.41331911
      vertex 0.0149999997 -2.69692469 2.4214294
      vertex 0.0149999997 -2.82632518 2.31270123
    endloop
  endfacet
  facet normal 0.99999994 0 0
    outer loop
      vertex 0.0149999997 -2.67989826 2.38087749
      vertex 0.0149999997 -2.68330336 2.38898802
      vertex 0.0149999997 -2.82632518 2.31270123
    endloop
  endfacet
  facet normal 1 0 0
    outer loop
      vertex 0.0149999997 -2.68330336 2.38898802
      vertex 0.0149999997 -2.68670869 2.3970983
      vertex 0.0149999997 -2.82632518 2.31270123
    endloop
  endfacet
  facet normal 1 0 0
    outer loop
      vertex 0.0149999997 -2.68670869 2.3970983
      vertex 0.0149999997 -2.69011402 2.40520859
      vertex 0.0149999997 -2.82632518 2.31270123
    endloop
  endfacet
  facet normal 1 0 0
    outer loop
      vertex 0.0149999997 -2.6730876 2.36384201
      vertex 0.0149999997 -2.67649293 2.37276721
      vertex 0.0149999997 -2.82632518 2.31270123
    endloop
  endfacet
  facet normal 1 0 0
    outer loop
      vertex 0.0149999997 -2.67649293 2.37276721
      vertex 0.0149999997 -2.67989826 2.38087749
      vertex 0.0149999997 -2.82632518 2.31270123
    endloop
  endfacet
  facet normal 0.99999994 0 0
    outer loop
      vertex 0.0149999997 -2.66968226 2.35403633
      vertex 0.0149999997 -2.6730876 2.36384201
      vertex 0.0149999997 -2.82632518 2.31270123
    endloop
  endfacet
  facet normal 1 -0 0
    outer loop
      vertex 0.0149999997 -2.70714045 1.71120191
      vertex 0.0149999997 -2.70373511 1.709584
      vertex 0.0149999997 -2.64244008 2.32871342
    endloop
  endfacet
  facet normal 1 -0 0
    outer loop
      vertex 0.0149999997 -2.70373511 1.709584
      vertex 0.0149999997 -2.70032978 1.70793855
      vertex 0.0149999997 -2.64244008 2.32871342
    endloop
  endfacet
  facet normal 1 -0 0
    outer loop
      vertex 0.0149999997 -2.70032978 1.70793855
      vertex 0.0149999997 -2.69692469 1.70624518
      vertex 0.0149999997 -2.64244008 2.32871342
    endloop
  endfacet
  facet normal 1 -0 0
    outer loop
      vertex 0.0149999997 -2.69692469 1.70624518
      vertex 0.0149999997 -2.69351935 1.70455182
      vertex 0.0149999997 -2.64244008 2.32871342
    endloop
  endfacet
  facet normal 1 -0 0
    outer loop
      vertex 0.0149999997 -2.69351935 1.70455182
      vertex 0.0149999997 -2.69011402 1.70285857
      vertex 0.0149999997 -2.64244008 2.32871342
    endloop
  endfacet
  facet normal 0.99999994 -0 0
    outer loop
      vertex 0.0149999997 -2.69011402 1.70285857
      vertex 0.0149999997 -2.68670869 1.7011652
      vertex 0.0149999997 -2.64244008 2.32871342
    endloop
  endfacet
  facet normal 1 -0 0
    outer loop
      vertex 0.0149999997 -2.68330336 1.69947183
      vertex 0.0149999997 -2.67989826 1.69777846
      vertex 0.0149999997 -2.64244008 2.32871342
    endloop
  endfacet
  facet normal 1 -0 0
    outer loop
      vertex 0.0149999997 -2.67989826 1.69777846
      vertex 0.0149999997 -2.67649293 1.6960851
      vertex 0.0149999997 -2.64244008 2.32871342
    endloop
  endfacet
  facet normal 0.99999994 -0 0
    outer loop
      vertex 0.0149999997 -2.68670869 1.7011652
      vertex 0.0149999997 -2.68330336 1.69947183
      vertex 0.0149999997 -2.64244008 2.32871342
    endloop
  endfacet
  facet normal 1 -0 0
    outer loop
      vertex 0.0149999997 -2.67649293 1.6960851
      vertex 0.0149999997 -2.6730876 1.69439185
      vertex 0.0149999997 -2.64244008 2.32871342
    endloop
  endfacet
  facet normal 1 -0 0
    outer loop
      vertex 0.0149999997 -2.6730876 1.69439185
      vertex 0.0149999997 -2.66968226 1.69269848
      vertex 0.0149999997 -2.64244008 2.32871342
    endloop
  endfacet
  facet normal 1 0 0
    outer loop
      vertex 0.0149999997 -2.66627693 1.69100511
      vertex 0.0149999997 -2.66287184 1.68931174
      vertex 0.0149999997 -2.64244008 1.68171823
    endloop
  endfacet
  facet normal 1 0 0
    outer loop
      vertex 0.0149999997 -2.66287184 1.68931174
      vertex 0.0149999997 -2.65946651 1.68761849
      vertex 0.0149999997 -2.64925075 1.68368757
    endloop
  endfacet
  facet normal 1 0 0
    outer loop
      vertex 0.0149999997 -2.53687644 2.34377384
      vertex 0.0149999997 -2.66968226 1.69269848
      vertex 0.0149999997 -2.62881899 1.67777956
    endloop
  endfacet
  facet normal 1 0 0
    outer loop
      vertex 0.0149999997 -2.66968226 1.69269848
      vertex 0.0149999997 -2.66627693 1.69100511
      vertex 0.0149999997 -2.63903475 1.68073356
    endloop
  endfacet
  facet normal 1 -0 0
    outer loop
      vertex 0.0149999997 -2.64244008 2.32871342
      vertex 0.0149999997 -2.66968226 1.69269848
      vertex 0.0149999997 -2.63903475 2.32968378
    endloop
  endfacet
  facet normal 1 -0 0
    outer loop
      vertex 0.0149999997 -2.63903475 2.32968378
      vertex 0.0149999997 -2.66968226 1.69269848
      vertex 0.0149999997 -2.53687644 2.34377384
    endloop
  endfacet
  facet normal 1 0 0
    outer loop
      vertex 0.0149999997 -2.65946651 1.68761849
      vertex 0.0149999997 -2.65606117 1.68592513
      vertex 0.0149999997 -2.65265584 1.68467224
    endloop
  endfacet
  facet normal 1 0 0
    outer loop
      vertex 0.0149999997 -2.63903475 2.32968378
      vertex 0.0149999997 -2.53687644 2.34377384
      vertex 0.0149999997 -2.63562942 2.33084536
    endloop
  endfacet
  facet normal 1 0 0
    outer loop
      vertex 0.0149999997 -2.65946651 1.68761849
      vertex 0.0149999997 -2.65265584 1.68467224
      vertex 0.0149999997 -2.64925075 1.68368757
    endloop
  endfacet
  facet normal 1 -0 -0
    outer loop
      vertex 0.0149999997 -2.64925075 1.68368757
      vertex 0.0149999997 -2.64584541 1.6827029
      vertex 0.0149999997 -2.66287184 1.68931174
    endloop
  endfacet
  facet normal 1 0 0
    outer loop
      vertex 0.0149999997 -2.63903475 1.68073356
      vertex 0.0149999997 -2.66627693 1.69100511
      vertex 0.0149999997 -2.64244008 1.68171823
    endloop
  endfacet
  facet normal 1 0 0
    outer loop
      vertex 0.0149999997 -2.63562942 1.67974889
      vertex 0.0149999997 -2.66968226 1.69269848
      vertex 0.0149999997 -2.63903475 1.68073356
    endloop
  endfacet
  facet normal 1 -0 0
    outer loop
      vertex 0.0149999997 -2.62881899 2.33353806
      vertex 0.0149999997 -2.63222432 2.33219171
      vertex 0.0149999997 -2.54028177 2.34412599
    endloop
  endfacet
  facet normal 1 -0 0
    outer loop
      vertex 0.0149999997 -2.63222432 2.33219171
      vertex 0.0149999997 -2.63562942 2.33084536
      vertex 0.0149999997 -2.54028177 2.34412599
    endloop
  endfacet
  facet normal 1 0 0
    outer loop
      vertex 0.0149999997 -2.54368687 2.34462714
      vertex 0.0149999997 -2.6151979 2.33832145
      vertex 0.0149999997 -2.61860323 2.33716869
    endloop
  endfacet
  facet normal 1 0 0
    outer loop
      vertex 0.0149999997 -2.62200832 2.33601618
      vertex 0.0149999997 -2.62541366 2.33486366
      vertex 0.0149999997 -2.62881899 2.33353806
    endloop
  endfacet
  facet normal 0.99999994 -0 0
    outer loop
      vertex 0.0149999997 -2.61179256 2.33947396
      vertex 0.0149999997 -2.6151979 2.33832145
      vertex 0.0149999997 -2.5470922 2.34512854
    endloop
  endfacet
  facet normal 0.99999994 0 0
    outer loop
      vertex 0.0149999997 -2.61179256 2.33947396
      vertex 0.0149999997 -2.55049753 2.34562993
      vertex 0.0149999997 -2.60838723 2.34062648
    endloop
  endfacet
  facet normal 1 -0 0
    outer loop
      vertex 0.0149999997 -2.61860323 2.33716869
      vertex 0.0149999997 -2.62200832 2.33601618
      vertex 0.0149999997 -2.54028177 2.34412599
    endloop
  endfacet
  facet normal 1 -0 0
    outer loop
      vertex 0.0149999997 -2.62200832 2.33601618
      vertex 0.0149999997 -2.62881899 2.33353806
      vertex 0.0149999997 -2.54028177 2.34412599
    endloop
  endfacet
  facet normal 1 0 0
    outer loop
      vertex 0.0149999997 -2.5470922 2.34512854
      vertex 0.0149999997 -2.6151979 2.33832145
      vertex 0.0149999997 -2.54368687 2.34462714
    endloop
  endfacet
  facet normal 1 0 0
    outer loop
      vertex 0.0149999997 -2.66968226 1.69269848
      vertex 0.0149999997 -2.63562942 1.67974889
      vertex 0.0149999997 -2.63222432 1.67876422
    endloop
  endfacet
  facet normal 1 0 0
    outer loop
      vertex 0.0149999997 -2.54368687 2.34462714
      vertex 0.0149999997 -2.61860323 2.33716869
      vertex 0.0149999997 -2.54028177 2.34412599
    endloop
  endfacet
  facet normal 1 -0 -0
    outer loop
      vertex 0.0149999997 -2.64584541 1.6827029
      vertex 0.0149999997 -2.64244008 1.68171823
      vertex 0.0149999997 -2.66287184 1.68931174
    endloop
  endfacet
  facet normal 1 0 0
    outer loop
      vertex 0.0149999997 -2.55049753 2.34562993
      vertex 0.0149999997 -2.61179256 2.33947396
      vertex 0.0149999997 -2.5470922 2.34512854
    endloop
  endfacet
  facet normal 1 -0 0
    outer loop
      vertex 0.0149999997 -2.59817147 2.34408426
      vertex 0.0149999997 -2.60157681 2.34293175
      vertex 0.0149999997 -2.55390286 2.34613109
    endloop
  endfacet
  facet normal 1 -0 0
    outer loop
      vertex 0.0149999997 -2.60157681 2.34293175
      vertex 0.0149999997 -2.6049819 2.34177899
      vertex 0.0149999997 -2.55390286 2.34613109
    endloop
  endfacet
  facet normal 1 -0 0
    outer loop
      vertex 0.0149999997 -2.6049819 2.34177899
      vertex 0.0149999997 -2.60838723 2.34062648
      vertex 0.0149999997 -2.55390286 2.34613109
    endloop
  endfacet
  facet normal 1 0 0
    outer loop
      vertex 0.0149999997 -2.60838723 2.34062648
      vertex 0.0149999997 -2.55049753 2.34562993
      vertex 0.0149999997 -2.55390286 2.34613109
    endloop
  endfacet
  facet normal 1 0 0
    outer loop
      vertex 0.0149999997 -2.63562942 2.33084536
      vertex 0.0149999997 -2.53687644 2.34377384
      vertex 0.0149999997 -2.54028177 2.34412599
    endloop
  endfacet
  facet normal 1 -0 -0
    outer loop
      vertex 0.0149999997 -2.63222432 1.67876422
      vertex 0.0149999997 -2.62881899 1.67777956
      vertex 0.0149999997 -2.66968226 1.69269848
    endloop
  endfacet
  facet normal 1 -0 0
    outer loop
      vertex 0.0149999997 -2.59476614 2.34523678
      vertex 0.0149999997 -2.59817147 2.34408426
      vertex 0.0149999997 -2.55390286 2.34613109
    endloop
  endfacet
  facet normal 1 -0 0
    outer loop
      vertex 0.0149999997 -2.62881899 1.67777956
      vertex 0.0149999997 -2.62541366 1.67679489
      vertex 0.0149999997 -2.53687644 2.34377384
    endloop
  endfacet
  facet normal 1 -0 0
    outer loop
      vertex 0.0149999997 -2.62200832 1.67581022
      vertex 0.0149999997 -2.61860323 1.67482555
      vertex 0.0149999997 -2.53687644 2.34377384
    endloop
  endfacet
  facet normal 1 -0 0
    outer loop
      vertex 0.0149999997 -2.61860323 1.67482555
      vertex 0.0149999997 -2.6151979 1.67384088
      vertex 0.0149999997 -2.53687644 2.34377384
    endloop
  endfacet
  facet normal 1 -0 0
    outer loop
      vertex 0.0149999997 -2.62541366 1.67679489
      vertex 0.0149999997 -2.62200832 1.67581022
      vertex 0.0149999997 -2.53687644 2.34377384
    endloop
  endfacet
  facet normal 0.99999994 0 0
    outer loop
      vertex 0.0149999997 -2.58795571 2.34701395
      vertex 0.0149999997 -2.59136081 2.34634066
      vertex 0.0149999997 -2.59476614 2.34523678
    endloop
  endfacet
  facet normal 0.99999994 0 0
    outer loop
      vertex 0.0149999997 -2.57773972 2.34902048
      vertex 0.0149999997 -2.58114505 2.34836078
      vertex 0.0149999997 -2.5573082 2.34726048
    endloop
  endfacet
  facet normal 1 0 0
    outer loop
      vertex 0.0149999997 -2.58114505 2.34836078
      vertex 0.0149999997 -2.58455038 2.34768724
      vertex 0.0149999997 -2.55390286 2.34613109
    endloop
  endfacet
  facet normal 0.99999994 -0 0
    outer loop
      vertex 0.0149999997 -2.57773972 2.34902048
      vertex 0.0149999997 -2.5573082 2.34726048
      vertex 0.0149999997 -2.57092929 2.34967875
    endloop
  endfacet
  facet normal 0.99999994 0 0
    outer loop
      vertex 0.0149999997 -2.58455038 2.34768724
      vertex 0.0149999997 -2.58795571 2.34701395
      vertex 0.0149999997 -2.55390286 2.34613109
    endloop
  endfacet
  facet normal 1 0 0
    outer loop
      vertex 0.0149999997 -2.58795571 2.34701395
      vertex 0.0149999997 -2.59476614 2.34523678
      vertex 0.0149999997 -2.55390286 2.34613109
    endloop
  endfacet
  facet normal 1 -0 0
    outer loop
      vertex 0.0149999997 -2.6151979 1.67384088
      vertex 0.0149999997 -2.61179256 1.67285621
      vertex 0.0149999997 -2.53687644 2.34377384
    endloop
  endfacet
  facet normal 1 0 0
    outer loop
      vertex 0.0149999997 -2.61179256 1.67285621
      vertex 0.0149999997 -2.60838723 1.67187154
      vertex 0.0149999997 -2.6049819 1.67097759
    endloop
  endfacet
  facet normal 1 0 0
    outer loop
      vertex 0.0149999997 -2.61179256 1.67285621
      vertex 0.0149999997 -2.6049819 1.67097759
      vertex 0.0149999997 -2.60157681 1.67009902
    endloop
  endfacet
  facet normal 1 0 0
    outer loop
      vertex 0.0149999997 -2.58114505 2.34836078
      vertex 0.0149999997 -2.55390286 2.34613109
      vertex 0.0149999997 -2.5573082 2.34726048
    endloop
  endfacet
  facet normal 1 0 0
    outer loop
      vertex 0.0149999997 -2.57092929 2.34967875
      vertex 0.0149999997 -2.57433438 2.3495481
      vertex 0.0149999997 -2.57773972 2.34902048
    endloop
  endfacet
  facet normal 1 0 0
    outer loop
      vertex 0.0149999997 -2.56071329 2.34846973
      vertex 0.0149999997 -2.56411862 2.34967875
      vertex 0.0149999997 -2.56752396 2.34967875
    endloop
  endfacet
  facet normal 1 0 0
    outer loop
      vertex 0.0149999997 -2.56752396 2.34967875
      vertex 0.0149999997 -2.57092929 2.34967875
      vertex 0.0149999997 -2.56071329 2.34846973
    endloop
  endfacet
  facet normal 1 -0 0
    outer loop
      vertex 0.0149999997 -2.61179256 1.67285621
      vertex 0.0149999997 -2.60157681 1.67009902
      vertex 0.0149999997 -2.53687644 2.34377384
    endloop
  endfacet
  facet normal 1 -0 0
    outer loop
      vertex 0.0149999997 -2.60157681 1.67009902
      vertex 0.0149999997 -2.59817147 1.66922033
      vertex 0.0149999997 -2.53687644 2.34377384
    endloop
  endfacet
  facet normal 1 -0 0
    outer loop
      vertex 0.0149999997 -2.59817147 1.66922033
      vertex 0.0149999997 -2.59476614 1.66834164
      vertex 0.0149999997 -2.53687644 2.34377384
    endloop
  endfacet
  facet normal 1 0 0
    outer loop
      vertex 0.0149999997 -2.57092929 2.34967875
      vertex 0.0149999997 -2.5573082 2.34726048
      vertex 0.0149999997 -2.56071329 2.34846973
    endloop
  endfacet
  facet normal 1 -0 0
    outer loop
      vertex 0.0149999997 -2.59136081 1.66746294
      vertex 0.0149999997 -2.58795571 1.66658425
      vertex 0.0149999997 -2.53687644 2.34377384
    endloop
  endfacet
  facet normal 1 -0 0
    outer loop
      vertex 0.0149999997 -2.58795571 1.66658425
      vertex 0.0149999997 -2.58455038 1.66570568
      vertex 0.0149999997 -2.53687644 2.34377384
    endloop
  endfacet
  facet normal 1 -0 0
    outer loop
      vertex 0.0149999997 -2.59476614 1.66834164
      vertex 0.0149999997 -2.59136081 1.66746294
      vertex 0.0149999997 -2.53687644 2.34377384
    endloop
  endfacet
  facet normal 1 -0 0
    outer loop
      vertex 0.0149999997 -2.58455038 1.66570568
      vertex 0.0149999997 -2.58114505 1.66482699
      vertex 0.0149999997 -2.53687644 2.34377384
    endloop
  endfacet
  facet normal 1 -0 0
    outer loop
      vertex 0.0149999997 -2.58114505 1.66482699
      vertex 0.0149999997 -2.57773972 1.6639483
      vertex 0.0149999997 -2.53347111 2.34377384
    endloop
  endfacet
  facet normal 1 -0 0
    outer loop
      vertex 0.0149999997 -2.53687644 2.34377384
      vertex 0.0149999997 -2.58114505 1.66482699
      vertex 0.0149999997 -2.53347111 2.34377384
    endloop
  endfacet
  facet normal 1 -0 0
    outer loop
      vertex 0.0149999997 -2.57433438 1.66306961
      vertex 0.0149999997 -2.57092929 1.66219091
      vertex 0.0149999997 -2.53006577 2.34377384
    endloop
  endfacet
  facet normal 1 -0 0
    outer loop
      vertex 0.0149999997 -2.57092929 1.66219091
      vertex 0.0149999997 -2.56752396 1.66131234
      vertex 0.0149999997 -2.53006577 2.34377384
    endloop
  endfacet
  facet normal 1 0 -0
    outer loop
      vertex 0.0149999997 -2.57433438 1.66306961
      vertex 0.0149999997 -2.53006577 2.34377384
      vertex 0.0149999997 -2.57773972 1.6639483
    endloop
  endfacet
  facet normal 1 -0 0
    outer loop
      vertex 0.0149999997 -2.53347111 2.34377384
      vertex 0.0149999997 -2.57773972 1.6639483
      vertex 0.0149999997 -2.53006577 2.34377384
    endloop
  endfacet
  facet normal 1 0 0
    outer loop
      vertex 0.0149999997 -2.52325535 2.34520578
      vertex 0.0149999997 -2.52666068 2.34448981
      vertex 0.0149999997 -2.5573082 1.65859509
    endloop
  endfacet
  facet normal 1 0 0
    outer loop
      vertex 0.0149999997 -2.52666068 2.34448981
      vertex 0.0149999997 -2.53006577 2.34377384
      vertex 0.0149999997 -2.5573082 1.65859509
    endloop
  endfacet
  facet normal 1 0 0
    outer loop
      vertex 0.0149999997 -2.53006577 2.34377384
      vertex 0.0149999997 -2.56752396 1.66131234
      vertex 0.0149999997 -2.56411862 1.66043365
    endloop
  endfacet
  facet normal 1 0 0
    outer loop
      vertex 0.0149999997 -2.51985002 2.34592175
      vertex 0.0149999997 -2.52325535 2.34520578
      vertex 0.0149999997 -2.5573082 1.65859509
    endloop
  endfacet
  facet normal 1 0 0
    outer loop
      vertex 0.0149999997 -2.51644468 2.34663773
      vertex 0.0149999997 -2.51985002 2.34592175
      vertex 0.0149999997 -2.5573082 1.65859509
    endloop
  endfacet
  facet normal 1 0 0
    outer loop
      vertex 0.0149999997 -2.53006577 2.34377384
      vertex 0.0149999997 -2.56411862 1.66043365
      vertex 0.0149999997 -2.56071329 1.65955496
    endloop
  endfacet
  facet normal 1 -0 0
    outer loop
      vertex 0.0149999997 -2.5573082 1.65859509
      vertex 0.0149999997 -2.55390286 1.65742433
      vertex 0.0149999997 -2.51303935 2.3473537
    endloop
  endfacet
  facet normal 1 -0 0
    outer loop
      vertex 0.0149999997 -2.55390286 1.65742433
      vertex 0.0149999997 -2.55049753 1.6562537
      vertex 0.0149999997 -2.51303935 2.3473537
    endloop
  endfacet
  facet normal 1 0 0
    outer loop
      vertex 0.0149999997 -2.53006577 2.34377384
      vertex 0.0149999997 -2.56071329 1.65955496
      vertex 0.0149999997 -2.5573082 1.65859509
    endloop
  endfacet
  facet normal 1 0 0
    outer loop
      vertex 0.0149999997 -2.51303935 2.3473537
      vertex 0.0149999997 -2.51644468 2.34663773
      vertex 0.0149999997 -2.5573082 1.65859509
    endloop
  endfacet
  facet normal 1 0 0
    outer loop
      vertex 0.0149999997 -2.50622892 2.34878564
      vertex 0.0149999997 -2.50963426 2.34806967
      vertex 0.0149999997 -2.55049753 1.6562537
    endloop
  endfacet
  facet normal 1 0 0
    outer loop
      vertex 0.0149999997 -2.50963426 2.34806967
      vertex 0.0149999997 -2.51303935 2.3473537
      vertex 0.0149999997 -2.55049753 1.6562537
    endloop
  endfacet
  facet normal 1 0 0
    outer loop
      vertex 0.0149999997 -2.50282359 2.34950161
      vertex 0.0149999997 -2.50622892 2.34878564
      vertex 0.0149999997 -2.55049753 1.6562537
    endloop
  endfacet
  facet normal 1 -0 0
    outer loop
      vertex 0.0149999997 -2.55049753 1.6562537
      vertex 0.0149999997 -2.5470922 1.65508294
      vertex 0.0149999997 -2.50282359 2.34950161
    endloop
  endfacet
  facet normal 1 -0 0
    outer loop
      vertex 0.0149999997 -2.5470922 1.65508294
      vertex 0.0149999997 -2.54368687 1.65391231
      vertex 0.0149999997 -2.50282359 2.34950161
    endloop
  endfacet
  facet normal 1 -0 0
    outer loop
      vertex 0.0149999997 -2.54368687 1.65391231
      vertex 0.0149999997 -2.54028177 1.65274155
      vertex 0.0149999997 -2.49941826 2.3502233
    endloop
  endfacet
  facet normal 1 -0 0
    outer loop
      vertex 0.0149999997 -2.54028177 1.65274155
      vertex 0.0149999997 -2.53687644 1.65157092
      vertex 0.0149999997 -2.49941826 2.3502233
    endloop
  endfacet
  facet normal 1 0 0
    outer loop
      vertex 0.0149999997 -2.49941826 2.3502233
      vertex 0.0149999997 -2.50282359 2.34950161
      vertex 0.0149999997 -2.54368687 1.65391231
    endloop
  endfacet
  facet normal 1 -0 0
    outer loop
      vertex 0.0149999997 -2.53687644 1.65157092
      vertex 0.0149999997 -2.53347111 1.65040016
      vertex 0.0149999997 -2.49941826 2.3502233
    endloop
  endfacet
  facet normal 1 0 0
    outer loop
      vertex 0.0149999997 -2.53347111 1.65040016
      vertex 0.0149999997 -2.53006577 1.64922953
      vertex 0.0149999997 -2.49941826 1.64063549
    endloop
  endfacet
  facet normal 1 0 0
    outer loop
      vertex 0.0149999997 -2.4892025 2.35330987
      vertex 0.0149999997 -2.49260783 2.35228109
      vertex 0.0149999997 -2.49601293 1.63998079
    endloop
  endfacet
  facet normal 1 0 0
    outer loop
      vertex 0.0149999997 -2.49260783 2.35228109
      vertex 0.0149999997 -2.49601293 2.35125208
      vertex 0.0149999997 -2.49941826 1.64063549
    endloop
  endfacet
  facet normal 1 0 0
    outer loop
      vertex 0.0149999997 -2.49601293 2.35125208
      vertex 0.0149999997 -2.49941826 2.3502233
      vertex 0.0149999997 -2.49941826 1.64063549
    endloop
  endfacet
  facet normal 1 0 -0
    outer loop
      vertex 0.0149999997 -2.49941826 1.64063549
      vertex 0.0149999997 -2.49941826 2.3502233
      vertex 0.0149999997 -2.53347111 1.65040016
    endloop
  endfacet
  facet normal 1 0 0
    outer loop
      vertex 0.0149999997 -2.53006577 1.64922953
      vertex 0.0149999997 -2.52666068 1.64805877
      vertex 0.0149999997 -2.49941826 1.64063549
    endloop
  endfacet
  facet normal 1 0 0
    outer loop
      vertex 0.0149999997 -2.52666068 1.64805877
      vertex 0.0149999997 -2.52325535 1.64688814
      vertex 0.0149999997 -2.49941826 1.64063549
    endloop
  endfacet
  facet normal 0.99999994 0 0
    outer loop
      vertex 0.0149999997 -2.48579717 2.35433865
      vertex 0.0149999997 -2.4892025 2.35330987
      vertex 0.0149999997 -2.32234383 1.64718616
    endloop
  endfacet
  facet normal 0.99999994 0 0
    outer loop
      vertex 0.0149999997 -2.49260783 2.35228109
      vertex 0.0149999997 -2.49941826 1.64063549
      vertex 0.0149999997 -2.49601293 1.63998079
    endloop
  endfacet
  facet normal 1 0 0
    outer loop
      vertex 0.0149999997 -2.47558141 2.35742497
      vertex 0.0149999997 -2.47898674 2.3563962
      vertex 0.0149999997 -2.32234383 1.64718616
    endloop
  endfacet
  facet normal 1 0 0
    outer loop
      vertex 0.0149999997 -2.47898674 2.3563962
      vertex 0.0149999997 -2.48239183 2.35536742
      vertex 0.0149999997 -2.32234383 1.64718616
    endloop
  endfacet
  facet normal 1 0 0
    outer loop
      vertex 0.0149999997 -2.45855498 1.63450766
      vertex 0.0149999997 -2.4892025 2.35330987
      vertex 0.0149999997 -2.49260783 1.6393261
    endloop
  endfacet
  facet normal 1 0 0
    outer loop
      vertex 0.0149999997 -2.48239183 2.35536742
      vertex 0.0149999997 -2.48579717 2.35433865
      vertex 0.0149999997 -2.32234383 1.64718616
    endloop
  endfacet
  facet normal 1 0 0
    outer loop
      vertex 0.0149999997 -2.52325535 1.64688814
      vertex 0.0149999997 -2.51985002 1.64571738
      vertex 0.0149999997 -2.50282359 1.64129007
    endloop
  endfacet
  facet normal 1 0 0
    outer loop
      vertex 0.0149999997 -2.51985002 1.64571738
      vertex 0.0149999997 -2.51644468 1.64454675
      vertex 0.0149999997 -2.50622892 1.64194477
    endloop
  endfacet
  facet normal 1 0 0
    outer loop
      vertex 0.0149999997 -2.51644468 1.64454675
      vertex 0.0149999997 -2.51303935 1.64337599
      vertex 0.0149999997 -2.50963426 1.64259946
    endloop
  endfacet
  facet normal 1 -0 -0
    outer loop
      vertex 0.0149999997 -2.50622892 1.64194477
      vertex 0.0149999997 -2.50282359 1.64129007
      vertex 0.0149999997 -2.51985002 1.64571738
    endloop
  endfacet
  facet normal 1 -0 -0
    outer loop
      vertex 0.0149999997 -2.50282359 1.64129007
      vertex 0.0149999997 -2.49941826 1.64063549
      vertex 0.0149999997 -2.52325535 1.64688814
    endloop
  endfacet
  facet normal 0.99999994 0 0
    outer loop
      vertex 0.0149999997 -2.51644468 1.64454675
      vertex 0.0149999997 -2.50963426 1.64259946
      vertex 0.0149999997 -2.50622892 1.64194477
    endloop
  endfacet
  facet normal 1 0 0
    outer loop
      vertex 0.0149999997 -2.4892025 2.35330987
      vertex 0.0149999997 -2.45855498 1.63450766
      vertex 0.0149999997 -2.45514965 1.63420784
    endloop
  endfacet
  facet normal 1 0 0
    outer loop
      vertex 0.0149999997 -2.4892025 2.35330987
      vertex 0.0149999997 -2.49601293 1.63998079
      vertex 0.0149999997 -2.49260783 1.6393261
    endloop
  endfacet
  facet normal 1 0 0
    outer loop
      vertex 0.0149999997 -2.46536541 2.36051154
      vertex 0.0149999997 -2.46877074 2.35948277
      vertex 0.0149999997 -2.31893849 1.64799225
    endloop
  endfacet
  facet normal 1 0 0
    outer loop
      vertex 0.0149999997 -2.46877074 2.35948277
      vertex 0.0149999997 -2.47217607 2.35845375
      vertex 0.0149999997 -2.32234383 1.64718616
    endloop
  endfacet
  facet normal 1 0 0
    outer loop
      vertex 0.0149999997 -2.46536541 1.63510728
      vertex 0.0149999997 -2.4892025 1.6386714
      vertex 0.0149999997 -2.48579717 1.6380167
    endloop
  endfacet
  facet normal 1 0 0
    outer loop
      vertex 0.0149999997 -2.47217607 2.35845375
      vertex 0.0149999997 -2.47558141 2.35742497
      vertex 0.0149999997 -2.32234383 1.64718616
    endloop
  endfacet
  facet normal 1 -0 0
    outer loop
      vertex 0.0149999997 -2.46196032 2.36154032
      vertex 0.0149999997 -2.46536541 2.36051154
      vertex 0.0149999997 -2.44152856 2.36690617
    endloop
  endfacet
  facet normal 1 0 0
    outer loop
      vertex 0.0149999997 -2.4892025 1.6386714
      vertex 0.0149999997 -2.46536541 1.63510728
      vertex 0.0149999997 -2.46196032 1.63480747
    endloop
  endfacet
  facet normal 1 0 0
    outer loop
      vertex 0.0149999997 -2.46196032 1.63480747
      vertex 0.0149999997 -2.49260783 1.6393261
      vertex 0.0149999997 -2.4892025 1.6386714
    endloop
  endfacet
  facet normal 1 0 0
    outer loop
      vertex 0.0149999997 -2.4892025 2.35330987
      vertex 0.0149999997 -2.45514965 1.63420784
      vertex 0.0149999997 -2.32234383 1.64718616
    endloop
  endfacet
  facet normal 0.99999994 -0 0
    outer loop
      vertex 0.0149999997 -2.45855498 2.36256909
      vertex 0.0149999997 -2.46196032 2.36154032
      vertex 0.0149999997 -2.44833922 2.3652873
    endloop
  endfacet
  facet normal 0.99999994 0 0
    outer loop
      vertex 0.0149999997 -2.49260783 1.6393261
      vertex 0.0149999997 -2.46196032 1.63480747
      vertex 0.0149999997 -2.45855498 1.63450766
    endloop
  endfacet
  facet normal 1 0 0
    outer loop
      vertex 0.0149999997 -2.45174432 2.36447787
      vertex 0.0149999997 -2.45514965 2.36359787
      vertex 0.0149999997 -2.45855498 2.36256909
    endloop
  endfacet
  facet normal 1 0 0
    outer loop
      vertex 0.0149999997 -2.44493389 2.36609674
      vertex 0.0149999997 -2.44833922 2.3652873
      vertex 0.0149999997 -2.46196032 2.36154032
    endloop
  endfacet
  facet normal 1 0 0
    outer loop
      vertex 0.0149999997 -2.44833922 2.3652873
      vertex 0.0149999997 -2.45174432 2.36447787
      vertex 0.0149999997 -2.45855498 2.36256909
    endloop
  endfacet
  facet normal 1 0 0
    outer loop
      vertex 0.0149999997 -2.44152856 2.36690617
      vertex 0.0149999997 -2.44493389 2.36609674
      vertex 0.0149999997 -2.46196032 2.36154032
    endloop
  endfacet
  facet normal 1 0 0
    outer loop
      vertex 0.0149999997 -2.46536541 1.63510728
      vertex 0.0149999997 -2.48579717 1.6380167
      vertex 0.0149999997 -2.48239183 1.637362
    endloop
  endfacet
  facet normal 1 0 0
    outer loop
      vertex 0.0149999997 -2.44152856 2.36690617
      vertex 0.0149999997 -2.46536541 2.36051154
      vertex 0.0149999997 -2.31893849 1.64799225
    endloop
  endfacet
  facet normal 1 0 0
    outer loop
      vertex 0.0149999997 -2.43812323 2.3677156
      vertex 0.0149999997 -2.44152856 2.36690617
      vertex 0.0149999997 -2.31893849 1.64799225
    endloop
  endfacet
  facet normal 1 0 0
    outer loop
      vertex 0.0149999997 -2.46536541 1.63510728
      vertex 0.0149999997 -2.48239183 1.637362
      vertex 0.0149999997 -2.46877074 1.63540709
    endloop
  endfacet
  facet normal 1 0 0
    outer loop
      vertex 0.0149999997 -2.48239183 1.637362
      vertex 0.0149999997 -2.47898674 1.63670731
      vertex 0.0149999997 -2.46877074 1.63540709
    endloop
  endfacet
  facet normal 1 0 0
    outer loop
      vertex 0.0149999997 -2.47898674 1.63670731
      vertex 0.0149999997 -2.47558141 1.63605261
      vertex 0.0149999997 -2.47217607 1.6357069
    endloop
  endfacet
  facet normal 1 -0 -0
    outer loop
      vertex 0.0149999997 -2.47217607 1.6357069
      vertex 0.0149999997 -2.46877074 1.63540709
      vertex 0.0149999997 -2.47898674 1.63670731
    endloop
  endfacet
  facet normal 1 0 0
    outer loop
      vertex 0.0149999997 -2.42790747 2.37014389
      vertex 0.0149999997 -2.31553316 1.64867687
      vertex 0.0149999997 -2.31212783 1.64936149
    endloop
  endfacet
  facet normal 1 0 0
    outer loop
      vertex 0.0149999997 -2.43471789 2.36852503
      vertex 0.0149999997 -2.43812323 2.3677156
      vertex 0.0149999997 -2.31893849 1.64799225
    endloop
  endfacet
  facet normal 1 0 0
    outer loop
      vertex 0.0149999997 -2.42790747 2.37014389
      vertex 0.0149999997 -2.4313128 2.36933446
      vertex 0.0149999997 -2.31553316 1.64867687
    endloop
  endfacet
  facet normal 1 0 0
    outer loop
      vertex 0.0149999997 -2.4313128 2.36933446
      vertex 0.0149999997 -2.43471789 2.36852503
      vertex 0.0149999997 -2.31893849 1.64799225
    endloop
  endfacet
  facet normal 1 0 0
    outer loop
      vertex 0.0149999997 -2.42450213 2.37095332
      vertex 0.0149999997 -2.42790747 2.37014389
      vertex 0.0149999997 -2.31212783 1.64936149
    endloop
  endfacet
  facet normal 1 0 0
    outer loop
      vertex 0.0149999997 -2.32234383 1.64718616
      vertex 0.0149999997 -2.45514965 1.63420784
      vertex 0.0149999997 -2.44493389 1.63344157
    endloop
  endfacet
  facet normal 1 0 0
    outer loop
      vertex 0.0149999997 -2.4210968 2.37176275
      vertex 0.0149999997 -2.35639668 2.38117313
      vertex 0.0149999997 -2.41769171 2.37257218
    endloop
  endfacet
  facet normal 1 0 0
    outer loop
      vertex 0.0149999997 -2.45514965 1.63420784
      vertex 0.0149999997 -2.45174432 1.63390803
      vertex 0.0149999997 -2.44833922 1.6336503
    endloop
  endfacet
  facet normal 1 0 0
    outer loop
      vertex 0.0149999997 -2.35639668 2.38117313
      vertex 0.0149999997 -2.4210968 2.37176275
      vertex 0.0149999997 -2.3053174 1.65073085
    endloop
  endfacet
  facet normal 1 0 0
    outer loop
      vertex 0.0149999997 -2.46877074 2.35948277
      vertex 0.0149999997 -2.32234383 1.64718616
      vertex 0.0149999997 -2.31893849 1.64799225
    endloop
  endfacet
  facet normal 1 -0 0
    outer loop
      vertex 0.0149999997 -2.41428638 2.37338161
      vertex 0.0149999997 -2.41769171 2.37257218
      vertex 0.0149999997 -2.35980177 2.38097954
    endloop
  endfacet
  facet normal 1 0 0
    outer loop
      vertex 0.0149999997 -2.4210968 2.37176275
      vertex 0.0149999997 -2.42450213 2.37095332
      vertex 0.0149999997 -2.30872273 1.65004611
    endloop
  endfacet
  facet normal 1 0 0
    outer loop
      vertex 0.0149999997 -2.32234383 1.64718616
      vertex 0.0149999997 -2.44493389 1.63344157
      vertex 0.0149999997 -2.32574892 1.64617276
    endloop
  endfacet
  facet normal 1 0 0
    outer loop
      vertex 0.0149999997 -2.45514965 1.63420784
      vertex 0.0149999997 -2.44833922 1.6336503
      vertex 0.0149999997 -2.44493389 1.63344157
    endloop
  endfacet
  facet normal 1 0 0
    outer loop
      vertex 0.0149999997 -2.32574892 1.64617276
      vertex 0.0149999997 -2.44493389 1.63344157
      vertex 0.0149999997 -2.32915425 1.64515924
    endloop
  endfacet
  facet normal 1 -0 0
    outer loop
      vertex 0.0149999997 -2.41088104 2.37419105
      vertex 0.0149999997 -2.41428638 2.37338161
      vertex 0.0149999997 -2.3632071 2.3807857
    endloop
  endfacet
  facet normal 1 -0 0
    outer loop
      vertex 0.0149999997 -2.44493389 1.63344157
      vertex 0.0149999997 -2.44152856 1.63323283
      vertex 0.0149999997 -2.32915425 1.64515924
    endloop
  endfacet
  facet normal 1 0 0
    outer loop
      vertex 0.0149999997 -2.32915425 1.64515924
      vertex 0.0149999997 -2.44152856 1.63323283
      vertex 0.0149999997 -2.40066528 1.63305545
    endloop
  endfacet
  facet normal 1 0 0
    outer loop
      vertex 0.0149999997 -2.44152856 1.63323283
      vertex 0.0149999997 -2.43812323 1.6330241
      vertex 0.0149999997 -2.40066528 1.63305545
    endloop
  endfacet
  facet normal 1 0 0
    outer loop
      vertex 0.0149999997 -2.39725995 1.63321662
      vertex 0.0149999997 -2.33596492 1.64313221
      vertex 0.0149999997 -2.33255959 1.64414573
    endloop
  endfacet
  facet normal 1 -0 0
    outer loop
      vertex 0.0149999997 -2.40747571 2.37500048
      vertex 0.0149999997 -2.41088104 2.37419105
      vertex 0.0149999997 -2.36661243 2.38059211
    endloop
  endfacet
  facet normal 1 -0 0
    outer loop
      vertex 0.0149999997 -2.39725995 2.37742877
      vertex 0.0149999997 -2.40066528 2.37661934
      vertex 0.0149999997 -2.38023353 2.37981749
    endloop
  endfacet
  facet normal 1 -0 0
    outer loop
      vertex 0.0149999997 -2.40066528 2.37661934
      vertex 0.0149999997 -2.40407038 2.37580991
      vertex 0.0149999997 -2.37682819 2.38001108
    endloop
  endfacet
  facet normal 1 0 0
    outer loop
      vertex 0.0149999997 -2.39725995 2.37742877
      vertex 0.0149999997 -2.38023353 2.37981749
      vertex 0.0149999997 -2.38363886 2.37962365
    endloop
  endfacet
  facet normal 1 -0 0
    outer loop
      vertex 0.0149999997 -2.40407038 2.37580991
      vertex 0.0149999997 -2.40747571 2.37500048
      vertex 0.0149999997 -2.37001777 2.38039851
    endloop
  endfacet
  facet normal 1 0 0
    outer loop
      vertex 0.0149999997 -2.4313128 2.36933446
      vertex 0.0149999997 -2.31893849 1.64799225
      vertex 0.0149999997 -2.31553316 1.64867687
    endloop
  endfacet
  facet normal 1 0 0
    outer loop
      vertex 0.0149999997 -2.33596492 1.64313221
      vertex 0.0149999997 -2.39725995 1.63321662
      vertex 0.0149999997 -2.39385462 1.63337779
    endloop
  endfacet
  facet normal 1 0 0
    outer loop
      vertex 0.0149999997 -2.43812323 1.6330241
      vertex 0.0149999997 -2.43471789 1.63281536
      vertex 0.0149999997 -2.40747571 1.63273299
    endloop
  endfacet
  facet normal 1 0 0
    outer loop
      vertex 0.0149999997 -2.40066528 1.63305545
      vertex 0.0149999997 -2.33255959 1.64414573
      vertex 0.0149999997 -2.32915425 1.64515924
    endloop
  endfacet
  facet normal 1 0 0
    outer loop
      vertex 0.0149999997 -2.43471789 1.63281536
      vertex 0.0149999997 -2.4313128 1.63260663
      vertex 0.0149999997 -2.41088104 1.63257182
    endloop
  endfacet
  facet normal 0.99999994 0 0
    outer loop
      vertex 0.0149999997 -2.4313128 1.63260663
      vertex 0.0149999997 -2.42790747 1.63239789
      vertex 0.0149999997 -2.4210968 1.63224947
    endloop
  endfacet
  facet normal 1 0 0
    outer loop
      vertex 0.0149999997 -2.42790747 1.63239789
      vertex 0.0149999997 -2.42450213 1.63224947
      vertex 0.0149999997 -2.4210968 1.63224947
    endloop
  endfacet
  facet normal 1 0 0
    outer loop
      vertex 0.0149999997 -2.4210968 1.63224947
      vertex 0.0149999997 -2.41769171 1.63224947
      vertex 0.0149999997 -2.41428638 1.63241065
    endloop
  endfacet
  facet normal 1 0 -0
    outer loop
      vertex 0.0149999997 -2.4210968 1.63224947
      vertex 0.0149999997 -2.41428638 1.63241065
      vertex 0.0149999997 -2.4313128 1.63260663
    endloop
  endfacet
  facet normal 1 0 -0
    outer loop
      vertex 0.0149999997 -2.41428638 1.63241065
      vertex 0.0149999997 -2.41088104 1.63257182
      vertex 0.0149999997 -2.4313128 1.63260663
    endloop
  endfacet
  facet normal 0.99999994 0 0
    outer loop
      vertex 0.0149999997 -2.33255959 1.64414573
      vertex 0.0149999997 -2.40066528 1.63305545
      vertex 0.0149999997 -2.39725995 1.63321662
    endloop
  endfacet
  facet normal 1 -0 0
    outer loop
      vertex 0.0149999997 -2.39385462 2.3782382
      vertex 0.0149999997 -2.39725995 2.37742877
      vertex 0.0149999997 -2.38363886 2.37962365
    endloop
  endfacet
  facet normal 1 0 0
    outer loop
      vertex 0.0149999997 -2.38704419 2.37943006
      vertex 0.0149999997 -2.39044929 2.37904763
      vertex 0.0149999997 -2.39385462 2.3782382
    endloop
  endfacet
  facet normal 0.99999994 0 0
    outer loop
      vertex 0.0149999997 -2.37682819 2.38001108
      vertex 0.0149999997 -2.38023353 2.37981749
      vertex 0.0149999997 -2.40066528 2.37661934
    endloop
  endfacet
  facet normal 0.99999994 0 0
    outer loop
      vertex 0.0149999997 -2.38363886 2.37962365
      vertex 0.0149999997 -2.38704419 2.37943006
      vertex 0.0149999997 -2.39385462 2.3782382
    endloop
  endfacet
  facet normal 1 0 -0
    outer loop
      vertex 0.0149999997 -2.40747571 1.63273299
      vertex 0.0149999997 -2.40407038 1.63289416
      vertex 0.0149999997 -2.43812323 1.6330241
    endloop
  endfacet
  facet normal 1 0 -0
    outer loop
      vertex 0.0149999997 -2.40407038 1.63289416
      vertex 0.0149999997 -2.40066528 1.63305545
      vertex 0.0149999997 -2.43812323 1.6330241
    endloop
  endfacet
  facet normal 1 0 0
    outer loop
      vertex 0.0149999997 -2.43471789 1.63281536
      vertex 0.0149999997 -2.41088104 1.63257182
      vertex 0.0149999997 -2.40747571 1.63273299
    endloop
  endfacet
  facet normal 1 -0 0
    outer loop
      vertex 0.0149999997 -2.37342286 2.38020468
      vertex 0.0149999997 -2.40407038 2.37580991
      vertex 0.0149999997 -2.37001777 2.38039851
    endloop
  endfacet
  facet normal 1 0 0
    outer loop
      vertex 0.0149999997 -2.37342286 2.38020468
      vertex 0.0149999997 -2.37682819 2.38001108
      vertex 0.0149999997 -2.40407038 2.37580991
    endloop
  endfacet
  facet normal 1 0 0
    outer loop
      vertex 0.0149999997 -2.36661243 2.38059211
      vertex 0.0149999997 -2.37001777 2.38039851
      vertex 0.0149999997 -2.40747571 2.37500048
    endloop
  endfacet
  facet normal 0.99999994 0 0
    outer loop
      vertex 0.0149999997 -2.35639668 2.38117313
      vertex 0.0149999997 -2.35980177 2.38097954
      vertex 0.0149999997 -2.41769171 2.37257218
    endloop
  endfacet
  facet normal 1 0 0
    outer loop
      vertex 0.0149999997 -2.35980177 2.38097954
      vertex 0.0149999997 -2.3632071 2.3807857
      vertex 0.0149999997 -2.41428638 2.37338161
    endloop
  endfacet
  facet normal 1 0 0
    outer loop
      vertex 0.0149999997 -2.33937025 1.64211881
      vertex 0.0149999997 -2.38704419 1.63374031
      vertex 0.0149999997 -2.34277534 1.64110899
    endloop
  endfacet
  facet normal 1 0 0
    outer loop
      vertex 0.0149999997 -2.3632071 2.3807857
      vertex 0.0149999997 -2.36661243 2.38059211
      vertex 0.0149999997 -2.41088104 2.37419105
    endloop
  endfacet
  facet normal 0.99999994 0 0
    outer loop
      vertex 0.0149999997 -2.39385462 1.63337779
      vertex 0.0149999997 -2.39044929 1.63354063
      vertex 0.0149999997 -2.33937025 1.64211881
    endloop
  endfacet
  facet normal 1 0 0
    outer loop
      vertex 0.0149999997 -2.34958601 2.38156056
      vertex 0.0149999997 -2.35299134 2.38136697
      vertex 0.0149999997 -2.30191207 1.65141547
    endloop
  endfacet
  facet normal 1 0 0
    outer loop
      vertex 0.0149999997 -2.35299134 2.38136697
      vertex 0.0149999997 -2.35639668 2.38117313
      vertex 0.0149999997 -2.3053174 1.65073085
    endloop
  endfacet
  facet normal 1 0 0
    outer loop
      vertex 0.0149999997 -2.33596492 1.64313221
      vertex 0.0149999997 -2.39385462 1.63337779
      vertex 0.0149999997 -2.33937025 1.64211881
    endloop
  endfacet
  facet normal 1 0 -0
    outer loop
      vertex 0.0149999997 -2.38704419 1.63374031
      vertex 0.0149999997 -2.33937025 1.64211881
      vertex 0.0149999997 -2.39044929 1.63354063
    endloop
  endfacet
  facet normal 1 0 0
    outer loop
      vertex 0.0149999997 -2.34277534 1.64110899
      vertex 0.0149999997 -2.38704419 1.63374031
      vertex 0.0149999997 -2.38363886 1.63393986
    endloop
  endfacet
  facet normal 1 0 0
    outer loop
      vertex 0.0149999997 -2.38363886 1.63393986
      vertex 0.0149999997 -2.38023353 1.63413954
      vertex 0.0149999997 -2.34618068 1.64011121
    endloop
  endfacet
  facet normal 1 0 0
    outer loop
      vertex 0.0149999997 -2.38023353 1.63413954
      vertex 0.0149999997 -2.34958601 1.63911331
      vertex 0.0149999997 -2.34618068 1.64011121
    endloop
  endfacet
  facet normal 1 0 0
    outer loop
      vertex 0.0149999997 -2.38363886 1.63393986
      vertex 0.0149999997 -2.34618068 1.64011121
      vertex 0.0149999997 -2.34277534 1.64110899
    endloop
  endfacet
  facet normal 1 0 0
    outer loop
      vertex 0.0149999997 -2.33937025 2.38214159
      vertex 0.0149999997 -2.34277534 2.38194799
      vertex 0.0149999997 -2.29850674 1.65205228
    endloop
  endfacet
  facet normal 1 0 0
    outer loop
      vertex 0.0149999997 -2.34277534 2.38194799
      vertex 0.0149999997 -2.34618068 2.38175416
      vertex 0.0149999997 -2.30191207 1.65141547
    endloop
  endfacet
  facet normal 1 0 0
    outer loop
      vertex 0.0149999997 -2.34618068 2.38175416
      vertex 0.0149999997 -2.34958601 2.38156056
      vertex 0.0149999997 -2.30191207 1.65141547
    endloop
  endfacet
  facet normal 1 0 0
    outer loop
      vertex 0.0149999997 -2.34958601 1.63911331
      vertex 0.0149999997 -2.38023353 1.63413954
      vertex 0.0149999997 -2.37682819 1.63433921
    endloop
  endfacet
  facet normal 0.99999994 0 0
    outer loop
      vertex 0.0149999997 -2.33255959 2.38252902
      vertex 0.0149999997 -2.33596492 2.38233542
      vertex 0.0149999997 -2.29850674 1.65205228
    endloop
  endfacet
  facet normal 1 0 0
    outer loop
      vertex 0.0149999997 -2.33596492 2.38233542
      vertex 0.0149999997 -2.33937025 2.38214159
      vertex 0.0149999997 -2.29850674 1.65205228
    endloop
  endfacet
  facet normal 1 0 0
    outer loop
      vertex 0.0149999997 -2.32234383 2.38311005
      vertex 0.0149999997 -2.32574892 2.38291645
      vertex 0.0149999997 -2.2951014 1.65255225
    endloop
  endfacet
  facet normal 1 0 0
    outer loop
      vertex 0.0149999997 -2.32574892 2.38291645
      vertex 0.0149999997 -2.32915425 2.38272262
      vertex 0.0149999997 -2.29850674 1.65205228
    endloop
  endfacet
  facet normal 1 0 0
    outer loop
      vertex 0.0149999997 -2.32915425 2.38272262
      vertex 0.0149999997 -2.33255959 2.38252902
      vertex 0.0149999997 -2.29850674 1.65205228
    endloop
  endfacet
  facet normal 1 0 0
    outer loop
      vertex 0.0149999997 -2.34958601 1.63911331
      vertex 0.0149999997 -2.37682819 1.63433921
      vertex 0.0149999997 -2.35299134 1.63811553
    endloop
  endfacet
  facet normal 1 0 0
    outer loop
      vertex 0.0149999997 -2.35299134 1.63811553
      vertex 0.0149999997 -2.37682819 1.63433921
      vertex 0.0149999997 -2.37342286 1.63453889
    endloop
  endfacet
  facet normal 1 0 0
    outer loop
      vertex 0.0149999997 -2.37342286 1.63453889
      vertex 0.0149999997 -2.37001777 1.63473845
      vertex 0.0149999997 -2.35639668 1.63711762
    endloop
  endfacet
  facet normal 1 0 0
    outer loop
      vertex 0.0149999997 -2.37001777 1.63473845
      vertex 0.0149999997 -2.36661243 1.63493812
      vertex 0.0149999997 -2.35639668 1.63711762
    endloop
  endfacet
  facet normal 1 0 0
    outer loop
      vertex 0.0149999997 -2.37342286 1.63453889
      vertex 0.0149999997 -2.35639668 1.63711762
      vertex 0.0149999997 -2.35299134 1.63811553
    endloop
  endfacet
  facet normal 1 0 0
    outer loop
      vertex 0.0149999997 -2.36661243 1.63493812
      vertex 0.0149999997 -2.3632071 1.6351378
      vertex 0.0149999997 -2.35980177 1.63611984
    endloop
  endfacet
  facet normal 1 0 -0
    outer loop
      vertex 0.0149999997 -2.35980177 1.63611984
      vertex 0.0149999997 -2.35639668 1.63711762
      vertex 0.0149999997 -2.36661243 1.63493812
    endloop
  endfacet
  facet normal 1 0 0
    outer loop
      vertex 0.0149999997 -2.4210968 2.37176275
      vertex 0.0149999997 -2.30872273 1.65004611
      vertex 0.0149999997 -2.3053174 1.65073085
    endloop
  endfacet
  facet normal 1 -0 0
    outer loop
      vertex 0.0149999997 -2.31553316 2.38349748
      vertex 0.0149999997 -2.31893849 2.38330388
      vertex 0.0149999997 -2.28829098 2.38372517
    endloop
  endfacet
  facet normal 1 0 0
    outer loop
      vertex 0.0149999997 -2.31893849 2.38330388
      vertex 0.0149999997 -2.32234383 2.38311005
      vertex 0.0149999997 -2.29169631 1.65305221
    endloop
  endfacet
  facet normal 0.99999994 0 0
    outer loop
      vertex 0.0149999997 -2.34277534 2.38194799
      vertex 0.0149999997 -2.30191207 1.65141547
      vertex 0.0149999997 -2.29850674 1.65205228
    endloop
  endfacet
  facet normal 1 0 0
    outer loop
      vertex 0.0149999997 -2.30191207 1.65141547
      vertex 0.0149999997 -2.35299134 2.38136697
      vertex 0.0149999997 -2.3053174 1.65073085
    endloop
  endfacet
  facet normal 1 -0 0
    outer loop
      vertex 0.0149999997 -2.3053174 2.3840692
      vertex 0.0149999997 -2.30872273 2.38388491
      vertex 0.0149999997 -2.30191207 2.3840692
    endloop
  endfacet
  facet normal 1 -0 0
    outer loop
      vertex 0.0149999997 -2.30872273 2.38388491
      vertex 0.0149999997 -2.31212783 2.38369107
      vertex 0.0149999997 -2.2951014 2.38395452
    endloop
  endfacet
  facet normal 1 0 0
    outer loop
      vertex 0.0149999997 -2.30191207 2.3840692
      vertex 0.0149999997 -2.30872273 2.38388491
      vertex 0.0149999997 -2.2951014 2.38395452
    endloop
  endfacet
  facet normal 0.99999994 -0 0
    outer loop
      vertex 0.0149999997 -2.31212783 2.38369107
      vertex 0.0149999997 -2.31553316 2.38349748
      vertex 0.0149999997 -2.29169631 2.38383985
    endloop
  endfacet
  facet normal 1 0 0
    outer loop
      vertex 0.0149999997 -2.42450213 2.37095332
      vertex 0.0149999997 -2.31212783 1.64936149
      vertex 0.0149999997 -2.30872273 1.65004611
    endloop
  endfacet
  facet normal 1 0 0
    outer loop
      vertex 0.0149999997 -2.2951014 2.38395452
      vertex 0.0149999997 -2.29850674 2.3840692
      vertex 0.0149999997 -2.30191207 2.3840692
    endloop
  endfacet
  facet normal 1 0 0
    outer loop
      vertex 0.0149999997 -2.29169631 2.38383985
      vertex 0.0149999997 -2.2951014 2.38395452
      vertex 0.0149999997 -2.31212783 2.38369107
    endloop
  endfacet
  facet normal 1 0 0
    outer loop
      vertex 0.0149999997 -2.28829098 2.38372517
      vertex 0.0149999997 -2.29169631 2.38383985
      vertex 0.0149999997 -2.31553316 2.38349748
    endloop
  endfacet
  facet normal 1 0 0
    outer loop
      vertex 0.0149999997 -2.28488564 2.38361049
      vertex 0.0149999997 -2.28829098 2.38372517
      vertex 0.0149999997 -2.31893849 2.38330388
    endloop
  endfacet
  facet normal 1 0 0
    outer loop
      vertex 0.0149999997 -2.28488564 2.38361049
      vertex 0.0149999997 -2.31893849 2.38330388
      vertex 0.0149999997 -2.28829098 1.65355206
    endloop
  endfacet
  facet normal 1 0 0
    outer loop
      vertex 0.0149999997 -2.27807522 2.38338113
      vertex 0.0149999997 -2.28148031 2.38349581
      vertex 0.0149999997 -2.28488564 1.65405202
    endloop
  endfacet
  facet normal 1 0 0
    outer loop
      vertex 0.0149999997 -2.28148031 2.38349581
      vertex 0.0149999997 -2.28488564 2.38361049
      vertex 0.0149999997 -2.28829098 1.65355206
    endloop
  endfacet
  facet normal 1 0 0
    outer loop
      vertex 0.0149999997 -2.28829098 1.65355206
      vertex 0.0149999997 -2.31893849 2.38330388
      vertex 0.0149999997 -2.29169631 1.65305221
    endloop
  endfacet
  facet normal 1 0 0
    outer loop
      vertex 0.0149999997 -2.32574892 2.38291645
      vertex 0.0149999997 -2.29850674 1.65205228
      vertex 0.0149999997 -2.2951014 1.65255225
    endloop
  endfacet
  facet normal 1 0 0
    outer loop
      vertex 0.0149999997 -2.32234383 2.38311005
      vertex 0.0149999997 -2.2951014 1.65255225
      vertex 0.0149999997 -2.29169631 1.65305221
    endloop
  endfacet
  facet normal 1 0 0
    outer loop
      vertex 0.0149999997 -2.27466989 2.38326645
      vertex 0.0149999997 -2.27807522 2.38338113
      vertex 0.0149999997 -2.28148031 1.65455186
    endloop
  endfacet
  facet normal 1 0 0
    outer loop
      vertex 0.0149999997 -2.27126455 2.38315177
      vertex 0.0149999997 -2.27466989 2.38326645
      vertex 0.0149999997 -2.27807522 1.65505183
    endloop
  endfacet
  facet normal 1 0 0
    outer loop
      vertex 0.0149999997 -2.28148031 2.38349581
      vertex 0.0149999997 -2.28829098 1.65355206
      vertex 0.0149999997 -2.28488564 1.65405202
    endloop
  endfacet
  facet normal 1 0 0
    outer loop
      vertex 0.0149999997 -2.26785922 2.38303709
      vertex 0.0149999997 -2.27126455 2.38315177
      vertex 0.0149999997 -2.27466989 1.65555167
    endloop
  endfacet
  facet normal 0.99999994 0 0
    outer loop
      vertex 0.0149999997 -2.26104879 2.38280749
      vertex 0.0149999997 -2.26445389 2.38292241
      vertex 0.0149999997 -2.26785922 1.65655148
    endloop
  endfacet
  facet normal 1 0 0
    outer loop
      vertex 0.0149999997 -2.26445389 2.38292241
      vertex 0.0149999997 -2.26785922 2.38303709
      vertex 0.0149999997 -2.27126455 1.65605164
    endloop
  endfacet
  facet normal 1 0 0
    outer loop
      vertex 0.0149999997 -2.27466989 2.38326645
      vertex 0.0149999997 -2.28148031 1.65455186
      vertex 0.0149999997 -2.27807522 1.65505183
    endloop
  endfacet
  facet normal 1 0 0
    outer loop
      vertex 0.0149999997 -2.27807522 2.38338113
      vertex 0.0149999997 -2.28488564 1.65405202
      vertex 0.0149999997 -2.28148031 1.65455186
    endloop
  endfacet
  facet normal 1 0 0
    outer loop
      vertex 0.0149999997 -2.27807522 1.65505183
      vertex 0.0149999997 -2.27466989 1.65555167
      vertex 0.0149999997 -2.27126455 2.38315177
    endloop
  endfacet
  facet normal 0.99999994 0 0
    outer loop
      vertex 0.0149999997 -2.27466989 1.65555167
      vertex 0.0149999997 -2.27126455 1.65605164
      vertex 0.0149999997 -2.26785922 2.38303709
    endloop
  endfacet
  facet normal 1 0 0
    outer loop
      vertex 0.0149999997 -2.26104879 2.38280749
      vertex 0.0149999997 -2.26785922 1.65655148
      vertex 0.0149999997 -2.26445389 1.65705144
    endloop
  endfacet
  facet normal 1 0 0
    outer loop
      vertex 0.0149999997 -2.27126455 1.65605164
      vertex 0.0149999997 -2.26785922 1.65655148
      vertex 0.0149999997 -2.26445389 2.38292241
    endloop
  endfacet
  facet normal 1 0 0
    outer loop
      vertex 0.0149999997 -2.2508328 2.38246346
      vertex 0.0149999997 -2.26445389 1.65705144
      vertex 0.0149999997 -2.2474277 2.38234878
    endloop
  endfacet
  facet normal 1 0 0
    outer loop
      vertex 0.0149999997 -2.25764346 2.38269281
      vertex 0.0149999997 -2.26104879 2.38280749
      vertex 0.0149999997 -2.26445389 1.65705144
    endloop
  endfacet
  facet normal 1 0 0
    outer loop
      vertex 0.0149999997 -2.2508328 2.38246346
      vertex 0.0149999997 -2.25423813 2.38257813
      vertex 0.0149999997 -2.26445389 1.65705144
    endloop
  endfacet
  facet normal 1 0 0
    outer loop
      vertex 0.0149999997 -2.25423813 2.38257813
      vertex 0.0149999997 -2.25764346 2.38269281
      vertex 0.0149999997 -2.26445389 1.65705144
    endloop
  endfacet
  facet normal 1 0 0
    outer loop
      vertex 0.0149999997 -2.24402237 2.3822341
      vertex 0.0149999997 -2.2474277 2.38234878
      vertex 0.0149999997 -2.26104879 1.65708005
    endloop
  endfacet
  facet normal 0.99999994 0 0
    outer loop
      vertex 0.0149999997 -2.2474277 2.38234878
      vertex 0.0149999997 -2.26445389 1.65705144
      vertex 0.0149999997 -2.26104879 1.65708005
    endloop
  endfacet
  facet normal 1 0 0
    outer loop
      vertex 0.0149999997 -2.24061704 2.38211942
      vertex 0.0149999997 -2.24402237 2.3822341
      vertex 0.0149999997 -2.25764346 1.65708005
    endloop
  endfacet
  facet normal 0.99999994 0 0
    outer loop
      vertex 0.0149999997 -2.24402237 2.3822341
      vertex 0.0149999997 -2.26104879 1.65708005
      vertex 0.0149999997 -2.25764346 1.65708005
    endloop
  endfacet
  facet normal 1 0 0
    outer loop
      vertex 0.0149999997 -2.23040128 2.38177538
      vertex 0.0149999997 -2.23380637 2.38189006
      vertex 0.0149999997 -2.25423813 1.65708005
    endloop
  endfacet
  facet normal 1 0 0
    outer loop
      vertex 0.0149999997 -2.23380637 2.38189006
      vertex 0.0149999997 -2.2372117 2.38200474
      vertex 0.0149999997 -2.25423813 1.65708005
    endloop
  endfacet
  facet normal 1 0 0
    outer loop
      vertex 0.0149999997 -2.2372117 2.38200474
      vertex 0.0149999997 -2.24061704 2.38211942
      vertex 0.0149999997 -2.25423813 1.65708005
    endloop
  endfacet
  facet normal 1 0 0
    outer loop
      vertex 0.0149999997 -2.24061704 2.38211942
      vertex 0.0149999997 -2.25764346 1.65708005
      vertex 0.0149999997 -2.25423813 1.65708005
    endloop
  endfacet
  facet normal 1 -0 0
    outer loop
      vertex 0.0149999997 -2.2508328 1.65674639
      vertex 0.0149999997 -2.2474277 1.65641272
      vertex 0.0149999997 -2.1929431 2.3789103
    endloop
  endfacet
  facet normal 1 -0 0
    outer loop
      vertex 0.0149999997 -2.2474277 1.65641272
      vertex 0.0149999997 -2.24402237 1.65607917
      vertex 0.0149999997 -2.18953776 2.37827802
    endloop
  endfacet
  facet normal 1 0 -0
    outer loop
      vertex 0.0149999997 -2.2508328 1.65674639
      vertex 0.0149999997 -2.1929431 2.3789103
      vertex 0.0149999997 -2.25423813 1.65708005
    endloop
  endfacet
  facet normal 1 0 0
    outer loop
      vertex 0.0149999997 -2.23040128 2.38177538
      vertex 0.0149999997 -2.25423813 1.65708005
      vertex 0.0149999997 -2.22699594 2.3816607
    endloop
  endfacet
  facet normal 1 0 0
    outer loop
      vertex 0.0149999997 -2.22699594 2.3816607
      vertex 0.0149999997 -2.25423813 1.65708005
      vertex 0.0149999997 -2.1929431 2.3789103
    endloop
  endfacet
  facet normal 1 0 0
    outer loop
      vertex 0.0149999997 -2.1929431 2.3789103
      vertex 0.0149999997 -2.2474277 1.65641272
      vertex 0.0149999997 -2.18953776 2.37827802
    endloop
  endfacet
  facet normal 1 0 0
    outer loop
      vertex 0.0149999997 -2.21678019 2.38131642
      vertex 0.0149999997 -2.22018528 2.38143134
      vertex 0.0149999997 -2.1929431 2.3789103
    endloop
  endfacet
  facet normal 1 0 0
    outer loop
      vertex 0.0149999997 -2.22018528 2.38143134
      vertex 0.0149999997 -2.22359061 2.38154602
      vertex 0.0149999997 -2.1929431 2.3789103
    endloop
  endfacet
  facet normal 1 0 0
    outer loop
      vertex 0.0149999997 -2.22359061 2.38154602
      vertex 0.0149999997 -2.22699594 2.3816607
      vertex 0.0149999997 -2.1929431 2.3789103
    endloop
  endfacet
  facet normal 1 -0 0
    outer loop
      vertex 0.0149999997 -2.24402237 1.65607917
      vertex 0.0149999997 -2.24061704 1.65574551
      vertex 0.0149999997 -2.18613267 2.37764549
    endloop
  endfacet
  facet normal 1 0 0
    outer loop
      vertex 0.0149999997 -2.1929431 2.3789103
      vertex 0.0149999997 -2.21337485 2.38120174
      vertex 0.0149999997 -2.21678019 2.38131642
    endloop
  endfacet
  facet normal 1 0 0
    outer loop
      vertex 0.0149999997 -2.21337485 2.38120174
      vertex 0.0149999997 -2.1929431 2.3789103
      vertex 0.0149999997 -2.19634843 2.37954283
    endloop
  endfacet
  facet normal 0.99999994 -0 0
    outer loop
      vertex 0.0149999997 -2.24061704 1.65574551
      vertex 0.0149999997 -2.2372117 1.65541184
      vertex 0.0149999997 -2.18272734 2.37701297
    endloop
  endfacet
  facet normal 1 0 0
    outer loop
      vertex 0.0149999997 -2.21337485 2.38120174
      vertex 0.0149999997 -2.19634843 2.37954283
      vertex 0.0149999997 -2.20996952 2.38108706
    endloop
  endfacet
  facet normal 1 -0 0
    outer loop
      vertex 0.0149999997 -2.23380637 1.65507817
      vertex 0.0149999997 -2.23040128 1.65474451
      vertex 0.0149999997 -2.17591667 2.37574816
    endloop
  endfacet
  facet normal 1 -0 0
    outer loop
      vertex 0.0149999997 -2.23040128 1.65474451
      vertex 0.0149999997 -2.22699594 1.65441084
      vertex 0.0149999997 -2.17251134 2.37511563
    endloop
  endfacet
  facet normal 0.99999994 0 0
    outer loop
      vertex 0.0149999997 -2.18953776 2.37827802
      vertex 0.0149999997 -2.24402237 1.65607917
      vertex 0.0149999997 -2.18613267 2.37764549
    endloop
  endfacet
  facet normal 1 -0 0
    outer loop
      vertex 0.0149999997 -2.2372117 1.65541184
      vertex 0.0149999997 -2.23380637 1.65507817
      vertex 0.0149999997 -2.179322 2.37638044
    endloop
  endfacet
  facet normal 1 0 0
    outer loop
      vertex 0.0149999997 -2.20315886 2.38080764
      vertex 0.0149999997 -2.20656419 2.38097239
      vertex 0.0149999997 -2.19975376 2.38017535
    endloop
  endfacet
  facet normal 1 0 0
    outer loop
      vertex 0.0149999997 -2.20656419 2.38097239
      vertex 0.0149999997 -2.20996952 2.38108706
      vertex 0.0149999997 -2.19975376 2.38017535
    endloop
  endfacet
  facet normal 0.99999994 0 0
    outer loop
      vertex 0.0149999997 -2.20996952 2.38108706
      vertex 0.0149999997 -2.19634843 2.37954283
      vertex 0.0149999997 -2.19975376 2.38017535
    endloop
  endfacet
  facet normal 1 -0 0
    outer loop
      vertex 0.0149999997 -2.22699594 1.65441084
      vertex 0.0149999997 -2.22359061 1.65407717
      vertex 0.0149999997 -2.16910625 2.37448311
    endloop
  endfacet
  facet normal 0.99999994 -0 0
    outer loop
      vertex 0.0149999997 -2.22359061 1.65407717
      vertex 0.0149999997 -2.22018528 1.65374351
      vertex 0.0149999997 -2.16570091 2.37385058
    endloop
  endfacet
  facet normal 1 -0 0
    outer loop
      vertex 0.0149999997 -2.22018528 1.65374351
      vertex 0.0149999997 -2.21678019 1.65340996
      vertex 0.0149999997 -2.16229558 2.3732183
    endloop
  endfacet
  facet normal 0.99999994 0 0
    outer loop
      vertex 0.0149999997 -2.24061704 1.65574551
      vertex 0.0149999997 -2.18272734 2.37701297
      vertex 0.0149999997 -2.18613267 2.37764549
    endloop
  endfacet
  facet normal 1 0 0
    outer loop
      vertex 0.0149999997 -2.17251134 2.37511563
      vertex 0.0149999997 -2.22699594 1.65441084
      vertex 0.0149999997 -2.16910625 2.37448311
    endloop
  endfacet
  facet normal 0.99999994 0 0
    outer loop
      vertex 0.0149999997 -2.179322 2.37638044
      vertex 0.0149999997 -2.23380637 1.65507817
      vertex 0.0149999997 -2.17591667 2.37574816
    endloop
  endfacet
  facet normal 1 0 0
    outer loop
      vertex 0.0149999997 -2.18272734 2.37701297
      vertex 0.0149999997 -2.2372117 1.65541184
      vertex 0.0149999997 -2.179322 2.37638044
    endloop
  endfacet
  facet normal 1 -0 0
    outer loop
      vertex 0.0149999997 -2.21678019 1.65340996
      vertex 0.0149999997 -2.21337485 1.65307629
      vertex 0.0149999997 -2.15889025 2.37258577
    endloop
  endfacet
  facet normal 1 0 0
    outer loop
      vertex 0.0149999997 -2.17591667 2.37574816
      vertex 0.0149999997 -2.23040128 1.65474451
      vertex 0.0149999997 -2.17251134 2.37511563
    endloop
  endfacet
  facet normal 0.99999994 -0 0
    outer loop
      vertex 0.0149999997 -2.21337485 1.65307629
      vertex 0.0149999997 -2.20996952 1.65274262
      vertex 0.0149999997 -2.15548491 2.37195325
    endloop
  endfacet
  facet normal 1 0 0
    outer loop
      vertex 0.0149999997 -2.16570091 2.37385058
      vertex 0.0149999997 -2.22018528 1.65374351
      vertex 0.0149999997 -2.16229558 2.3732183
    endloop
  endfacet
  facet normal 0.99999994 0 0
    outer loop
      vertex 0.0149999997 -2.16229558 2.3732183
      vertex 0.0149999997 -2.21678019 1.65340996
      vertex 0.0149999997 -2.15889025 2.37258577
    endloop
  endfacet
  facet normal 1 0 0
    outer loop
      vertex 0.0149999997 -2.16910625 2.37448311
      vertex 0.0149999997 -2.22359061 1.65407717
      vertex 0.0149999997 -2.16570091 2.37385058
    endloop
  endfacet
  facet normal 1 -0 0
    outer loop
      vertex 0.0149999997 -2.20996952 1.65274262
      vertex 0.0149999997 -2.20656419 1.65127778
      vertex 0.0149999997 -1.87284684 2.22960472
    endloop
  endfacet
  facet normal 1 0 0
    outer loop
      vertex 0.0149999997 -2.21337485 1.65307629
      vertex 0.0149999997 -2.15548491 2.37195325
      vertex 0.0149999997 -2.15889025 2.37258577
    endloop
  endfacet
  facet normal 1 0 0
    outer loop
      vertex 0.0149999997 -2.15207982 2.37132072
      vertex 0.0149999997 -2.15548491 2.37195325
      vertex 0.0149999997 -2.20996952 1.65274262
    endloop
  endfacet
  facet normal 0.99999994 0 0
    outer loop
      vertex 0.0149999997 -2.15207982 2.37132072
      vertex 0.0149999997 -2.20996952 1.65274262
      vertex 0.0149999997 -2.14867449 2.37068844
    endloop
  endfacet
  facet normal 1 0 0
    outer loop
      vertex 0.0149999997 -2.14526916 2.37005591
      vertex 0.0149999997 -2.14867449 2.37068844
      vertex 0.0149999997 -2.20996952 1.65274262
    endloop
  endfacet
  facet normal 1 0 0
    outer loop
      vertex 0.0149999997 -2.14526916 2.37005591
      vertex 0.0149999997 -2.20996952 1.65274262
      vertex 0.0149999997 -2.14186382 2.36942339
    endloop
  endfacet
  facet normal 1 0 0
    outer loop
      vertex 0.0149999997 -2.1350534 2.36815858
      vertex 0.0149999997 -2.13845873 2.3687911
      vertex 0.0149999997 -2.0669477 2.34793591
    endloop
  endfacet
  facet normal 1 0 0
    outer loop
      vertex 0.0149999997 -2.13845873 2.3687911
      vertex 0.0149999997 -2.14186382 2.36942339
      vertex 0.0149999997 -2.20996952 1.65274262
    endloop
  endfacet
  facet normal 0.99999994 0 0
    outer loop
      vertex 0.0149999997 -2.0669477 2.34793591
      vertex 0.0149999997 -2.13845873 2.3687911
      vertex 0.0149999997 -2.20996952 1.65274262
    endloop
  endfacet
  facet normal 1 0 0
    outer loop
      vertex 0.0149999997 -2.20996952 1.65274262
      vertex 0.0149999997 -2.05673194 2.34388661
      vertex 0.0149999997 -2.06013727 2.3452363
    endloop
  endfacet
  facet normal 1 -0 0
    outer loop
      vertex 0.0149999997 -2.20315886 1.64958704
      vertex 0.0149999997 -2.19975376 1.64789629
      vertex 0.0149999997 -1.85241508 2.21163249
    endloop
  endfacet
  facet normal 0.99999994 -0 0
    outer loop
      vertex 0.0149999997 -2.19975376 1.64789629
      vertex 0.0149999997 -2.19634843 1.64620554
      vertex 0.0149999997 -1.85241508 2.21163249
    endloop
  endfacet
  facet normal 1 -0 0
    outer loop
      vertex 0.0149999997 -2.20656419 1.65127778
      vertex 0.0149999997 -2.20315886 1.64958704
      vertex 0.0149999997 -1.85582042 2.21462798
    endloop
  endfacet
  facet normal 1 -0 0
    outer loop
      vertex 0.0149999997 -2.19634843 1.64620554
      vertex 0.0149999997 -2.1929431 1.64451492
      vertex 0.0149999997 -1.84900987 2.208637
    endloop
  endfacet
  facet normal 1 0 0
    outer loop
      vertex 0.0149999997 -2.0669477 2.34793591
      vertex 0.0149999997 -2.20996952 1.65274262
      vertex 0.0149999997 -2.06354237 2.34658623
    endloop
  endfacet
  facet normal 1 -0 0
    outer loop
      vertex 0.0149999997 -2.18953776 1.64282417
      vertex 0.0149999997 -2.18613267 1.64113343
      vertex 0.0149999997 -1.80133593 2.16018057
    endloop
  endfacet
  facet normal 1 -0 0
    outer loop
      vertex 0.0149999997 -2.18613267 1.64113343
      vertex 0.0149999997 -2.18272734 1.63944268
      vertex 0.0149999997 -1.7979306 2.15604162
    endloop
  endfacet
  facet normal 1 0 0
    outer loop
      vertex 0.0149999997 -2.20996952 1.65274262
      vertex 0.0149999997 -2.03970551 2.33713746
      vertex 0.0149999997 -2.04311085 2.33848739
    endloop
  endfacet
  facet normal 1 0 0
    outer loop
      vertex 0.0149999997 -2.06354237 2.34658623
      vertex 0.0149999997 -2.20996952 1.65274262
      vertex 0.0149999997 -2.06013727 2.3452363
    endloop
  endfacet
  facet normal 1 0 0
    outer loop
      vertex 0.0149999997 -2.03970551 2.33713746
      vertex 0.0149999997 -2.20996952 1.65274262
      vertex 0.0149999997 -2.03630018 2.33578777
    endloop
  endfacet
  facet normal 1 -0 0
    outer loop
      vertex 0.0149999997 -2.18272734 1.63944268
      vertex 0.0149999997 -2.179322 1.63775206
      vertex 0.0149999997 -1.7979306 2.15604162
    endloop
  endfacet
  facet normal 1 0 0
    outer loop
      vertex 0.0149999997 -1.97159994 2.30173588
      vertex 0.0149999997 -2.20996952 1.65274262
      vertex 0.0149999997 -1.9681946 2.29955482
    endloop
  endfacet
  facet normal 0.99999994 -0 0
    outer loop
      vertex 0.0149999997 -2.1929431 1.64451492
      vertex 0.0149999997 -2.18953776 1.64282417
      vertex 0.0149999997 -1.84560454 2.20564175
    endloop
  endfacet
  facet normal 1 0 0
    outer loop
      vertex 0.0149999997 -2.13164806 2.36752605
      vertex 0.0149999997 -2.1350534 2.36815858
      vertex 0.0149999997 -2.07035303 2.34928584
    endloop
  endfacet
  facet normal 0.99999994 0 0
    outer loop
      vertex 0.0149999997 -2.05673194 2.34388661
      vertex 0.0149999997 -2.20996952 1.65274262
      vertex 0.0149999997 -2.05332661 2.34253669
    endloop
  endfacet
  facet normal 1 0 0
    outer loop
      vertex 0.0149999997 -2.05332661 2.34253669
      vertex 0.0149999997 -2.20996952 1.65274262
      vertex 0.0149999997 -2.04992127 2.341187
    endloop
  endfacet
  facet normal 1 0 0
    outer loop
      vertex 0.0149999997 -2.20996952 1.65274262
      vertex 0.0149999997 -1.97159994 2.30173588
      vertex 0.0149999997 -1.97500515 2.30391693
    endloop
  endfacet
  facet normal 1 0 0
    outer loop
      vertex 0.0149999997 -2.04651618 2.33983707
      vertex 0.0149999997 -2.20996952 1.65274262
      vertex 0.0149999997 -2.04311085 2.33848739
    endloop
  endfacet
  facet normal 1 0 0
    outer loop
      vertex 0.0149999997 -2.12824273 2.36689353
      vertex 0.0149999997 -2.13164806 2.36752605
      vertex 0.0149999997 -2.07375836 2.35063577
    endloop
  endfacet
  facet normal 1 0 0
    outer loop
      vertex 0.0149999997 -2.1350534 2.36815858
      vertex 0.0149999997 -2.0669477 2.34793591
      vertex 0.0149999997 -2.07035303 2.34928584
    endloop
  endfacet
  facet normal 1 0 0
    outer loop
      vertex 0.0149999997 -2.1214323 2.36562872
      vertex 0.0149999997 -2.1248374 2.36626124
      vertex 0.0149999997 -2.08056879 2.35333538
    endloop
  endfacet
  facet normal 1 0 0
    outer loop
      vertex 0.0149999997 -2.1248374 2.36626124
      vertex 0.0149999997 -2.12824273 2.36689353
      vertex 0.0149999997 -2.0771637 2.35198545
    endloop
  endfacet
  facet normal 1 0 0
    outer loop
      vertex 0.0149999997 -2.11802697 2.36499619
      vertex 0.0149999997 -2.1214323 2.36562872
      vertex 0.0149999997 -2.08737946 2.35603499
    endloop
  endfacet
  facet normal 1 0 0
    outer loop
      vertex 0.0149999997 -2.1248374 2.36626124
      vertex 0.0149999997 -2.0771637 2.35198545
      vertex 0.0149999997 -2.08056879 2.35333538
    endloop
  endfacet
  facet normal 1 0 0
    outer loop
      vertex 0.0149999997 -2.20996952 1.65274262
      vertex 0.0149999997 -2.04651618 2.33983707
      vertex 0.0149999997 -2.04992127 2.341187
    endloop
  endfacet
  facet normal 1 -0 0
    outer loop
      vertex 0.0149999997 -2.179322 1.63775206
      vertex 0.0149999997 -2.17591667 1.63606131
      vertex 0.0149999997 -1.79452538 2.15190244
    endloop
  endfacet
  facet normal 1 0 0
    outer loop
      vertex 0.0149999997 -2.11462164 2.36436367
      vertex 0.0149999997 -2.11802697 2.36499619
      vertex 0.0149999997 -2.09078479 2.35738468
    endloop
  endfacet
  facet normal 1 0 0
    outer loop
      vertex 0.0149999997 -2.10781121 2.36309886
      vertex 0.0149999997 -2.11121631 2.36373138
      vertex 0.0149999997 -2.09759521 2.3600843
    endloop
  endfacet
  facet normal 1 0 0
    outer loop
      vertex 0.0149999997 -2.11121631 2.36373138
      vertex 0.0149999997 -2.11462164 2.36436367
      vertex 0.0149999997 -2.09418988 2.35873461
    endloop
  endfacet
  facet normal 1 0 0
    outer loop
      vertex 0.0149999997 -2.09759521 2.3600843
      vertex 0.0149999997 -2.11121631 2.36373138
      vertex 0.0149999997 -2.09418988 2.35873461
    endloop
  endfacet
  facet normal 1 0 0
    outer loop
      vertex 0.0149999997 -2.10100055 2.36143422
      vertex 0.0149999997 -2.10440588 2.36246634
      vertex 0.0149999997 -2.10781121 2.36309886
    endloop
  endfacet
  facet normal 1 0 0
    outer loop
      vertex 0.0149999997 -2.09078479 2.35738468
      vertex 0.0149999997 -2.09418988 2.35873461
      vertex 0.0149999997 -2.11462164 2.36436367
    endloop
  endfacet
  facet normal 1 0 0
    outer loop
      vertex 0.0149999997 -2.09759521 2.3600843
      vertex 0.0149999997 -2.10100055 2.36143422
      vertex 0.0149999997 -2.10781121 2.36309886
    endloop
  endfacet
  facet normal 1 0 0
    outer loop
      vertex 0.0149999997 -2.1214323 2.36562872
      vertex 0.0149999997 -2.08056879 2.35333538
      vertex 0.0149999997 -2.08397412 2.35468507
    endloop
  endfacet
  facet normal 1 0 0
    outer loop
      vertex 0.0149999997 -1.9681946 2.29955482
      vertex 0.0149999997 -2.20996952 1.65274262
      vertex 0.0149999997 -1.96478939 2.29737377
    endloop
  endfacet
  facet normal 1 0 0
    outer loop
      vertex 0.0149999997 -2.08397412 2.35468507
      vertex 0.0149999997 -2.08737946 2.35603499
      vertex 0.0149999997 -2.1214323 2.36562872
    endloop
  endfacet
  facet normal 1 0 0
    outer loop
      vertex 0.0149999997 -2.08737946 2.35603499
      vertex 0.0149999997 -2.09078479 2.35738468
      vertex 0.0149999997 -2.11802697 2.36499619
    endloop
  endfacet
  facet normal 1 0 0
    outer loop
      vertex 0.0149999997 -2.13164806 2.36752605
      vertex 0.0149999997 -2.07035303 2.34928584
      vertex 0.0149999997 -2.07375836 2.35063577
    endloop
  endfacet
  facet normal 1 -0 0
    outer loop
      vertex 0.0149999997 -2.17591667 1.63606131
      vertex 0.0149999997 -2.17251134 1.63437057
      vertex 0.0149999997 -1.79112005 2.14776349
    endloop
  endfacet
  facet normal 1 0 0
    outer loop
      vertex 0.0149999997 -1.96138406 2.29519272
      vertex 0.0149999997 -2.20996952 1.65274262
      vertex 0.0149999997 -1.95797884 2.29301167
    endloop
  endfacet
  facet normal 1 0 0
    outer loop
      vertex 0.0149999997 -2.20996952 1.65274262
      vertex 0.0149999997 -1.96138406 2.29519272
      vertex 0.0149999997 -1.96478939 2.29737377
    endloop
  endfacet
  facet normal 1 -0 0
    outer loop
      vertex 0.0149999997 -2.17251134 1.63437057
      vertex 0.0149999997 -2.16910625 1.63262904
      vertex 0.0149999997 -1.78771484 2.14362431
    endloop
  endfacet
  facet normal 1 0 0
    outer loop
      vertex 0.0149999997 -2.07375836 2.35063577
      vertex 0.0149999997 -2.0771637 2.35198545
      vertex 0.0149999997 -2.12824273 2.36689353
    endloop
  endfacet
  facet normal 1 0 0
    outer loop
      vertex 0.0149999997 -1.95797884 2.29301167
      vertex 0.0149999997 -2.20996952 1.65274262
      vertex 0.0149999997 -1.95457351 2.29083061
    endloop
  endfacet
  facet normal 1 -0 0
    outer loop
      vertex 0.0149999997 -2.16910625 1.63262904
      vertex 0.0149999997 -2.16570091 1.62950432
      vertex 0.0149999997 -1.76728308 2.11878991
    endloop
  endfacet
  facet normal 1 0 0
    outer loop
      vertex 0.0149999997 -1.94435763 2.28428745
      vertex 0.0149999997 -2.20996952 1.65274262
      vertex 0.0149999997 -1.94095242 2.2821064
    endloop
  endfacet
  facet normal 0.99999994 0 0
    outer loop
      vertex 0.0149999997 -2.20996952 1.65274262
      vertex 0.0149999997 -1.94435763 2.28428745
      vertex 0.0149999997 -1.94776297 2.28646851
    endloop
  endfacet
  facet normal 1 -0 0
    outer loop
      vertex 0.0149999997 -2.16570091 1.62950432
      vertex 0.0149999997 -2.16229558 1.62637961
      vertex 0.0149999997 -1.76728308 2.11878991
    endloop
  endfacet
  facet normal 1 0 0
    outer loop
      vertex 0.0149999997 -2.20996952 1.65274262
      vertex 0.0149999997 -1.93754709 2.27992535
      vertex 0.0149999997 -1.94095242 2.2821064
    endloop
  endfacet
  facet normal 1 0 0
    outer loop
      vertex 0.0149999997 -1.93754709 2.27992535
      vertex 0.0149999997 -2.20996952 1.65274262
      vertex 0.0149999997 -1.93414187 2.27774429
    endloop
  endfacet
  facet normal 1 -0 0
    outer loop
      vertex 0.0149999997 -2.16229558 1.62637961
      vertex 0.0149999997 -2.15889025 1.6232549
      vertex 0.0149999997 -1.76728308 2.11878991
    endloop
  endfacet
  facet normal 1 0 0
    outer loop
      vertex 0.0149999997 -1.93414187 2.27774429
      vertex 0.0149999997 -2.20996952 1.65274262
      vertex 0.0149999997 -1.93073654 2.27556324
    endloop
  endfacet
  facet normal 1 -0 0
    outer loop
      vertex 0.0149999997 -2.15548491 1.62013018
      vertex 0.0149999997 -2.15207982 1.61700547
      vertex 0.0149999997 -1.76728308 2.11878991
    endloop
  endfacet
  facet normal 1 -0 0
    outer loop
      vertex 0.0149999997 -2.15207982 1.61700547
      vertex 0.0149999997 -2.14867449 1.61388075
      vertex 0.0149999997 -1.76728308 2.11878991
    endloop
  endfacet
  facet normal 1 0 0
    outer loop
      vertex 0.0149999997 -1.86263096 2.22061872
      vertex 0.0149999997 -2.20656419 1.65127778
      vertex 0.0149999997 -1.85922563 2.21762323
    endloop
  endfacet
  facet normal 1 -0 0
    outer loop
      vertex 0.0149999997 -2.15889025 1.6232549
      vertex 0.0149999997 -2.15548491 1.62013018
      vertex 0.0149999997 -1.76728308 2.11878991
    endloop
  endfacet
  facet normal 1 0 0
    outer loop
      vertex 0.0149999997 -1.95457351 2.29083061
      vertex 0.0149999997 -2.20996952 1.65274262
      vertex 0.0149999997 -1.95116818 2.28864956
    endloop
  endfacet
  facet normal 1 0 0
    outer loop
      vertex 0.0149999997 -2.20996952 1.65274262
      vertex 0.0149999997 -1.94776297 2.28646851
      vertex 0.0149999997 -1.95116818 2.28864956
    endloop
  endfacet
  facet normal 1 0 0
    outer loop
      vertex 0.0149999997 -2.03289485 2.33443785
      vertex 0.0149999997 -2.03630018 2.33578777
      vertex 0.0149999997 -1.97841048 2.30609798
    endloop
  endfacet
  facet normal 1 0 0
    outer loop
      vertex 0.0149999997 -2.02608442 2.33173823
      vertex 0.0149999997 -2.02948976 2.33308816
      vertex 0.0149999997 -1.98522103 2.31046009
    endloop
  endfacet
  facet normal 1 0 0
    outer loop
      vertex 0.0149999997 -2.02948976 2.33308816
      vertex 0.0149999997 -2.03289485 2.33443785
      vertex 0.0149999997 -1.9818157 2.30827904
    endloop
  endfacet
  facet normal 1 0 0
    outer loop
      vertex 0.0149999997 -1.9818157 2.30827904
      vertex 0.0149999997 -2.03289485 2.33443785
      vertex 0.0149999997 -1.97841048 2.30609798
    endloop
  endfacet
  facet normal 1 0 0
    outer loop
      vertex 0.0149999997 -2.01927376 2.32903862
      vertex 0.0149999997 -2.02267909 2.33038855
      vertex 0.0149999997 -1.99203157 2.3148222
    endloop
  endfacet
  facet normal 1 0 0
    outer loop
      vertex 0.0149999997 -2.02267909 2.33038855
      vertex 0.0149999997 -2.02608442 2.33173823
      vertex 0.0149999997 -1.99203157 2.3148222
    endloop
  endfacet
  facet normal 1 0 0
    outer loop
      vertex 0.0149999997 -2.01927376 2.32903862
      vertex 0.0149999997 -1.99203157 2.3148222
      vertex 0.0149999997 -1.99543691 2.31700325
    endloop
  endfacet
  facet normal 1 0 0
    outer loop
      vertex 0.0149999997 -2.01246333 2.32633901
      vertex 0.0149999997 -2.01586866 2.32768893
      vertex 0.0149999997 -1.99884212 2.3191843
    endloop
  endfacet
  facet normal 1 0 0
    outer loop
      vertex 0.0149999997 -2.01586866 2.32768893
      vertex 0.0149999997 -2.01927376 2.32903862
      vertex 0.0149999997 -1.99543691 2.31700325
    endloop
  endfacet
  facet normal 1 0 0
    outer loop
      vertex 0.0149999997 -2.00565267 2.32354641
      vertex 0.0149999997 -2.009058 2.32498932
      vertex 0.0149999997 -2.00224733 2.32136536
    endloop
  endfacet
  facet normal 1 0 0
    outer loop
      vertex 0.0149999997 -2.009058 2.32498932
      vertex 0.0149999997 -2.01246333 2.32633901
      vertex 0.0149999997 -2.00224733 2.32136536
    endloop
  endfacet
  facet normal 0.99999994 0 0
    outer loop
      vertex 0.0149999997 -1.99884212 2.3191843
      vertex 0.0149999997 -2.00224733 2.32136536
      vertex 0.0149999997 -2.01246333 2.32633901
    endloop
  endfacet
  facet normal 1 0 0
    outer loop
      vertex 0.0149999997 -1.98862636 2.31264114
      vertex 0.0149999997 -1.99203157 2.3148222
      vertex 0.0149999997 -2.02608442 2.33173823
    endloop
  endfacet
  facet normal 1 0 0
    outer loop
      vertex 0.0149999997 -1.99543691 2.31700325
      vertex 0.0149999997 -1.99884212 2.3191843
      vertex 0.0149999997 -2.01586866 2.32768893
    endloop
  endfacet
  facet normal 0.99999994 0 0
    outer loop
      vertex 0.0149999997 -2.20996952 1.65274262
      vertex 0.0149999997 -1.97500515 2.30391693
      vertex 0.0149999997 -1.97841048 2.30609798
    endloop
  endfacet
  facet normal 1 0 0
    outer loop
      vertex 0.0149999997 -2.20996952 1.65274262
      vertex 0.0149999997 -1.97841048 2.30609798
      vertex 0.0149999997 -2.03630018 2.33578777
    endloop
  endfacet
  facet normal 1 0 0
    outer loop
      vertex 0.0149999997 -2.20996952 1.65274262
      vertex 0.0149999997 -1.87625206 2.23260021
      vertex 0.0149999997 -1.87965739 2.23559546
    endloop
  endfacet
  facet normal 1 0 0
    outer loop
      vertex 0.0149999997 -1.93073654 2.27556324
      vertex 0.0149999997 -2.20996952 1.65274262
      vertex 0.0149999997 -1.88987315 2.2445817
    endloop
  endfacet
  facet normal 0.99999994 0 0
    outer loop
      vertex 0.0149999997 -2.20656419 1.65127778
      vertex 0.0149999997 -1.86263096 2.22061872
      vertex 0.0149999997 -1.86603618 2.22361398
    endloop
  endfacet
  facet normal 1 0 0
    outer loop
      vertex 0.0149999997 -1.88646793 2.24158621
      vertex 0.0149999997 -2.20996952 1.65274262
      vertex 0.0149999997 -1.8830626 2.23859096
    endloop
  endfacet
  facet normal 1 0 0
    outer loop
      vertex 0.0149999997 -2.20996952 1.65274262
      vertex 0.0149999997 -1.88646793 2.24158621
      vertex 0.0149999997 -1.88987315 2.2445817
    endloop
  endfacet
  facet normal 1 -0 0
    outer loop
      vertex 0.0149999997 -2.14867449 1.61388075
      vertex 0.0149999997 -2.14526916 1.61075604
      vertex 0.0149999997 -1.76728308 2.11878991
    endloop
  endfacet
  facet normal 1 0 0
    outer loop
      vertex 0.0149999997 -2.20996952 1.65274262
      vertex 0.0149999997 -1.87965739 2.23559546
      vertex 0.0149999997 -1.8830626 2.23859096
    endloop
  endfacet
  facet normal 1 0 0
    outer loop
      vertex 0.0149999997 -1.87625206 2.23260021
      vertex 0.0149999997 -2.20996952 1.65274262
      vertex 0.0149999997 -1.87284684 2.22960472
    endloop
  endfacet
  facet normal 1 0 0
    outer loop
      vertex 0.0149999997 -1.9818157 2.30827904
      vertex 0.0149999997 -1.98522103 2.31046009
      vertex 0.0149999997 -2.02948976 2.33308816
    endloop
  endfacet
  facet normal 1 0 0
    outer loop
      vertex 0.0149999997 -1.98522103 2.31046009
      vertex 0.0149999997 -1.98862636 2.31264114
      vertex 0.0149999997 -2.02608442 2.33173823
    endloop
  endfacet
  facet normal 1 -0 0
    outer loop
      vertex 0.0149999997 -2.14186382 1.60763133
      vertex 0.0149999997 -2.13845873 1.60450661
      vertex 0.0149999997 -1.76728308 2.11878991
    endloop
  endfacet
  facet normal 1 -0 0
    outer loop
      vertex 0.0149999997 -2.13845873 1.60450661
      vertex 0.0149999997 -2.1350534 1.6013819
      vertex 0.0149999997 -1.76728308 2.11878991
    endloop
  endfacet
  facet normal 1 0 0
    outer loop
      vertex 0.0149999997 -2.16910625 1.63262904
      vertex 0.0149999997 -1.78430951 2.13948536
      vertex 0.0149999997 -1.78771484 2.14362431
    endloop
  endfacet
  facet normal 0.99999994 0 0
    outer loop
      vertex 0.0149999997 -1.87284684 2.22960472
      vertex 0.0149999997 -2.20656419 1.65127778
      vertex 0.0149999997 -1.86944151 2.22660947
    endloop
  endfacet
  facet normal 1 -0 0
    outer loop
      vertex 0.0149999997 -2.14526916 1.61075604
      vertex 0.0149999997 -2.14186382 1.60763133
      vertex 0.0149999997 -1.76728308 2.11878991
    endloop
  endfacet
  facet normal 1 0 0
    outer loop
      vertex 0.0149999997 -2.20315886 1.64958704
      vertex 0.0149999997 -1.85241508 2.21163249
      vertex 0.0149999997 -1.85582042 2.21462798
    endloop
  endfacet
  facet normal 0.99999994 0 0
    outer loop
      vertex 0.0149999997 -1.85241508 2.21163249
      vertex 0.0149999997 -2.19634843 1.64620554
      vertex 0.0149999997 -1.84900987 2.208637
    endloop
  endfacet
  facet normal 1 0 0
    outer loop
      vertex 0.0149999997 -1.84900987 2.208637
      vertex 0.0149999997 -2.1929431 1.64451492
      vertex 0.0149999997 -1.84560454 2.20564175
    endloop
  endfacet
  facet normal 1 0 0
    outer loop
      vertex 0.0149999997 -2.20656419 1.65127778
      vertex 0.0149999997 -1.86603618 2.22361398
      vertex 0.0149999997 -1.86944151 2.22660947
    endloop
  endfacet
  facet normal 1 0 0
    outer loop
      vertex 0.0149999997 -1.78430951 2.13948536
      vertex 0.0149999997 -2.16910625 1.63262904
      vertex 0.0149999997 -1.78090417 2.13534617
    endloop
  endfacet
  facet normal 1 0 0
    outer loop
      vertex 0.0149999997 -1.93073654 2.27556324
      vertex 0.0149999997 -1.88987315 2.2445817
      vertex 0.0149999997 -1.89327848 2.24757719
    endloop
  endfacet
  facet normal 1 -0 0
    outer loop
      vertex 0.0149999997 -2.1350534 1.6013819
      vertex 0.0149999997 -2.13164806 1.59825718
      vertex 0.0149999997 -1.76728308 2.11878991
    endloop
  endfacet
  facet normal 1 0 0
    outer loop
      vertex 0.0149999997 -2.18953776 1.64282417
      vertex 0.0149999997 -1.84219921 2.20264626
      vertex 0.0149999997 -1.84560454 2.20564175
    endloop
  endfacet
  facet normal 1 0 0
    outer loop
      vertex 0.0149999997 -1.84219921 2.20264626
      vertex 0.0149999997 -2.18953776 1.64282417
      vertex 0.0149999997 -1.80474114 2.16431975
    endloop
  endfacet
  facet normal 1 -0 0
    outer loop
      vertex 0.0149999997 -2.13164806 1.59825718
      vertex 0.0149999997 -2.12824273 1.59513247
      vertex 0.0149999997 -1.76728308 2.11878991
    endloop
  endfacet
  facet normal 0.99999994 -0 0
    outer loop
      vertex 0.0149999997 -2.1248374 1.59200764
      vertex 0.0149999997 -2.1214323 1.58888292
      vertex 0.0149999997 -1.76047254 2.11465073
    endloop
  endfacet
  facet normal 1 -0 0
    outer loop
      vertex 0.0149999997 -2.1214323 1.58888292
      vertex 0.0149999997 -2.11802697 1.58575821
      vertex 0.0149999997 -1.76047254 2.11465073
    endloop
  endfacet
  facet normal 1 0 0
    outer loop
      vertex 0.0149999997 -2.18953776 1.64282417
      vertex 0.0149999997 -1.80133593 2.16018057
      vertex 0.0149999997 -1.80474114 2.16431975
    endloop
  endfacet
  facet normal 1 -0 0
    outer loop
      vertex 0.0149999997 -2.12824273 1.59513247
      vertex 0.0149999997 -2.1248374 1.59200764
      vertex 0.0149999997 -1.76047254 2.11465073
    endloop
  endfacet
  facet normal 1 0 0
    outer loop
      vertex 0.0149999997 -1.85922563 2.21762323
      vertex 0.0149999997 -2.20656419 1.65127778
      vertex 0.0149999997 -1.85582042 2.21462798
    endloop
  endfacet
  facet normal 1 0 0
    outer loop
      vertex 0.0149999997 -2.18613267 1.64113343
      vertex 0.0149999997 -1.7979306 2.15604162
      vertex 0.0149999997 -1.80133593 2.16018057
    endloop
  endfacet
  facet normal 1 0 0
    outer loop
      vertex 0.0149999997 -2.16910625 1.63262904
      vertex 0.0149999997 -1.76728308 2.11878991
      vertex 0.0149999997 -1.77068841 2.1229291
    endloop
  endfacet
  facet normal 1 0 0
    outer loop
      vertex 0.0149999997 -1.7979306 2.15604162
      vertex 0.0149999997 -2.179322 1.63775206
      vertex 0.0149999997 -1.79452538 2.15190244
    endloop
  endfacet
  facet normal 1 -0 0
    outer loop
      vertex 0.0149999997 -2.11802697 1.58575821
      vertex 0.0149999997 -2.11462164 1.5826335
      vertex 0.0149999997 -1.76047254 2.11465073
    endloop
  endfacet
  facet normal 1 0 0
    outer loop
      vertex 0.0149999997 -2.17591667 1.63606131
      vertex 0.0149999997 -1.79112005 2.14776349
      vertex 0.0149999997 -1.79452538 2.15190244
    endloop
  endfacet
  facet normal 1 0 0
    outer loop
      vertex 0.0149999997 -1.92733121 2.27338219
      vertex 0.0149999997 -1.93073654 2.27556324
      vertex 0.0149999997 -1.89327848 2.24757719
    endloop
  endfacet
  facet normal 1 0 0
    outer loop
      vertex 0.0149999997 -1.92052066 2.26902032
      vertex 0.0149999997 -1.923926 2.27120137
      vertex 0.0149999997 -1.90008903 2.25356793
    endloop
  endfacet
  facet normal 1 0 0
    outer loop
      vertex 0.0149999997 -1.923926 2.27120137
      vertex 0.0149999997 -1.92733121 2.27338219
      vertex 0.0149999997 -1.89668369 2.25057244
    endloop
  endfacet
  facet normal 1 0 0
    outer loop
      vertex 0.0149999997 -1.9103049 2.26247716
      vertex 0.0149999997 -1.91371012 2.26465821
      vertex 0.0149999997 -1.90689957 2.25955868
    endloop
  endfacet
  facet normal 0.99999994 0 0
    outer loop
      vertex 0.0149999997 -1.91371012 2.26465821
      vertex 0.0149999997 -1.91711545 2.26683927
      vertex 0.0149999997 -1.90349436 2.25656319
    endloop
  endfacet
  facet normal 1 0 0
    outer loop
      vertex 0.0149999997 -1.91711545 2.26683927
      vertex 0.0149999997 -1.92052066 2.26902032
      vertex 0.0149999997 -1.90008903 2.25356793
    endloop
  endfacet
  facet normal 1 0 0
    outer loop
      vertex 0.0149999997 -1.923926 2.27120137
      vertex 0.0149999997 -1.89668369 2.25057244
      vertex 0.0149999997 -1.90008903 2.25356793
    endloop
  endfacet
  facet normal 0.99999994 -0 0
    outer loop
      vertex 0.0149999997 -2.11121631 1.57926273
      vertex 0.0149999997 -2.10781121 1.57587862
      vertex 0.0149999997 -1.76047254 2.11465073
    endloop
  endfacet
  facet normal 1 -0 0
    outer loop
      vertex 0.0149999997 -2.10781121 1.57587862
      vertex 0.0149999997 -2.10440588 1.57249439
      vertex 0.0149999997 -1.76047254 2.11465073
    endloop
  endfacet
  facet normal 1 0 0
    outer loop
      vertex 0.0149999997 -2.17251134 1.63437057
      vertex 0.0149999997 -1.78771484 2.14362431
      vertex 0.0149999997 -1.79112005 2.14776349
    endloop
  endfacet
  facet normal 1 -0 0
    outer loop
      vertex 0.0149999997 -2.11462164 1.5826335
      vertex 0.0149999997 -2.11121631 1.57926273
      vertex 0.0149999997 -1.76047254 2.11465073
    endloop
  endfacet
  facet normal 1 0 0
    outer loop
      vertex 0.0149999997 -1.91371012 2.26465821
      vertex 0.0149999997 -1.90349436 2.25656319
      vertex 0.0149999997 -1.90689957 2.25955868
    endloop
  endfacet
  facet normal 1 0 0
    outer loop
      vertex 0.0149999997 -1.90008903 2.25356793
      vertex 0.0149999997 -1.90349436 2.25656319
      vertex 0.0149999997 -1.91711545 2.26683927
    endloop
  endfacet
  facet normal 1 0 0
    outer loop
      vertex 0.0149999997 -1.89327848 2.24757719
      vertex 0.0149999997 -1.89668369 2.25057244
      vertex 0.0149999997 -1.92733121 2.27338219
    endloop
  endfacet
  facet normal 1 -0 0
    outer loop
      vertex 0.0149999997 -2.10440588 1.57249439
      vertex 0.0149999997 -2.10100055 1.56911027
      vertex 0.0149999997 -1.76047254 2.11465073
    endloop
  endfacet
  facet normal 0.99999994 -0 0
    outer loop
      vertex 0.0149999997 -2.10100055 1.56911027
      vertex 0.0149999997 -2.09759521 1.56572604
      vertex 0.0149999997 -1.76047254 2.11465073
    endloop
  endfacet
  facet normal 1 -0 0
    outer loop
      vertex 0.0149999997 -2.09759521 1.56572604
      vertex 0.0149999997 -2.09418988 1.56234193
      vertex 0.0149999997 -1.76047254 2.11465073
    endloop
  endfacet
  facet normal 1 -0 0
    outer loop
      vertex 0.0149999997 -2.09418988 1.56234193
      vertex 0.0149999997 -2.09078479 1.55895782
      vertex 0.0149999997 -1.76047254 2.11465073
    endloop
  endfacet
  facet normal 0.99999994 -0 0
    outer loop
      vertex 0.0149999997 -2.09078479 1.55895782
      vertex 0.0149999997 -2.08737946 1.55557358
      vertex 0.0149999997 -1.76047254 2.11465073
    endloop
  endfacet
  facet normal 1 -0 0
    outer loop
      vertex 0.0149999997 -2.08737946 1.55557358
      vertex 0.0149999997 -2.08397412 1.55218947
      vertex 0.0149999997 -1.76047254 2.11465073
    endloop
  endfacet
  facet normal 1 0 0
    outer loop
      vertex 0.0149999997 -2.16910625 1.63262904
      vertex 0.0149999997 -1.77068841 2.1229291
      vertex 0.0149999997 -1.77409363 2.12706804
    endloop
  endfacet
  facet normal 1 0 0
    outer loop
      vertex 0.0149999997 -1.78090417 2.13534617
      vertex 0.0149999997 -2.16910625 1.63262904
      vertex 0.0149999997 -1.77749896 2.13120723
    endloop
  endfacet
  facet normal 0.99999994 0 0
    outer loop
      vertex 0.0149999997 -1.77749896 2.13120723
      vertex 0.0149999997 -2.16910625 1.63262904
      vertex 0.0149999997 -1.77409363 2.12706804
    endloop
  endfacet
  facet normal 1 -0 0
    outer loop
      vertex 0.0149999997 -2.08056879 1.54880524
      vertex 0.0149999997 -2.0771637 1.54542112
      vertex 0.0149999997 -1.76047254 2.11465073
    endloop
  endfacet
  facet normal 1 -0 0
    outer loop
      vertex 0.0149999997 -2.0771637 1.54542112
      vertex 0.0149999997 -2.07375836 1.54203701
      vertex 0.0149999997 -1.76047254 2.11465073
    endloop
  endfacet
  facet normal 1 0 0
    outer loop
      vertex 0.0149999997 -1.76047254 2.11465073
      vertex 0.0149999997 -2.08397412 1.55218947
      vertex 0.0149999997 -2.08056879 1.54880524
    endloop
  endfacet
  facet normal 1 -0 0
    outer loop
      vertex 0.0149999997 -2.07375836 1.54203701
      vertex 0.0149999997 -2.07035303 1.53865278
      vertex 0.0149999997 -1.76047254 2.11465073
    endloop
  endfacet
  facet normal 1 -0 0
    outer loop
      vertex 0.0149999997 -2.07035303 1.53865278
      vertex 0.0149999997 -2.0669477 1.53526866
      vertex 0.0149999997 -1.76047254 2.11465073
    endloop
  endfacet
  facet normal 1 0 0
    outer loop
      vertex 0.0149999997 -1.76387787 2.11672044
      vertex 0.0149999997 -2.12824273 1.59513247
      vertex 0.0149999997 -1.76047254 2.11465073
    endloop
  endfacet
  facet normal 1 0 0
    outer loop
      vertex 0.0149999997 -2.12824273 1.59513247
      vertex 0.0149999997 -1.76387787 2.11672044
      vertex 0.0149999997 -1.76728308 2.11878991
    endloop
  endfacet
  facet normal 1 0 0
    outer loop
      vertex 0.0149999997 -1.83538866 2.19665551
      vertex 0.0149999997 -1.83879399 2.199651
      vertex 0.0149999997 -1.80814648 2.1684587
    endloop
  endfacet
  facet normal 1 0 0
    outer loop
      vertex 0.0149999997 -1.83879399 2.199651
      vertex 0.0149999997 -1.84219921 2.20264626
      vertex 0.0149999997 -1.80474114 2.16431975
    endloop
  endfacet
  facet normal 1 0 0
    outer loop
      vertex 0.0149999997 -1.80814648 2.1684587
      vertex 0.0149999997 -1.83879399 2.199651
      vertex 0.0149999997 -1.80474114 2.16431975
    endloop
  endfacet
  facet normal 1 0 0
    outer loop
      vertex 0.0149999997 -1.82857811 2.19066477
      vertex 0.0149999997 -1.83198345 2.19366026
      vertex 0.0149999997 -1.81155169 2.17259789
    endloop
  endfacet
  facet normal 0.99999994 0 0
    outer loop
      vertex 0.0149999997 -1.83198345 2.19366026
      vertex 0.0149999997 -1.83538866 2.19665551
      vertex 0.0149999997 -1.80814648 2.1684587
    endloop
  endfacet
  facet normal 1 0 0
    outer loop
      vertex 0.0149999997 -1.82176757 2.18467402
      vertex 0.0149999997 -1.8251729 2.18766952
      vertex 0.0149999997 -1.81836236 2.18087602
    endloop
  endfacet
  facet normal 1 0 0
    outer loop
      vertex 0.0149999997 -1.8251729 2.18766952
      vertex 0.0149999997 -1.82857811 2.19066477
      vertex 0.0149999997 -1.81495702 2.17673707
    endloop
  endfacet
  facet normal 1 0 0
    outer loop
      vertex 0.0149999997 -1.81495702 2.17673707
      vertex 0.0149999997 -1.81836236 2.18087602
      vertex 0.0149999997 -1.8251729 2.18766952
    endloop
  endfacet
  facet normal 1 0 0
    outer loop
      vertex 0.0149999997 -1.80814648 2.1684587
      vertex 0.0149999997 -1.81155169 2.17259789
      vertex 0.0149999997 -1.83198345 2.19366026
    endloop
  endfacet
  facet normal 1 0 0
    outer loop
      vertex 0.0149999997 -1.81155169 2.17259789
      vertex 0.0149999997 -1.81495702 2.17673707
      vertex 0.0149999997 -1.82857811 2.19066477
    endloop
  endfacet
  facet normal 1 0 0
    outer loop
      vertex 0.0149999997 -1.76047254 2.11465073
      vertex 0.0149999997 -2.02267909 1.49761164
      vertex 0.0149999997 -2.01927376 1.49508381
    endloop
  endfacet
  facet normal 1 -0 -0
    outer loop
      vertex 0.0149999997 -1.76387787 1.35472119
      vertex 0.0149999997 -1.76047254 1.3538574
      vertex 0.0149999997 -1.77068841 1.35731232
    endloop
  endfacet
  facet normal 1 0 -0
    outer loop
      vertex 0.0149999997 -1.76047254 1.3538574
      vertex 0.0149999997 -1.76047254 2.11465073
      vertex 0.0149999997 -1.78430951 1.36398089
    endloop
  endfacet
  facet normal 1 0 0
    outer loop
      vertex 0.0149999997 -1.77068841 1.35731232
      vertex 0.0149999997 -1.76728308 1.35558486
      vertex 0.0149999997 -1.76387787 1.35472119
    endloop
  endfacet
  facet normal 1 0 0
    outer loop
      vertex 0.0149999997 -1.77409363 1.3590399
      vertex 0.0149999997 -1.77068841 1.35731232
      vertex 0.0149999997 -1.76047254 1.3538574
    endloop
  endfacet
  facet normal 1 0 0
    outer loop
      vertex 0.0149999997 -1.76047254 1.3538574
      vertex 0.0149999997 -1.78430951 1.36398089
      vertex 0.0149999997 -1.78090417 1.36238801
    endloop
  endfacet
  facet normal 1 0 -0
    outer loop
      vertex 0.0149999997 -2.02267909 1.49761164
      vertex 0.0149999997 -1.76047254 2.11465073
      vertex 0.0149999997 -2.02608442 1.50013947
    endloop
  endfacet
  facet normal 1 0 -0
    outer loop
      vertex 0.0149999997 -1.78430951 1.36398089
      vertex 0.0149999997 -1.76047254 2.11465073
      vertex 0.0149999997 -1.78771484 1.36557364
    endloop
  endfacet
  facet normal 1 0 0
    outer loop
      vertex 0.0149999997 -1.76047254 2.11465073
      vertex 0.0149999997 -1.83538866 1.38787317
      vertex 0.0149999997 -1.83198345 1.3862803
    endloop
  endfacet
  facet normal 0.99999994 0 0
    outer loop
      vertex 0.0149999997 -1.76047254 2.11465073
      vertex 0.0149999997 -1.79112005 1.36716652
      vertex 0.0149999997 -1.78771484 1.36557364
    endloop
  endfacet
  facet normal 1 0 0
    outer loop
      vertex 0.0149999997 -1.77749896 1.36076736
      vertex 0.0149999997 -1.77409363 1.3590399
      vertex 0.0149999997 -1.76047254 1.3538574
    endloop
  endfacet
  facet normal 1 0 0
    outer loop
      vertex 0.0149999997 -1.78090417 1.36238801
      vertex 0.0149999997 -1.77749896 1.36076736
      vertex 0.0149999997 -1.76047254 1.3538574
    endloop
  endfacet
  facet normal 1 0 -0
    outer loop
      vertex 0.0149999997 -1.79112005 1.36716652
      vertex 0.0149999997 -1.76047254 2.11465073
      vertex 0.0149999997 -1.79452538 1.36875927
    endloop
  endfacet
  facet normal 1 0 -0
    outer loop
      vertex 0.0149999997 -1.83538866 1.38787317
      vertex 0.0149999997 -1.76047254 2.11465073
      vertex 0.0149999997 -1.83879399 1.38946593
    endloop
  endfacet
  facet normal 1 0 -0
    outer loop
      vertex 0.0149999997 -1.82176757 1.38150191
      vertex 0.0149999997 -1.76047254 2.11465073
      vertex 0.0149999997 -1.8251729 1.38309467
    endloop
  endfacet
  facet normal 0.99999994 0 0
    outer loop
      vertex 0.0149999997 -1.76047254 2.11465073
      vertex 0.0149999997 -1.82176757 1.38150191
      vertex 0.0149999997 -1.81836236 1.37990904
    endloop
  endfacet
  facet normal 1 0 0
    outer loop
      vertex 0.0149999997 -1.76047254 2.11465073
      vertex 0.0149999997 -1.82857811 1.38468754
      vertex 0.0149999997 -1.8251729 1.38309467
    endloop
  endfacet
  facet normal 1 -0 0
    outer loop
      vertex 0.0149999997 -1.7979306 1.37035215
      vertex 0.0149999997 -1.79452538 1.36875927
      vertex 0.0149999997 -1.76047254 2.11465073
    endloop
  endfacet
  facet normal 1 -0 0
    outer loop
      vertex 0.0149999997 -1.80474114 1.37353778
      vertex 0.0149999997 -1.80133593 1.3719449
      vertex 0.0149999997 -1.76047254 2.11465073
    endloop
  endfacet
  facet normal 1 -0 0
    outer loop
      vertex 0.0149999997 -1.80133593 1.3719449
      vertex 0.0149999997 -1.7979306 1.37035215
      vertex 0.0149999997 -1.76047254 2.11465073
    endloop
  endfacet
  facet normal 1 -0 0
    outer loop
      vertex 0.0149999997 -1.81155169 1.37672341
      vertex 0.0149999997 -1.80814648 1.37513053
      vertex 0.0149999997 -1.76047254 2.11465073
    endloop
  endfacet
  facet normal 1 -0 0
    outer loop
      vertex 0.0149999997 -1.80814648 1.37513053
      vertex 0.0149999997 -1.80474114 1.37353778
      vertex 0.0149999997 -1.76047254 2.11465073
    endloop
  endfacet
  facet normal 1 -0 0
    outer loop
      vertex 0.0149999997 -1.81836236 1.37990904
      vertex 0.0149999997 -1.81495702 1.37831628
      vertex 0.0149999997 -1.76047254 2.11465073
    endloop
  endfacet
  facet normal 1 -0 0
    outer loop
      vertex 0.0149999997 -1.81495702 1.37831628
      vertex 0.0149999997 -1.81155169 1.37672341
      vertex 0.0149999997 -1.76047254 2.11465073
    endloop
  endfacet
  facet normal 1 0 -0
    outer loop
      vertex 0.0149999997 -1.82857811 1.38468754
      vertex 0.0149999997 -1.76047254 2.11465073
      vertex 0.0149999997 -1.83198345 1.3862803
    endloop
  endfacet
  facet normal 1 0 -0
    outer loop
      vertex 0.0149999997 -1.84219921 1.3910588
      vertex 0.0149999997 -1.76047254 2.11465073
      vertex 0.0149999997 -1.84560454 1.39265156
    endloop
  endfacet
  facet normal 1 0 0
    outer loop
      vertex 0.0149999997 -1.76047254 2.11465073
      vertex 0.0149999997 -1.84219921 1.3910588
      vertex 0.0149999997 -1.83879399 1.38946593
    endloop
  endfacet
  facet normal 1 0 0
    outer loop
      vertex 0.0149999997 -1.76047254 2.11465073
      vertex 0.0149999997 -1.85241508 1.39583731
      vertex 0.0149999997 -1.84900987 1.39424443
    endloop
  endfacet
  facet normal 1 0 -0
    outer loop
      vertex 0.0149999997 -1.85241508 1.39583731
      vertex 0.0149999997 -1.76047254 2.11465073
      vertex 0.0149999997 -1.85582042 1.39743006
    endloop
  endfacet
  facet normal 1 0 0
    outer loop
      vertex 0.0149999997 -1.76047254 2.11465073
      vertex 0.0149999997 -1.85922563 1.39902294
      vertex 0.0149999997 -1.85582042 1.39743006
    endloop
  endfacet
  facet normal 1 0 -0
    outer loop
      vertex 0.0149999997 -1.85922563 1.39902294
      vertex 0.0149999997 -1.76047254 2.11465073
      vertex 0.0149999997 -1.86263096 1.40061569
    endloop
  endfacet
  facet normal 1 0 -0
    outer loop
      vertex 0.0149999997 -1.86603618 1.40220857
      vertex 0.0149999997 -1.76047254 2.11465073
      vertex 0.0149999997 -1.88987315 1.41426992
    endloop
  endfacet
  facet normal 1 0 0
    outer loop
      vertex 0.0149999997 -1.76047254 2.11465073
      vertex 0.0149999997 -1.86603618 1.40220857
      vertex 0.0149999997 -1.86263096 1.40061569
    endloop
  endfacet
  facet normal 1 0 0
    outer loop
      vertex 0.0149999997 -1.86603618 1.40220857
      vertex 0.0149999997 -1.88987315 1.41426992
      vertex 0.0149999997 -1.86944151 1.40380132
    endloop
  endfacet
  facet normal 1 0 -0
    outer loop
      vertex 0.0149999997 -1.88987315 1.41426992
      vertex 0.0149999997 -1.76047254 2.11465073
      vertex 0.0149999997 -1.89327848 1.41615319
    endloop
  endfacet
  facet normal 1 -0 0
    outer loop
      vertex 0.0149999997 -1.84900987 1.39424443
      vertex 0.0149999997 -1.84560454 1.39265156
      vertex 0.0149999997 -1.76047254 2.11465073
    endloop
  endfacet
  facet normal 1 0 -0
    outer loop
      vertex 0.0149999997 -1.90008903 1.41991997
      vertex 0.0149999997 -1.76047254 2.11465073
      vertex 0.0149999997 -1.90349436 1.42180324
    endloop
  endfacet
  facet normal 1 0 -0
    outer loop
      vertex 0.0149999997 -1.90689957 1.42368662
      vertex 0.0149999997 -1.76047254 2.11465073
      vertex 0.0149999997 -1.9103049 1.42557001
    endloop
  endfacet
  facet normal 1 0 0
    outer loop
      vertex 0.0149999997 -1.76047254 2.11465073
      vertex 0.0149999997 -1.90689957 1.42368662
      vertex 0.0149999997 -1.90349436 1.42180324
    endloop
  endfacet
  facet normal 1 0 0
    outer loop
      vertex 0.0149999997 -1.76047254 2.11465073
      vertex 0.0149999997 -1.90008903 1.41991997
      vertex 0.0149999997 -1.89668369 1.41803658
    endloop
  endfacet
  facet normal 1 0 -0
    outer loop
      vertex 0.0149999997 -1.923926 1.43310344
      vertex 0.0149999997 -1.76047254 2.11465073
      vertex 0.0149999997 -1.92733121 1.43498671
    endloop
  endfacet
  facet normal 1 0 0
    outer loop
      vertex 0.0149999997 -1.76047254 2.11465073
      vertex 0.0149999997 -1.923926 1.43310344
      vertex 0.0149999997 -1.92052066 1.43122005
    endloop
  endfacet
  facet normal 0.99999994 0 -0
    outer loop
      vertex 0.0149999997 -1.93414187 1.43875349
      vertex 0.0149999997 -1.76047254 2.11465073
      vertex 0.0149999997 -1.93754709 1.44063675
    endloop
  endfacet
  facet normal 1 0 0
    outer loop
      vertex 0.0149999997 -2.06354237 1.53188443
      vertex 0.0149999997 -2.06013727 1.52850032
      vertex 0.0149999997 -2.03289485 1.50519526
    endloop
  endfacet
  facet normal 1 0 0
    outer loop
      vertex 0.0149999997 -2.06013727 1.52850032
      vertex 0.0149999997 -2.05673194 1.52511621
      vertex 0.0149999997 -2.03630018 1.50772309
    endloop
  endfacet
  facet normal 1 0 0
    outer loop
      vertex 0.0149999997 -2.0669477 1.53526866
      vertex 0.0149999997 -2.06354237 1.53188443
      vertex 0.0149999997 -2.02948976 1.50266743
    endloop
  endfacet
  facet normal 1 0 0
    outer loop
      vertex 0.0149999997 -1.76047254 2.11465073
      vertex 0.0149999997 -1.93414187 1.43875349
      vertex 0.0149999997 -1.93073654 1.4368701
    endloop
  endfacet
  facet normal 1 0 0
    outer loop
      vertex 0.0149999997 -1.76047254 2.11465073
      vertex 0.0149999997 -1.94435763 1.44440353
      vertex 0.0149999997 -1.94095242 1.44252014
    endloop
  endfacet
  facet normal 0.99999994 -0 -0
    outer loop
      vertex 0.0149999997 -1.87284684 1.4053942
      vertex 0.0149999997 -1.86944151 1.40380132
      vertex 0.0149999997 -1.88646793 1.41238654
    endloop
  endfacet
  facet normal 1 0 -0
    outer loop
      vertex 0.0149999997 -1.94435763 1.44440353
      vertex 0.0149999997 -1.76047254 2.11465073
      vertex 0.0149999997 -1.94776297 1.4462868
    endloop
  endfacet
  facet normal 1 0 0
    outer loop
      vertex 0.0149999997 -1.76047254 2.11465073
      vertex 0.0149999997 -1.99203157 1.47486103
      vertex 0.0149999997 -1.98862636 1.47233307
    endloop
  endfacet
  facet normal 1 0 0
    outer loop
      vertex 0.0149999997 -2.06013727 1.52850032
      vertex 0.0149999997 -2.03630018 1.50772309
      vertex 0.0149999997 -2.03289485 1.50519526
    endloop
  endfacet
  facet normal 1 0 0
    outer loop
      vertex 0.0149999997 -2.05673194 1.52511621
      vertex 0.0149999997 -2.05332661 1.52173197
      vertex 0.0149999997 -2.03970551 1.51025093
    endloop
  endfacet
  facet normal 1 0 0
    outer loop
      vertex 0.0149999997 -2.05332661 1.52173197
      vertex 0.0149999997 -2.04992127 1.51834786
      vertex 0.0149999997 -2.04311085 1.51277876
    endloop
  endfacet
  facet normal 1 0 0
    outer loop
      vertex 0.0149999997 -2.03970551 1.51025093
      vertex 0.0149999997 -2.05332661 1.52173197
      vertex 0.0149999997 -2.04311085 1.51277876
    endloop
  endfacet
  facet normal 0.99999994 0 0
    outer loop
      vertex 0.0149999997 -2.04992127 1.51834786
      vertex 0.0149999997 -2.04651618 1.51530671
      vertex 0.0149999997 -2.04311085 1.51277876
    endloop
  endfacet
  facet normal 1 0 0
    outer loop
      vertex 0.0149999997 -1.86944151 1.40380132
      vertex 0.0149999997 -1.88987315 1.41426992
      vertex 0.0149999997 -1.88646793 1.41238654
    endloop
  endfacet
  facet normal 1 0 -0
    outer loop
      vertex 0.0149999997 -1.99203157 1.47486103
      vertex 0.0149999997 -1.76047254 2.11465073
      vertex 0.0149999997 -1.99543691 1.47738886
    endloop
  endfacet
  facet normal 1 -0 -0
    outer loop
      vertex 0.0149999997 -1.87965739 1.40861988
      vertex 0.0149999997 -1.87625206 1.40698695
      vertex 0.0149999997 -1.8830626 1.41050315
    endloop
  endfacet
  facet normal 1 -0 -0
    outer loop
      vertex 0.0149999997 -1.87625206 1.40698695
      vertex 0.0149999997 -1.87284684 1.4053942
      vertex 0.0149999997 -1.8830626 1.41050315
    endloop
  endfacet
  facet normal 1 0 0
    outer loop
      vertex 0.0149999997 -1.88646793 1.41238654
      vertex 0.0149999997 -1.8830626 1.41050315
      vertex 0.0149999997 -1.87284684 1.4053942
    endloop
  endfacet
  facet normal 0.99999994 -0 0
    outer loop
      vertex 0.0149999997 -1.89668369 1.41803658
      vertex 0.0149999997 -1.89327848 1.41615319
      vertex 0.0149999997 -1.76047254 2.11465073
    endloop
  endfacet
  facet normal 1 0 0
    outer loop
      vertex 0.0149999997 -1.76047254 2.11465073
      vertex 0.0149999997 -2.00224733 1.48244452
      vertex 0.0149999997 -1.99884212 1.47991669
    endloop
  endfacet
  facet normal 1 0 0
    outer loop
      vertex 0.0149999997 -2.05673194 1.52511621
      vertex 0.0149999997 -2.03970551 1.51025093
      vertex 0.0149999997 -2.03630018 1.50772309
    endloop
  endfacet
  facet normal 1 0 -0
    outer loop
      vertex 0.0149999997 -2.00224733 1.48244452
      vertex 0.0149999997 -1.76047254 2.11465073
      vertex 0.0149999997 -2.00565267 1.48497236
    endloop
  endfacet
  facet normal 1 0 0
    outer loop
      vertex 0.0149999997 -1.76047254 2.11465073
      vertex 0.0149999997 -2.01246333 1.49002814
      vertex 0.0149999997 -2.009058 1.48750019
    endloop
  endfacet
  facet normal 1 -0 0
    outer loop
      vertex 0.0149999997 -1.91371012 1.4274534
      vertex 0.0149999997 -1.9103049 1.42557001
      vertex 0.0149999997 -1.76047254 2.11465073
    endloop
  endfacet
  facet normal 1 -0 0
    outer loop
      vertex 0.0149999997 -1.92052066 1.43122005
      vertex 0.0149999997 -1.91711545 1.42933667
      vertex 0.0149999997 -1.76047254 2.11465073
    endloop
  endfacet
  facet normal 1 -0 0
    outer loop
      vertex 0.0149999997 -1.91711545 1.42933667
      vertex 0.0149999997 -1.91371012 1.4274534
      vertex 0.0149999997 -1.76047254 2.11465073
    endloop
  endfacet
  facet normal 1 -0 0
    outer loop
      vertex 0.0149999997 -1.93073654 1.4368701
      vertex 0.0149999997 -1.92733121 1.43498671
      vertex 0.0149999997 -1.76047254 2.11465073
    endloop
  endfacet
  facet normal 1 0 -0
    outer loop
      vertex 0.0149999997 -2.01246333 1.49002814
      vertex 0.0149999997 -1.76047254 2.11465073
      vertex 0.0149999997 -2.01586866 1.49255598
    endloop
  endfacet
  facet normal 1 0 0
    outer loop
      vertex 0.0149999997 -1.76047254 2.11465073
      vertex 0.0149999997 -2.01927376 1.49508381
      vertex 0.0149999997 -2.01586866 1.49255598
    endloop
  endfacet
  facet normal 1 0 0
    outer loop
      vertex 0.0149999997 -2.06354237 1.53188443
      vertex 0.0149999997 -2.03289485 1.50519526
      vertex 0.0149999997 -2.02948976 1.50266743
    endloop
  endfacet
  facet normal 1 -0 0
    outer loop
      vertex 0.0149999997 -2.02948976 1.50266743
      vertex 0.0149999997 -2.02608442 1.50013947
      vertex 0.0149999997 -1.76047254 2.11465073
    endloop
  endfacet
  facet normal 1 0 0
    outer loop
      vertex 0.0149999997 -1.76047254 2.11465073
      vertex 0.0149999997 -2.0669477 1.53526866
      vertex 0.0149999997 -2.02948976 1.50266743
    endloop
  endfacet
  facet normal 1 -0 0
    outer loop
      vertex 0.0149999997 -2.009058 1.48750019
      vertex 0.0149999997 -2.00565267 1.48497236
      vertex 0.0149999997 -1.76047254 2.11465073
    endloop
  endfacet
  facet normal 1 -0 0
    outer loop
      vertex 0.0149999997 -1.99884212 1.47991669
      vertex 0.0149999997 -1.99543691 1.47738886
      vertex 0.0149999997 -1.76047254 2.11465073
    endloop
  endfacet
  facet normal 1 0 0
    outer loop
      vertex 0.0149999997 -1.98862636 1.47233307
      vertex 0.0149999997 -1.98522103 1.46980524
      vertex 0.0149999997 -1.95116818 1.44817019
    endloop
  endfacet
  facet normal 1 0 0
    outer loop
      vertex 0.0149999997 -1.9818157 1.46727741
      vertex 0.0149999997 -1.97841048 1.46474957
      vertex 0.0149999997 -1.96138406 1.45382023
    endloop
  endfacet
  facet normal 1 0 0
    outer loop
      vertex 0.0149999997 -1.97841048 1.46474957
      vertex 0.0149999997 -1.97500515 1.46222174
      vertex 0.0149999997 -1.96478939 1.45570362
    endloop
  endfacet
  facet normal 1 0 0
    outer loop
      vertex 0.0149999997 -1.96138406 1.45382023
      vertex 0.0149999997 -1.97841048 1.46474957
      vertex 0.0149999997 -1.96478939 1.45570362
    endloop
  endfacet
  facet normal 1 0 -0
    outer loop
      vertex 0.0149999997 -1.94776297 1.4462868
      vertex 0.0149999997 -1.76047254 2.11465073
      vertex 0.0149999997 -1.98862636 1.47233307
    endloop
  endfacet
  facet normal 0.99999994 0 0
    outer loop
      vertex 0.0149999997 -1.98522103 1.46980524
      vertex 0.0149999997 -1.9818157 1.46727741
      vertex 0.0149999997 -1.95457351 1.45005357
    endloop
  endfacet
  facet normal 1 0 0
    outer loop
      vertex 0.0149999997 -1.94776297 1.4462868
      vertex 0.0149999997 -1.98862636 1.47233307
      vertex 0.0149999997 -1.95116818 1.44817019
    endloop
  endfacet
  facet normal 1 0 0
    outer loop
      vertex 0.0149999997 -1.97500515 1.46222174
      vertex 0.0149999997 -1.97159994 1.45969379
      vertex 0.0149999997 -1.9681946 1.45758688
    endloop
  endfacet
  facet normal 1 0 0
    outer loop
      vertex 0.0149999997 -1.97500515 1.46222174
      vertex 0.0149999997 -1.9681946 1.45758688
      vertex 0.0149999997 -1.96478939 1.45570362
    endloop
  endfacet
  facet normal 1 0 0
    outer loop
      vertex 0.0149999997 -1.95116818 1.44817019
      vertex 0.0149999997 -1.98522103 1.46980524
      vertex 0.0149999997 -1.95457351 1.45005357
    endloop
  endfacet
  facet normal 1 -0 0
    outer loop
      vertex 0.0149999997 -1.94095242 1.44252014
      vertex 0.0149999997 -1.93754709 1.44063675
      vertex 0.0149999997 -1.76047254 2.11465073
    endloop
  endfacet
  facet normal 1 -0 -0
    outer loop
      vertex 0.0149999997 -1.96138406 1.45382023
      vertex 0.0149999997 -1.95797884 1.45193684
      vertex 0.0149999997 -1.9818157 1.46727741
    endloop
  endfacet
endsolid nobilis2_sagittal_profile_prism_t03m
