Time (s),PRESSURE_MOMENT_X,PRESSURE_MOMENT_Y,PRESSURE_MOMENT_Z,TOTAL_MOMENT_X,TOTAL_MOMENT_Y,TOTAL_MOMENT_Z,VISCOUS_MOMENT_X,VISCOUS_MOMENT_Y,VISCOUS_MOMENT_Z
"                   1",1.381675134985e+01,1.461474497353e+00,-2.195592242687e+01,1.516597811666e+01,1.439685358444e+00,-2.183293037899e+01,1.349226766805e+00,-2.178913890843e-02,1.229920478784e-01
"                   2",2.200885220812e+01,2.575164585413e+00,-4.837214498673e+01,2.349664482504e+01,2.571465398879e+00,-4.826221787777e+01,1.487792616926e+00,-3.699186534160e-03,1.099271089602e-01
"                   3",-1.204177318997e+01,8.878197448051e-01,-3.089737985972e+01,-1.072866744276e+01,8.870049238087e-01,-3.080546280095e+01,1.313105747214e+00,-8.148209963346e-04,9.191705877586e-02
"                   4",-5.408469103050e+01,-2.295737854728e+00,9.648200566087e+00,-5.283234182300e+01,-2.293553118733e+00,9.732906281551e+00,1.252349207500e+00,2.184735994927e-03,8.470571546339e-02
"                   5",-5.867245871130e+01,-5.075903949344e+00,3.341141388257e+01,-5.755400837296e+01,-5.070636185532e+00,3.348779069783e+01,1.118450338337e+00,5.267763812742e-03,7.637681526368e-02
"                   6",-2.517471124517e+01,-5.000289724994e+00,2.627947869064e+01,-2.422868142515e+01,-4.998756873021e+00,2.635223053445e+01,9.460298200215e-01,1.532851973067e-03,7.275184381512e-02
"                   7",1.084770809858e+01,-2.737716962718e+00,2.202300604985e+00,1.162678896121e+01,-2.743690790554e+00,2.272873273677e+00,7.790808626358e-01,-5.973827836048e-03,7.057266869193e-02
"                   8",1.706897385618e+01,-6.378713201386e-01,-1.613135021097e+01,1.771693745381e+01,-6.538511160942e-01,-1.606479673233e+01,6.479635976263e-01,-1.597979595564e-02,6.655347864508e-02
"                   9",-4.329233121236e+00,-7.252478140940e-01,-1.607013006260e+01,-3.780862806134e+00,-7.493826289798e-01,-1.600856916548e+01,5.483703151021e-01,-2.413481488582e-02,6.156089711933e-02
"                  10",-2.600457022639e+01,-2.368292784778e+00,-3.195412643481e+00,-2.551668552244e+01,-2.395470329128e+00,-3.141741131972e+00,4.878847039479e-01,-2.717754434966e-02,5.367151150949e-02
"                  11",-2.689896381545e+01,-3.678135058161e+00,7.986704914564e+00,-2.644713546226e+01,-3.705407042982e+00,8.035354246119e+00,4.518283531898e-01,-2.727198482088e-02,4.864933155570e-02
"                  12",-1.186920567986e+01,-3.748485627862e+00,8.487591938257e+00,-1.144197786967e+01,-3.774638818570e+00,8.532667672418e+00,4.272278101963e-01,-2.615319070866e-02,4.507573416107e-02
"                  13",3.453161929467e-01,-2.939861491505e+00,7.951730167140e-01,7.549392670781e-01,-2.965116521058e+00,8.369842558389e-01,4.096230741314e-01,-2.525502955322e-02,4.181123912490e-02
"                  14",-1.385427103878e+00,-2.007218175648e+00,-6.799960462246e+00,-9.933911265864e-01,-2.032580437793e+00,-6.760823618776e+00,3.920359772920e-01,-2.536226214468e-02,3.913684347002e-02
"                  15",-1.353030809002e+01,-1.621721214852e+00,-8.060039617134e+00,-1.315744849856e+01,-1.646312664370e+00,-8.022970845177e+00,3.728595914602e-01,-2.459144951869e-02,3.706877195688e-02
"                  16",-2.443153475834e+01,-1.936841219244e+00,-3.299312269766e+00,-2.408222927761e+01,-1.960255348716e+00,-3.263740538356e+00,3.493054807315e-01,-2.341412947198e-02,3.557173141022e-02
"                  17",-2.740414826500e+01,-2.514915311919e+00,2.254944999328e+00,-2.708143407504e+01,-2.537785765916e+00,2.289544087141e+00,3.227141899544e-01,-2.287045399692e-02,3.459908781334e-02
"                  18",-2.441986727343e+01,-2.786017095044e+00,4.347396833743e+00,-2.412265799560e+01,-2.809084582118e+00,4.381120574797e+00,2.972092778219e-01,-2.306748707392e-02,3.372374105433e-02
"                  19",-2.080244913021e+01,-2.647969970902e+00,2.741023458699e+00,-2.052768630889e+01,-2.672289791096e+00,2.773026520179e+00,2.747628213189e-01,-2.431982019423e-02,3.200306147978e-02
"                  20",-2.030417073976e+01,-2.290602156590e+00,-2.555675456986e-02,-2.005040987623e+01,-2.317201134970e+00,3.703624495870e-03,2.537608635289e-01,-2.659897838031e-02,2.926037906573e-02
"                  21",-2.339416969253e+01,-2.040968335883e+00,-1.383665348212e+00,-2.316031642626e+01,-2.070103381403e+00,-1.357687203945e+00,2.338532662655e-01,-2.913504552010e-02,2.597814426703e-02
"                  22",-2.769212847526e+01,-1.974673644293e+00,-8.006016853112e-01,-2.748019327914e+01,-2.006444441490e+00,-7.780215430724e-01,2.119351961119e-01,-3.177079719756e-02,2.258014223879e-02
"                  23",-3.123064020535e+01,-2.145799823155e+00,6.245108089724e-01,-3.104084453775e+01,-2.179899093699e+00,6.445171234384e-01,1.897956675943e-01,-3.409927054411e-02,2.000631446593e-02
"                  24",-3.365040886089e+01,-2.395214199975e+00,1.448679827050e+00,-3.348328698418e+01,-2.431321585233e+00,1.466854241034e+00,1.671218767132e-01,-3.610738525823e-02,1.817441398370e-02
"                  25",-3.520571474309e+01,-2.631739514209e+00,1.078544158537e+00,-3.505983824283e+01,-2.669308096726e+00,1.095348467269e+00,1.458765002606e-01,-3.756858251692e-02,1.680430873195e-02
"                  26",-3.639465581750e+01,-2.802245468604e+00,-1.432799010140e-01,-3.626907213496e+01,-2.840823699055e+00,-1.275940378504e-01,1.255836825379e-01,-3.857823045118e-02,1.568586316353e-02
"                  27",-3.767545182118e+01,-2.920555726529e+00,-1.265771793371e+00,-3.756916006409e+01,-2.959534554061e+00,-1.251299741114e+00,1.062917570912e-01,-3.897882753173e-02,1.447205225709e-02
"                  28",-3.902525379466e+01,-3.001085400203e+00,-1.766532615940e+00,-3.893829892381e+01,-3.039939141625e+00,-1.753373935527e+00,8.695487084500e-02,-3.885374142205e-02,1.315868041294e-02
"                  29",-4.037014923196e+01,-3.080125601599e+00,-1.627070000969e+00,-4.030256682018e+01,-3.118168176974e+00,-1.615195445351e+00,6.758241177610e-02,-3.804257537453e-02,1.187455561755e-02
"                  30",-4.161109052870e+01,-3.168621062041e+00,-1.230937614358e+00,-4.156322990500e+01,-3.205356125225e+00,-1.220337266612e+00,4.786062369484e-02,-3.673506318462e-02,1.060034774530e-02
"                  31",-4.273439871383e+01,-3.263081965048e+00,-9.790474499666e-01,-4.270612941880e+01,-3.298094721042e+00,-9.696874988763e-01,2.826929503540e-02,-3.501275599435e-02,9.359951090239e-03
"                  32",-4.362122465091e+01,-3.316204290241e+00,-9.457803229934e-01,-4.361221036890e+01,-3.349497533217e+00,-9.375951022015e-01,9.014282018463e-03,-3.329324297630e-02,8.185220791936e-03
"                  33",-4.425898451397e+01,-3.321284863532e+00,-1.007107066127e+00,-4.426885899759e+01,-3.352913836794e+00,-1.000247983912e+00,-9.874483623384e-03,-3.162897326238e-02,6.859082215213e-03
"                  34",-4.457729982309e+01,-3.294354279252e+00,-1.011618819775e+00,-4.460586060030e+01,-3.324445304221e+00,-1.006129406639e+00,-2.856077720731e-02,-3.009102496967e-02,5.489413136482e-03
"                  35",-4.500170129629e+01,-3.245367277737e+00,-9.451560724218e-01,-4.504872588177e+01,-3.273771319097e+00,-9.409798508128e-01,-4.702458547950e-02,-2.840404136004e-02,4.176221608984e-03
"                  36",-4.569255613874e+01,-3.195453979542e+00,-8.234509965515e-01,-4.575816920477e+01,-3.222020494236e+00,-8.204407958540e-01,-6.561306602776e-02,-2.656651469386e-02,3.010200697501e-03
"                  37",-4.621524430040e+01,-3.176455523807e+00,-6.561394186993e-01,-4.629934585810e+01,-3.201192766197e+00,-6.542695352703e-01,-8.410155770553e-02,-2.473724238994e-02,1.869883429051e-03
"                  38",-4.646220316477e+01,-3.197912420668e+00,-4.561412106061e-01,-4.656480770243e+01,-3.220903286099e+00,-4.551498559661e-01,-1.026045376620e-01,-2.299086543125e-02,9.913546399893e-04
"                  39",-4.632879737218e+01,-3.219166171978e+00,-2.150861061759e-01,-4.644950660933e+01,-3.240599085667e+00,-2.148162485292e-01,-1.207092371479e-01,-2.143291368880e-02,2.698576466799e-04
"                  40",-4.627700589857e+01,-3.248168368281e+00,1.435194179615e-01,-4.641547867161e+01,-3.268174178448e+00,1.431873740882e-01,-1.384727730362e-01,-2.000581016665e-02,-3.320438733007e-04
"                  41",-4.626574027267e+01,-3.267130470540e+00,5.678114415130e-01,-4.642130702484e+01,-3.285955027509e+00,5.669116972721e-01,-1.555667521677e-01,-1.882455696969e-02,-8.997442409355e-04
"                  42",-4.617067256638e+01,-3.205992639332e+00,8.659847633998e-01,-4.634272581439e+01,-3.223811114789e+00,8.645868422645e-01,-1.720532480086e-01,-1.781847545730e-02,-1.397921135258e-03
"                  43",-4.594449824609e+01,-3.057576387416e+00,9.752161805552e-01,-4.613210168707e+01,-3.074428370151e+00,9.733561013602e-01,-1.876034409758e-01,-1.685198273542e-02,-1.860079194954e-03
"                  44",-4.549518346956e+01,-2.853092577459e+00,9.525169085794e-01,-4.569750288944e+01,-2.868827079913e+00,9.502944210269e-01,-2.023194198787e-01,-1.573450245338e-02,-2.222487552502e-03
"                  45",-4.501052007211e+01,-2.673488947075e+00,9.354283394617e-01,-4.522653856156e+01,-2.688058683372e+00,9.328991082091e-01,-2.160184894497e-01,-1.456973629677e-02,-2.529231252601e-03
"                  46",-4.422460343263e+01,-2.494072185236e+00,9.076744804012e-01,-4.445331178598e+01,-2.507457886709e+00,9.048929983623e-01,-2.287083533527e-01,-1.338570147282e-02,-2.781482038831e-03
"                  47",-4.323197047858e+01,-2.272355647469e+00,8.852415349140e-01,-4.347215805779e+01,-2.284528055320e+00,8.822332571432e-01,-2.401875792156e-01,-1.217240785055e-02,-3.008277770743e-03
"                  48",-4.257672192547e+01,-1.991194917965e+00,8.654758232709e-01,-4.282742637026e+01,-2.002141840149e+00,8.623044980657e-01,-2.507044447962e-01,-1.094692218419e-02,-3.171325205205e-03
"                  49",-4.229147193085e+01,-1.598646395919e+00,6.896539668124e-01,-4.255181221580e+01,-1.608428069739e+00,6.862680269622e-01,-2.603402849445e-01,-9.781673819513e-03,-3.385939850150e-03
"                  50",-4.219642421994e+01,-1.143528545985e+00,3.976343715700e-01,-4.246587535638e+01,-1.152118743931e+00,3.938940496205e-01,-2.694511364393e-01,-8.590197946105e-03,-3.740321949431e-03
"                  51",-4.195277377531e+01,-7.341336960312e-01,1.086741959962e-01,-4.223100311798e+01,-7.415331271300e-01,1.043291186455e-01,-2.782293426670e-01,-7.399431098837e-03,-4.345077350754e-03
"                  52",-4.144254178171e+01,-4.369037819854e-01,-8.529439224421e-02,-4.172908871617e+01,-4.431008090814e-01,-9.038061841821e-02,-2.865469344571e-01,-6.197027095983e-03,-5.086226174002e-03
"                  53",-4.055502480266e+01,-2.616805963660e-01,-1.491834732123e-01,-4.084942094526e+01,-2.667060702094e-01,-1.549582654150e-01,-2.943961425952e-01,-5.025473843366e-03,-5.774792202743e-03
"                  54",-3.940745450229e+01,-1.516530760058e-01,-1.734342359586e-01,-3.970925181772e+01,-1.555703642949e-01,-1.797497006011e-01,-3.017973154305e-01,-3.917288289133e-03,-6.315464642479e-03
"                  55",-3.822992779206e+01,-9.873985006713e-02,-1.717301998464e-01,-3.853873443052e+01,-1.016353398318e-01,-1.785290372702e-01,-3.088066384537e-01,-2.895489764695e-03,-6.798837423809e-03
"                  56",-3.723013999640e+01,-9.791960822621e-02,-1.697534611594e-01,-3.754565921210e+01,-1.000115420907e-01,-1.769163146433e-01,-3.155192156991e-01,-2.091933864456e-03,-7.162853483872e-03
"                  57",-3.634056220393e+01,-1.181556509368e-01,-2.335353758961e-01,-3.666240937542e+01,-1.197025736428e-01,-2.410068378284e-01,-3.218471714910e-01,-1.546922706018e-03,-7.471461932287e-03
"                  58",-3.549747616900e+01,-1.471812948083e-01,-3.677062464794e-01,-3.582535531074e+01,-1.484699057986e-01,-3.753478460006e-01,-3.278791417378e-01,-1.288610990390e-03,-7.641599521246e-03
"                  59",-3.447253990719e+01,-1.553552735300e-01,-6.127156616889e-01,-3.480593471848e+01,-1.565244701654e-01,-6.205862651788e-01,-3.333948112865e-01,-1.169196635420e-03,-7.870603489811e-03
"                  60",-3.335882607374e+01,-1.101608304481e-01,-1.000618083122e+00,-3.369719706159e+01,-1.112057510959e-01,-1.008766592573e+00,-3.383709878493e-01,-1.044920647870e-03,-8.148509451119e-03
"                  61",-3.242180965669e+01,-1.888740926767e-02,-1.506374982236e+00,-3.276458829263e+01,-1.973327361674e-02,-1.514924771496e+00,-3.427786359336e-01,-8.458643490689e-04,-8.549789259479e-03
"                  62",-3.177042948916e+01,8.551366992359e-02,-2.066883178911e+00,-3.211717402374e+01,8.486524384701e-02,-2.075963096078e+00,-3.467445345821e-01,-6.484260765852e-04,-9.079917167231e-03
"                  63",-3.132613979344e+01,1.933550308669e-01,-2.669129087065e+00,-3.167649845893e+01,1.928891617993e-01,-2.678851796936e+00,-3.503586654917e-01,-4.658690676020e-04,-9.722709871798e-03
"                  64",-3.109058575947e+01,2.958004502573e-01,-3.278810743185e+00,-3.144419871395e+01,2.955720645090e-01,-3.289299660506e+00,-3.536129544780e-01,-2.283857483517e-04,-1.048891732073e-02
"                  65",-3.114833158158e+01,3.917669925429e-01,-3.819103482575e+00,-3.150487153087e+01,3.919725014184e-01,-3.830401946651e+00,-3.565399492936e-01,2.055088755779e-04,-1.129846407595e-02
"                  66",-3.148594017324e+01,4.916383721868e-01,-4.283107952845e+00,-3.184536508450e+01,4.924823840048e-01,-4.295208393812e+00,-3.594249112622e-01,8.440118180314e-04,-1.210044096674e-02
"                  67",-3.197979511529e+01,5.979640136764e-01,-4.652363787759e+00,-3.234216666747e+01,5.996739106585e-01,-4.665222322732e+00,-3.623715521750e-01,1.709896982105e-03,-1.285853497295e-02
"                  68",-3.250312592735e+01,6.930135923474e-01,-4.961481858002e+00,-3.286870162550e+01,6.957731349446e-01,-4.975060904654e+00,-3.655756981455e-01,2.759542597155e-03,-1.357904665224e-02
"                  69",-3.301512136552e+01,7.563870626851e-01,-5.207793694406e+00,-3.338414776573e+01,7.604254081206e-01,-5.222052948778e+00,-3.690264002079e-01,4.038345435511e-03,-1.425925437217e-02
"                  70",-3.354349598369e+01,7.916373988368e-01,-5.392024090798e+00,-3.391637609778e+01,7.971074203696e-01,-5.406949186826e+00,-3.728801140903e-01,5.470021532814e-03,-1.492509602867e-02
"                  71",-3.404383530760e+01,7.953951441087e-01,-5.480756271902e+00,-3.442070858910e+01,8.024302198621e-01,-5.496308065271e+00,-3.768732814990e-01,7.035075753423e-03,-1.555179336909e-02
"                  72",-3.452368905066e+01,7.752175380542e-01,-5.467347702705e+00,-3.490442810999e+01,7.837704035635e-01,-5.483514859081e+00,-3.807390593238e-01,8.552865509312e-03,-1.616715637591e-02
"                  73",-3.495706687102e+01,7.475841477562e-01,-5.371411773046e+00,-3.534141743659e+01,7.576085863741e-01,-5.388153837822e+00,-3.843505655662e-01,1.002443861789e-02,-1.674206477628e-02
"                  74",-3.530395649015e+01,7.263743504609e-01,-5.235458478330e+00,-3.569172365904e+01,7.377296043418e-01,-5.252766244120e+00,-3.877671688882e-01,1.135525388082e-02,-1.730776578975e-02
"                  75",-3.552078019592e+01,7.097518424829e-01,-5.104089626980e+00,-3.591177800794e+01,7.224789678106e-01,-5.121931602021e+00,-3.909978120158e-01,1.272712532766e-02,-1.784197504144e-02
"                  76",-3.561318392083e+01,6.976463859505e-01,-5.004193041183e+00,-3.600731093351e+01,7.116937395666e-01,-5.022593848328e+00,-3.941270126776e-01,1.404735361616e-02,-1.840080714467e-02
"                  77",-3.555250488222e+01,6.875260753880e-01,-4.919974329237e+00,-3.594957103326e+01,7.028828364667e-01,-4.938939285472e+00,-3.970661510385e-01,1.535676107872e-02,-1.896495623543e-02
"                  78",-3.544677261004e+01,6.900676184479e-01,-4.837952724027e+00,-3.584659511568e+01,7.066867993053e-01,-4.857475840232e+00,-3.998225056414e-01,1.661918085735e-02,-1.952311620457e-02
"                  79",-3.540455496086e+01,7.184607281284e-01,-4.732837467453e+00,-3.580693078139e+01,7.363577953990e-01,-4.752901361315e+00,-4.023758205305e-01,1.789706727052e-02,-2.006389386150e-02
"                  80",-3.540658307604e+01,7.764101003541e-01,-4.617997828328e+00,-3.581140947913e+01,7.954635340971e-01,-4.638546550298e+00,-4.048264030975e-01,1.905343374304e-02,-2.054872197036e-02
"                  81",-3.530724658426e+01,8.585189766421e-01,-4.527634931734e+00,-3.571440860637e+01,8.785455537057e-01,-4.548670251322e+00,-4.071620221106e-01,2.002657706358e-02,-2.103531958897e-02
"                  82",-3.510474936050e+01,9.658730175439e-01,-4.489019511997e+00,-3.551418376414e+01,9.867715261903e-01,-4.510579477933e+00,-4.094344036474e-01,2.089850864636e-02,-2.155996593537e-02
"                  83",-3.485562616780e+01,1.089528970307e+00,-4.487752741758e+00,-3.526723073439e+01,1.111316020388e+00,-4.509897584798e+00,-4.116045665831e-01,2.178705008050e-02,-2.214484304024e-02
"                  84",-3.466758496464e+01,1.216903453879e+00,-4.468448267560e+00,-3.508122515611e+01,1.239520905022e+00,-4.491209553213e+00,-4.136401914764e-01,2.261745114343e-02,-2.276128565243e-02
"                  85",-3.448761469334e+01,1.329470336133e+00,-4.447105920507e+00,-3.490306778124e+01,1.352980535461e+00,-4.470495707936e+00,-4.154530878950e-01,2.351019932757e-02,-2.338978742877e-02
"                  86",-3.426830418016e+01,1.429850148513e+00,-4.453377762182e+00,-3.468526914262e+01,1.454322212136e+00,-4.477379136262e+00,-4.169649624604e-01,2.447206362335e-02,-2.400137407937e-02
"                  87",-3.401229859470e+01,1.515510380066e+00,-4.470230789489e+00,-3.443051756183e+01,1.540944929808e+00,-4.494824811115e+00,-4.182189671374e-01,2.543454974167e-02,-2.459402162606e-02
"                  88",-3.379003589570e+01,1.614453503009e+00,-4.477456180166e+00,-3.420928391751e+01,1.640848518626e+00,-4.502633810689e+00,-4.192480218137e-01,2.639501561609e-02,-2.517763052285e-02
"                  89",-3.365880467831e+01,1.728361814490e+00,-4.457753934034e+00,-3.407887833923e+01,1.755543995007e+00,-4.483490955755e+00,-4.200736609180e-01,2.718218051741e-02,-2.573702172120e-02
"                  90",-3.363965856444e+01,1.852611877345e+00,-4.434179754779e+00,-3.406039172628e+01,1.880552908804e+00,-4.460446991667e+00,-4.207331618428e-01,2.794103145922e-02,-2.626723688788e-02
"                  91",-3.367606135651e+01,1.976385259392e+00,-4.431140517907e+00,-3.409704918579e+01,2.005058592966e+00,-4.457929578339e+00,-4.209878292779e-01,2.867333357355e-02,-2.678906043163e-02
"                  92",-3.376237846593e+01,2.092300219297e+00,-4.458066225630e+00,-3.418342575995e+01,2.121692253383e+00,-4.485362144381e+00,-4.210472940164e-01,2.939203408653e-02,-2.729591875064e-02
"                  93",-3.384930313774e+01,2.188093793709e+00,-4.514041619971e+00,-3.427035864570e+01,2.218316372755e+00,-4.541778788562e+00,-4.210555079646e-01,3.022257904575e-02,-2.773716859041e-02
"                  94",-3.394971216278e+01,2.264897132501e+00,-4.575984571168e+00,-3.437095914962e+01,2.296113770337e+00,-4.604048879796e+00,-4.212469868378e-01,3.121663783650e-02,-2.806430862813e-02
"                  95",-3.407735383194e+01,2.312186352204e+00,-4.592625941469e+00,-3.449895783414e+01,2.344646983974e+00,-4.620923471462e+00,-4.216040021958e-01,3.246063177010e-02,-2.829752999345e-02
"                  96",-3.424406614980e+01,2.331907725724e+00,-4.555721437586e+00,-3.466619492482e+01,2.365740670507e+00,-4.584176768171e+00,-4.221287750274e-01,3.383294478334e-02,-2.845533058468e-02
"                  97",-3.436680136480e+01,2.333468072141e+00,-4.487627460314e+00,-3.478955432509e+01,2.368651838461e+00,-4.516163714088e+00,-4.227529602892e-01,3.518376632012e-02,-2.853625377372e-02
"                  98",-3.439492408512e+01,2.336890274943e+00,-4.429615095639e+00,-3.481836855479e+01,2.373330976118e+00,-4.458154142343e+00,-4.234444696684e-01,3.644070117538e-02,-2.853904670419e-02
"                  99",-3.432289196006e+01,2.352004971815e+00,-4.386914320561e+00,-3.474695382838e+01,2.389649456933e+00,-4.415412373186e+00,-4.240618683135e-01,3.764448511852e-02,-2.849805262513e-02
"                 100",-3.418369465912e+01,2.377140458143e+00,-4.335937366975e+00,-3.460831108259e+01,2.416008785472e+00,-4.364400430812e+00,-4.246164234757e-01,3.886832732819e-02,-2.846306383754e-02
"                 101",-3.399795779826e+01,2.391273044180e+00,-4.259384921306e+00,-3.442307812633e+01,2.431340147181e+00,-4.287808068260e+00,-4.251203280705e-01,4.006710300090e-02,-2.842314695385e-02
"                 102",-3.381324651848e+01,2.383643983624e+00,-4.178703089372e+00,-3.423884201413e+01,2.424851447679e+00,-4.207019510749e+00,-4.255954956498e-01,4.120746405484e-02,-2.831642137664e-02
"                 103",-3.359811042141e+01,2.358958500246e+00,-4.098813093477e+00,-3.402406477478e+01,2.401316166715e+00,-4.126970880760e+00,-4.259543533696e-01,4.235766646929e-02,-2.815778728354e-02
"                 104",-3.332025765527e+01,2.325864490718e+00,-4.016123950537e+00,-3.374644757243e+01,2.369356423279e+00,-4.044087221304e+00,-4.261899171611e-01,4.349193256082e-02,-2.796327076706e-02
"                 105",-3.300049494332e+01,2.291161702637e+00,-3.936270783956e+00,-3.342682818787e+01,2.335745391651e+00,-3.964012372906e+00,-4.263332445415e-01,4.458368901373e-02,-2.774158895020e-02
"                 106",-3.269269673681e+01,2.258113662736e+00,-3.853272431238e+00,-3.311914696449e+01,2.303688612479e+00,-3.880769830493e+00,-4.264502276795e-01,4.557494974327e-02,-2.749739925513e-02
"                 107",-3.240614998080e+01,2.225670113359e+00,-3.753972441963e+00,-3.283272892963e+01,2.272168125967e+00,-3.781221067476e+00,-4.265789488281e-01,4.649801260849e-02,-2.724862551269e-02
"                 108",-3.212812923283e+01,2.196372200873e+00,-3.642888626743e+00,-3.255486264099e+01,2.243770318728e+00,-3.669896267795e+00,-4.267334081599e-01,4.739811785462e-02,-2.700764105165e-02
"                 109",-3.181064907992e+01,2.169647510910e+00,-3.537472395129e+00,-3.223753234773e+01,2.217880615053e+00,-3.564241566072e+00,-4.268832678082e-01,4.823310414291e-02,-2.676917094339e-02
"                 110",-3.148899693873e+01,2.148640351951e+00,-3.448229781722e+00,-3.191603479561e+01,2.197700603046e+00,-3.474719929833e+00,-4.270378568818e-01,4.906025109519e-02,-2.649014811119e-02
"                 111",-3.119384147633e+01,2.132893043119e+00,-3.367297583066e+00,-3.162100846239e+01,2.182764161880e+00,-3.393494125457e+00,-4.271669860572e-01,4.987111876128e-02,-2.619654239104e-02
"                 112",-3.096985445508e+01,2.123871978581e+00,-3.276906160494e+00,-3.139714675075e+01,2.174516886839e+00,-3.302807520449e+00,-4.272922956654e-01,5.064490825781e-02,-2.590135995513e-02
"                 113",-3.074749046859e+01,2.120534119030e+00,-3.177421179038e+00,-3.117489450814e+01,2.171890380627e+00,-3.203052215619e+00,-4.274040395478e-01,5.135626159688e-02,-2.563103658164e-02
"                 114",-3.052584909623e+01,2.119677410213e+00,-3.084708245472e+00,-3.095335711659e+01,2.171649687032e+00,-3.110116472128e+00,-4.275080203659e-01,5.197227681935e-02,-2.540822665590e-02
"                 115",-3.026857426319e+01,2.115147005767e+00,-2.993068923148e+00,-3.069627573368e+01,2.167579915549e+00,-3.018263737325e+00,-4.277014704874e-01,5.243290978220e-02,-2.519481417624e-02
"                 116",-3.002842570824e+01,2.112496294206e+00,-2.896752437673e+00,-3.045649675160e+01,2.165240862167e+00,-2.921718402545e+00,-4.280710433587e-01,5.274456796066e-02,-2.496596487261e-02
"                 117",-2.980909961415e+01,2.107699765324e+00,-2.796380720249e+00,-3.023765079094e+01,2.160642117018e+00,-2.821092982168e+00,-4.285511767896e-01,5.294235169417e-02,-2.471226191911e-02
"                 118",-2.961203495307e+01,2.100829333044e+00,-2.691254393203e+00,-3.004113644217e+01,2.153921048510e+00,-2.715699620760e+00,-4.291014890997e-01,5.309171546584e-02,-2.444522755705e-02
"                 119",-2.944914120043e+01,2.094291680118e+00,-2.590925973155e+00,-2.987882641221e+01,2.147554936699e+00,-2.615070560653e+00,-4.296852117817e-01,5.326325658102e-02,-2.414458749734e-02
"                 120",-2.933496544336e+01,2.097861889950e+00,-2.486434015413e+00,-2.976529106228e+01,2.151314153299e+00,-2.510256757375e+00,-4.303256189183e-01,5.345226334922e-02,-2.382274196219e-02
"                 121",-2.925873583325e+01,2.112173304873e+00,-2.368867157863e+00,-2.968970058811e+01,2.165796155839e+00,-2.392353627296e+00,-4.309647548642e-01,5.362285096567e-02,-2.348646943251e-02
"                 122",-2.920404839237e+01,2.136595940667e+00,-2.231705148214e+00,-2.963566168782e+01,2.190304544839e+00,-2.254829271013e+00,-4.316132954527e-01,5.370860417203e-02,-2.312412279929e-02
"                 123",-2.915525518795e+01,2.162692962688e+00,-2.088993335995e+00,-2.958748630370e+01,2.216386258445e+00,-2.111753010012e+00,-4.322311157419e-01,5.369329575687e-02,-2.275967401662e-02
"                 124",-2.915183808057e+01,2.185980449466e+00,-1.947219797788e+00,-2.958472686088e+01,2.239567176348e+00,-1.969646010596e+00,-4.328887803144e-01,5.358672688227e-02,-2.242621280814e-02
"                 125",-2.917622012004e+01,2.201745680375e+00,-1.811192161645e+00,-2.960983978621e+01,2.255164881055e+00,-1.833330425401e+00,-4.336196661742e-01,5.341920068034e-02,-2.213826375668e-02
"                 126",-2.921571593575e+01,2.215264346139e+00,-1.681911459033e+00,-2.965019853299e+01,2.268500278410e+00,-1.703774761420e+00,-4.344825972423e-01,5.323593227072e-02,-2.186330238721e-02
"                 127",-2.923984309169e+01,2.229655369633e+00,-1.563455548133e+00,-2.967523328758e+01,2.282650348573e+00,-1.585031588750e+00,-4.353901958965e-01,5.299497893993e-02,-2.157604061719e-02
"                 128",-2.926004985757e+01,2.247581584273e+00,-1.447022567384e+00,-2.969635455277e+01,2.300290523939e+00,-1.468279111993e+00,-4.363046951946e-01,5.270893966541e-02,-2.125654460837e-02
"                 129",-2.928545847661e+01,2.265397483045e+00,-1.324051039968e+00,-2.972261267195e+01,2.317739580922e+00,-1.344964564804e+00,-4.371541953450e-01,5.234209787701e-02,-2.091352483580e-02
"                 130",-2.933980773781e+01,2.280075888789e+00,-1.199683826575e+00,-2.977779246530e+01,2.331981375499e+00,-1.220253222567e+00,-4.379847274980e-01,5.190548671028e-02,-2.056939599148e-02
"                 131",-2.940292717087e+01,2.292112939332e+00,-1.082469832403e+00,-2.984170429648e+01,2.343538097840e+00,-1.102714425338e+00,-4.387771256067e-01,5.142515850737e-02,-2.024459293552e-02
"                 132",-2.948195677769e+01,2.305142440091e+00,-9.737480859183e-01,-2.992151264278e+01,2.356056848751e+00,-9.936864132166e-01,-4.395558650859e-01,5.091440865964e-02,-1.993832729837e-02
"                 133",-2.954838960542e+01,2.317889151817e+00,-8.685723179579e-01,-2.998871496068e+01,2.368283981235e+00,-8.882153340545e-01,-4.403253552564e-01,5.039482941808e-02,-1.964301609662e-02
"                 134",-2.962755516737e+01,2.335191809768e+00,-7.610018860978e-01,-3.006864954430e+01,2.385083919285e+00,-7.803688831720e-01,-4.410943769306e-01,4.989210951756e-02,-1.936699707420e-02
"                 135",-2.971837713161e+01,2.358319439356e+00,-6.595476162571e-01,-3.016022297279e+01,2.407669749033e+00,-6.786749125297e-01,-4.418458411834e-01,4.935030967777e-02,-1.912729627257e-02
"                 136",-2.983329044102e+01,2.384177117261e+00,-5.576714622041e-01,-3.027589794452e+01,2.432987302677e+00,-5.765765097372e-01,-4.426075035016e-01,4.881018541636e-02,-1.890504753313e-02
"                 137",-2.995576471950e+01,2.409063094025e+00,-4.581579489102e-01,-3.039913547984e+01,2.457260946817e+00,-4.768414706551e-01,-4.433707603379e-01,4.819785279161e-02,-1.868352174491e-02
"                 138",-3.006235366709e+01,2.428976298412e+00,-3.621042471729e-01,-3.050652615014e+01,2.476573015984e+00,-3.805571195972e-01,-4.441724830548e-01,4.759671757231e-02,-1.845287242428e-02
"                 139",-3.012119695101e+01,2.440250772664e+00,-2.779447978815e-01,-3.056620488849e+01,2.487203350517e+00,-2.961686981029e-01,-4.450079374852e-01,4.695257785304e-02,-1.822390022140e-02
"                 140",-3.016532349433e+01,2.447693376163e+00,-2.024492296454e-01,-3.061122359148e+01,2.494034352727e+00,-2.204514348542e-01,-4.459000971540e-01,4.634097656381e-02,-1.800220520879e-02
"                 141",-3.019758760890e+01,2.451207156236e+00,-1.399720097212e-01,-3.064438502721e+01,2.496885929565e+00,-1.577757610007e-01,-4.467974183103e-01,4.567877332940e-02,-1.780375127944e-02
"                 142",-3.023360077268e+01,2.458066018897e+00,-9.149845204614e-02,-3.068128650083e+01,2.503108655145e+00,-1.091308607669e-01,-4.476857281528e-01,4.504263624781e-02,-1.763240872073e-02
"                 143",-3.025006943097e+01,2.469292372085e+00,-6.018187638240e-02,-3.069858041655e+01,2.513668627223e+00,-7.765574289122e-02,-4.485109855818e-01,4.437625513792e-02,-1.747386650882e-02
"                 144",-3.025089639651e+01,2.487608598016e+00,-3.896890968303e-02,-3.070020298379e+01,2.531376447863e+00,-5.628398387840e-02,-4.493065872762e-01,4.376784984649e-02,-1.731507419537e-02
"                 145",-3.022634836820e+01,2.512661489025e+00,-2.090319433718e-02,-3.067644222539e+01,2.555813530644e+00,-3.806410733692e-02,-4.500938571919e-01,4.315204161875e-02,-1.716091299974e-02
"                 146",-3.018618367481e+01,2.543645589390e+00,8.010775396805e-04,-3.063706485097e+01,2.586232323751e+00,-1.621645084327e-02,-4.508811761547e-01,4.258673436104e-02,-1.701752838295e-02
"                 147",-3.012537196840e+01,2.572829651294e+00,1.692160418273e-02,-3.057704451375e+01,2.614866917070e+00,3.479596636649e-05,-4.516725453459e-01,4.203726577550e-02,-1.688680821637e-02
"                 148",-3.006074760137e+01,2.598698893954e+00,2.177146221644e-02,-3.051320347299e+01,2.640253923998e+00,4.992780796758e-03,-4.524558716270e-01,4.155503004455e-02,-1.677868141968e-02
"                 149",-2.998190576294e+01,2.617462058690e+00,1.985289088181e-02,-3.043514116677e+01,2.658564442146e+00,3.173113170304e-03,-4.532354038289e-01,4.110238345632e-02,-1.667977771151e-02
"                 150",-2.989410791334e+01,2.630878601482e+00,2.343157156825e-02,-3.034811689960e+01,2.671615587047e+00,6.861383139504e-03,-4.540089862638e-01,4.073698556501e-02,-1.657018842874e-02
"                 151",-2.977579787974e+01,2.639585060069e+00,2.386420042586e-02,-3.023056170018e+01,2.679967304173e+00,7.402999723803e-03,-4.547638204425e-01,4.038224410402e-02,-1.646120070205e-02
"                 152",-2.965971353239e+01,2.651532966117e+00,1.375599269236e-02,-3.011520341444e+01,2.691627016402e+00,-2.609045770200e-03,-4.554898820473e-01,4.009405028494e-02,-1.636503846256e-02
"                 153",-2.953776719695e+01,2.667120253605e+00,-5.256521075527e-03,-2.999396638028e+01,2.706943514740e+00,-2.153894518823e-02,-4.561991833312e-01,3.982326113570e-02,-1.628242411271e-02
"                 154",-2.942696385633e+01,2.692143430571e+00,-2.865831886572e-02,-2.988387461317e+01,2.731773743174e+00,-4.488332310065e-02,-4.569107568447e-01,3.963031260321e-02,-1.622500423493e-02
"                 155",-2.931384635670e+01,2.725387781805e+00,-5.912740271598e-02,-2.977147892129e+01,2.764846744316e+00,-7.534368030232e-02,-4.576325645905e-01,3.945896251036e-02,-1.621627758635e-02
"                 156",-2.920954804463e+01,2.767398738265e+00,-1.026882639899e-01,-2.966792133726e+01,2.806753293146e+00,-1.189390621452e-01,-4.583732926308e-01,3.935455488117e-02,-1.625079815533e-02
"                 157",-2.909955625624e+01,2.811848898213e+00,-1.653622560409e-01,-2.955866792787e+01,2.851157092050e+00,-1.817047019639e-01,-4.591116716234e-01,3.930819383672e-02,-1.634244592304e-02
"                 158",-2.899288122581e+01,2.854382879940e+00,-2.457217407487e-01,-2.945273383530e+01,2.893706452098e+00,-2.621999954913e-01,-4.598526094890e-01,3.932357215785e-02,-1.647825474255e-02
"                 159",-2.886935809328e+01,2.892980337240e+00,-3.390596772399e-01,-2.932992602912e+01,2.932378530974e+00,-3.556952789281e-01,-4.605679358351e-01,3.939819373469e-02,-1.663560168821e-02
"                 160",-2.873928417116e+01,2.933091432170e+00,-4.397002774397e-01,-2.920053398829e+01,2.972628696469e+00,-4.564793500048e-01,-4.612498171343e-01,3.953726429905e-02,-1.677907256517e-02
"                 161",-2.859654813752e+01,2.974215706064e+00,-5.437198873918e-01,-2.905843955112e+01,3.013962545164e+00,-5.606395277109e-01,-4.618914135986e-01,3.974683910001e-02,-1.691964031908e-02
"                 162",-2.845180738174e+01,3.017879124258e+00,-6.503162582159e-01,-2.891429681988e+01,3.057934809846e+00,-6.673654170646e-01,-4.624894381392e-01,4.005568558831e-02,-1.704915884874e-02
"                 163",-2.829499999779e+01,3.062126737675e+00,-7.590627805864e-01,-2.875802781296e+01,3.102572715997e+00,-7.762451084123e-01,-4.630278151786e-01,4.044597832262e-02,-1.718232782597e-02
"                 164",-2.813963441580e+01,3.107310413432e+00,-8.758295787179e-01,-2.860313774795e+01,3.148233233919e+00,-8.931477219085e-01,-4.635033321429e-01,4.092282048691e-02,-1.731814319056e-02
"                 165",-2.797115380548e+01,3.152825263381e+00,-1.002696724949e+00,-2.843507750465e+01,3.194289599553e+00,-1.020156684505e+00,-4.639236991679e-01,4.146433617211e-02,-1.745995955650e-02
"                 166",-2.780791500485e+01,3.200748665413e+00,-1.134996365125e+00,-2.827223545476e+01,3.242833588078e+00,-1.152584673104e+00,-4.643204499047e-01,4.208492266479e-02,-1.758830797970e-02
"                 167",-2.764963381225e+01,3.246708530089e+00,-1.266263017004e+00,-2.811434272754e+01,3.289464026179e+00,-1.283983920655e+00,-4.647089152865e-01,4.275549608992e-02,-1.772090365165e-02
"                 168",-2.750459919857e+01,3.287506519424e+00,-1.401267470222e+00,-2.796968752980e+01,3.330984369006e+00,-1.419142619286e+00,-4.650883312276e-01,4.347784958214e-02,-1.787514906475e-02
"                 169",-2.735579595308e+01,3.321359374697e+00,-1.537374699464e+00,-2.782124959957e+01,3.365568055753e+00,-1.555432063642e+00,-4.654536464870e-01,4.420868105679e-02,-1.805736417752e-02
"                 170",-2.721428553423e+01,3.353290462817e+00,-1.671685009492e+00,-2.768010284579e+01,3.398240064227e+00,-1.689943307047e+00,-4.658173115671e-01,4.494960140959e-02,-1.825829755512e-02
"                 171",-2.707655668683e+01,3.386001319436e+00,-1.798900985119e+00,-2.754268735598e+01,3.431669413581e+00,-1.817398988821e+00,-4.661306691515e-01,4.566809414503e-02,-1.849800370219e-02
"                 172",-2.696036887491e+01,3.421012050327e+00,-1.915801875810e+00,-2.742675908875e+01,3.467350295581e+00,-1.934571406676e+00,-4.663902138376e-01,4.633824525334e-02,-1.876953086586e-02
"                 173",-2.685312274685e+01,3.453883226899e+00,-2.018303285820e+00,-2.731971850130e+01,3.500855767113e+00,-2.037378816600e+00,-4.665957544464e-01,4.697254021448e-02,-1.907553077941e-02
"                 174",-2.675588486551e+01,3.483864437636e+00,-2.120260289190e+00,-2.722265445583e+01,3.531417038983e+00,-2.139681333671e+00,-4.667695903273e-01,4.755260134681e-02,-1.942104448117e-02
"                 175",-2.665897562991e+01,3.507389338162e+00,-2.230990893841e+00,-2.712588817569e+01,3.555459124403e+00,-2.250778980891e+00,-4.669125457765e-01,4.806978624148e-02,-1.978808705065e-02
"                 176",-2.657479154866e+01,3.527198254687e+00,-2.352314384149e+00,-2.704183197809e+01,3.575763193362e+00,-2.372427937003e+00,-4.670404294276e-01,4.856493867505e-02,-2.011355285402e-02
"                 177",-2.648867541729e+01,3.543906670964e+00,-2.477016237739e+00,-2.695582301804e+01,3.592955116603e+00,-2.497408872196e+00,-4.671476007581e-01,4.904844563882e-02,-2.039263445670e-02
"                 178",-2.641243211478e+01,3.562341729750e+00,-2.603696598686e+00,-2.687967232715e+01,3.611854097200e+00,-2.624339638980e+00,-4.672402123717e-01,4.951236745026e-02,-2.064304029315e-02
"                 179",-2.633742871323e+01,3.583440129653e+00,-2.722997130142e+00,-2.680472743755e+01,3.633367354177e+00,-2.743892550287e+00,-4.672987243171e-01,4.992722452448e-02,-2.089542014435e-02
"                 180",-2.627932130556e+01,3.606855456353e+00,-2.837854417487e+00,-2.674668128829e+01,3.657148129699e+00,-2.859017804285e+00,-4.673599827279e-01,5.029267334654e-02,-2.116338679762e-02
"                 181",-2.623230284730e+01,3.626955716108e+00,-2.947667807550e+00,-2.669972358447e+01,3.677564012818e+00,-2.969117449771e+00,-4.674207371674e-01,5.060829671045e-02,-2.144964222050e-02
"                 182",-2.620385150428e+01,3.642251315974e+00,-3.061060051503e+00,-2.667137085298e+01,3.693130992585e+00,-3.082771342415e+00,-4.675193486992e-01,5.087967661075e-02,-2.171129091212e-02
"                 183",-2.618600724975e+01,3.652606308403e+00,-3.174917270980e+00,-2.665364768833e+01,3.703717198014e+00,-3.196851768466e+00,-4.676404385840e-01,5.111088961128e-02,-2.193449748632e-02
"                 184",-2.618984552718e+01,3.660906980566e+00,-3.290577393870e+00,-2.665765793172e+01,3.712195674832e+00,-3.312707842024e+00,-4.678124045478e-01,5.128869426591e-02,-2.213044815346e-02
"                 185",-2.619691020505e+01,3.666427427635e+00,-3.402211407697e+00,-2.666487562330e+01,3.717821477138e+00,-3.424534305226e+00,-4.679654182513e-01,5.139404950357e-02,-2.232289752911e-02
"                 186",-2.621941931836e+01,3.671228500053e+00,-3.513358974474e+00,-2.668755930791e+01,3.722671264445e+00,-3.535879759825e+00,-4.681399895463e-01,5.144276439203e-02,-2.252078535134e-02
"                 187",-2.624826184496e+01,3.675355324256e+00,-3.618533477707e+00,-2.671656166600e+01,3.726776366688e+00,-3.641263358099e+00,-4.682998210487e-01,5.142104243205e-02,-2.272988039210e-02
"                 188",-2.628735124613e+01,3.680425571709e+00,-3.716616579823e+00,-2.675585108839e+01,3.731771161042e+00,-3.739589860286e+00,-4.684998422641e-01,5.134558933355e-02,-2.297328046329e-02
"                 189",-2.632090637171e+01,3.684719758147e+00,-3.805370478535e+00,-2.678958268181e+01,3.735942655043e+00,-3.828597234369e+00,-4.686763100946e-01,5.122289689619e-02,-2.322675583413e-02
"                 190",-2.636100058986e+01,3.688904255859e+00,-3.894307212833e+00,-2.682987296386e+01,3.739984570089e+00,-3.917786037661e+00,-4.688723740035e-01,5.108031423040e-02,-2.347882482708e-02
"                 191",-2.639780727816e+01,3.690326947850e+00,-3.983522637818e+00,-2.686684747898e+01,3.741234606534e+00,-4.007230424582e+00,-4.690402008175e-01,5.090765868448e-02,-2.370778676416e-02
"                 192",-2.644408657150e+01,3.688972089819e+00,-4.079692354785e+00,-2.691335224187e+01,3.739695529650e+00,-4.103609664336e+00,-4.692656703607e-01,5.072343983130e-02,-2.391730955056e-02
"                 193",-2.648540041481e+01,3.684709252222e+00,-4.171736992120e+00,-2.695487252932e+01,3.735222973252e+00,-4.195843634516e+00,-4.694721145185e-01,5.051372103033e-02,-2.410664239574e-02
"                 194",-2.653636402275e+01,3.680772910562e+00,-4.261053454626e+00,-2.700611142288e+01,3.731078432048e+00,-4.285339660370e+00,-4.697474001319e-01,5.030552148633e-02,-2.428620574439e-02
"                 195",-2.658292123394e+01,3.676307041217e+00,-4.339420935662e+00,-2.705293333006e+01,3.726400052079e+00,-4.363876040800e+00,-4.700120961228e-01,5.009301086200e-02,-2.445510513793e-02
"                 196",-2.663664201449e+01,3.673309767592e+00,-4.412684003815e+00,-2.710699537806e+01,3.723199236002e+00,-4.437319476471e+00,-4.703533635633e-01,4.988946841032e-02,-2.463547265609e-02
"                 197",-2.668208121265e+01,3.671692684253e+00,-4.471158908480e+00,-2.715276214504e+01,3.721381714589e+00,-4.495949181753e+00,-4.706809323865e-01,4.968903033573e-02,-2.479027327307e-02
"                 198",-2.673847774465e+01,3.671007217657e+00,-4.526101292471e+00,-2.720955608025e+01,3.720535829807e+00,-4.551015056439e+00,-4.710783355922e-01,4.952861215022e-02,-2.491376396781e-02
"                 199",-2.677587832752e+01,3.669906849296e+00,-4.568657699664e+00,-2.724732101940e+01,3.719301266355e+00,-4.593643805814e+00,-4.714426918808e-01,4.939441705832e-02,-2.498610615051e-02
"                 200",-2.681275272998e+01,3.670011122627e+00,-4.605958534194e+00,-2.728460907223e+01,3.719297954090e+00,-4.631001324792e+00,-4.718563422499e-01,4.928683146382e-02,-2.504279059852e-02
"                 201",-2.684541345605e+01,3.669150699620e+00,-4.638389803699e+00,-2.731764901412e+01,3.718332441120e+00,-4.663483525328e+00,-4.722355580639e-01,4.918174150072e-02,-2.509372162870e-02
"                 202",-2.689867511368e+01,3.667634537505e+00,-4.674431279374e+00,-2.737133135150e+01,3.716747634691e+00,-4.699571726663e+00,-4.726562378194e-01,4.911309718564e-02,-2.514044728895e-02
"                 203",-2.693986417464e+01,3.666328621909e+00,-4.700913867828e+00,-2.741289767191e+01,3.715391885194e+00,-4.726091644298e+00,-4.730334972681e-01,4.906326328446e-02,-2.517777646995e-02
"                 204",-2.697357949746e+01,3.667978632891e+00,-4.720057157255e+00,-2.744701124375e+01,3.717025210685e+00,-4.745274654819e+00,-4.734317462926e-01,4.904657779396e-02,-2.521749756412e-02
"                 205",-2.700669345525e+01,3.670054787886e+00,-4.731519664982e+00,-2.748051009247e+01,3.719081580274e+00,-4.756808539725e+00,-4.738166372211e-01,4.902679238866e-02,-2.528887474324e-02
"                 206",-2.703706403312e+01,3.673011337443e+00,-4.737767510565e+00,-2.751128813168e+01,3.722018283495e+00,-4.763187224997e+00,-4.742240985595e-01,4.900694605182e-02,-2.541971443251e-02
"                 207",-2.705752988385e+01,3.673018841652e+00,-4.738201958454e+00,-2.753214835284e+01,3.721995759930e+00,-4.763785917413e+00,-4.746184689875e-01,4.897691827736e-02,-2.558395895865e-02
"                 208",-2.707976910439e+01,3.670614295268e+00,-4.742150046538e+00,-2.755479776989e+01,3.719595810826e+00,-4.767887578343e+00,-4.750286654994e-01,4.898151555771e-02,-2.573753180422e-02
"                 209",-2.709460992905e+01,3.664622519335e+00,-4.745589810621e+00,-2.757003138537e+01,3.713628531279e+00,-4.771436953732e+00,-4.754214563172e-01,4.900601194468e-02,-2.584714311061e-02
"                 210",-2.711203653868e+01,3.658209114635e+00,-4.751080053972e+00,-2.758785042814e+01,3.707289869802e+00,-4.776991544727e+00,-4.758138894545e-01,4.908075516732e-02,-2.591149075571e-02
"                 211",-2.712345619144e+01,3.651388731816e+00,-4.746243667279e+00,-2.759963933729e+01,3.700562928337e+00,-4.772191529635e+00,-4.761831458538e-01,4.917419652106e-02,-2.594786235552e-02
"                 212",-2.713494831647e+01,3.648312162045e+00,-4.729758123641e+00,-2.761148599706e+01,3.697617949413e+00,-4.755711094402e+00,-4.765376805960e-01,4.930578736830e-02,-2.595297076088e-02
"                 213",-2.714329701386e+01,3.647544169329e+00,-4.694958415190e+00,-2.762017181658e+01,3.696976572483e+00,-4.720890575642e+00,-4.768748027228e-01,4.943240315426e-02,-2.593216045139e-02
"                 214",-2.715038168431e+01,3.649758497074e+00,-4.651624289595e+00,-2.762759340180e+01,3.699341029576e+00,-4.677501135981e+00,-4.772117174915e-01,4.958253250207e-02,-2.587684638531e-02
"                 215",-2.715044830731e+01,3.650056573620e+00,-4.601862166665e+00,-2.762799016047e+01,3.699784987106e+00,-4.627632704453e+00,-4.775418531612e-01,4.972841348636e-02,-2.577053778800e-02
"                 216",-2.715492072822e+01,3.647941685042e+00,-4.557551930528e+00,-2.763279398186e+01,3.697820243842e+00,-4.583184491650e+00,-4.778732536415e-01,4.987855879976e-02,-2.563256112174e-02
"                 217",-2.715432726311e+01,3.642053986682e+00,-4.510448710035e+00,-2.763252087665e+01,3.692046712669e+00,-4.535946816159e+00,-4.781936135481e-01,4.999272598703e-02,-2.549810612389e-02
"                 218",-2.715898459238e+01,3.636580833765e+00,-4.460780413863e+00,-2.763751592354e+01,3.686658918144e+00,-4.486154155363e+00,-4.785313311560e-01,5.007808437868e-02,-2.537374149995e-02
"                 219",-2.715794158078e+01,3.631062589902e+00,-4.400438055474e+00,-2.763681704541e+01,3.681182282795e+00,-4.425695069479e+00,-4.788754646367e-01,5.011969289303e-02,-2.525701400523e-02
"                 220",-2.716123643504e+01,3.627381697424e+00,-4.334872834910e+00,-2.764047099277e+01,3.677524697790e+00,-4.360001453939e+00,-4.792345577253e-01,5.014300036634e-02,-2.512861902929e-02
"                 221",-2.715780322683e+01,3.623688320264e+00,-4.258520937947e+00,-2.763740598109e+01,3.673824382496e+00,-4.283514307479e+00,-4.796027542653e-01,5.013606223186e-02,-2.499336953224e-02
"                 222",-2.715850869606e+01,3.622246912602e+00,-4.176242744632e+00,-2.763848247383e+01,3.672361893633e+00,-4.201092113031e+00,-4.799737777692e-01,5.011498103170e-02,-2.484936839954e-02
"                 223",-2.714769680807e+01,3.620405031349e+00,-4.085039575535e+00,-2.762802795611e+01,3.670458971173e+00,-4.109745948129e+00,-4.803311480373e-01,5.005393982416e-02,-2.470637259450e-02
"                 224",-2.713690405125e+01,3.617662920105e+00,-3.994184545666e+00,-2.761759155588e+01,3.667638288461e+00,-4.018713048286e+00,-4.806875046319e-01,4.997536835685e-02,-2.452850262014e-02
"                 225",-2.711990231644e+01,3.608698841687e+00,-3.901777662803e+00,-2.760096362104e+01,3.658570602835e+00,-3.926078015165e+00,-4.810613045996e-01,4.987176114802e-02,-2.430035236206e-02
"                 226",-2.710646516283e+01,3.594123796696e+00,-3.818527429555e+00,-2.758791833756e+01,3.643865038884e+00,-3.842562335933e+00,-4.814531747295e-01,4.974124218792e-02,-2.403490637789e-02
"                 227",-2.708683876168e+01,3.572080423462e+00,-3.738113801535e+00,-2.756870024429e+01,3.621626364567e+00,-3.761898230188e+00,-4.818614826102e-01,4.954594110427e-02,-2.378442865344e-02
"                 228",-2.706968735451e+01,3.549326397300e+00,-3.660809711395e+00,-2.755195320080e+01,3.598617720416e+00,-3.684361256092e+00,-4.822658462815e-01,4.929132311596e-02,-2.355154469788e-02
"                 229",-2.704479531221e+01,3.525394583120e+00,-3.573990265625e+00,-2.752746449937e+01,3.574369095334e+00,-3.597320548295e+00,-4.826691871596e-01,4.897451221456e-02,-2.333028266952e-02
"                 230",-2.702327320075e+01,3.502487047891e+00,-3.482844786823e+00,-2.750634173508e+01,3.551101924236e+00,-3.505941071287e+00,-4.830685343270e-01,4.861487634534e-02,-2.309628446385e-02
"                 231",-2.699857452401e+01,3.475025375790e+00,-3.383829032401e+00,-2.748205186742e+01,3.523254593969e+00,-3.406661788756e+00,-4.834773434089e-01,4.822921817888e-02,-2.283275635484e-02
"                 232",-2.697740827415e+01,3.444714674373e+00,-3.290091707016e+00,-2.746128870978e+01,3.492533975866e+00,-3.312645993351e+00,-4.838804356232e-01,4.781930149221e-02,-2.255428633550e-02
"                 233",-2.695199059156e+01,3.408736367512e+00,-3.196870114676e+00,-2.743627010949e+01,3.456089690468e+00,-3.219174620478e+00,-4.842795179251e-01,4.735332295643e-02,-2.230450580140e-02
"                 234",-2.693410951588e+01,3.372025190302e+00,-3.110189640232e+00,-2.741878342046e+01,3.418871915332e+00,-3.132250068288e+00,-4.846739045838e-01,4.684672503021e-02,-2.206042805648e-02
"                 235",-2.691715088456e+01,3.335612216224e+00,-3.012220802077e+00,-2.740224359746e+01,3.381933673574e+00,-3.034016706692e+00,-4.850927129052e-01,4.632145734968e-02,-2.179590461436e-02
"                 236",-2.690831151820e+01,3.304032990397e+00,-2.905906781450e+00,-2.739383121991e+01,3.349823411902e+00,-2.927404750289e+00,-4.855197017172e-01,4.579042150575e-02,-2.149796883826e-02
"                 237",-2.689786022773e+01,3.270754872044e+00,-2.788781217112e+00,-2.738381016068e+01,3.315985468841e+00,-2.809979471836e+00,-4.859499329515e-01,4.523059679738e-02,-2.119825472308e-02
"                 238",-2.689282153980e+01,3.237622515236e+00,-2.674050695868e+00,-2.737918428055e+01,3.282265139811e+00,-2.694951243794e+00,-4.863627407481e-01,4.464262457416e-02,-2.090054792551e-02
"                 239",-2.688504849985e+01,3.202275550552e+00,-2.553063879533e+00,-2.737181075000e+01,3.246308378572e+00,-2.573666175836e+00,-4.867622501500e-01,4.403282802022e-02,-2.060229630319e-02
"                 240",-2.688306027457e+01,3.169692402047e+00,-2.436338784974e+00,-2.737020034522e+01,3.213129028621e+00,-2.456603327228e+00,-4.871400706483e-01,4.343662657379e-02,-2.026454225346e-02
"                 241",-2.687570749191e+01,3.135912216811e+00,-2.315877392913e+00,-2.736323180782e+01,3.178763338164e+00,-2.335756135491e+00,-4.875243159082e-01,4.285112135235e-02,-1.987874257755e-02
"                 242",-2.687006594411e+01,3.102060194611e+00,-2.204592988516e+00,-2.735797401136e+01,3.144359269014e+00,-2.224034292850e+00,-4.879080672500e-01,4.229907440306e-02,-1.944130433362e-02
"                 243",-2.685633846547e+01,3.063373146461e+00,-2.098220608813e+00,-2.734462725091e+01,3.105114117700e+00,-2.117235432146e+00,-4.882887854415e-01,4.174097123941e-02,-1.901482333259e-02
"                 244",-2.685189921443e+01,3.023668860679e+00,-2.007076925826e+00,-2.734054354774e+01,3.064851396152e+00,-2.025693153884e+00,-4.886443333173e-01,4.118253547231e-02,-1.861622805851e-02
"                 245",-2.684959585087e+01,2.983599298435e+00,-1.916084543821e+00,-2.733858008151e+01,3.024216245850e+00,-1.934319675017e+00,-4.889842306391e-01,4.061694741486e-02,-1.823513119567e-02
"                 246",-2.685461318846e+01,2.951331905813e+00,-1.828380662787e+00,-2.734392373375e+01,2.991412655754e+00,-1.846214474275e+00,-4.893105452831e-01,4.008074994101e-02,-1.783381148818e-02
"                 247",-2.685495246192e+01,2.923477973057e+00,-1.731673341225e+00,-2.734458583750e+01,2.963031479532e+00,-1.749106358139e+00,-4.896333755841e-01,3.955350647544e-02,-1.743301691432e-02
"                 248",-2.685753343736e+01,2.898088480524e+00,-1.640366177411e+00,-2.734747485513e+01,2.937128976883e+00,-1.657422945022e+00,-4.899414177625e-01,3.904049635935e-02,-1.705676761155e-02
"                 249",-2.685803395452e+01,2.868143281593e+00,-1.553549836063e+00,-2.734829030965e+01,2.906651843535e+00,-1.570277727968e+00,-4.902563551301e-01,3.850856194145e-02,-1.672789190537e-02
"                 250",-2.687130782855e+01,2.837859138542e+00,-1.478211161275e+00,-2.736189522628e+01,2.875853000633e+00,-1.494624154971e+00,-4.905873977224e-01,3.799386209155e-02,-1.641299369588e-02
"                 251",-2.688748999184e+01,2.806436354781e+00,-1.405708556790e+00,-2.737843000258e+01,2.843922825520e+00,-1.421819042538e+00,-4.909400107340e-01,3.748647073922e-02,-1.611048574804e-02
"                 252",-2.690801274527e+01,2.779847414718e+00,-1.337511069134e+00,-2.739932135062e+01,2.816866155697e+00,-1.353306025241e+00,-4.913086053574e-01,3.701874097925e-02,-1.579495610707e-02
"                 253",-2.691715009618e+01,2.756686884476e+00,-1.265031763303e+00,-2.740883811692e+01,2.793250889383e+00,-1.280528257220e+00,-4.916880207355e-01,3.656400490701e-02,-1.549649391626e-02
"                 254",-2.692425166650e+01,2.739443361341e+00,-1.194583106382e+00,-2.741629424286e+01,2.775575297348e+00,-1.209806324488e+00,-4.920425763622e-01,3.613193600672e-02,-1.522321810595e-02
"                 255",-2.692538830510e+01,2.724106371598e+00,-1.119911116631e+00,-2.741777139089e+01,2.759820927747e+00,-1.134876154477e+00,-4.923830857877e-01,3.571455614895e-02,-1.496503784543e-02
"                 256",-2.694046982336e+01,2.715578417803e+00,-1.053258590868e+00,-2.743319083240e+01,2.750926611485e+00,-1.067932909111e+00,-4.927210090418e-01,3.534819368214e-02,-1.467431824317e-02
"                 257",-2.695625760033e+01,2.710047990701e+00,-9.847347653974e-01,-2.744934105782e+01,2.745066930258e+00,-9.990874932936e-01,-4.930834574840e-01,3.501893955677e-02,-1.435272789616e-02
"                 258",-2.697441506588e+01,2.708803401770e+00,-9.218241922511e-01,-2.746787620150e+01,2.743549090662e+00,-9.358318071487e-01,-4.934611356259e-01,3.474568889267e-02,-1.400761489756e-02
"                 259",-2.698131397510e+01,2.705407485121e+00,-8.610262970400e-01,-2.747517080868e+01,2.739895519424e+00,-8.747111720659e-01,-4.938568335810e-01,3.448803430251e-02,-1.368487502591e-02
"                 260",-2.698869652267e+01,2.701220523494e+00,-8.189243679866e-01,-2.748294491014e+01,2.735472238396e+00,-8.323205812271e-01,-4.942483874717e-01,3.425171490127e-02,-1.339621324042e-02
"                 261",-2.698939391004e+01,2.693678669683e+00,-7.862368135397e-01,-2.748404189283e+01,2.727684179722e+00,-7.993888397760e-01,-4.946479827906e-01,3.400551003895e-02,-1.315202623632e-02
"                 262",-2.699399634898e+01,2.690548176219e+00,-7.627889898662e-01,-2.748903908142e+01,2.724335740950e+00,-7.757205974294e-01,-4.950427324373e-01,3.378756473114e-02,-1.293160756311e-02
"                 263",-2.699099384854e+01,2.692591745974e+00,-7.313802965620e-01,-2.748642880048e+01,2.726175121040e+00,-7.441171478044e-01,-4.954349519474e-01,3.358337506563e-02,-1.273685124240e-02
"                 264",-2.699114887998e+01,2.702483550897e+00,-7.003084000903e-01,-2.748696221831e+01,2.735906452855e+00,-7.128511196275e-01,-4.958133383290e-01,3.342290195752e-02,-1.254271953726e-02
"                 265",-2.698817307853e+01,2.713878739168e+00,-6.659681216338e-01,-2.748437229549e+01,2.747164920965e+00,-6.783114987491e-01,-4.961992169566e-01,3.328618179688e-02,-1.234337711526e-02
"                 266",-2.698872497813e+01,2.726382222074e+00,-6.405432798365e-01,-2.748529688507e+01,2.759573794291e+00,-6.526851400949e-01,-4.965719069376e-01,3.319157221690e-02,-1.214186025838e-02
"                 267",-2.698649606283e+01,2.735460004120e+00,-6.229914085794e-01,-2.748342674823e+01,2.768553259547e+00,-6.349641338901e-01,-4.969306854072e-01,3.309325542676e-02,-1.197272531070e-02
"                 268",-2.698976538257e+01,2.745090467470e+00,-6.225317790487e-01,-2.748703004209e+01,2.778104585274e+00,-6.343679906638e-01,-4.972646595222e-01,3.301411780455e-02,-1.183621161512e-02
"                 269",-2.698483153667e+01,2.753481983392e+00,-6.251734107996e-01,-2.748242931683e+01,2.786405695756e+00,-6.369254645645e-01,-4.975977801600e-01,3.292371236343e-02,-1.175205376496e-02
"                 270",-2.697957619430e+01,2.765687656447e+00,-6.306288672533e-01,-2.747750139701e+01,2.798546599268e+00,-6.423208429150e-01,-4.979252027093e-01,3.285894282038e-02,-1.169197566174e-02
"                 271",-2.696658032210e+01,2.778805509650e+00,-6.307767349841e-01,-2.746485179782e+01,2.811614557272e+00,-6.424193122545e-01,-4.982714757164e-01,3.280904762127e-02,-1.164257727043e-02
"                 272",-2.696036902450e+01,2.795551716565e+00,-6.349906297702e-01,-2.745900543175e+01,2.828356631344e+00,-6.465653899336e-01,-4.986364072490e-01,3.280491477921e-02,-1.157476016337e-02
"                 273",-2.695218545138e+01,2.812244906379e+00,-6.381821503269e-01,-2.745122428125e+01,2.845061202611e+00,-6.496860992450e-01,-4.990388298633e-01,3.281629623195e-02,-1.150394891810e-02
"                 274",-2.694785535332e+01,2.833510045367e+00,-6.445107507353e-01,-2.744732178613e+01,2.866378549823e+00,-6.559274689460e-01,-4.994664328125e-01,3.286850445674e-02,-1.141671821075e-02
"                 275",-2.693318985918e+01,2.855904486246e+00,-6.442589063254e-01,-2.743311708193e+01,2.888842852286e+00,-6.555766057834e-01,-4.999272227410e-01,3.293836603947e-02,-1.131769945791e-02
"                 276",-2.691640788552e+01,2.880379843719e+00,-6.465819055422e-01,-2.741680954079e+01,2.913428763650e+00,-6.577726081361e-01,-5.004016552678e-01,3.304891993156e-02,-1.119070259396e-02
"                 277",-2.689005658013e+01,2.900847904715e+00,-6.508426877748e-01,-2.739095366935e+01,2.934010094326e+00,-6.619138456111e-01,-5.008970892160e-01,3.316218961173e-02,-1.107115783634e-02
"                 278",-2.686560166287e+01,2.918650538489e+00,-6.693373674895e-01,-2.736698048813e+01,2.951937337418e+00,-6.803205645378e-01,-5.013788252600e-01,3.328679892944e-02,-1.098319704833e-02
"                 279",-2.683490329392e+01,2.932583449197e+00,-6.935647963101e-01,-2.733675797516e+01,2.965982352004e+00,-7.045110974915e-01,-5.018546812352e-01,3.339890280716e-02,-1.094630118145e-02
"                 280",-2.680698097128e+01,2.951285784169e+00,-7.205129099110e-01,-2.730930255716e+01,2.984834161674e+00,-7.314223707234e-01,-5.023215858780e-01,3.354837750449e-02,-1.090946081244e-02
"                 281",-2.677212380327e+01,2.974018001275e+00,-7.374247192498e-01,-2.727492590283e+01,3.007736841468e+00,-7.482997231286e-01,-5.028020995608e-01,3.371884019359e-02,-1.087500387884e-02
"                 282",-2.674218137938e+01,3.001344702452e+00,-7.533456264032e-01,-2.724546000591e+01,3.035269406160e+00,-7.641784573750e-01,-5.032786265336e-01,3.392470370747e-02,-1.083283097184e-02
"                 283",-2.670944279795e+01,3.027497532706e+00,-7.667182259740e-01,-2.721319424393e+01,3.061627200731e+00,-7.775279088708e-01,-5.037514459839e-01,3.412966802597e-02,-1.080968289685e-02
"                 284",-2.668215827315e+01,3.053989013022e+00,-7.889487999870e-01,-2.718636386396e+01,3.088329471166e+00,-7.997593452001e-01,-5.042055908098e-01,3.434045814339e-02,-1.081054521317e-02
"                 285",-2.664709446701e+01,3.078503899626e+00,-8.123843436277e-01,-2.715177091205e+01,3.113053586481e+00,-8.232153845878e-01,-5.046764450463e-01,3.454968685524e-02,-1.083104096009e-02
"                 286",-2.661270686535e+01,3.105323989543e+00,-8.412397166587e-01,-2.711786684474e+01,3.140121649547e+00,-8.520664574254e-01,-5.051599793886e-01,3.479766000377e-02,-1.082674076674e-02
"                 287",-2.657080902726e+01,3.132682582576e+00,-8.647423199908e-01,-2.707648454664e+01,3.167758481454e+00,-8.755412720235e-01,-5.056755193845e-01,3.507589887876e-02,-1.079895203273e-02
"                 288",-2.653222878926e+01,3.164283461941e+00,-8.865884075955e-01,-2.703843383464e+01,3.199666040317e+00,-8.973378587222e-01,-5.062050453799e-01,3.538257837681e-02,-1.074945112672e-02
"                 289",-2.648823293886e+01,3.195245403095e+00,-9.023167617668e-01,-2.699498380649e+01,3.230931980101e+00,-9.130355172745e-01,-5.067508676325e-01,3.568657700628e-02,-1.071875550770e-02
"                 290",-2.644925240583e+01,3.226965571079e+00,-9.230188702417e-01,-2.695653934217e+01,3.262951066102e+00,-9.337343395093e-01,-5.072869363399e-01,3.598549502368e-02,-1.071546926757e-02
"                 291",-2.640531087270e+01,3.255617763346e+00,-9.435805664563e-01,-2.691314094942e+01,3.291893068803e+00,-9.543180530804e-01,-5.078300767189e-01,3.627530545693e-02,-1.073748662407e-02
"                 292",-2.636411853743e+01,3.285037662984e+00,-9.703615459857e-01,-2.687248066651e+01,3.321624397862e+00,-9.811037258575e-01,-5.083621290857e-01,3.658673487845e-02,-1.074217987178e-02
"                 293",-2.631718264882e+01,3.312406497939e+00,-9.973328021509e-01,-2.682607062245e+01,3.349312660622e+00,-1.008084280836e+00,-5.088879736354e-01,3.690616268333e-02,-1.075147868543e-02
"                 294",-2.627593273697e+01,3.340061970031e+00,-1.032955543426e+00,-2.678530898882e+01,3.377295649019e+00,-1.043724935970e+00,-5.093762518539e-01,3.723367898851e-02,-1.076939254395e-02
"                 295",-2.623335755888e+01,3.363752828461e+00,-1.070751993820e+00,-2.674320387348e+01,3.401304752914e+00,-1.081567874106e+00,-5.098463145965e-01,3.755192445318e-02,-1.081588028684e-02
"                 296",-2.619683055743e+01,3.386108567424e+00,-1.115818996650e+00,-2.670711439135e+01,3.423995052539e+00,-1.126682653825e+00,-5.102838339145e-01,3.788648511512e-02,-1.086365717472e-02
"                 297",-2.615526043407e+01,3.405949036369e+00,-1.157562527389e+00,-2.666596767712e+01,3.444175153453e+00,-1.168479063635e+00,-5.107072430524e-01,3.822611708337e-02,-1.091653624588e-02
"                 298",-2.611628183483e+01,3.428184368970e+00,-1.199695212320e+00,-2.662737518354e+01,3.466775964384e+00,-1.210650577059e+00,-5.110933487055e-01,3.859159541366e-02,-1.095536473955e-02
"                 299",-2.607236362918e+01,3.451004543380e+00,-1.234148757338e+00,-2.658381933572e+01,3.489960680967e+00,-1.245146077828e+00,-5.114557065404e-01,3.895613758701e-02,-1.099732048945e-02
"                 300",-2.603233919045e+01,3.477804009353e+00,-1.267470322058e+00,-2.654410702014e+01,3.517140326360e+00,-1.278510799634e+00,-5.117678296969e-01,3.933631700726e-02,-1.104047757565e-02
"                 301",-2.598773738406e+01,3.503959483756e+00,-1.294954144465e+00,-2.649980513770e+01,3.543672539452e+00,-1.306047528678e+00,-5.120677536417e-01,3.971305569640e-02,-1.109338421270e-02
"                 302",-2.594817968297e+01,3.531959549858e+00,-1.324225697354e+00,-2.646053727383e+01,3.572072612357e+00,-1.335354455891e+00,-5.123575908573e-01,4.011306249958e-02,-1.112875853707e-02
"                 303",-2.590605358266e+01,3.557986415442e+00,-1.349842275348e+00,-2.641873163558e+01,3.598501337576e+00,-1.361000438918e+00,-5.126780529195e-01,4.051492213407e-02,-1.115816357029e-02
"                 304",-2.586909457543e+01,3.585127944351e+00,-1.378010135242e+00,-2.638210481742e+01,3.626057137701e+00,-1.389194381791e+00,-5.130102419969e-01,4.092919335033e-02,-1.118424654895e-02
"                 305",-2.582624609448e+01,3.610418220058e+00,-1.402438053721e+00,-2.633962165288e+01,3.651751394249e+00,-1.413666376833e+00,-5.133755584049e-01,4.133317419088e-02,-1.122832311203e-02
"                 306",-2.578331340237e+01,3.636616332179e+00,-1.429433657515e+00,-2.629706205768e+01,3.678364393066e+00,-1.440701156977e+00,-5.137486553076e-01,4.174806088743e-02,-1.126749946233e-02
"                 307",-2.573064687845e+01,3.659257006067e+00,-1.455772780494e+00,-2.624479375683e+01,3.701408183469e+00,-1.467087382964e+00,-5.141468783872e-01,4.215117740209e-02,-1.131460246954e-02
"                 308",-2.568026742445e+01,3.681808664708e+00,-1.487141135715e+00,-2.619481056775e+01,3.724376416238e+00,-1.498493873486e+00,-5.145431432934e-01,4.256775152992e-02,-1.135273777141e-02
"                 309",-2.562636066909e+01,3.701552058486e+00,-1.517580606487e+00,-2.614129594642e+01,3.744507943202e+00,-1.529003254142e+00,-5.149352773288e-01,4.295588471634e-02,-1.142264765510e-02
"                 310",-2.558059680536e+01,3.722253913028e+00,-1.552787453222e+00,-2.609588911767e+01,3.765583414314e+00,-1.564300977670e+00,-5.152923123051e-01,4.332950128632e-02,-1.151352444856e-02
"                 311",-2.553360576075e+01,3.741994629642e+00,-1.585024614962e+00,-2.604925176925e+01,3.785677560397e+00,-1.596636285728e+00,-5.156460084998e-01,4.368293075470e-02,-1.161167076633e-02
"                 312",-2.549227435298e+01,3.764192206004e+00,-1.618623493021e+00,-2.600824984631e+01,3.808237983179e+00,-1.630314675866e+00,-5.159754933341e-01,4.404577717502e-02,-1.169118284487e-02
"                 313",-2.544491623955e+01,3.784364342907e+00,-1.647490237158e+00,-2.596121352711e+01,3.828755529778e+00,-1.659259144094e+00,-5.162972875532e-01,4.439118687063e-02,-1.176890693626e-02
"                 314",-2.540119749629e+01,3.805720996158e+00,-1.676106843509e+00,-2.591778423036e+01,3.850465371671e+00,-1.687937880650e+00,-5.165867340711e-01,4.474437551369e-02,-1.183103714074e-02
"                 315",-2.535235685812e+01,3.825845555148e+00,-1.697882768955e+00,-2.586920605273e+01,3.870912846290e+00,-1.709795823646e+00,-5.168491946088e-01,4.506729114160e-02,-1.191305469099e-02
"                 316",-2.530971117857e+01,3.848085691989e+00,-1.717590382652e+00,-2.582677777574e+01,3.893463268108e+00,-1.729606241648e+00,-5.170665971767e-01,4.537757611919e-02,-1.201585899571e-02
"                 317",-2.526474809902e+01,3.869942725308e+00,-1.731219530698e+00,-2.578202820153e+01,3.915597812006e+00,-1.743359285257e+00,-5.172801025131e-01,4.565508669890e-02,-1.213975455869e-02
"                 318",-2.522739623061e+01,3.893970560599e+00,-1.746608684391e+00,-2.574488533878e+01,3.939899913785e+00,-1.758869536788e+00,-5.174891081629e-01,4.592935318678e-02,-1.226085239770e-02
"                 319",-2.518674483984e+01,3.915948002212e+00,-1.759016058113e+00,-2.570446994814e+01,3.962129511971e+00,-1.771403949318e+00,-5.177251083004e-01,4.618150975881e-02,-1.238789120518e-02
"                 320",-2.515248305129e+01,3.938998574512e+00,-1.773438296532e+00,-2.567045710337e+01,3.985430413220e+00,-1.785951296605e+00,-5.179740520889e-01,4.643183870763e-02,-1.251300007237e-02
"                 321",-2.511368635655e+01,3.959534991032e+00,-1.783690392728e+00,-2.563193813305e+01,4.006185792184e+00,-1.796349547118e+00,-5.182517765034e-01,4.665080115221e-02,-1.265915439021e-02
"                 322",-2.507926316583e+01,3.980509430656e+00,-1.796805153555e+00,-2.559779812369e+01,4.027367343730e+00,-1.809621504148e+00,-5.185349578615e-01,4.685791307459e-02,-1.281635059287e-02
"                 323",-2.503937400234e+01,3.999875054553e+00,-1.805547509867e+00,-2.555820668704e+01,4.046918403748e+00,-1.818526101100e+00,-5.188326846939e-01,4.704334919478e-02,-1.297859123349e-02
"                 324",-2.500618169934e+01,4.020826065100e+00,-1.814473926764e+00,-2.552530920614e+01,4.068064846521e+00,-1.827580242496e+00,-5.191275068042e-01,4.723878142165e-02,-1.310631573236e-02
"                 325",-2.497066866740e+01,4.039120866912e+00,-1.817999975733e+00,-2.549010759514e+01,4.086546650657e+00,-1.831207682327e+00,-5.194389277428e-01,4.742578374519e-02,-1.320770659487e-02
"                 326",-2.494345192028e+01,4.057061642449e+00,-1.822778928188e+00,-2.546318605096e+01,4.104674963278e+00,-1.836070461700e+00,-5.197341306737e-01,4.761332082992e-02,-1.329153351146e-02
"                 327",-2.491377958161e+01,4.072406191680e+00,-1.823186236190e+00,-2.543380144257e+01,4.120179109078e+00,-1.836576249441e+00,-5.200218609578e-01,4.777291739861e-02,-1.339001325084e-02
"                 328",-2.489110812507e+01,4.088910903409e+00,-1.824316811609e+00,-2.541139257932e+01,4.136841470340e+00,-1.837792841812e+00,-5.202844542511e-01,4.793056693104e-02,-1.347603020224e-02
"                 329",-2.486605762295e+01,4.102983785074e+00,-1.822907194085e+00,-2.538659204867e+01,4.151051711489e+00,-1.836467709522e+00,-5.205344257202e-01,4.806792641529e-02,-1.356051543756e-02
"                 330",-2.484923207741e+01,4.116774204194e+00,-1.825639821928e+00,-2.536998146335e+01,4.164981183139e+00,-1.839267824009e+00,-5.207493859399e-01,4.820697894527e-02,-1.362800208085e-02
"                 331",-2.482996308684e+01,4.126815939356e+00,-1.827651100035e+00,-2.535091328365e+01,4.175136555972e+00,-1.841357414508e+00,-5.209501968085e-01,4.832061661610e-02,-1.370631447379e-02
"                 332",-2.481716994536e+01,4.136905091200e+00,-1.832422064424e+00,-2.533829165254e+01,4.185319558308e+00,-1.846234216778e+00,-5.211217071770e-01,4.841446710738e-02,-1.381215235382e-02
"                 333",-2.480066629415e+01,4.144874017294e+00,-1.833327729730e+00,-2.532195728897e+01,4.193342056651e+00,-1.847284286451e+00,-5.212909948220e-01,4.846803935759e-02,-1.395655672161e-02
"                 334",-2.479051975831e+01,4.154590291026e+00,-1.834393489591e+00,-2.531197774066e+01,4.203106776193e+00,-1.848494379523e+00,-5.214579823464e-01,4.851648516753e-02,-1.410088993221e-02
"                 335",-2.477685100392e+01,4.163009650899e+00,-1.830336180341e+00,-2.529850144147e+01,4.211559913559e+00,-1.844570320918e+00,-5.216504375567e-01,4.855026265978e-02,-1.423414057725e-02
"                 336",-2.477166087527e+01,4.173481890632e+00,-1.827681015319e+00,-2.529351967827e+01,4.222069776216e+00,-1.842031704160e+00,-5.218588030003e-01,4.858788558477e-02,-1.435068884182e-02
"                 337",-2.476393856239e+01,4.181088216042e+00,-1.822617624125e+00,-2.528603348214e+01,4.229687369180e+00,-1.837093910432e+00,-5.220949197496e-01,4.859915313725e-02,-1.447628630730e-02
"                 338",-2.476088212747e+01,4.187838784647e+00,-1.821314878461e+00,-2.528322279863e+01,4.236437928435e+00,-1.835921250057e+00,-5.223406711531e-01,4.859914378799e-02,-1.460637159670e-02
"                 339",-2.475237374220e+01,4.191165336287e+00,-1.817375776780e+00,-2.527498293469e+01,4.239737192968e+00,-1.832122672254e+00,-5.226091924838e-01,4.857185668089e-02,-1.474689547376e-02
"                 340",-2.474964651780e+01,4.195562045487e+00,-1.815688473314e+00,-2.527253858064e+01,4.244113579170e+00,-1.830551315275e+00,-5.228920628410e-01,4.855153368345e-02,-1.486284196117e-02
"                 341",-2.474444010368e+01,4.198881775359e+00,-1.808161088323e+00,-2.526764937150e+01,4.247416474025e+00,-1.823098672911e+00,-5.232092678257e-01,4.853469866589e-02,-1.493758458767e-02
"                 342",-2.474794194227e+01,4.203962891548e+00,-1.803037052401e+00,-2.527147730206e+01,4.252487395749e+00,-1.818025960406e+00,-5.235353597898e-01,4.852450420164e-02,-1.498890800482e-02
"                 343",-2.474708546645e+01,4.205589459924e+00,-1.795837197634e+00,-2.527096383215e+01,4.254078794593e+00,-1.810893192007e+00,-5.238783656949e-01,4.848933466850e-02,-1.505599437233e-02
"                 344",-2.475093509142e+01,4.207158592367e+00,-1.791883220059e+00,-2.527516724059e+01,4.255615533243e+00,-1.807001100628e+00,-5.242321491703e-01,4.845694087645e-02,-1.511788056900e-02
"                 345",-2.475074091480e+01,4.206431691754e+00,-1.783619633959e+00,-2.527534702440e+01,4.254844453700e+00,-1.798804741202e+00,-5.246061095948e-01,4.841276194517e-02,-1.518510724307e-02
"                 346",-2.475818947186e+01,4.207031265486e+00,-1.778258681808e+00,-2.528316218959e+01,4.255404717921e+00,-1.793508076794e+00,-5.249727177365e-01,4.837345243430e-02,-1.524939498551e-02
"                 347",-2.476310598832e+01,4.205171381886e+00,-1.769752267616e+00,-2.528844084031e+01,4.253492209978e+00,-1.785071857315e+00,-5.253348519897e-01,4.832082809233e-02,-1.531958969973e-02
"                 348",-2.477412458569e+01,4.203559132897e+00,-1.764658088955e+00,-2.529979585922e+01,4.251820545086e+00,-1.780065358871e+00,-5.256712735298e-01,4.826141218921e-02,-1.540726991596e-02
"                 349",-2.477998804950e+01,4.198793819474e+00,-1.756084495250e+00,-2.530598333220e+01,4.246957682316e+00,-1.771629467629e+00,-5.259952827022e-01,4.816386284129e-02,-1.554497237933e-02
"                 350",-2.479014912179e+01,4.194985557736e+00,-1.750718102513e+00,-2.531645352070e+01,4.243043454447e+00,-1.766419710454e+00,-5.263043989152e-01,4.805789671067e-02,-1.570160794091e-02
"                 351",-2.479471093486e+01,4.190414567850e+00,-1.740171941246e+00,-2.532134650827e+01,4.238355602411e+00,-1.756022224741e+00,-5.266355734107e-01,4.794103456042e-02,-1.585028349473e-02
"                 352",-2.480396869676e+01,4.190038266390e+00,-1.728937062660e+00,-2.533095684349e+01,4.237882505290e+00,-1.744902705861e+00,-5.269881467326e-01,4.784423889960e-02,-1.596564320105e-02
"                 353",-2.480919397107e+01,4.190428622940e+00,-1.710369850154e+00,-2.533656714364e+01,4.238169577862e+00,-1.726439622949e+00,-5.273731725698e-01,4.774095492191e-02,-1.606977279501e-02
"                 354",-2.481894575371e+01,4.193007025811e+00,-1.695006934365e+00,-2.534671672174e+01,4.240649915557e+00,-1.711179105808e+00,-5.277709680299e-01,4.764288974599e-02,-1.617217144371e-02
"                 355",-2.482253913902e+01,4.192444638591e+00,-1.678483723487e+00,-2.535073759463e+01,4.239970325690e+00,-1.694770929325e+00,-5.281984556166e-01,4.752568709864e-02,-1.628720583743e-02
"                 356",-2.482840853837e+01,4.192420134932e+00,-1.667209997322e+00,-2.535704883816e+01,4.239836072410e+00,-1.683600365093e+00,-5.286402997868e-01,4.741593747818e-02,-1.639036777152e-02
"                 357",-2.482838447843e+01,4.191115782095e+00,-1.653266930513e+00,-2.535750964456e+01,4.238415839595e+00,-1.669737353335e+00,-5.291251661299e-01,4.730005749963e-02,-1.647042282284e-02
"                 358",-2.483262124980e+01,4.193094456705e+00,-1.642297932967e+00,-2.536225112391e+01,4.240300306818e+00,-1.658817007634e+00,-5.296298741123e-01,4.720585011384e-02,-1.651907466679e-02
"                 359",-2.483223143877e+01,4.193929375354e+00,-1.627944211990e+00,-2.536239125757e+01,4.241021615937e+00,-1.644519168749e+00,-5.301598188076e-01,4.709224058335e-02,-1.657495675859e-02
"                 360",-2.483714161746e+01,4.195948035162e+00,-1.617354992617e+00,-2.536783963048e+01,4.242932657469e+00,-1.633987531488e+00,-5.306980130288e-01,4.698462230689e-02,-1.663253887023e-02
"                 361",-2.483900394856e+01,4.195291202920e+00,-1.604500120734e+00,-2.537026391873e+01,4.242148829305e+00,-1.621197883000e+00,-5.312599701684e-01,4.685762638570e-02,-1.669776226596e-02
"                 362",-2.484770670924e+01,4.195160929476e+00,-1.597088986664e+00,-2.537952062503e+01,4.241899843632e+00,-1.613853771408e+00,-5.318139157833e-01,4.673891415511e-02,-1.676478474417e-02
"                 363",-2.485415576638e+01,4.192623815511e+00,-1.587623585217e+00,-2.538652817684e+01,4.239227448191e+00,-1.604459908507e+00,-5.323724104508e-01,4.660363267975e-02,-1.683632328961e-02
"                 364",-2.486655457832e+01,4.190552806408e+00,-1.583121402738e+00,-2.539946005777e+01,4.237033183991e+00,-1.600031414040e+00,-5.329054794529e-01,4.648037758351e-02,-1.691001130121e-02
"                 365",-2.487357533106e+01,4.185189965963e+00,-1.576257312535e+00,-2.540699804115e+01,4.231516994147e+00,-1.593272316578e+00,-5.334227100837e-01,4.632702818416e-02,-1.701500404325e-02
"                 366",-2.488437217472e+01,4.179866386956e+00,-1.574522566110e+00,-2.541828394988e+01,4.226044356494e+00,-1.591656609631e+00,-5.339117751606e-01,4.617796953794e-02,-1.713404352072e-02
"                 367",-2.488894049876e+01,4.171507783567e+00,-1.571258698222e+00,-2.542334847234e+01,4.217521420829e+00,-1.588508228951e+00,-5.344079735785e-01,4.601363726193e-02,-1.724953072838e-02
"                 368",-2.489712338566e+01,4.165136292959e+00,-1.572275210002e+00,-2.543202945787e+01,4.211013455627e+00,-1.589607703363e+00,-5.349060722141e-01,4.587716266751e-02,-1.733249336102e-02
"                 369",-2.490037286300e+01,4.159311535270e+00,-1.566243308750e+00,-2.543579720434e+01,4.205047815156e+00,-1.583636124787e+00,-5.354243413443e-01,4.573627988651e-02,-1.739281603746e-02
"                 370",-2.490867487758e+01,4.156669369747e+00,-1.561617931275e+00,-2.544462469269e+01,4.202281878274e+00,-1.579057766659e+00,-5.359498151105e-01,4.561250852673e-02,-1.743983538370e-02
"                 371",-2.491165098735e+01,4.152178814356e+00,-1.553316516465e+00,-2.544814622005e+01,4.197643787315e+00,-1.570818588202e+00,-5.364952326975e-01,4.546497295913e-02,-1.750207173676e-02
"                 372",-2.491791306809e+01,4.147714111280e+00,-1.551619769829e+00,-2.545496089322e+01,4.193042310703e+00,-1.569190767028e+00,-5.370478251331e-01,4.532819942290e-02,-1.757099719927e-02
"                 373",-2.491895278855e+01,4.140787296318e+00,-1.548174348504e+00,-2.545658627891e+01,4.185969568394e+00,-1.565810497802e+00,-5.376334903580e-01,4.518227207639e-02,-1.763614929824e-02
"                 374",-2.492547240222e+01,4.135843005701e+00,-1.548964214572e+00,-2.546371567456e+01,4.180901201057e+00,-1.566659689287e+00,-5.382432723471e-01,4.505819535615e-02,-1.769547471489e-02
"                 375",-2.492710777839e+01,4.129485313118e+00,-1.546334347930e+00,-2.546598404275e+01,4.174395068330e+00,-1.564110743178e+00,-5.388762643546e-01,4.490975521201e-02,-1.777639524746e-02
"                 376",-2.493417503436e+01,4.125023667021e+00,-1.545836250947e+00,-2.547369882481e+01,4.169797458516e+00,-1.563700446846e+00,-5.395237904518e-01,4.477379149541e-02,-1.786419589920e-02
"                 377",-2.493778716919e+01,4.118999886779e+00,-1.540715077748e+00,-2.547798383938e+01,4.163624378300e+00,-1.558669250312e+00,-5.401966701874e-01,4.462449152108e-02,-1.795417256418e-02
"                 378",-2.494657343116e+01,4.114161367564e+00,-1.539166713503e+00,-2.548744326995e+01,4.158654679057e+00,-1.557205748518e+00,-5.408698387849e-01,4.449331149320e-02,-1.803903501580e-02
"                 379",-2.495131187776e+01,4.107150921076e+00,-1.535194382159e+00,-2.549285555838e+01,4.151498966611e+00,-1.553317595067e+00,-5.415436806209e-01,4.434804553495e-02,-1.812321290866e-02
"                 380",-2.496078969615e+01,4.101102711658e+00,-1.535396955262e+00,-2.550298849940e+01,4.145317143575e+00,-1.553601712973e+00,-5.421988032542e-01,4.421443191708e-02,-1.820475771090e-02
"                 381",-2.496587830343e+01,4.092792501531e+00,-1.533687007323e+00,-2.550871555677e+01,4.136854011082e+00,-1.551986627283e+00,-5.428372533451e-01,4.406150955122e-02,-1.829961996037e-02
"                 382",-2.497499454910e+01,4.085319955853e+00,-1.537289341727e+00,-2.551844677802e+01,4.129241694245e+00,-1.555676235800e+00,-5.434522289244e-01,4.392173839197e-02,-1.838689407314e-02
"                 383",-2.497861376828e+01,4.075748140435e+00,-1.539131681097e+00,-2.552268018357e+01,4.119525276655e+00,-1.557591400824e+00,-5.440664152882e-01,4.377713621997e-02,-1.845971972721e-02
"                 384",-2.498466666342e+01,4.067635688918e+00,-1.545311579383e+00,-2.552934872262e+01,4.111288143918e+00,-1.563825686130e+00,-5.446820592030e-01,4.365245499942e-02,-1.851410674690e-02
"                 385",-2.498408490683e+01,4.059147032229e+00,-1.547067479095e+00,-2.552938434018e+01,4.102667139445e+00,-1.565631460970e+00,-5.452994333490e-01,4.352010721581e-02,-1.856398187485e-02
"                 386",-2.498515596128e+01,4.054302670155e+00,-1.550170222486e+00,-2.553107402218e+01,4.097700334089e+00,-1.568776926501e+00,-5.459180609043e-01,4.339766393425e-02,-1.860670401456e-02
"                 387",-2.497898164116e+01,4.049759279416e+00,-1.548825476341e+00,-2.552552911733e+01,4.093025191746e+00,-1.567479212773e+00,-5.465474761635e-01,4.326591233027e-02,-1.865373643239e-02
"                 388",-2.497476168561e+01,4.047394122441e+00,-1.552100940964e+00,-2.552194742070e+01,4.090541522288e+00,-1.570795772250e+00,-5.471857350940e-01,4.314739984693e-02,-1.869483128556e-02
"                 389",-2.496572462835e+01,4.043360183664e+00,-1.554049997861e+00,-2.551356851547e+01,4.086386603121e+00,-1.572785904238e+00,-5.478438871247e-01,4.302641945711e-02,-1.873590637782e-02
"                 390",-2.496152690544e+01,4.039861861095e+00,-1.562289884544e+00,-2.551004147466e+01,4.082771187104e+00,-1.581077847254e+00,-5.485145692216e-01,4.290932600984e-02,-1.878796271042e-02
"                 391",-2.495338054393e+01,4.033363440560e+00,-1.570718783296e+00,-2.550257625041e+01,4.076135535418e+00,-1.589588663765e+00,-5.491957064797e-01,4.277209485805e-02,-1.886988046873e-02
"                 392",-2.494905760425e+01,4.027532393032e+00,-1.584052554837e+00,-2.549894581169e+01,4.070175082526e+00,-1.603005440835e+00,-5.498882074423e-01,4.264268949462e-02,-1.895288599741e-02
"                 393",-2.494093137941e+01,4.020607749020e+00,-1.592399414472e+00,-2.549152453033e+01,4.063118921471e+00,-1.611429521738e+00,-5.505931509174e-01,4.251117245146e-02,-1.903010726622e-02
"                 394",-2.493718942304e+01,4.015356913798e+00,-1.602793457755e+00,-2.548847942819e+01,4.057750610228e+00,-1.621885216864e+00,-5.512900051556e-01,4.239369642935e-02,-1.909175910899e-02
"                 395",-2.493038378155e+01,4.008608520073e+00,-1.609127665603e+00,-2.548235527709e+01,4.050881132077e+00,-1.628275201338e+00,-5.519714955396e-01,4.227261200424e-02,-1.914753573494e-02
"                 396",-2.492975102054e+01,4.002293720916e+00,-1.619614457601e+00,-2.548237426111e+01,4.044451578959e+00,-1.638819261530e+00,-5.526232405706e-01,4.215785804235e-02,-1.920480392852e-02
"                 397",-2.492679836734e+01,3.993794373544e+00,-1.627520942282e+00,-2.548004880730e+01,4.035831131305e+00,-1.646783367395e+00,-5.532504399553e-01,4.203675776125e-02,-1.926242511235e-02
"                 398",-2.492837489662e+01,3.986262351764e+00,-1.640814696433e+00,-2.548224391125e+01,4.028200147073e+00,-1.660102191566e+00,-5.538690146316e-01,4.193779530866e-02,-1.928749513250e-02
"                 399",-2.492512708848e+01,3.977338201940e+00,-1.651602617463e+00,-2.547962690024e+01,4.019191513479e+00,-1.670880940388e+00,-5.544998117584e-01,4.185331153846e-02,-1.927832292406e-02
"                 400",-2.492538499261e+01,3.970332539961e+00,-1.665649204149e+00,-2.548051843133e+01,4.012120568671e+00,-1.684898445035e+00,-5.551334387195e-01,4.178802871037e-02,-1.924924088520e-02
"                 401",-2.492041002617e+01,3.961625444896e+00,-1.677024123210e+00,-2.547617548035e+01,4.003337585178e+00,-1.696261031351e+00,-5.557654541858e-01,4.171214028258e-02,-1.923690814091e-02
"                 402",-2.491771062317e+01,3.953477610226e+00,-1.694240075780e+00,-2.547409484618e+01,3.995115628608e+00,-1.713480181716e+00,-5.563842230130e-01,4.163801838203e-02,-1.924010593649e-02
"                 403",-2.490904720104e+01,3.944011587698e+00,-1.708175581579e+00,-2.546605242567e+01,3.985574515892e+00,-1.727424168656e+00,-5.570052246224e-01,4.156292819424e-02,-1.924858707760e-02
"                 404",-2.490366688125e+01,3.937765416051e+00,-1.722407809583e+00,-2.546130221640e+01,3.979276033889e+00,-1.741649386156e+00,-5.576353351570e-01,4.151061783801e-02,-1.924157657258e-02
"                 405",-2.489516782247e+01,3.931708214918e+00,-1.731160869610e+00,-2.545343754707e+01,3.973165932032e+00,-1.750400975333e+00,-5.582697246052e-01,4.145771711363e-02,-1.924010572300e-02
"                 406",-2.489207067614e+01,3.926963150876e+00,-1.745504498513e+00,-2.545096504520e+01,3.968368835006e+00,-1.764764109342e+00,-5.588943690664e-01,4.140568413047e-02,-1.925961082937e-02
"                 407",-2.488568080649e+01,3.919746997481e+00,-1.760109185524e+00,-2.544520377612e+01,3.961090552616e+00,-1.779410081179e+00,-5.595229696313e-01,4.134355513518e-02,-1.930089565508e-02
"                 408",-2.488445025289e+01,3.913365546624e+00,-1.779574733560e+00,-2.544460786037e+01,3.954662969938e+00,-1.798908995904e+00,-5.601576074796e-01,4.129742331396e-02,-1.933426234448e-02
"                 409",-2.488000661133e+01,3.905445505831e+00,-1.795465065836e+00,-2.544079414725e+01,3.946700108328e+00,-1.814826631709e+00,-5.607875359274e-01,4.125460249677e-02,-1.936156587312e-02
"                 410",-2.487989722164e+01,3.899359219139e+00,-1.812802990187e+00,-2.544129681122e+01,3.940590424722e+00,-1.832174095881e+00,-5.613995895841e-01,4.123120558274e-02,-1.937110569323e-02
"                 411",-2.487532915889e+01,3.892143867965e+00,-1.826509634711e+00,-2.543731784674e+01,3.933349910162e+00,-1.845888184239e+00,-5.619886878439e-01,4.120604219721e-02,-1.937854952761e-02
"                 412",-2.487462807779e+01,3.886515086722e+00,-1.844649895587e+00,-2.543717949838e+01,3.927702069659e+00,-1.864040028443e+00,-5.625514205960e-01,4.118698293783e-02,-1.939013285597e-02
"                 413",-2.486945560374e+01,3.879419009236e+00,-1.861357202761e+00,-2.543256051422e+01,3.920585029550e+00,-1.880760180369e+00,-5.631049104806e-01,4.116602031421e-02,-1.940297760810e-02
"                 414",-2.486797505323e+01,3.873349896254e+00,-1.884003270693e+00,-2.543164058725e+01,3.914518194864e+00,-1.903395317801e+00,-5.636655340204e-01,4.116829861015e-02,-1.939204710802e-02
"                 415",-2.486122633544e+01,3.865656343701e+00,-1.904076404076e+00,-2.542547044647e+01,3.906838774387e+00,-1.923435082080e+00,-5.642441110335e-01,4.118243068662e-02,-1.935867800358e-02
"                 416",-2.485812153932e+01,3.860614070923e+00,-1.925545000700e+00,-2.542294943486e+01,3.901825143447e+00,-1.944861007661e+00,-5.648278955375e-01,4.121107252335e-02,-1.931600696078e-02
"                 417",-2.484980808731e+01,3.854518753200e+00,-1.943085377774e+00,-2.541521825886e+01,3.895745663766e+00,-1.962380115407e+00,-5.654101715517e-01,4.122691056636e-02,-1.929473763276e-02
"                 418",-2.484421393225e+01,3.849429848395e+00,-1.966528270545e+00,-2.541019314831e+01,3.890668678210e+00,-1.985822271659e+00,-5.659792160617e-01,4.123882981433e-02,-1.929400111448e-02
"                 419",-2.483258882685e+01,3.842100028180e+00,-1.989182645104e+00,-2.539913173760e+01,3.883342419811e+00,-2.008486556543e+00,-5.665429107439e-01,4.124239163055e-02,-1.930391143913e-02
"                 420",-2.482505111248e+01,3.837277571766e+00,-2.015279765378e+00,-2.539216004664e+01,3.878536591513e+00,-2.034586176662e+00,-5.671089341564e-01,4.125901974628e-02,-1.930641128350e-02
"                 421",-2.481390569003e+01,3.833166433238e+00,-2.034637187704e+00,-2.538157697626e+01,3.874438324680e+00,-2.053953110222e+00,-5.676712862285e-01,4.127189144192e-02,-1.931592251736e-02
"                 422",-2.480805132576e+01,3.832525872428e+00,-2.055967968723e+00,-2.537626682850e+01,3.873812537493e+00,-2.075308744617e+00,-5.682155027395e-01,4.128666506531e-02,-1.934077589319e-02
"                 423",-2.479790578374e+01,3.831293444482e+00,-2.072497215789e+00,-2.536665928806e+01,3.872591863378e+00,-2.091867876146e+00,-5.687535043162e-01,4.129841889635e-02,-1.937066035689e-02
"                 424",-2.479247037352e+01,3.832345270944e+00,-2.092355495210e+00,-2.536175437488e+01,3.873671712911e+00,-2.111742039580e+00,-5.692840013652e-01,4.132644196720e-02,-1.938654437058e-02
"                 425",-2.478314693119e+01,3.832021477734e+00,-2.109096854019e+00,-2.535294897870e+01,3.873377270017e+00,-2.128491928936e+00,-5.698020475095e-01,4.135579228301e-02,-1.939507491734e-02
"                 426",-2.477861485819e+01,3.833654500116e+00,-2.131360033027e+00,-2.534890893545e+01,3.875052874528e+00,-2.150749204467e+00,-5.702940772633e-01,4.139837441216e-02,-1.938917143987e-02
"                 427",-2.476920111020e+01,3.833692986788e+00,-2.150722289127e+00,-2.533996496499e+01,3.875126741371e+00,-2.170111727112e+00,-5.707638547919e-01,4.143375458276e-02,-1.938943798452e-02
"                 428",-2.476347824178e+01,3.835690915044e+00,-2.174387867590e+00,-2.533469239056e+01,3.877165187360e+00,-2.193780599069e+00,-5.712141487786e-01,4.147427231558e-02,-1.939273147962e-02
"                 429",-2.475291500940e+01,3.836150395248e+00,-2.193875850469e+00,-2.532458240054e+01,3.877664262752e+00,-2.213268620687e+00,-5.716673911408e-01,4.151386750387e-02,-1.939277021786e-02
"                 430",-2.474619349870e+01,3.838159350897e+00,-2.218908652448e+00,-2.531833428898e+01,3.879734818582e+00,-2.238272482329e+00,-5.721407902885e-01,4.157546768498e-02,-1.936382988150e-02
"                 431",-2.473534944473e+01,3.838791941475e+00,-2.240566818656e+00,-2.530799671073e+01,3.880439858743e+00,-2.259875956428e+00,-5.726472659981e-01,4.164791726857e-02,-1.930913777216e-02
"                 432",-2.472901928631e+01,3.841414598017e+00,-2.266976699591e+00,-2.530218493430e+01,3.883149589420e+00,-2.286219277376e+00,-5.731656479931e-01,4.173499140283e-02,-1.924257778438e-02
"                 433",-2.471819041079e+01,3.842862835978e+00,-2.289306857962e+00,-2.529187435274e+01,3.884674902339e+00,-2.308500972852e+00,-5.736839419498e-01,4.181206636106e-02,-1.919411489004e-02
"                 434",-2.471014557520e+01,3.845175870717e+00,-2.318041078389e+00,-2.528432521503e+01,3.887064685894e+00,-2.337206713980e+00,-5.741796398300e-01,4.188881517689e-02,-1.916563559088e-02
"                 435",-2.469697877281e+01,3.845090787017e+00,-2.344579477702e+00,-2.527163273400e+01,3.887048840098e+00,-2.363730398308e+00,-5.746539611818e-01,4.195805308119e-02,-1.915092060595e-02
"                 436",-2.468792505631e+01,3.845667447723e+00,-2.376505902190e+00,-2.526303459146e+01,3.887706089806e+00,-2.395638337332e+00,-5.751095351457e-01,4.203864208329e-02,-1.913243514182e-02
"                 437",-2.467562888177e+01,3.844047409006e+00,-2.404246971094e+00,-2.525117280605e+01,3.886154321228e+00,-2.423378606161e+00,-5.755439242734e-01,4.210691222235e-02,-1.913163506738e-02
"                 438",-2.466838981346e+01,3.844038908636e+00,-2.434954016062e+00,-2.524434033713e+01,3.886213214144e+00,-2.454099609927e+00,-5.759505236715e-01,4.217430550716e-02,-1.914559386530e-02
"                 439",-2.465783616027e+01,3.844342675531e+00,-2.457129949090e+00,-2.523417225114e+01,3.886581635914e+00,-2.476286685860e+00,-5.763360908712e-01,4.223896038261e-02,-1.915673677033e-02
"                 440",-2.465265768119e+01,3.847991597331e+00,-2.480019783527e+00,-2.522936230691e+01,3.890311369931e+00,-2.499168396207e+00,-5.767046257200e-01,4.231977259951e-02,-1.914861268009e-02
"                 441",-2.464476922176e+01,3.850813390795e+00,-2.497545218081e+00,-2.522182229108e+01,3.893214410972e+00,-2.516674956219e+00,-5.770530693228e-01,4.240102017747e-02,-1.912973813764e-02
"                 442",-2.464142761972e+01,3.854258712598e+00,-2.520842759152e+00,-2.521880765948e+01,3.896751812851e+00,-2.539943963053e+00,-5.773800397607e-01,4.249310025311e-02,-1.910120390115e-02
"                 443",-2.463366834881e+01,3.854799692025e+00,-2.541283636091e+00,-2.521135016476e+01,3.897371525550e+00,-2.560369271361e+00,-5.776818159518e-01,4.257183352475e-02,-1.908563526968e-02
"                 444",-2.462975579553e+01,3.856276598926e+00,-2.566628408638e+00,-2.520772662076e+01,3.898925760146e+00,-2.585713187218e+00,-5.779708252258e-01,4.264916122017e-02,-1.908477858018e-02
"                 445",-2.462110698662e+01,3.856057288758e+00,-2.587766325938e+00,-2.519937209437e+01,3.898774083449e+00,-2.606858655651e+00,-5.782651077475e-01,4.271679469052e-02,-1.909232971227e-02
"                 446",-2.461601205090e+01,3.858031225371e+00,-2.612146437992e+00,-2.519458990923e+01,3.900831641345e+00,-2.631225603544e+00,-5.785778583316e-01,4.280041597380e-02,-1.907916555128e-02
"                 447",-2.460662621935e+01,3.859355555200e+00,-2.629774236899e+00,-2.518553488159e+01,3.902242383744e+00,-2.648819956576e+00,-5.789086622431e-01,4.288682854389e-02,-1.904571967697e-02
"                 448",-2.460217156003e+01,3.862888964220e+00,-2.649341875552e+00,-2.518142403818e+01,3.905873891369e+00,-2.668339991209e+00,-5.792524781546e-01,4.298492714917e-02,-1.899811565720e-02
"                 449",-2.459360622630e+01,3.864131640580e+00,-2.665006241998e+00,-2.517320361188e+01,3.907202972119e+00,-2.683966022114e+00,-5.795973855812e-01,4.307133153875e-02,-1.895978011540e-02
"                 450",-2.458905106736e+01,3.865850271851e+00,-2.685753359385e+00,-2.516898638566e+01,3.909009862219e+00,-2.704678322285e+00,-5.799353182974e-01,4.315959036835e-02,-1.892496290049e-02
"                 451",-2.457967267369e+01,3.865010429692e+00,-2.703831894471e+00,-2.515993756862e+01,3.908253538065e+00,-2.722720226255e+00,-5.802648949323e-01,4.324310837268e-02,-1.888833178417e-02
"                 452",-2.457466565717e+01,3.865517927581e+00,-2.725252010250e+00,-2.515525018800e+01,3.908862330348e+00,-2.744080791060e+00,-5.805845308263e-01,4.334440276714e-02,-1.882878080960e-02
"                 453",-2.456569303378e+01,3.864256981116e+00,-2.741290657351e+00,-2.514657471241e+01,3.907694774147e+00,-2.760059619299e+00,-5.808816786266e-01,4.343779303109e-02,-1.876896194873e-02
"                 454",-2.456080902656e+01,3.864112980724e+00,-2.759965533459e+00,-2.514196313518e+01,3.907642307052e+00,-2.778682276043e+00,-5.811541086186e-01,4.352932632812e-02,-1.871674258404e-02
"                 455",-2.455160830983e+01,3.862856655020e+00,-2.772402455727e+00,-2.513301633770e+01,3.906465901677e+00,-2.791066236052e+00,-5.814080278752e-01,4.360924665735e-02,-1.866378032513e-02
"                 456",-2.454682859324e+01,3.865131816641e+00,-2.783774854305e+00,-2.512848124009e+01,3.908834052713e+00,-2.802361596339e+00,-5.816526468499e-01,4.370223607232e-02,-1.858674203383e-02
"                 457",-2.453905962115e+01,3.867974702360e+00,-2.786441679568e+00,-2.512094192106e+01,3.911766545644e+00,-2.804935797240e+00,-5.818822999169e-01,4.379184328385e-02,-1.849411767217e-02
"                 458",-2.453596606470e+01,3.872990323744e+00,-2.790997435189e+00,-2.511806457300e+01,3.916882876628e+00,-2.809381089532e+00,-5.820985083020e-01,4.389255288406e-02,-1.838365434315e-02
"                 459",-2.452957889121e+01,3.876007769096e+00,-2.791841852788e+00,-2.511186878568e+01,3.919984735606e+00,-2.810126624002e+00,-5.822898944707e-01,4.397696650945e-02,-1.828477121474e-02
"                 460",-2.452735549969e+01,3.878946942003e+00,-2.797721912430e+00,-2.510982316843e+01,3.922996036136e+00,-2.815934643804e+00,-5.824676687406e-01,4.404909413282e-02,-1.821273137445e-02
"                 461",-2.452091424472e+01,3.878385607973e+00,-2.802219829578e+00,-2.510355875128e+01,3.922486067975e+00,-2.820386463735e+00,-5.826445065615e-01,4.410046000214e-02,-1.816663415638e-02
"                 462",-2.451765589623e+01,3.877800588475e+00,-2.811745294603e+00,-2.510049972052e+01,3.921956095401e+00,-2.829867634260e+00,-5.828438242917e-01,4.415550692598e-02,-1.812233965714e-02
"                 463",-2.451063719699e+01,3.876041619434e+00,-2.816404488452e+00,-2.509370309577e+01,3.920247552298e+00,-2.834478742868e+00,-5.830658987811e-01,4.420593286434e-02,-1.807425441573e-02
"                 464",-2.450844711298e+01,3.876533576839e+00,-2.821763449686e+00,-2.509176084952e+01,3.920802304065e+00,-2.839777689083e+00,-5.833137365409e-01,4.426872722588e-02,-1.801423939731e-02
"                 465",-2.450300068086e+01,3.875749467890e+00,-2.822553840823e+00,-2.508656830402e+01,3.920071866414e+00,-2.840512869410e+00,-5.835676231635e-01,4.432239852387e-02,-1.795902858700e-02
"                 466",-2.450083804675e+01,3.875645283190e+00,-2.826393618758e+00,-2.508465274925e+01,3.920021814487e+00,-2.844301749943e+00,-5.838147024926e-01,4.437653129664e-02,-1.790813118469e-02
"                 467",-2.449371767087e+01,3.873219676607e+00,-2.826818689388e+00,-2.507776233985e+01,3.917640971940e+00,-2.844677633310e+00,-5.840446689796e-01,4.442129533309e-02,-1.785894392201e-02
"                 468",-2.449020649752e+01,3.871873035628e+00,-2.829169548812e+00,-2.507447106934e+01,3.916355144760e+00,-2.846952079887e+00,-5.842645718138e-01,4.448210913215e-02,-1.778253107459e-02
"                 469",-2.448330335628e+01,3.868901098559e+00,-2.827266715382e+00,-2.506777357857e+01,3.913450128567e+00,-2.844943529337e+00,-5.844702222944e-01,4.454903000817e-02,-1.767681395486e-02
"                 470",-2.448113124607e+01,3.867222851496e+00,-2.827579856122e+00,-2.506578754726e+01,3.911848043297e+00,-2.845143041801e+00,-5.846563011852e-01,4.462519180125e-02,-1.756318567843e-02
"                 471",-2.447543009632e+01,3.864150534843e+00,-2.823314040621e+00,-2.506025051482e+01,3.908834792976e+00,-2.840775393585e+00,-5.848204185095e-01,4.468425813353e-02,-1.746135296442e-02
"                 472",-2.447460497625e+01,3.863229813668e+00,-2.819171219651e+00,-2.505958067387e+01,3.907975442453e+00,-2.836527795850e+00,-5.849756976230e-01,4.474562878568e-02,-1.735657619986e-02
"                 473",-2.447062071423e+01,3.861389867917e+00,-2.808775425859e+00,-2.505573973400e+01,3.906182829513e+00,-2.826031780958e+00,-5.851190197655e-01,4.479296159626e-02,-1.725635509975e-02
"                 474",-2.447153799011e+01,3.861991584756e+00,-2.798471272192e+00,-2.505678987308e+01,3.906835129779e+00,-2.815622631671e+00,-5.852518829626e-01,4.484354502334e-02,-1.715135947845e-02
"                 475",-2.446919448688e+01,3.861557016828e+00,-2.782921917661e+00,-2.505454955922e+01,3.906436934893e+00,-2.799972800421e+00,-5.853550723385e-01,4.487991806485e-02,-1.705088276045e-02
"                 476",-2.447159219719e+01,3.862187339574e+00,-2.770736644260e+00,-2.505702458825e+01,3.907090168746e+00,-2.787714249389e+00,-5.854323910572e-01,4.490282917130e-02,-1.697760512851e-02
"                 477",-2.447034442503e+01,3.859266815006e+00,-2.758585767017e+00,-2.505583013991e+01,3.904160882019e+00,-2.775530962791e+00,-5.854857148784e-01,4.489406701259e-02,-1.694519577393e-02
"                 478",-2.447258914971e+01,3.854869911943e+00,-2.755359124405e+00,-2.505812962965e+01,3.899752373316e+00,-2.772280146040e+00,-5.855404799412e-01,4.488246137303e-02,-1.692102163503e-02
"                 479",-2.447068111245e+01,3.847214018039e+00,-2.751336741686e+00,-2.505628932295e+01,3.892080158337e+00,-2.768225096756e+00,-5.856082104969e-01,4.486614029809e-02,-1.688835506947e-02
"                 480",-2.447419107408e+01,3.841216907273e+00,-2.749982879686e+00,-2.505988922696e+01,3.886082467951e+00,-2.766815449273e+00,-5.856981528872e-01,4.486556067786e-02,-1.683256958686e-02
"                 481",-2.447592699179e+01,3.835247783773e+00,-2.742477900571e+00,-2.506172469035e+01,3.880109891619e+00,-2.759243963926e+00,-5.857976985579e-01,4.486210784663e-02,-1.676606335513e-02
"                 482",-2.448198937609e+01,3.831560419539e+00,-2.737202005243e+00,-2.506789445201e+01,3.876425554498e+00,-2.753891721234e+00,-5.859050759166e-01,4.486513495985e-02,-1.668971599149e-02
"                 483",-2.448299232680e+01,3.826643416119e+00,-2.727494605341e+00,-2.506899736165e+01,3.871503641751e+00,-2.744106070368e+00,-5.860050348493e-01,4.486022563142e-02,-1.661146502668e-02
"                 484",-2.448632791899e+01,3.822210888570e+00,-2.722033614938e+00,-2.507243548302e+01,3.867082117280e+00,-2.738545571143e+00,-5.861075640257e-01,4.487122871020e-02,-1.651195620573e-02
"                 485",-2.448554198888e+01,3.816500948016e+00,-2.712062537911e+00,-2.507175325516e+01,3.861389787454e+00,-2.728446871202e+00,-5.862112662830e-01,4.488883943766e-02,-1.638433329127e-02
"                 486",-2.448897248582e+01,3.812341402224e+00,-2.705264879658e+00,-2.507528823202e+01,3.857254010636e+00,-2.721514965795e+00,-5.863157461995e-01,4.491260841210e-02,-1.625008613732e-02
"                 487",-2.448943611464e+01,3.807681854367e+00,-2.693925942893e+00,-2.507584332057e+01,3.852596253897e+00,-2.710064737563e+00,-5.864072059267e-01,4.491439953076e-02,-1.613879466998e-02
"                 488",-2.449475304293e+01,3.805257966523e+00,-2.684636894422e+00,-2.508125546653e+01,3.850174044899e+00,-2.700669513267e+00,-5.865024235996e-01,4.491607837619e-02,-1.603261884525e-02
"                 489",-2.449655412776e+01,3.802062007817e+00,-2.671669196178e+00,-2.508314777974e+01,3.846966264607e+00,-2.687606925060e+00,-5.865936519741e-01,4.490425679040e-02,-1.593772888204e-02
"                 490",-2.450204679499e+01,3.800293696247e+00,-2.662460495180e+00,-2.508872660937e+01,3.845189658123e+00,-2.678308053016e+00,-5.866798143798e-01,4.489596187567e-02,-1.584755783559e-02
"                 491",-2.450371802094e+01,3.798047366241e+00,-2.648904152616e+00,-2.509046571203e+01,3.842924174771e+00,-2.664675216950e+00,-5.867476910807e-01,4.487680852955e-02,-1.577106433392e-02
"                 492",-2.450967637811e+01,3.797750573027e+00,-2.637322805171e+00,-2.509647352071e+01,3.842603040526e+00,-2.653040377851e+00,-5.867971426020e-01,4.485246749813e-02,-1.571757268013e-02
"                 493",-2.451287046857e+01,3.795637109166e+00,-2.624487019624e+00,-2.509969416207e+01,3.840443326608e+00,-2.640186425266e+00,-5.868236934964e-01,4.480621744255e-02,-1.569940564239e-02
"                 494",-2.452042557108e+01,3.792660224491e+00,-2.620209458986e+00,-2.510727607006e+01,3.837424120079e+00,-2.635898662552e+00,-5.868504989791e-01,4.476389558730e-02,-1.568920356519e-02
"                 495",-2.452402129758e+01,3.786285196646e+00,-2.617780868506e+00,-2.511090884909e+01,3.831005865422e+00,-2.633454443158e+00,-5.868875515073e-01,4.472066877543e-02,-1.567357465265e-02
"                 496",-2.453148021935e+01,3.780425138514e+00,-2.619724206113e+00,-2.511842012190e+01,3.825120042917e+00,-2.635360108683e+00,-5.869399025524e-01,4.469490440245e-02,-1.563590256999e-02
"                 497",-2.453549029751e+01,3.773452993828e+00,-2.618631316556e+00,-2.512249146014e+01,3.818119834346e+00,-2.634221453655e+00,-5.870011626297e-01,4.466684051766e-02,-1.559013709918e-02
"                 498",-2.454345603889e+01,3.768680423353e+00,-2.619368168154e+00,-2.513052919790e+01,3.813326238954e+00,-2.634906480155e+00,-5.870731590155e-01,4.464581560107e-02,-1.553831200083e-02
"                 499",-2.454684563814e+01,3.763371428558e+00,-2.616384669538e+00,-2.513399424812e+01,3.807990885593e+00,-2.631866262294e+00,-5.871486099724e-01,4.461945703537e-02,-1.548159275676e-02
"                 500",-2.455273235228e+01,3.759901959677e+00,-2.616589217438e+00,-2.513996981192e+01,3.804509559321e+00,-2.631993945832e+00,-5.872374596419e-01,4.460759964448e-02,-1.540472839444e-02
"                 501",-2.455367671666e+01,3.755521932844e+00,-2.613886549375e+00,-2.514101475079e+01,3.800117714043e+00,-2.629204599046e+00,-5.873380341242e-01,4.459578119948e-02,-1.531804967164e-02
"                 502",-2.455806877290e+01,3.752449634513e+00,-2.614611931813e+00,-2.514550943734e+01,3.797034248460e+00,-2.629851453819e+00,-5.874406644399e-01,4.458461394718e-02,-1.523952200600e-02
"                 503",-2.455911812988e+01,3.748216167557e+00,-2.611579622353e+00,-2.514666193455e+01,3.792773102571e+00,-2.626760120643e+00,-5.875438046730e-01,4.455693501412e-02,-1.518049828996e-02
"                 504",-2.456543027419e+01,3.746107663767e+00,-2.610397278426e+00,-2.515309287280e+01,3.790641553283e+00,-2.625521098937e+00,-5.876625986131e-01,4.453388951585e-02,-1.512382051068e-02
"                 505",-2.456935124319e+01,3.743449123850e+00,-2.605836556393e+00,-2.515714006295e+01,3.787949195444e+00,-2.620915305403e+00,-5.877888197591e-01,4.450007159414e-02,-1.507874900969e-02
"                 506",-2.457812058018e+01,3.742390179361e+00,-2.606126391537e+00,-2.516603454693e+01,3.786858744060e+00,-2.621167771749e+00,-5.879139667511e-01,4.446856469856e-02,-1.504138021122e-02
"                 507",-2.458261742079e+01,3.739738509504e+00,-2.605142832485e+00,-2.517063877120e+01,3.784161287246e+00,-2.620166339651e+00,-5.880213504114e-01,4.442277774150e-02,-1.502350716668e-02
"                 508",-2.459036762885e+01,3.738239327479e+00,-2.608221845404e+00,-2.517846603954e+01,3.782609717438e+00,-2.623255219931e+00,-5.880984106844e-01,4.437038995915e-02,-1.503337452683e-02
"                 509",-2.459409152941e+01,3.735515336572e+00,-2.608166065113e+00,-2.518223512686e+01,3.779824461447e+00,-2.623221862192e+00,-5.881435974523e-01,4.430912487509e-02,-1.505579707899e-02
"                 510",-2.460202900465e+01,3.733791937969e+00,-2.613571160354e+00,-2.519020907943e+01,3.778059928251e+00,-2.628625657505e+00,-5.881800747843e-01,4.426799028263e-02,-1.505449715111e-02
"                 511",-2.460671298241e+01,3.730532135752e+00,-2.617157314554e+00,-2.519494268805e+01,3.774765165069e+00,-2.632194347856e+00,-5.882297056419e-01,4.423302931708e-02,-1.503703330258e-02
"                 512",-2.461553134619e+01,3.728252462547e+00,-2.624917286871e+00,-2.520383156610e+01,3.772461627141e+00,-2.639927250596e+00,-5.883002199142e-01,4.420916459384e-02,-1.500996372464e-02
"                 513",-2.462068197208e+01,3.723438670192e+00,-2.630460313085e+00,-2.520906984272e+01,3.767615182378e+00,-2.645451616701e+00,-5.883878706325e-01,4.417651218616e-02,-1.499130361560e-02
"                 514",-2.462843779950e+01,3.718299097556e+00,-2.641924428344e+00,-2.521692768619e+01,3.762444000346e+00,-2.656900646054e+00,-5.884898866913e-01,4.414490279066e-02,-1.497621770968e-02
"                 515",-2.463073940029e+01,3.711074265001e+00,-2.650916108732e+00,-2.521934205363e+01,3.755183631019e+00,-2.665875904261e+00,-5.886026533428e-01,4.410936601730e-02,-1.495979552985e-02
"                 516",-2.463587585232e+01,3.705938443638e+00,-2.662074279782e+00,-2.522460935130e+01,3.750031079525e+00,-2.676986622139e+00,-5.887334989836e-01,4.409263588701e-02,-1.491234235753e-02
"                 517",-2.463692612078e+01,3.700831205795e+00,-2.668121512243e+00,-2.522580058741e+01,3.744901018580e+00,-2.682983000263e+00,-5.888744666309e-01,4.406981278586e-02,-1.486148802024e-02
"                 518",-2.464195220970e+01,3.697811381539e+00,-2.676082650906e+00,-2.523097353895e+01,3.741852486135e+00,-2.690906103227e+00,-5.890213292536e-01,4.404110459652e-02,-1.482345232117e-02
"                 519",-2.464348564206e+01,3.694202546194e+00,-2.678854243894e+00,-2.523267018965e+01,3.738206907082e+00,-2.693648702835e+00,-5.891845475910e-01,4.400436088839e-02,-1.479445894141e-02
"                 520",-2.464966551370e+01,3.692906418633e+00,-2.682081711365e+00,-2.523902605656e+01,3.736884600450e+00,-2.696837793730e+00,-5.893605428662e-01,4.397818181703e-02,-1.475608236451e-02
"                 521",-2.465255349183e+01,3.690594711009e+00,-2.682308992834e+00,-2.524208194289e+01,3.734541313350e+00,-2.697029525695e+00,-5.895284510572e-01,4.394660234093e-02,-1.472053286068e-02
"                 522",-2.465967582705e+01,3.689304880050e+00,-2.687930318586e+00,-2.524935292033e+01,3.733228110729e+00,-2.702609238908e+00,-5.896770932819e-01,4.392323067924e-02,-1.467892032215e-02
"                 523",-2.466264463227e+01,3.686566036569e+00,-2.692071118786e+00,-2.525243656015e+01,3.730460015648e+00,-2.706719060934e+00,-5.897919278798e-01,4.389397907886e-02,-1.464794214778e-02
"                 524",-2.466898211348e+01,3.685045725445e+00,-2.700048463280e+00,-2.525885372983e+01,3.728911315566e+00,-2.714681141165e+00,-5.898716163489e-01,4.386559012075e-02,-1.463267788484e-02
"                 525",-2.467022406516e+01,3.681867738051e+00,-2.705646263435e+00,-2.526016138255e+01,3.725697235336e+00,-2.720272688869e+00,-5.899373173893e-01,4.382949728463e-02,-1.462642543394e-02
"                 526",-2.467415138218e+01,3.679870310126e+00,-2.715032145638e+00,-2.526416356998e+01,3.723680024830e+00,-2.729630497717e+00,-5.900121878021e-01,4.380971470416e-02,-1.459835207925e-02
"                 527",-2.467311108871e+01,3.677125800486e+00,-2.720642782355e+00,-2.526320868588e+01,3.720919116457e+00,-2.735199913125e+00,-5.900975971665e-01,4.379331597055e-02,-1.455713077023e-02
"                 528",-2.467628360962e+01,3.676513272251e+00,-2.727850892089e+00,-2.526646904594e+01,3.720295199207e+00,-2.742369430958e+00,-5.901854363225e-01,4.378192695589e-02,-1.451853886858e-02
"                 529",-2.467540395810e+01,3.673805665444e+00,-2.734204450219e+00,-2.526567381665e+01,3.717561803208e+00,-2.748700047831e+00,-5.902698585477e-01,4.375613776390e-02,-1.449559761275e-02
"                 530",-2.467807169328e+01,3.670393840995e+00,-2.747846208469e+00,-2.526842791045e+01,3.714129924775e+00,-2.762313053120e+00,-5.903562171650e-01,4.373608377984e-02,-1.446684465041e-02
"                 531",-2.467556108118e+01,3.664237642069e+00,-2.760972630592e+00,-2.526601806591e+01,3.707949835138e+00,-2.775409901681e+00,-5.904569847257e-01,4.371219306885e-02,-1.443727108904e-02
"                 532",-2.467691464881e+01,3.659579163499e+00,-2.775372666935e+00,-2.526749208476e+01,3.703275888512e+00,-2.789772068974e+00,-5.905774359451e-01,4.369672501208e-02,-1.439940203887e-02
"                 533",-2.467344014970e+01,3.653983454114e+00,-2.784600165632e+00,-2.526414712665e+01,3.697651398981e+00,-2.798980928624e+00,-5.907069769478e-01,4.366794486773e-02,-1.438076299180e-02
"                 534",-2.467397052978e+01,3.649980167404e+00,-2.795763722354e+00,-2.526480822951e+01,3.693617218782e+00,-2.810138200455e+00,-5.908376997352e-01,4.363705137833e-02,-1.437447810156e-02
"                 535",-2.467051043678e+01,3.645125057390e+00,-2.802411458863e+00,-2.526148667009e+01,3.688731186818e+00,-2.816774250744e+00,-5.909762333149e-01,4.360612942738e-02,-1.436279188169e-02
"                 536",-2.467348735890e+01,3.642526545217e+00,-2.809940144200e+00,-2.526459484177e+01,3.686122240210e+00,-2.824260997839e+00,-5.911074828723e-01,4.359569499300e-02,-1.432085363907e-02
"                 537",-2.467422986754e+01,3.639100082578e+00,-2.813191871944e+00,-2.526544668005e+01,3.682691851741e+00,-2.827453455345e+00,-5.912168125173e-01,4.359176916269e-02,-1.426158340161e-02
"                 538",-2.468057357001e+01,3.637468534421e+00,-2.818242224350e+00,-2.527187545120e+01,3.681065881710e+00,-2.832438565090e+00,-5.913018811924e-01,4.359734728879e-02,-1.419634073980e-02
"                 539",-2.468252191391e+01,3.634785001550e+00,-2.819553514009e+00,-2.527388281816e+01,3.678377799689e+00,-2.833702785717e+00,-5.913609042475e-01,4.359279813974e-02,-1.414927170802e-02
"                 540",-2.468819965750e+01,3.633484621583e+00,-2.823371348311e+00,-2.527959149707e+01,3.677079233051e+00,-2.837473679851e+00,-5.913918395758e-01,4.359461146831e-02,-1.410233154011e-02
"                 541",-2.468826614678e+01,3.629683562972e+00,-2.826207014383e+00,-2.527966923807e+01,3.673280672088e+00,-2.840260710351e+00,-5.914030912885e-01,4.359710911545e-02,-1.405369596833e-02
"                 542",-2.469143018762e+01,3.625344897273e+00,-2.834918896355e+00,-2.528283638264e+01,3.668958386819e+00,-2.848909085575e+00,-5.914061950194e-01,4.361348954682e-02,-1.399018921976e-02
"                 543",-2.468980637288e+01,3.619087126883e+00,-2.840428269841e+00,-2.528120734178e+01,3.662715475719e+00,-2.854352419349e+00,-5.914009689057e-01,4.362834883543e-02,-1.392414950858e-02
"                 544",-2.469238237821e+01,3.614718848940e+00,-2.846408876030e+00,-2.528377178902e+01,3.658359695633e+00,-2.860275847989e+00,-5.913894108056e-01,4.364084669349e-02,-1.386697195890e-02
"                 545",-2.468992754003e+01,3.609308411263e+00,-2.848632410829e+00,-2.528130703282e+01,3.652944251948e+00,-2.862466213450e+00,-5.913794927892e-01,4.363584068570e-02,-1.383380262083e-02
"                 546",-2.469076383895e+01,3.604614802248e+00,-2.856119854774e+00,-2.528214540901e+01,3.648248579356e+00,-2.869919158471e+00,-5.913815700573e-01,4.363377710762e-02,-1.379930369701e-02
"                 547",-2.468707101217e+01,3.598372613487e+00,-2.862239381331e+00,-2.527846422213e+01,3.642001055213e+00,-2.876005373737e+00,-5.913932099680e-01,4.362844172603e-02,-1.376599240626e-02
"                 548",-2.468774884190e+01,3.592797376952e+00,-2.872327094558e+00,-2.527915194186e+01,3.636418628519e+00,-2.886072008662e+00,-5.914030999624e-01,4.362125156643e-02,-1.374491410467e-02
"                 549",-2.468410129437e+01,3.584537839287e+00,-2.881748463813e+00,-2.527550397149e+01,3.628135644199e+00,-2.895502192111e+00,-5.914026771147e-01,4.359780491199e-02,-1.375372829783e-02
"                 550",-2.468449474261e+01,3.577073262547e+00,-2.894572027240e+00,-2.527589204305e+01,3.620657483887e+00,-2.908327975300e+00,-5.913973004444e-01,4.358422133978e-02,-1.375594806026e-02
"                 551",-2.468182790400e+01,3.570436500025e+00,-2.900685603707e+00,-2.527322582319e+01,3.614016238157e+00,-2.914430984084e+00,-5.913979191811e-01,4.357973813226e-02,-1.374538037657e-02
"                 552",-2.468525378446e+01,3.567939909943e+00,-2.904437592443e+00,-2.527665024660e+01,3.611536227614e+00,-2.918148700397e+00,-5.913964621426e-01,4.359631767044e-02,-1.371110795423e-02
"                 553",-2.468613197956e+01,3.566010523506e+00,-2.902766619698e+00,-2.527751836937e+01,3.609631226017e+00,-2.916432609723e+00,-5.913863898125e-01,4.362070251104e-02,-1.366599002509e-02
"                 554",-2.469122134634e+01,3.565770918595e+00,-2.903712510796e+00,-2.528257687016e+01,3.609424673852e+00,-2.917327730461e+00,-5.913555238172e-01,4.365375525733e-02,-1.361521966554e-02
"                 555",-2.469086241214e+01,3.564360188291e+00,-2.901104583735e+00,-2.528216808839e+01,3.608040711996e+00,-2.914677925925e+00,-5.913056762548e-01,4.368052370483e-02,-1.357334219050e-02
"                 556",-2.469345728158e+01,3.564176188211e+00,-2.901049270403e+00,-2.528469668767e+01,3.607895261080e+00,-2.914562731067e+00,-5.912394060818e-01,4.371907286924e-02,-1.351346066408e-02
"                 557",-2.469054891892e+01,3.561914557077e+00,-2.899423206037e+00,-2.528172239418e+01,3.605679786772e+00,-2.912855421009e+00,-5.911734752574e-01,4.376522969483e-02,-1.343221497202e-02
"                 558",-2.469162724398e+01,3.560673988148e+00,-2.902142562803e+00,-2.528274165863e+01,3.604491847677e+00,-2.915485656224e+00,-5.911144146513e-01,4.381785952884e-02,-1.334309342021e-02
"                 559",-2.468766120942e+01,3.557596931511e+00,-2.903863548721e+00,-2.527872578638e+01,3.601449860673e+00,-2.917145073604e+00,-5.910645769560e-01,4.385292916201e-02,-1.328152488301e-02
"                 560",-2.468640121777e+01,3.555205966763e+00,-2.910400973463e+00,-2.527741772294e+01,3.599080904525e+00,-2.923651914464e+00,-5.910165051726e-01,4.387493776231e-02,-1.325094100089e-02
"                 561",-2.467820798619e+01,3.550374501239e+00,-2.916175973548e+00,-2.526917808983e+01,3.594260006993e+00,-2.929416321543e+00,-5.909701036321e-01,4.388550575446e-02,-1.324034799588e-02
"                 562",-2.467319092339e+01,3.546715861424e+00,-2.925510831930e+00,-2.526411593104e+01,3.590617610499e+00,-2.938735485457e+00,-5.909250076556e-01,4.390174907481e-02,-1.322465352751e-02
"                 563",-2.466434646368e+01,3.542242091475e+00,-2.930904954427e+00,-2.525521528494e+01,3.586159527579e+00,-2.944109528496e+00,-5.908688212549e-01,4.391743610352e-02,-1.320457406916e-02
"                 564",-2.466130005870e+01,3.539341431224e+00,-2.939777368297e+00,-2.525209139783e+01,3.583273186606e+00,-2.952969647549e+00,-5.907913391321e-01,4.393175538191e-02,-1.319227925175e-02
"                 565",-2.465440252924e+01,3.534152967861e+00,-2.948231768922e+00,-2.524510948260e+01,3.578081876056e+00,-2.961441011903e+00,-5.907069533578e-01,4.392890819576e-02,-1.320924298015e-02
"                 566",-2.465231980215e+01,3.530195743400e+00,-2.961846900202e+00,-2.524294542339e+01,3.574131847640e+00,-2.975060821791e+00,-5.906256212335e-01,4.393610424021e-02,-1.321392158857e-02
"                 567",-2.464664207054e+01,3.526477939607e+00,-2.970260554497e+00,-2.523718892213e+01,3.570428552763e+00,-2.983463334022e+00,-5.905468515860e-01,4.395061315553e-02,-1.320277952464e-02
"                 568",-2.464649267210e+01,3.526568395125e+00,-2.977977038121e+00,-2.523695316702e+01,3.570552825502e+00,-2.991141745691e+00,-5.904604949233e-01,4.398443037707e-02,-1.316470756965e-02
"                 569",-2.464316846096e+01,3.527333284020e+00,-2.979337198344e+00,-2.523352618833e+01,3.571356129868e+00,-2.992454366276e+00,-5.903577273654e-01,4.402284584744e-02,-1.311716793219e-02
"                 570",-2.464486962017e+01,3.530405161197e+00,-2.983079704545e+00,-2.523510135114e+01,3.574472916017e+00,-2.996146231555e+00,-5.902317309680e-01,4.406775481958e-02,-1.306652701035e-02
"                 571",-2.464264755567e+01,3.532765301695e+00,-2.982897081206e+00,-2.523274702691e+01,3.576875261784e+00,-2.995914971265e+00,-5.900994712405e-01,4.410996008913e-02,-1.301789005971e-02
"                 572",-2.464425973596e+01,3.536229218232e+00,-2.985415437993e+00,-2.523423647523e+01,3.580390287972e+00,-2.998375749232e+00,-5.899767392712e-01,4.416106973977e-02,-1.296031123855e-02
"                 573",-2.464133498304e+01,3.537870168515e+00,-2.984590102212e+00,-2.523121179094e+01,3.582081619400e+00,-2.997486903436e+00,-5.898768079003e-01,4.421145088505e-02,-1.289680122435e-02
"                 574",-2.464240141621e+01,3.540558583016e+00,-2.986897084699e+00,-2.523219483751e+01,3.584823380113e+00,-2.999724760792e+00,-5.897934213018e-01,4.426479709717e-02,-1.282767609230e-02
"                 575",-2.463895501140e+01,3.541362798294e+00,-2.987224832318e+00,-2.522867089298e+01,3.585660470150e+00,-3.000008323495e+00,-5.897158815838e-01,4.429767185640e-02,-1.278349117750e-02
"                 576",-2.463827923027e+01,3.541817841065e+00,-2.993923617983e+00,-2.522790810531e+01,3.586133549738e+00,-3.006690326468e+00,-5.896288750485e-01,4.431570867370e-02,-1.276670848479e-02
"                 577",-2.463174310869e+01,3.538402293668e+00,-3.002283703649e+00,-2.522127546446e+01,3.582723019701e+00,-3.015048712428e+00,-5.895323557752e-01,4.432072603370e-02,-1.276500877843e-02
"                 578",-2.462860999136e+01,3.535172204242e+00,-3.015894636780e+00,-2.521804321843e+01,3.579506775636e+00,-3.028648768754e+00,-5.894332270708e-01,4.433457139444e-02,-1.275413197346e-02
"                 579",-2.462217653722e+01,3.531735081913e+00,-3.024479776954e+00,-2.521150823164e+01,3.576082933752e+00,-3.037220689472e+00,-5.893316944206e-01,4.434785183818e-02,-1.274091251834e-02
"                 580",-2.462100040556e+01,3.530862229114e+00,-3.033924368115e+00,-2.521021616467e+01,3.575223780948e+00,-3.046661075143e+00,-5.892157591143e-01,4.436155183304e-02,-1.273670702842e-02
"                 581",-2.461605410567e+01,3.528744386710e+00,-3.040607025206e+00,-2.520513753569e+01,3.573107224178e+00,-3.053363254069e+00,-5.890834300103e-01,4.436283746848e-02,-1.275622886274e-02
"                 582",-2.461577368918e+01,3.528338949456e+00,-3.050165100561e+00,-2.520471453246e+01,3.572713728408e+00,-3.062933545600e+00,-5.889408432803e-01,4.437477895148e-02,-1.276844503874e-02
"                 583",-2.461236291293e+01,3.526887376895e+00,-3.057146868759e+00,-2.520114927296e+01,3.571280014322e+00,-3.069917021222e+00,-5.887863600338e-01,4.439263742797e-02,-1.277015246331e-02
"                 584",-2.461450944182e+01,3.527612054889e+00,-3.065257519689e+00,-2.520312593098e+01,3.572040544567e+00,-3.078002353298e+00,-5.886164891596e-01,4.442848967858e-02,-1.274483360874e-02
"                 585",-2.461316996390e+01,3.527680056153e+00,-3.068855604464e+00,-2.520161296418e+01,3.572143721036e+00,-3.081571091944e+00,-5.884430002715e-01,4.446366488248e-02,-1.271548747939e-02
"                 586",-2.461678267612e+01,3.530556108595e+00,-3.072706201477e+00,-2.520505599773e+01,3.575054910879e+00,-3.085395324596e+00,-5.882733216130e-01,4.449880228442e-02,-1.268912311908e-02
"                 587",-2.461605238539e+01,3.533255101228e+00,-3.071123086638e+00,-2.520416551328e+01,3.577775776741e+00,-3.083800420121e+00,-5.881131278833e-01,4.452067551344e-02,-1.267733348312e-02
"                 588",-2.461942743832e+01,3.537667685346e+00,-3.071549333831e+00,-2.520739423517e+01,3.582215025947e+00,-3.084207496808e+00,-5.879667968503e-01,4.454734060054e-02,-1.265816297764e-02
"                 589",-2.461783374167e+01,3.540060545535e+00,-3.071011446313e+00,-2.520567609886e+01,3.584631631877e+00,-3.083647081820e+00,-5.878423571924e-01,4.457108634214e-02,-1.263563550608e-02
"                 590",-2.462049546301e+01,3.543654000008e+00,-3.074415127909e+00,-2.520822592484e+01,3.588258693002e+00,-3.087012179430e+00,-5.877304618293e-01,4.460469299422e-02,-1.259705152099e-02
"                 591",-2.461874778959e+01,3.545565836705e+00,-3.074890355711e+00,-2.520636883429e+01,3.590194195095e+00,-3.087458551012e+00,-5.876210446924e-01,4.462835839075e-02,-1.256819530162e-02
"                 592",-2.462075142546e+01,3.547622353601e+00,-3.078882557882e+00,-2.520825914711e+01,3.592266026703e+00,-3.091440850222e+00,-5.875077216478e-01,4.464367310235e-02,-1.255829233952e-02
"                 593",-2.461742874866e+01,3.546300665294e+00,-3.082697061076e+00,-2.520481453132e+01,3.590943557617e+00,-3.095267079991e+00,-5.873857826651e-01,4.464289232305e-02,-1.257001891483e-02
"                 594",-2.461756778429e+01,3.544592240872e+00,-3.093096807263e+00,-2.520482043854e+01,3.589240666291e+00,-3.105672422548e+00,-5.872526542470e-01,4.464842541901e-02,-1.257561528540e-02
"                 595",-2.461407246272e+01,3.541572614052e+00,-3.100607112083e+00,-2.520117979971e+01,3.586233280575e+00,-3.113171936218e+00,-5.871073369900e-01,4.466066652331e-02,-1.256482413583e-02
"                 596",-2.461532782796e+01,3.540200981365e+00,-3.110175181255e+00,-2.520226569277e+01,3.584882128440e+00,-3.122720333944e+00,-5.869378648129e-01,4.468114707490e-02,-1.254515268913e-02
"                 597",-2.461254758407e+01,3.538050069229e+00,-3.114819502330e+00,-2.519928637052e+01,3.582744144170e+00,-3.127352360874e+00,-5.867387864524e-01,4.469407494043e-02,-1.253285854427e-02
"                 598",-2.461473926856e+01,3.538297219148e+00,-3.119871040581e+00,-2.520126102434e+01,3.583015607652e+00,-3.132375936776e+00,-5.865217557794e-01,4.471838850380e-02,-1.250489619572e-02
"                 599",-2.461460563314e+01,3.538711871499e+00,-3.119346674821e+00,-2.520090733968e+01,3.583452975229e+00,-3.131823024872e+00,-5.863017065368e-01,4.474110372976e-02,-1.247635005157e-02
"                 600",-2.462031700835e+01,3.540842325243e+00,-3.120352311300e+00,-2.520639612631e+01,3.585612308411e+00,-3.132794929031e+00,-5.860791179597e-01,4.476998316777e-02,-1.244261773178e-02
"                 601",-2.462272232771e+01,3.541053717235e+00,-3.119671100841e+00,-2.520858074882e+01,3.585847421171e+00,-3.132083683272e+00,-5.858584211062e-01,4.479370393603e-02,-1.241258243073e-02
"                 602",-2.462950067642e+01,3.542206400252e+00,-3.121574123175e+00,-2.521513783676e+01,3.587021798905e+00,-3.133963578290e+00,-5.856371603399e-01,4.481539865275e-02,-1.238945511551e-02
"                 603",-2.463178174343e+01,3.543053196981e+00,-3.118666505542e+00,-2.521719093310e+01,3.587867485127e+00,-3.131063577852e+00,-5.854091896747e-01,4.481428814539e-02,-1.239707231023e-02
"                 604",-2.463763313793e+01,3.545885849686e+00,-3.116580768180e+00,-2.522281079599e+01,3.590701558819e+00,-3.128977803994e+00,-5.851776580610e-01,4.481570913255e-02,-1.239703581370e-02
"                 605",-2.463883156440e+01,3.547350923731e+00,-3.112194872604e+00,-2.522379216133e+01,3.592168380401e+00,-3.124579491264e+00,-5.849605969295e-01,4.481745667012e-02,-1.238461866031e-02
"                 606",-2.464390615906e+01,3.549303504018e+00,-3.111883195335e+00,-2.522867723977e+01,3.594136115119e+00,-3.124233093117e+00,-5.847710807073e-01,4.483261110097e-02,-1.234989778168e-02
"                 607",-2.464528340895e+01,3.549824197908e+00,-3.109305874559e+00,-2.522988465852e+01,3.594669013249e+00,-3.121618917144e+00,-5.846012495718e-01,4.484481534050e-02,-1.231304258539e-02
"                 608",-2.465033345459e+01,3.551336103573e+00,-3.109012376483e+00,-2.523476751822e+01,3.596195519519e+00,-3.121288750699e+00,-5.844340636244e-01,4.485941594517e-02,-1.227637421592e-02
"                 609",-2.464980015442e+01,3.550397962051e+00,-3.108241172913e+00,-2.523405891312e+01,3.595259619981e+00,-3.120498351702e+00,-5.842587586998e-01,4.486165793053e-02,-1.225717878977e-02
"                 610",-2.465243453540e+01,3.549715982590e+00,-3.112131775419e+00,-2.523649551985e+01,3.594587261749e+00,-3.124363960903e+00,-5.840609844466e-01,4.487127915913e-02,-1.223218548315e-02
"                 611",-2.465057048500e+01,3.547380114067e+00,-3.113663635727e+00,-2.523441343961e+01,3.592269925292e+00,-3.125852614904e+00,-5.838429546082e-01,4.488981122433e-02,-1.218897917779e-02
"                 612",-2.465299710746e+01,3.546015765856e+00,-3.117552077581e+00,-2.523661013988e+01,3.590936404664e+00,-3.129678929278e+00,-5.836130324247e-01,4.492063880792e-02,-1.212685169678e-02
"                 613",-2.465059449356e+01,3.542836249793e+00,-3.118525956691e+00,-2.523396578080e+01,3.587772678424e+00,-3.130610647980e+00,-5.833712872389e-01,4.493642863080e-02,-1.208469128896e-02
"                 614",-2.465185776457e+01,3.541130362875e+00,-3.119804668476e+00,-2.523497591782e+01,3.586077932621e+00,-3.131855674857e+00,-5.831181532497e-01,4.494756974608e-02,-1.205100638066e-02
"                 615",-2.464946455239e+01,3.539668777404e+00,-3.113941853388e+00,-2.523233915740e+01,3.584620786058e+00,-3.125961009491e+00,-5.828746050131e-01,4.495200865344e-02,-1.201915610375e-02
"                 616",-2.465309769432e+01,3.540885541178e+00,-3.106497787177e+00,-2.523572592465e+01,3.585843315528e+00,-3.118481376022e+00,-5.826282303309e-01,4.495777435001e-02,-1.198358884453e-02
"                 617",-2.465420517716e+01,3.540865387685e+00,-3.096162780166e+00,-2.523658433011e+01,3.585819658421e+00,-3.108114176745e+00,-5.823791529479e-01,4.495427073656e-02,-1.195139657859e-02
"                 618",-2.466084239056e+01,3.541203211677e+00,-3.090824931072e+00,-2.524296777918e+01,3.586155744803e+00,-3.102736918930e+00,-5.821253886201e-01,4.495253312578e-02,-1.191198785799e-02
"                 619",-2.466376789194e+01,3.539632087323e+00,-3.083808548849e+00,-2.524564739653e+01,3.584559438213e+00,-3.095712059583e+00,-5.818795045829e-01,4.492735089048e-02,-1.190351073424e-02
"                 620",-2.467064171636e+01,3.538471348664e+00,-3.080021490123e+00,-2.525227968125e+01,3.583363682621e+00,-3.091934369129e+00,-5.816379648902e-01,4.489233395647e-02,-1.191287900588e-02
"                 621",-2.467225958304e+01,3.535297807875e+00,-3.073800282631e+00,-2.525368391695e+01,3.580151010108e+00,-3.085718995517e+00,-5.814243339111e-01,4.485320223278e-02,-1.191871288578e-02
"                 622",-2.467718293527e+01,3.532695558800e+00,-3.071456880352e+00,-2.525841707275e+01,3.577526958974e+00,-3.083351108603e+00,-5.812341374778e-01,4.483140017332e-02,-1.189422825063e-02
"                 623",-2.467818753032e+01,3.529299888724e+00,-3.065565605538e+00,-2.525925059425e+01,3.574111977069e+00,-3.077421436068e+00,-5.810630639338e-01,4.481208834512e-02,-1.185583052928e-02
"                 624",-2.468397894342e+01,3.527295486565e+00,-3.061870996789e+00,-2.526486378133e+01,3.572099433473e+00,-3.073668650677e+00,-5.808848379149e-01,4.480394690731e-02,-1.179765388831e-02
"                 625",-2.468570282904e+01,3.523635739552e+00,-3.056366990593e+00,-2.526640680607e+01,3.568427208286e+00,-3.068101633753e+00,-5.807039770367e-01,4.479146873322e-02,-1.173464315992e-02
"                 626",-2.469087785618e+01,3.520685459226e+00,-3.054884216194e+00,-2.527138850546e+01,3.565467600154e+00,-3.066553599765e+00,-5.805106492872e-01,4.478214092808e-02,-1.166938357061e-02
"                 627",-2.469115402368e+01,3.516659748228e+00,-3.050635530706e+00,-2.527147521970e+01,3.561433274164e+00,-3.062230431095e+00,-5.803211960188e-01,4.477352593576e-02,-1.159490038920e-02
"                 628",-2.469546991396e+01,3.514211496961e+00,-3.048425520882e+00,-2.527559930496e+01,3.558991816393e+00,-3.059923848241e+00,-5.801293909977e-01,4.478031943238e-02,-1.149832735836e-02
"                 629",-2.469532369398e+01,3.509926106793e+00,-3.045216145875e+00,-2.527525550638e+01,3.554695986800e+00,-3.056642353262e+00,-5.799318123989e-01,4.476988000692e-02,-1.142620738744e-02
"                 630",-2.469883623808e+01,3.505823523265e+00,-3.046123620001e+00,-2.527854873575e+01,3.550569941240e+00,-3.057509185871e+00,-5.797124976637e-01,4.474641797446e-02,-1.138556586961e-02
"                 631",-2.469864328171e+01,3.501702510145e+00,-3.041904827141e+00,-2.527814073080e+01,3.546415832203e+00,-3.053257809441e+00,-5.794974490901e-01,4.471332205762e-02,-1.135298230024e-02
"                 632",-2.470371594503e+01,3.500771491063e+00,-3.034960315504e+00,-2.528298703730e+01,3.545457278654e+00,-3.046274742066e+00,-5.792710922672e-01,4.468578759159e-02,-1.131442656197e-02
"                 633",-2.470604797996e+01,3.500249204255e+00,-3.022366637880e+00,-2.528509544923e+01,3.544896254781e+00,-3.033651164159e+00,-5.790474692714e-01,4.464705052643e-02,-1.128452627876e-02
"                 634",-2.471348543728e+01,3.500616681472e+00,-3.012930754233e+00,-2.529230039019e+01,3.545226074672e+00,-3.024186752603e+00,-5.788149529161e-01,4.460939320026e-02,-1.125599836937e-02
"                 635",-2.471735419819e+01,3.498691392073e+00,-3.003656167650e+00,-2.529593529991e+01,3.543242318193e+00,-3.014908585754e+00,-5.785811017140e-01,4.455092612001e-02,-1.125241810398e-02
"                 636",-2.472553815966e+01,3.496033263867e+00,-3.000308949737e+00,-2.530386305937e+01,3.540521407298e+00,-3.011571019524e+00,-5.783248997077e-01,4.448814343059e-02,-1.126206978738e-02
"                 637",-2.472929419768e+01,3.490770387020e+00,-2.997040807441e+00,-2.530737202229e+01,3.535193725804e+00,-3.008306133080e+00,-5.780778246105e-01,4.442333878337e-02,-1.126532563958e-02
"                 638",-2.473662758026e+01,3.485951060057e+00,-2.997679191486e+00,-2.531446740988e+01,3.530338093716e+00,-3.008904553923e+00,-5.778398296207e-01,4.438703365931e-02,-1.122536243661e-02
"                 639",-2.473962304931e+01,3.481297727304e+00,-2.992696697798e+00,-2.531725234619e+01,3.525657357829e+00,-3.003856007575e+00,-5.776292968717e-01,4.435963052428e-02,-1.115930977721e-02
"                 640",-2.474754962544e+01,3.479142497175e+00,-2.987960135923e+00,-2.532497815263e+01,3.523487116731e+00,-2.999043898433e+00,-5.774285271949e-01,4.434461955515e-02,-1.108376250984e-02
"                 641",-2.475105546403e+01,3.475498432796e+00,-2.981450616402e+00,-2.532830958354e+01,3.519820695583e+00,-2.992466731505e+00,-5.772541195075e-01,4.432226278670e-02,-1.101611510314e-02
"                 642",-2.475819648452e+01,3.471606190041e+00,-2.981011230416e+00,-2.533527541980e+01,3.515917947176e+00,-2.991953777411e+00,-5.770789352732e-01,4.431175713504e-02,-1.094254699498e-02
"                 643",-2.476022846269e+01,3.466288121696e+00,-2.978422159593e+00,-2.533714659963e+01,3.510585617745e+00,-2.989286877340e+00,-5.769181369408e-01,4.429749604977e-02,-1.086471774724e-02
"                 644",-2.476668095667e+01,3.462652036249e+00,-2.976958264574e+00,-2.534342615823e+01,3.506944551715e+00,-2.987739160480e+00,-5.767452015552e-01,4.429251546657e-02,-1.078089590616e-02
"                 645",-2.476878488296e+01,3.458090414892e+00,-2.972560012521e+00,-2.534535129196e+01,3.502358804297e+00,-2.983279579895e+00,-5.765664089934e-01,4.426838940522e-02,-1.071956737430e-02
"                 646",-2.477569573788e+01,3.454787105643e+00,-2.971017514888e+00,-2.535205980273e+01,3.499028319889e+00,-2.981695410200e+00,-5.763640648556e-01,4.424121424626e-02,-1.067789531202e-02
"                 647",-2.477900488514e+01,3.451247832054e+00,-2.965709066630e+00,-2.535518744828e+01,3.495444226588e+00,-2.976360026834e+00,-5.761825631399e-01,4.419639453432e-02,-1.065096020400e-02
"                 648",-2.478779703355e+01,3.449698270949e+00,-2.962285397129e+00,-2.536378981260e+01,3.493854813760e+00,-2.972912251495e+00,-5.759927790513e-01,4.415654281077e-02,-1.062685436527e-02
"                 649",-2.479255512561e+01,3.447689573425e+00,-2.954934943510e+00,-2.536836350656e+01,3.491795749812e+00,-2.965543219387e+00,-5.758083809483e-01,4.410617638661e-02,-1.060827587627e-02
"                 650",-2.480181320716e+01,3.446955456099e+00,-2.950551117066e+00,-2.537740908975e+01,3.491019223441e+00,-2.961148041893e+00,-5.755958825885e-01,4.406376734231e-02,-1.059692482626e-02
"                 651",-2.480669767760e+01,3.445549374478e+00,-2.942489285842e+00,-2.538206608477e+01,3.489548708737e+00,-2.953098815611e+00,-5.753684071699e-01,4.399933425905e-02,-1.060952976880e-02
"                 652",-2.481590000340e+01,3.444964403210e+00,-2.938318719248e+00,-2.539100221871e+01,3.488914614280e+00,-2.948931607122e+00,-5.751022153041e-01,4.395021107067e-02,-1.061288787380e-02
"                 653",-2.482051058545e+01,3.442151339670e+00,-2.933528702169e+00,-2.539536083830e+01,3.486051397088e+00,-2.944128878876e+00,-5.748502528451e-01,4.390005741803e-02,-1.060017670707e-02
"                 654",-2.482884327846e+01,3.438892479722e+00,-2.934643073891e+00,-2.540344786456e+01,3.482772277251e+00,-2.945199675059e+00,-5.746045860994e-01,4.387979752899e-02,-1.055660116764e-02
"                 655",-2.483256020438e+01,3.434405604332e+00,-2.933467416412e+00,-2.540695157354e+01,3.478260309800e+00,-2.943970820033e+00,-5.743913691621e-01,4.385470546833e-02,-1.050340362027e-02
"                 656",-2.484029942048e+01,3.431407691312e+00,-2.934192612031e+00,-2.541447800304e+01,3.475250541199e+00,-2.944641963747e+00,-5.741785825574e-01,4.384284988722e-02,-1.044935171557e-02
"                 657",-2.484285734300e+01,3.427064451317e+00,-2.932741872690e+00,-2.541684937012e+01,3.470878684766e+00,-2.943148413610e+00,-5.739920271208e-01,4.381423344904e-02,-1.040654092018e-02
"                 658",-2.484923018740e+01,3.423230491859e+00,-2.935601986315e+00,-2.542303377629e+01,3.467039442092e+00,-2.945949272496e+00,-5.738035888908e-01,4.380895023383e-02,-1.034728618084e-02
"                 659",-2.485131594956e+01,3.418721699062e+00,-2.935160703870e+00,-2.542495686638e+01,3.462523169210e+00,-2.945432663721e+00,-5.736409168205e-01,4.380147014854e-02,-1.027195985080e-02
"                 660",-2.485800504721e+01,3.415888553527e+00,-2.935975826441e+00,-2.543147473470e+01,3.459690336638e+00,-2.946187608544e+00,-5.734696874880e-01,4.380178311122e-02,-1.021178210341e-02
"                 661",-2.485982743654e+01,3.412069674768e+00,-2.933444885344e+00,-2.543314063316e+01,3.455835203000e+00,-2.943636508957e+00,-5.733131966242e-01,4.376552823198e-02,-1.019162361288e-02
"                 662",-2.486560557010e+01,3.409151670905e+00,-2.934093456505e+00,-2.543875128865e+01,3.452890884371e+00,-2.944270723470e+00,-5.731457185506e-01,4.373921346648e-02,-1.017726696460e-02
"                 663",-2.486742759085e+01,3.405807097845e+00,-2.931437925305e+00,-2.544042303116e+01,3.449504825394e+00,-2.941598475964e+00,-5.729954403054e-01,4.369772754937e-02,-1.016055065896e-02
"                 664",-2.487471439003e+01,3.403834801649e+00,-2.931862647853e+00,-2.544752452938e+01,3.447507024113e+00,-2.942005822626e+00,-5.728101393526e-01,4.367222246415e-02,-1.014317477287e-02
"                 665",-2.487866295932e+01,3.400826876885e+00,-2.930311033545e+00,-2.545127251407e+01,3.444455407847e+00,-2.940439085750e+00,-5.726095547481e-01,4.362853096209e-02,-1.012805220568e-02
"                 666",-2.488716608678e+01,3.399166338465e+00,-2.931988378741e+00,-2.545952204673e+01,3.442761184602e+00,-2.942108560044e+00,-5.723559599500e-01,4.359484613732e-02,-1.012018130302e-02
"                 667",-2.489068341416e+01,3.397946928930e+00,-2.927821274829e+00,-2.546277974386e+01,3.441487664745e+00,-2.937944487635e+00,-5.720963297008e-01,4.354073581500e-02,-1.012321280588e-02
"                 668",-2.489750323606e+01,3.398684687009e+00,-2.925187883264e+00,-2.546932194420e+01,3.442199642605e+00,-2.935294023712e+00,-5.718187081444e-01,4.351495559655e-02,-1.010614044808e-02
"                 669",-2.489869811055e+01,3.398434304243e+00,-2.919846355021e+00,-2.547027110660e+01,3.441924048479e+00,-2.929910370125e+00,-5.715729960498e-01,4.348974423548e-02,-1.006401510346e-02
"                 670",-2.490409550092e+01,3.398278581956e+00,-2.921061932616e+00,-2.547542126364e+01,3.441765265141e+00,-2.931075802212e+00,-5.713257627252e-01,4.348668318477e-02,-1.001386959627e-02
"                 671",-2.490526825705e+01,3.395742905269e+00,-2.922793293974e+00,-2.547637171668e+01,3.439203337956e+00,-2.932781072309e+00,-5.711034596324e-01,4.346043268694e-02,-9.987778335056e-03
"                 672",-2.491074141275e+01,3.392867758735e+00,-2.930766413924e+00,-2.548161141111e+01,3.436311874139e+00,-2.940742159041e+00,-5.708699983608e-01,4.344411540389e-02,-9.975745117153e-03
"                 673",-2.491054342169e+01,3.388036394771e+00,-2.937155308198e+00,-2.548121219916e+01,3.431450940093e+00,-2.947118653608e+00,-5.706687774756e-01,4.341454532257e-02,-9.963345410987e-03
"                 674",-2.491415861289e+01,3.385065834278e+00,-2.944570239268e+00,-2.548463586049e+01,3.428474649487e+00,-2.954509204764e+00,-5.704772476035e-01,4.340881520934e-02,-9.938965496221e-03
"                 675",-2.491381488099e+01,3.382768017747e+00,-2.945284633221e+00,-2.548413137608e+01,3.426153684463e+00,-2.955205867101e+00,-5.703164950911e-01,4.338566671654e-02,-9.921233880449e-03
"                 676",-2.491865450248e+01,3.381718055064e+00,-2.948799717198e+00,-2.548879381005e+01,3.425086375372e+00,-2.958720934071e+00,-5.701393075687e-01,4.336832030857e-02,-9.921216873128e-03
"                 677",-2.491947579309e+01,3.378772120387e+00,-2.951204205231e+00,-2.548945861391e+01,3.422100877910e+00,-2.961138690544e+00,-5.699828208178e-01,4.332875752325e-02,-9.934485313051e-03
"                 678",-2.492549091296e+01,3.376744153754e+00,-2.958672589153e+00,-2.549529693624e+01,3.420055197087e+00,-2.968608695347e+00,-5.698060232793e-01,4.331104333315e-02,-9.936106193535e-03
"                 679",-2.492799751462e+01,3.374793749918e+00,-2.961466167774e+00,-2.549762463695e+01,3.418081882568e+00,-2.971385692721e+00,-5.696271223356e-01,4.328813265008e-02,-9.919524946835e-03
"                 680",-2.493583823088e+01,3.375278670261e+00,-2.964628925483e+00,-2.550524110177e+01,3.418569126396e+00,-2.974514988034e+00,-5.694028708944e-01,4.329045613513e-02,-9.886062551347e-03
"                 681",-2.493937910679e+01,3.375313730246e+00,-2.962432271896e+00,-2.550854336008e+01,3.418586358430e+00,-2.972296672082e+00,-5.691642532879e-01,4.327262818457e-02,-9.864400186227e-03
"                 682",-2.494668914830e+01,3.376171070299e+00,-2.963533131490e+00,-2.551557505439e+01,3.419436199369e+00,-2.973386113542e+00,-5.688859060833e-01,4.326512907028e-02,-9.852982051474e-03
"                 683",-2.494835309149e+01,3.375463269645e+00,-2.962727623825e+00,-2.551696949799e+01,3.418708126982e+00,-2.972566978718e+00,-5.686164065051e-01,4.324485733699e-02,-9.839354893365e-03
"                 684",-2.495285754878e+01,3.375325358960e+00,-2.965746790282e+00,-2.552119031993e+01,3.418577966451e+00,-2.975550384130e+00,-5.683327711506e-01,4.325260749181e-02,-9.803593848286e-03
"                 685",-2.495228170670e+01,3.374435070872e+00,-2.965428834970e+00,-2.552035200783e+01,3.417687274155e+00,-2.975186804814e+00,-5.680703011243e-01,4.325220328287e-02,-9.757969844165e-03
"                 686",-2.495611104042e+01,3.374863620978e+00,-2.968483300027e+00,-2.552390238846e+01,3.418130020084e+00,-2.978197511418e+00,-5.677913480310e-01,4.326639910606e-02,-9.714211391206e-03
"                 687",-2.495580249248e+01,3.373931648040e+00,-2.969909715932e+00,-2.552333592531e+01,3.417181815003e+00,-2.979611421923e+00,-5.675334328267e-01,4.325016696293e-02,-9.701705990930e-03
"                 688",-2.495947063846e+01,3.372459498247e+00,-2.978070935969e+00,-2.552674739074e+01,3.415700989468e+00,-2.987777423716e+00,-5.672767522782e-01,4.324149122096e-02,-9.706487747628e-03
"                 689",-2.495810940663e+01,3.368177662936e+00,-2.986255972572e+00,-2.552517270417e+01,3.411395641160e+00,-2.995971501643e+00,-5.670632975325e-01,4.321797822416e-02,-9.715529070462e-03
"                 690",-2.496098181897e+01,3.364421701095e+00,-2.998185114761e+00,-2.552783392669e+01,3.407634110551e+00,-3.007906563035e+00,-5.668521077266e-01,4.321240945661e-02,-9.721448274249e-03
"                 691",-2.495988182659e+01,3.360274108489e+00,-3.005610636600e+00,-2.552654087385e+01,3.403457354912e+00,-3.015355141808e+00,-5.666590472556e-01,4.318324642279e-02,-9.744505208299e-03
"                 692",-2.496366638220e+01,3.357287244102e+00,-3.015754514898e+00,-2.553011668561e+01,3.400452446927e+00,-3.025526603529e+00,-5.664503034077e-01,4.316520282566e-02,-9.772088631406e-03
"                 693",-2.496398051638e+01,3.354012899465e+00,-3.021928925749e+00,-2.553024079938e+01,3.397153912312e+00,-3.031708435859e+00,-5.662602829926e-01,4.314101284686e-02,-9.779510110209e-03
"                 694",-2.497050742456e+01,3.353182952125e+00,-3.029655463745e+00,-2.553655896151e+01,3.396328121129e+00,-3.039415809345e+00,-5.660515369421e-01,4.314516900461e-02,-9.760345599817e-03
"                 695",-2.497422634437e+01,3.352945358476e+00,-3.031322817337e+00,-2.554007631605e+01,3.396089287397e+00,-3.041046267367e+00,-5.658499716814e-01,4.314392892192e-02,-9.723450029871e-03
"                 696",-2.498289104137e+01,3.354800317249e+00,-3.034058484927e+00,-2.554850385070e+01,3.397965735860e+00,-3.043731885213e+00,-5.656128093237e-01,4.316541861151e-02,-9.673400286217e-03
"                 697",-2.498635203792e+01,3.355889455198e+00,-3.032152621635e+00,-2.555171495355e+01,3.399058060643e+00,-3.041786586854e+00,-5.653629156352e-01,4.316860544469e-02,-9.633965219667e-03
"                 698",-2.499318607304e+01,3.357958054172e+00,-3.034300930413e+00,-2.555826698186e+01,3.401146222207e+00,-3.043898179939e+00,-5.650809088246e-01,4.318816803436e-02,-9.597249525645e-03
"                 699",-2.499472973679e+01,3.358462572520e+00,-3.034313814833e+00,-2.555953679933e+01,3.401660682011e+00,-3.043871458888e+00,-5.648070625404e-01,4.319810949084e-02,-9.557644054821e-03
"                 700",-2.500040057767e+01,3.359107846269e+00,-3.039929988887e+00,-2.556492452685e+01,3.402341787005e+00,-3.049434094376e+00,-5.645239491796e-01,4.323394073592e-02,-9.504105489884e-03
"                 701",-2.500179503696e+01,3.358820607323e+00,-3.041879871305e+00,-2.556606269458e+01,3.402070588546e+00,-3.051347703542e+00,-5.642676576137e-01,4.324998122304e-02,-9.467832237030e-03
"                 702",-2.500719759150e+01,3.359557806651e+00,-3.046893769180e+00,-2.557120818348e+01,3.402826413425e+00,-3.056351860113e+00,-5.640105919846e-01,4.326860677412e-02,-9.458090933183e-03
"                 703",-2.500646327507e+01,3.358721218051e+00,-3.048524156105e+00,-2.557023809311e+01,3.401977268081e+00,-3.058004696800e+00,-5.637748180356e-01,4.325605002940e-02,-9.480540695572e-03
"                 704",-2.500878284213e+01,3.357684950713e+00,-3.055403007464e+00,-2.557231582724e+01,3.400938997142e+00,-3.064913407553e+00,-5.635329851096e-01,4.325404642892e-02,-9.510400089376e-03
"                 705",-2.500650515249e+01,3.354291255441e+00,-3.061674383158e+00,-2.556981872389e+01,3.397524738854e+00,-3.071222500326e+00,-5.633135714058e-01,4.323348341306e-02,-9.548117168117e-03
"                 706",-2.500991451771e+01,3.350518103894e+00,-3.075102306947e+00,-2.557299158032e+01,3.393746337576e+00,-3.084684085055e+00,-5.630770626088e-01,4.322823368277e-02,-9.581778108859e-03
"                 707",-2.500996193178e+01,3.344847020760e+00,-3.087033352376e+00,-2.557280729076e+01,3.388049586813e+00,-3.096656716401e+00,-5.628453589789e-01,4.320256605326e-02,-9.623364024663e-03
"                 708",-2.501479048134e+01,3.340365701819e+00,-3.101563475924e+00,-2.557739996869e+01,3.383558095516e+00,-3.111225837710e+00,-5.626094873478e-01,4.319239369663e-02,-9.662361785337e-03
"                 709",-2.501538756518e+01,3.336663404971e+00,-3.107837128429e+00,-2.557778506190e+01,3.379839803153e+00,-3.117522783064e+00,-5.623974967146e-01,4.317639818237e-02,-9.685654634836e-03
"                 710",-2.502094261647e+01,3.336182531859e+00,-3.112095924636e+00,-2.558311420825e+01,3.379375259507e+00,-3.121770538341e+00,-5.621715917867e-01,4.319272764738e-02,-9.674613704503e-03
"                 711",-2.502268892318e+01,3.336328554840e+00,-3.109365606686e+00,-2.558463978010e+01,3.379534914010e+00,-3.119006500030e+00,-5.619508569189e-01,4.320635917017e-02,-9.640893343379e-03
"                 712",-2.502925577829e+01,3.337995439551e+00,-3.108915553655e+00,-2.559095475111e+01,3.381235301432e+00,-3.118511775595e+00,-5.616989728269e-01,4.323986188061e-02,-9.596221940594e-03
"                 713",-2.503150338578e+01,3.338639775987e+00,-3.105343040379e+00,-2.559294043803e+01,3.381895401013e+00,-3.114898410886e+00,-5.614370522468e-01,4.325562502576e-02,-9.555370507389e-03
"                 714",-2.503781371003e+01,3.340230466806e+00,-3.105470596486e+00,-2.559897213430e+01,3.383517748042e+00,-3.114979829763e+00,-5.611584242751e-01,4.328728123563e-02,-9.509233276697e-03
"                 715",-2.503904733648e+01,3.340963885673e+00,-3.102087791283e+00,-2.559995290055e+01,3.384268000227e+00,-3.111552264108e+00,-5.609055640640e-01,4.330411455448e-02,-9.464472825534e-03
"                 716",-2.504454396516e+01,3.343007422330e+00,-3.101201595333e+00,-2.560520596922e+01,3.386345686386e+00,-3.110616645819e+00,-5.606620040568e-01,4.333826405580e-02,-9.415050486111e-03
"                 717",-2.504568261537e+01,3.343653926884e+00,-3.097703168044e+00,-2.560612505909e+01,3.387000621953e+00,-3.107093878576e+00,-5.604424437169e-01,4.334669506864e-02,-9.390710531867e-03
"                 718",-2.505037781142e+01,3.343676913951e+00,-3.100882165873e+00,-2.561059107187e+01,3.387029370379e+00,-3.110283019218e+00,-5.602132604524e-01,4.335245642791e-02,-9.400853344521e-03
"                 719",-2.504870994667e+01,3.340885904948e+00,-3.103991451201e+00,-2.560869700921e+01,3.384212753117e+00,-3.113436362365e+00,-5.599870625352e-01,4.332684816874e-02,-9.444911164240e-03
"                 720",-2.505010410878e+01,3.337990712918e+00,-3.111876809236e+00,-2.560984865793e+01,3.381308823425e+00,-3.121359630184e+00,-5.597445491533e-01,4.331811050635e-02,-9.482820948526e-03
"                 721",-2.504717891029e+01,3.334266067102e+00,-3.115730822556e+00,-2.560669069782e+01,3.377566353192e+00,-3.125239851109e+00,-5.595117875213e-01,4.330028608983e-02,-9.509028553277e-03
"                 722",-2.505011947067e+01,3.332000531968e+00,-3.122052393792e+00,-2.560938140030e+01,3.375298308967e+00,-3.131581939172e+00,-5.592619296280e-01,4.329777699944e-02,-9.529545379365e-03
"                 723",-2.504925359674e+01,3.328248320367e+00,-3.125310645544e+00,-2.560826853371e+01,3.371519391564e+00,-3.134873911861e+00,-5.590149369764e-01,4.327107119737e-02,-9.563266316778e-03
"                 724",-2.505295562998e+01,3.324906955902e+00,-3.132897151260e+00,-2.561171609545e+01,3.368169173943e+00,-3.142483190338e+00,-5.587604654632e-01,4.326221804013e-02,-9.586039078274e-03
"                 725",-2.505207447938e+01,3.320778756258e+00,-3.136443633963e+00,-2.561059203755e+01,3.364026134366e+00,-3.146035400794e+00,-5.585175581663e-01,4.324737810847e-02,-9.591766831734e-03
"                 726",-2.505611963576e+01,3.319110191421e+00,-3.140886531844e+00,-2.561437826246e+01,3.362374710762e+00,-3.150450615442e+00,-5.582586266990e-01,4.326451934035e-02,-9.564083598060e-03
"                 727",-2.505618751725e+01,3.318196176974e+00,-3.137815504486e+00,-2.561419152376e+01,3.361477585234e+00,-3.147324221655e+00,-5.580040065029e-01,4.328140826021e-02,-9.508717168419e-03
"                 728",-2.506156583960e+01,3.319847677516e+00,-3.134704799522e+00,-2.561930103623e+01,3.363165881377e+00,-3.144149184988e+00,-5.577351966300e-01,4.331820386013e-02,-9.444385465525e-03
"                 729",-2.506298771484e+01,3.321247145674e+00,-3.126622177298e+00,-2.562047081996e+01,3.364575413839e+00,-3.136027125972e+00,-5.574831051113e-01,4.332826816469e-02,-9.404948674171e-03
"                 730",-2.506935417406e+01,3.323854451605e+00,-3.122571237394e+00,-2.562659495327e+01,3.367201110328e+00,-3.131949358066e+00,-5.572407792169e-01,4.334665872248e-02,-9.378120671802e-03
"                 731",-2.507043258119e+01,3.325272292360e+00,-3.115238821478e+00,-2.562746326005e+01,3.368619879028e+00,-3.124598068076e+00,-5.570306788566e-01,4.334758666733e-02,-9.359246597618e-03
"                 732",-2.507520702805e+01,3.327238357442e+00,-3.111356382336e+00,-2.563203805376e+01,3.370603611493e+00,-3.120693945629e+00,-5.568310257126e-01,4.336525405174e-02,-9.337563292512e-03
"                 733",-2.507510453399e+01,3.327541078570e+00,-3.104783072506e+00,-2.563175108413e+01,3.370903377852e+00,-3.114111163274e+00,-5.566465501397e-01,4.336229928188e-02,-9.328090768567e-03
"                 734",-2.507943056036e+01,3.327399615642e+00,-3.104739205503e+00,-2.563587854660e+01,3.370764541311e+00,-3.114070514260e+00,-5.564479862376e-01,4.336492566961e-02,-9.331308757387e-03
"                 735",-2.507841028455e+01,3.324071739752e+00,-3.105263808436e+00,-2.563466436324e+01,3.367403640393e+00,-3.114634973030e+00,-5.562540786847e-01,4.333190064136e-02,-9.371164593766e-03
"                 736",-2.508081729252e+01,3.320325720660e+00,-3.111935254968e+00,-2.563686531170e+01,3.363631964430e+00,-3.121355052977e+00,-5.560480191884e-01,4.330624376968e-02,-9.419798009589e-03
"                 737",-2.507813810357e+01,3.315705061327e+00,-3.114645564225e+00,-2.563398767816e+01,3.358975851808e+00,-3.124105036040e+00,-5.558495745841e-01,4.327079048014e-02,-9.459471814626e-03
"                 738",-2.508011472196e+01,3.313363209073e+00,-3.118499366087e+00,-2.563575188838e+01,3.356628880780e+00,-3.127966320434e+00,-5.556371664178e-01,4.326567170666e-02,-9.466954346502e-03
"                 739",-2.507745151174e+01,3.310566536223e+00,-3.117267677167e+00,-2.563286683296e+01,3.353809744276e+00,-3.126747270947e+00,-5.554153212270e-01,4.324320805394e-02,-9.479593780060e-03
"                 740",-2.507905160170e+01,3.308541482666e+00,-3.118941351058e+00,-2.563421751229e+01,3.351775336767e+00,-3.128430617052e+00,-5.551659105942e-01,4.323385410133e-02,-9.489265994797e-03
"                 741",-2.507680062005e+01,3.305639583395e+00,-3.117048967827e+00,-2.563172051362e+01,3.348857986578e+00,-3.126531012187e+00,-5.549198935682e-01,4.321840318365e-02,-9.482044359218e-03
"                 742",-2.508025353941e+01,3.304450409736e+00,-3.117800617523e+00,-2.563492170174e+01,3.347673954576e+00,-3.127260344524e+00,-5.546681623291e-01,4.322354483965e-02,-9.459727000872e-03
"                 743",-2.508053247068e+01,3.303501458345e+00,-3.113616327419e+00,-2.563496622838e+01,3.346717782422e+00,-3.123050119519e+00,-5.544337576980e-01,4.321632407690e-02,-9.433792099998e-03
"                 744",-2.508584661348e+01,3.304900791727e+00,-3.110411406388e+00,-2.564004881361e+01,3.348129235431e+00,-3.119807030703e+00,-5.542022001322e-01,4.322844370442e-02,-9.395624314878e-03
"                 745",-2.508703386022e+01,3.306537782890e+00,-3.101485852751e+00,-2.564102445021e+01,3.349756021382e+00,-3.110860719767e+00,-5.539905899836e-01,4.321823849225e-02,-9.374867015973e-03
"                 746",-2.509299007265e+01,3.309702694711e+00,-3.095070793994e+00,-2.564676073944e+01,3.352909929124e+00,-3.104452192390e+00,-5.537706667897e-01,4.320723441377e-02,-9.381398396262e-03
"                 747",-2.509465878640e+01,3.311296038153e+00,-3.086696132419e+00,-2.564822406367e+01,3.354475324957e+00,-3.096091687943e+00,-5.535652772734e-01,4.317928680316e-02,-9.395555524031e-03
"                 748",-2.510071769566e+01,3.312696782915e+00,-3.083789963392e+00,-2.565408322811e+01,3.355871157869e+00,-3.093181487603e+00,-5.533655324458e-01,4.317437495432e-02,-9.391524210996e-03
"                 749",-2.510212478177e+01,3.312281387929e+00,-3.078669365518e+00,-2.565531914546e+01,3.355438412385e+00,-3.088057125864e+00,-5.531943636835e-01,4.315702445655e-02,-9.387760345683e-03
"                 750",-2.510819409738e+01,3.312476614887e+00,-3.077379347377e+00,-2.566121522687e+01,3.355627752156e+00,-3.086764431987e+00,-5.530211294930e-01,4.315113726900e-02,-9.385084609850e-03
"                 751",-2.510920589257e+01,3.310770395722e+00,-3.073524317100e+00,-2.566205834329e+01,3.353891755360e+00,-3.082923131708e+00,-5.528524507265e-01,4.312135963834e-02,-9.398814607592e-03
"                 752",-2.511360627421e+01,3.308451314842e+00,-3.075439975003e+00,-2.566626752357e+01,3.351548629803e+00,-3.084860358728e+00,-5.526612493567e-01,4.309731496100e-02,-9.420383725376e-03
"                 753",-2.511229668594e+01,3.303717637565e+00,-3.076517607376e+00,-2.566476288548e+01,3.346775273482e+00,-3.085961027382e+00,-5.524661995390e-01,4.305763591650e-02,-9.443420006312e-03
"                 754",-2.511531633040e+01,3.300332374028e+00,-3.081109920999e+00,-2.566756515503e+01,3.343380922175e+00,-3.090538151672e+00,-5.522488246357e-01,4.304854814715e-02,-9.428230672855e-03
"                 755",-2.511330928721e+01,3.296947517558e+00,-3.080211995782e+00,-2.566534274800e+01,3.339981107975e+00,-3.089608131754e+00,-5.520334607969e-01,4.303359041729e-02,-9.396135971758e-03
"                 756",-2.511535734411e+01,3.295617637586e+00,-3.080141213660e+00,-2.566715704149e+01,3.338643239200e+00,-3.089513499972e+00,-5.517996973888e-01,4.302560161370e-02,-9.372286311873e-03
"                 757",-2.511260037112e+01,3.294049811492e+00,-3.075205231803e+00,-2.566418226228e+01,3.337047897099e+00,-3.084566819568e+00,-5.515818911641e-01,4.299808560762e-02,-9.361587764643e-03
"                 758",-2.511568084463e+01,3.294362855789e+00,-3.072968187042e+00,-2.566705077535e+01,3.337346720378e+00,-3.082319695577e+00,-5.513699307194e-01,4.298386458893e-02,-9.351508535318e-03
"                 759",-2.511594514287e+01,3.294037331839e+00,-3.067612790698e+00,-2.566712113978e+01,3.336990067267e+00,-3.076967347008e+00,-5.511759969151e-01,4.295273542793e-02,-9.354556310284e-03
"                 760",-2.512219617027e+01,3.294973658827e+00,-3.065651581184e+00,-2.567317266288e+01,3.337909294467e+00,-3.075010481800e+00,-5.509764926107e-01,4.293563563991e-02,-9.358900615941e-03
"                 761",-2.512422794470e+01,3.295340143338e+00,-3.059748613856e+00,-2.567501640475e+01,3.338244201460e+00,-3.069118267664e+00,-5.507884600486e-01,4.290405812205e-02,-9.369653808393e-03
"                 762",-2.513082037868e+01,3.297641363417e+00,-3.055362763723e+00,-2.568140786046e+01,3.340517217034e+00,-3.064760145024e+00,-5.505874817818e-01,4.287585361718e-02,-9.397381300815e-03
"                 763",-2.513284457092e+01,3.299014839449e+00,-3.047272153401e+00,-2.568324769345e+01,3.341841514616e+00,-3.056713958359e+00,-5.504031225272e-01,4.282667516707e-02,-9.441804957864e-03
"                 764",-2.513946809440e+01,3.300382350623e+00,-3.043391017230e+00,-2.568969901949e+01,3.343182437238e+00,-3.052856395981e+00,-5.502309250920e-01,4.280008661529e-02,-9.465378751005e-03
"                 765",-2.514160154929e+01,3.299263270134e+00,-3.039271538072e+00,-2.569169244121e+01,3.342034941267e+00,-3.048739902951e+00,-5.500908919234e-01,4.277167113337e-02,-9.468364878996e-03
"                 766",-2.514882579429e+01,3.299031611769e+00,-3.038930409511e+00,-2.569877070349e+01,3.341794016923e+00,-3.048386473866e+00,-5.499449091966e-01,4.276240515436e-02,-9.456064354793e-03
"                 767",-2.515160480015e+01,3.297691437955e+00,-3.036097253430e+00,-2.570140526937e+01,3.340430886581e+00,-3.045543098091e+00,-5.498004692209e-01,4.273944862651e-02,-9.445844661445e-03
"                 768",-2.515766255039e+01,3.296465009357e+00,-3.036772236125e+00,-2.570729144452e+01,3.339195222213e+00,-3.046199533151e+00,-5.496288941335e-01,4.273021285605e-02,-9.427297026112e-03
"                 769",-2.515769883509e+01,3.293171875322e+00,-3.035540639686e+00,-2.570714932927e+01,3.335879571420e+00,-3.044950964802e+00,-5.494504941804e-01,4.270769609803e-02,-9.410325116427e-03
"                 770",-2.516104406861e+01,3.290164061411e+00,-3.038138352057e+00,-2.571029943387e+01,3.332867951607e+00,-3.047516832951e+00,-5.492553652561e-01,4.270389019659e-02,-9.378480894310e-03
"                 771",-2.515959515648e+01,3.286277017002e+00,-3.037835245629e+00,-2.570866553005e+01,3.328964504816e+00,-3.047183725420e+00,-5.490703735652e-01,4.268748781435e-02,-9.348479790748e-03
"                 772",-2.516219414939e+01,3.283848975143e+00,-3.039838932804e+00,-2.571105835326e+01,3.326520445909e+00,-3.049177237871e+00,-5.488642038695e-01,4.267147076621e-02,-9.338305066769e-03
"                 773",-2.516029911641e+01,3.281433711191e+00,-3.038240526850e+00,-2.570896692755e+01,3.324064686574e+00,-3.047594757898e+00,-5.486678111415e-01,4.263097538345e-02,-9.354231048242e-03
"                 774",-2.516383753699e+01,3.281581575208e+00,-3.036933154772e+00,-2.571230535763e+01,3.324184873194e+00,-3.046302107964e+00,-5.484678206443e-01,4.260329798561e-02,-9.368953192011e-03
"                 775",-2.516460786253e+01,3.281961917955e+00,-3.030716811023e+00,-2.571288821169e+01,3.324525896762e+00,-3.040104037718e+00,-5.482803491597e-01,4.256397880628e-02,-9.387226695816e-03
"                 776",-2.517165388549e+01,3.283221858663e+00,-3.027634823632e+00,-2.571973963512e+01,3.325757190229e+00,-3.037045896874e+00,-5.480857496290e-01,4.253533156611e-02,-9.411073241921e-03
"                 777",-2.517554197376e+01,3.282647109559e+00,-3.023699789096e+00,-2.572345264544e+01,3.325134775998e+00,-3.033153834058e+00,-5.479106716834e-01,4.248766643915e-02,-9.454044962353e-03
"                 778",-2.518404414926e+01,3.282583626180e+00,-3.024034001679e+00,-2.573176631188e+01,3.325022836956e+00,-3.033554527509e+00,-5.477221626246e-01,4.243921077660e-02,-9.520525830329e-03
"                 779",-2.518719902050e+01,3.281711308710e+00,-3.020743925608e+00,-2.573474138700e+01,3.324087377433e+00,-3.030337224901e+00,-5.475423665004e-01,4.237606872247e-02,-9.593299292661e-03
"                 780",-2.519347162392e+01,3.281866876386e+00,-3.019545605364e+00,-2.574083062611e+01,3.324207132726e+00,-3.029180126170e+00,-5.473590021896e-01,4.234025634023e-02,-9.634520806669e-03
"                 781",-2.519447006342e+01,3.280790282410e+00,-3.015138671715e+00,-2.574166979907e+01,3.323102792850e+00,-3.024775733169e+00,-5.471997356528e-01,4.231251044045e-02,-9.637061454496e-03
"                 782",-2.520014517227e+01,3.281121970555e+00,-3.013705062398e+00,-2.574717709815e+01,3.323433861658e+00,-3.023307331055e+00,-5.470319258863e-01,4.231189110307e-02,-9.602268657620e-03
"                 783",-2.520165455936e+01,3.280984225079e+00,-3.008608059240e+00,-2.574853516939e+01,3.323281066650e+00,-3.018176352197e+00,-5.468806100321e-01,4.229684157052e-02,-9.568292957095e-03
"                 784",-2.520656275469e+01,3.281225948535e+00,-3.007838887478e+00,-2.575328237353e+01,3.323515367251e+00,-3.017373380379e+00,-5.467196188415e-01,4.228941871623e-02,-9.534492901673e-03
"                 785",-2.520487298814e+01,3.279240169244e+00,-3.005818461699e+00,-2.575144684249e+01,3.321510496271e+00,-3.015318173404e+00,-5.465738543464e-01,4.227032702705e-02,-9.499711705557e-03
"                 786",-2.520625233082e+01,3.277707708887e+00,-3.007930456422e+00,-2.575266835917e+01,3.319978955165e+00,-3.017379680492e+00,-5.464160283507e-01,4.227124627852e-02,-9.449224070584e-03
"                 787",-2.520277119150e+01,3.274762125343e+00,-3.007398083878e+00,-2.574903667139e+01,3.317011789973e+00,-3.016824890315e+00,-5.462654798853e-01,4.224966463012e-02,-9.426806437084e-03
"                 788",-2.520355710273e+01,3.272239148067e+00,-3.011237091314e+00,-2.574964047218e+01,3.314462466044e+00,-3.020675712073e+00,-5.460833694479e-01,4.222331797675e-02,-9.438620759669e-03
"                 789",-2.520035650035e+01,3.269339468916e+00,-3.011258086659e+00,-2.574626584540e+01,3.311517606156e+00,-3.020730835714e+00,-5.459093450504e-01,4.217813724014e-02,-9.472749055035e-03
"                 790",-2.520300582515e+01,3.269420968273e+00,-3.011462986048e+00,-2.574873614746e+01,3.311565904843e+00,-3.020975313871e+00,-5.457303223114e-01,4.214493657040e-02,-9.512327823442e-03
"                 791",-2.520295943526e+01,3.270188466062e+00,-3.005002545360e+00,-2.574852454131e+01,3.312288002490e+00,-3.014563766410e+00,-5.455651060552e-01,4.209953642808e-02,-9.561221050217e-03
"                 792",-2.520864571716e+01,3.272146599536e+00,-3.000700960753e+00,-2.575402356528e+01,3.314214351580e+00,-3.010307619949e+00,-5.453778481201e-01,4.206775204329e-02,-9.606659196158e-03
"                 793",-2.521078553674e+01,3.272047372381e+00,-2.994553561614e+00,-2.575597419178e+01,3.314063420695e+00,-3.004224937588e+00,-5.451886550475e-01,4.201604831393e-02,-9.671375973381e-03
"                 794",-2.521782339071e+01,3.271712983352e+00,-2.993564785517e+00,-2.576278993256e+01,3.313682296063e+00,-3.003311508951e+00,-5.449665418508e-01,4.196931271114e-02,-9.746723433924e-03
"                 795",-2.522047961416e+01,3.269657829717e+00,-2.990642414517e+00,-2.576523081941e+01,3.311578697208e+00,-3.000446820344e+00,-5.447512052587e-01,4.192086749074e-02,-9.804405826951e-03
"                 796",-2.522649592219e+01,3.268592497546e+00,-2.990992502922e+00,-2.577103527480e+01,3.310500573729e+00,-3.000806001524e+00,-5.445393526154e-01,4.190807618350e-02,-9.813498602359e-03
"                 797",-2.522707406864e+01,3.266942315792e+00,-2.987375784116e+00,-2.577144686815e+01,3.308840323192e+00,-2.997173874608e+00,-5.443727995107e-01,4.189800740029e-02,-9.798090492291e-03
"                 798",-2.523100599294e+01,3.266859543157e+00,-2.985650861935e+00,-2.577522412984e+01,3.308765759950e+00,-2.995418675038e+00,-5.442181368979e-01,4.190621679210e-02,-9.767813102867e-03
"                 799",-2.523012934888e+01,3.265590738681e+00,-2.980595465069e+00,-2.577422338657e+01,3.307488329743e+00,-2.990345180390e+00,-5.440940376974e-01,4.189759106135e-02,-9.749715321316e-03
"                 800",-2.523244802589e+01,3.263839036028e+00,-2.981302251586e+00,-2.577641350525e+01,3.305740558048e+00,-2.991030771599e+00,-5.439654793614e-01,4.190152201987e-02,-9.728520012971e-03
"                 801",-2.522987296346e+01,3.260182407752e+00,-2.980737796720e+00,-2.577373485854e+01,3.302080201781e+00,-2.990442221978e+00,-5.438618950766e-01,4.189779402913e-02,-9.704425257626e-03
"                 802",-2.523171368503e+01,3.258186984634e+00,-2.983136063663e+00,-2.577545553014e+01,3.300098281118e+00,-2.992804075706e+00,-5.437418451137e-01,4.191129648317e-02,-9.668012043019e-03
"                 803",-2.522928190060e+01,3.255758257326e+00,-2.981716856589e+00,-2.577290889849e+01,3.297657730849e+00,-2.991377907245e+00,-5.436269978851e-01,4.189947352304e-02,-9.661050656169e-03
"                 804",-2.523098607823e+01,3.254349615544e+00,-2.983332326630e+00,-2.577447850731e+01,3.296231589009e+00,-2.993018601900e+00,-5.434924290724e-01,4.188197346485e-02,-9.686275269702e-03
"                 805",-2.522896525120e+01,3.251608365734e+00,-2.982913497566e+00,-2.577234374341e+01,3.293454186709e+00,-2.992644124464e+00,-5.433784922050e-01,4.184582097509e-02,-9.730626897196e-03
"                 806",-2.523261345177e+01,3.250056218939e+00,-2.986869021289e+00,-2.577586330931e+01,3.291878874581e+00,-2.996643597492e+00,-5.432498575448e-01,4.182265564283e-02,-9.774576203249e-03
"                 807",-2.523355529092e+01,3.248490466150e+00,-2.986688480845e+00,-2.577667588763e+01,3.290278626715e+00,-2.996514834755e+00,-5.431205967138e-01,4.178816056502e-02,-9.826353910678e-03
"                 808",-2.523959305408e+01,3.249078832424e+00,-2.988145164190e+00,-2.578253925582e+01,3.290845143849e+00,-2.998023301534e+00,-5.429462017392e-01,4.176631142438e-02,-9.878137344320e-03
"                 809",-2.524160276754e+01,3.249711767778e+00,-2.983034683277e+00,-2.578435663638e+01,3.291441123122e+00,-2.992975602997e+00,-5.427538688446e-01,4.172935534322e-02,-9.940919720028e-03
"                 810",-2.524780301902e+01,3.251769074408e+00,-2.979937491666e+00,-2.579033434909e+01,3.293477183430e+00,-2.989931581477e+00,-5.425313300690e-01,4.170810902285e-02,-9.994089811895e-03
"                 811",-2.524897872969e+01,3.252149839636e+00,-2.974288899225e+00,-2.579131057804e+01,3.293837460678e+00,-2.984315029618e+00,-5.423318483524e-01,4.168762104211e-02,-1.002613039256e-02
"                 812",-2.525362158176e+01,3.252527941489e+00,-2.974467714698e+00,-2.579576259690e+01,3.294224290419e+00,-2.984488316737e+00,-5.421410151359e-01,4.169634892994e-02,-1.002060203942e-02
"                 813",-2.525322841257e+01,3.251167684144e+00,-2.973449925973e+00,-2.579521555187e+01,3.292863896466e+00,-2.983460618586e+00,-5.419871393050e-01,4.169621232203e-02,-1.001069261296e-02
"                 814",-2.525623004134e+01,3.250710453780e+00,-2.976768361225e+00,-2.579806415964e+01,3.292411732578e+00,-2.986775784474e+00,-5.418341182997e-01,4.170127879804e-02,-1.000742324919e-02
"                 815",-2.525344934807e+01,3.249053510144e+00,-2.977120330861e+00,-2.579515834891e+01,3.290744466203e+00,-2.987133306962e+00,-5.417090008411e-01,4.169095605930e-02,-1.001297610154e-02
"                 816",-2.525388719821e+01,3.248117966403e+00,-2.981243674234e+00,-2.579547436065e+01,3.289819918091e+00,-2.991241119123e+00,-5.415871624377e-01,4.170195168783e-02,-9.997444889084e-03
"                 817",-2.525018520727e+01,3.246573996335e+00,-2.981072810685e+00,-2.579168670671e+01,3.288278999992e+00,-2.991054479614e+00,-5.415014994409e-01,4.170500365698e-02,-9.981668928896e-03
"                 818",-2.525160334364e+01,3.246468555565e+00,-2.983445215499e+00,-2.579301093042e+01,3.288181100391e+00,-2.993425443819e+00,-5.414075867794e-01,4.171254482610e-02,-9.980228319493e-03
"                 819",-2.524907136549e+01,3.244965564146e+00,-2.983923630781e+00,-2.579039943868e+01,3.286655986676e+00,-2.993943471241e+00,-5.413280731938e-01,4.169042253021e-02,-1.001984046036e-02
"                 820",-2.525077376027e+01,3.243897610009e+00,-2.988975104155e+00,-2.579200885355e+01,3.285574671487e+00,-2.999041646062e+00,-5.412350932853e-01,4.167706147849e-02,-1.006654190715e-02
"                 821",-2.524898582255e+01,3.241977172802e+00,-2.990341164862e+00,-2.579013250902e+01,3.283630687687e+00,-3.000459287157e+00,-5.411466864697e-01,4.165351488468e-02,-1.011812229496e-02
"                 822",-2.525297407543e+01,3.241363098856e+00,-2.994448173836e+00,-2.579398976738e+01,3.283012491480e+00,-3.004603583543e+00,-5.410156919476e-01,4.164939262430e-02,-1.015540970742e-02
"                 823",-2.525424741847e+01,3.240199318845e+00,-2.994511047494e+00,-2.579510937808e+01,3.281834666035e+00,-3.004704146526e+00,-5.408619596124e-01,4.163534718982e-02,-1.019309903195e-02
"                 824",-2.525995057786e+01,3.240636464304e+00,-2.995690872144e+00,-2.580061001308e+01,3.282262739712e+00,-3.005930833628e+00,-5.406594352209e-01,4.162627540747e-02,-1.023996148461e-02
"                 825",-2.526097953764e+01,3.241303547081e+00,-2.991526680394e+00,-2.580143779255e+01,3.282907075475e+00,-3.001817965014e+00,-5.404582549073e-01,4.160352839437e-02,-1.029128461935e-02
"                 826",-2.526487399524e+01,3.243780882168e+00,-2.989388223355e+00,-2.580512191269e+01,3.285385717200e+00,-2.999703861356e+00,-5.402479174457e-01,4.160483503179e-02,-1.031563800151e-02
"                 827",-2.526344561781e+01,3.245434742400e+00,-2.983935327809e+00,-2.580351230443e+01,3.287043016610e+00,-2.994252661272e+00,-5.400666866210e-01,4.160827420954e-02,-1.031733346317e-02
"                 828",-2.526563240380e+01,3.247375355381e+00,-2.982272803607e+00,-2.580551547439e+01,3.289001751481e+00,-2.992583981352e+00,-5.398830705867e-01,4.162639610013e-02,-1.031117774537e-02
"                 829",-2.526338123027e+01,3.246466378611e+00,-2.980427706601e+00,-2.580310095528e+01,3.288090160857e+00,-2.990750732784e+00,-5.397197250101e-01,4.162378224614e-02,-1.032302618308e-02
"                 830",-2.526431015514e+01,3.244686690005e+00,-2.985238135091e+00,-2.580386001512e+01,3.286313595418e+00,-2.995580221321e+00,-5.395498599876e-01,4.162690541308e-02,-1.034208622938e-02
"                 831",-2.525981306452e+01,3.241170670774e+00,-2.988640223764e+00,-2.579923112956e+01,3.282785588273e+00,-2.999012786476e+00,-5.394180650398e-01,4.161491749880e-02,-1.037256271226e-02
"                 832",-2.525845013145e+01,3.239329016952e+00,-2.993843413811e+00,-2.579774862725e+01,3.280949829343e+00,-3.004234689076e+00,-5.392984958020e-01,4.162081239134e-02,-1.039127526429e-02
"                 833",-2.525304125542e+01,3.237372545101e+00,-2.994163310122e+00,-2.579224724743e+01,3.278985401140e+00,-3.004583649930e+00,-5.392059920146e-01,4.161285603929e-02,-1.042033980760e-02
"                 834",-2.525292350699e+01,3.236500264941e+00,-2.998027051188e+00,-2.579202043225e+01,3.278110795972e+00,-3.008489496496e+00,-5.390969252677e-01,4.161053103043e-02,-1.046244530848e-02
"                 835",-2.525023869438e+01,3.234073248298e+00,-3.000557233459e+00,-2.578924294582e+01,3.275667973974e+00,-3.011073461645e+00,-5.390042514445e-01,4.159472567605e-02,-1.051622818559e-02
"                 836",-2.525362600428e+01,3.233096569351e+00,-3.006150307025e+00,-2.579251341144e+01,3.274699040016e+00,-3.016700022387e+00,-5.388874071614e-01,4.160247066498e-02,-1.054971536166e-02
"                 837",-2.525441307871e+01,3.232352769631e+00,-3.006761391687e+00,-2.579317581372e+01,3.273963091037e+00,-3.017329456196e+00,-5.387627350181e-01,4.161032140585e-02,-1.056806450944e-02
"                 838",-2.525988154317e+01,3.233869111415e+00,-3.008273321426e+00,-2.579848320777e+01,3.275507400866e+00,-3.018844175205e+00,-5.386016645959e-01,4.163828945091e-02,-1.057085377911e-02
"                 839",-2.526104723398e+01,3.234882913397e+00,-3.004061338716e+00,-2.579947373841e+01,3.276533602238e+00,-3.014645136254e+00,-5.384265044280e-01,4.165068884051e-02,-1.058379753761e-02
"                 840",-2.526569230231e+01,3.236408591524e+00,-3.003084685249e+00,-2.580390377113e+01,3.278079735155e+00,-3.013682077319e+00,-5.382114688144e-01,4.167114363151e-02,-1.059739207004e-02
"                 841",-2.526530987767e+01,3.235716273220e+00,-3.000825396222e+00,-2.580331856715e+01,3.277395487404e+00,-3.011436538401e+00,-5.380086894741e-01,4.167921418389e-02,-1.061114217936e-02
"                 842",-2.526813769596e+01,3.235734946298e+00,-3.003431661842e+00,-2.580593732368e+01,3.277442122025e+00,-3.014034000049e+00,-5.377996277174e-01,4.170717572716e-02,-1.060233820751e-02
"                 843",-2.526672190819e+01,3.235776526201e+00,-3.000982061149e+00,-2.580433784447e+01,3.277505541692e+00,-3.011563043059e+00,-5.376159362855e-01,4.172901549097e-02,-1.058098190951e-02
"                 844",-2.526929639394e+01,3.238040975526e+00,-2.999034346368e+00,-2.580672473815e+01,3.279797231905e+00,-3.009598455925e+00,-5.374283442017e-01,4.175625637852e-02,-1.056410955670e-02
"                 845",-2.526682590908e+01,3.238601695760e+00,-2.994313959869e+00,-2.580409649406e+01,3.280355261136e+00,-3.004897188766e+00,-5.372705849758e-01,4.175356537508e-02,-1.058322889673e-02
"                 846",-2.526688584360e+01,3.238099654573e+00,-2.996998028588e+00,-2.580400497710e+01,3.279853284435e+00,-3.007615705225e+00,-5.371191335016e-01,4.175362986167e-02,-1.061767663736e-02
"                 847",-2.526235209540e+01,3.234332740418e+00,-3.001164455300e+00,-2.579935798340e+01,3.276072325516e+00,-3.011828173637e+00,-5.370058879986e-01,4.173958509805e-02,-1.066371833776e-02
"                 848",-2.526219294570e+01,3.230595315577e+00,-3.010601273731e+00,-2.579908632476e+01,3.272331904821e+00,-3.021314644026e+00,-5.368933790690e-01,4.173658924400e-02,-1.071337029512e-02
"                 849",-2.525920179610e+01,3.225862945184e+00,-3.017526074372e+00,-2.579599779779e+01,3.267579933822e+00,-3.028305523038e+00,-5.367960016867e-01,4.171698863740e-02,-1.077944866542e-02
"                 850",-2.526082086120e+01,3.222861614524e+00,-3.026654306734e+00,-2.579750319370e+01,3.264574034510e+00,-3.037492262438e+00,-5.366823324978e-01,4.171241998602e-02,-1.083795570379e-02
"                 851",-2.525966677537e+01,3.220392157870e+00,-3.029106510019e+00,-2.579625336907e+01,3.262095324840e+00,-3.039993925530e+00,-5.365865937005e-01,4.170316697018e-02,-1.088741551117e-02
"                 852",-2.526393458485e+01,3.220732374696e+00,-3.030762772623e+00,-2.580040615553e+01,3.262451963298e+00,-3.041670331420e+00,-5.364715706754e-01,4.171958860211e-02,-1.090755879709e-02
"                 853",-2.526570033479e+01,3.221095631677e+00,-3.026897508558e+00,-2.580205832996e+01,3.262832080754e+00,-3.037804814449e+00,-5.363579951739e-01,4.173644907677e-02,-1.090730589103e-02
"                 854",-2.527152786331e+01,3.223117268011e+00,-3.024777032742e+00,-2.580773608351e+01,3.264890334474e+00,-3.035664998182e+00,-5.362082201982e-01,4.177306646296e-02,-1.088796543943e-02
"                 855",-2.527310117131e+01,3.224256517907e+00,-3.019417809564e+00,-2.580914660335e+01,3.266048194959e+00,-3.030299530505e+00,-5.360454320340e-01,4.179167705266e-02,-1.088172094069e-02
"                 856",-2.527762420557e+01,3.226330088883e+00,-3.017099939903e+00,-2.581347534001e+01,3.268152267412e+00,-3.027970345993e+00,-5.358511344346e-01,4.182217852840e-02,-1.087040608997e-02
"                 857",-2.527726334371e+01,3.226698007545e+00,-3.012847995887e+00,-2.581293591903e+01,3.268540809129e+00,-3.023703664402e+00,-5.356725753215e-01,4.184280158329e-02,-1.085566851530e-02
"                 858",-2.527988348879e+01,3.227571553263e+00,-3.012594806368e+00,-2.581538131696e+01,3.269447441934e+00,-3.023430205610e+00,-5.354978281759e-01,4.187588867122e-02,-1.083539924136e-02
"                 859",-2.527826897961e+01,3.227797860965e+00,-3.008208790620e+00,-2.581362613543e+01,3.269688465655e+00,-3.019036567565e+00,-5.353571558207e-01,4.189060469015e-02,-1.082777694457e-02
"                 860",-2.527955822583e+01,3.229586934078e+00,-3.005488571295e+00,-2.581477255203e+01,3.271491591631e+00,-3.016326366388e+00,-5.352143261959e-01,4.190465755282e-02,-1.083779509304e-02
"                 861",-2.527519571456e+01,3.229454257293e+00,-3.001712417358e+00,-2.581028242158e+01,3.271342981190e+00,-3.012594682085e+00,-5.350867070233e-01,4.188872389623e-02,-1.088226472688e-02
"                 862",-2.527318208545e+01,3.228847771235e+00,-3.004571703761e+00,-2.580812741479e+01,3.270724178881e+00,-3.015510476689e+00,-5.349453293380e-01,4.187640764624e-02,-1.093877292809e-02
"                 863",-2.526714137112e+01,3.225509204265e+00,-3.007329848611e+00,-2.580196172443e+01,3.267364458460e+00,-3.018322906773e+00,-5.348203533095e-01,4.185525419530e-02,-1.099305816199e-02
"                 864",-2.526671184239e+01,3.222140422208e+00,-3.015414884700e+00,-2.580139010330e+01,3.263991763970e+00,-3.026450048925e+00,-5.346782609059e-01,4.185134176226e-02,-1.103516422590e-02
"                 865",-2.526442014752e+01,3.217077733635e+00,-3.022556602001e+00,-2.579896565728e+01,3.258907987571e+00,-3.033649055204e+00,-5.345455097630e-01,4.183025393568e-02,-1.109245320318e-02
"                 866",-2.526729738725e+01,3.213672551609e+00,-3.032798106611e+00,-2.580170146609e+01,3.255494807464e+00,-3.043944363242e+00,-5.344040788376e-01,4.182225585504e-02,-1.114625663116e-02
"                 867",-2.526661655750e+01,3.211233968879e+00,-3.036181146230e+00,-2.580090180069e+01,3.253046006932e+00,-3.047367517799e+00,-5.342852431915e-01,4.181203805279e-02,-1.118637156824e-02
"                 868",-2.527003291672e+01,3.212117553312e+00,-3.037737453929e+00,-2.580417989701e+01,3.253947937774e+00,-3.048929343831e+00,-5.341469802980e-01,4.183038446199e-02,-1.119188990241e-02
"                 869",-2.526980473597e+01,3.213095488805e+00,-3.032387086946e+00,-2.580381776951e+01,3.254945491986e+00,-3.043561253839e+00,-5.340130335411e-01,4.185000318084e-02,-1.117416689301e-02
"                 870",-2.527416396689e+01,3.215589014351e+00,-3.029026755114e+00,-2.580801039897e+01,3.257480092116e+00,-3.040156306813e+00,-5.338464320865e-01,4.189107776536e-02,-1.112955169918e-02
"                 871",-2.527515399405e+01,3.217293541683e+00,-3.021840640995e+00,-2.580883012652e+01,3.259205790058e+00,-3.032936047302e+00,-5.336761324666e-01,4.191224837564e-02,-1.109540630694e-02
"                 872",-2.528000661351e+01,3.220776870817e+00,-3.016894797373e+00,-2.581349991938e+01,3.262712664955e+00,-3.027964946995e+00,-5.334933058687e-01,4.193579413811e-02,-1.107014962212e-02
"                 873",-2.528020967067e+01,3.223262204259e+00,-3.008727298264e+00,-2.581355667245e+01,3.265204131580e+00,-3.019780422026e+00,-5.333470017739e-01,4.194192732101e-02,-1.105312376138e-02
"                 874",-2.528321265762e+01,3.226514122862e+00,-3.004257897741e+00,-2.581641976876e+01,3.268475290281e+00,-3.015285706764e+00,-5.332071111381e-01,4.196116741884e-02,-1.102780902307e-02
"                 875",-2.528142583134e+01,3.228118010811e+00,-2.997673620317e+00,-2.581452058390e+01,3.270080509840e+00,-3.008690492976e+00,-5.330947525574e-01,4.196249902864e-02,-1.101687265900e-02
"                 876",-2.528285203583e+01,3.229341722826e+00,-2.997326193965e+00,-2.581582137043e+01,3.271304191259e+00,-3.008356985117e+00,-5.329693345956e-01,4.196246843284e-02,-1.103079115232e-02
"                 877",-2.527924923376e+01,3.227526475997e+00,-2.997944272251e+00,-2.581210055299e+01,3.269463061966e+00,-3.009021275602e+00,-5.328513192321e-01,4.193658596906e-02,-1.107700335091e-02
"                 878",-2.527862397450e+01,3.225662798789e+00,-3.003948035581e+00,-2.581133598996e+01,3.267580578426e+00,-3.015081782094e+00,-5.327120154571e-01,4.191777963662e-02,-1.113374651301e-02
"                 879",-2.527416332387e+01,3.222572643559e+00,-3.006809063848e+00,-2.580675433561e+01,3.264463415141e+00,-3.018001420172e+00,-5.325910117344e-01,4.189077158181e-02,-1.119235632428e-02
"                 880",-2.527480761432e+01,3.221237224212e+00,-3.010837470529e+00,-2.580726728240e+01,3.263126485447e+00,-3.022064238484e+00,-5.324596680820e-01,4.188926123557e-02,-1.122676795449e-02
"                 881",-2.527268903103e+01,3.218378094258e+00,-3.012329753863e+00,-2.580502275041e+01,3.260254881049e+00,-3.023593845658e+00,-5.323337193759e-01,4.187678679138e-02,-1.126409179518e-02
"                 882",-2.527501767520e+01,3.215416038004e+00,-3.019745498816e+00,-2.580719983814e+01,3.257288395204e+00,-3.031050990588e+00,-5.321821629472e-01,4.187235720039e-02,-1.130549177130e-02
"                 883",-2.527377312114e+01,3.211175533194e+00,-3.024427268170e+00,-2.580581536160e+01,3.253038648270e+00,-3.035762968693e+00,-5.320422404630e-01,4.186311507683e-02,-1.133570052297e-02
"                 884",-2.527677606237e+01,3.209504897037e+00,-3.028796938432e+00,-2.580865811769e+01,3.251386963329e+00,-3.040125901941e+00,-5.318820553217e-01,4.188206629130e-02,-1.132896350953e-02
"                 885",-2.527646836392e+01,3.208840022838e+00,-3.026185489698e+00,-2.580820311719e+01,3.250738821462e+00,-3.037489687001e+00,-5.317347532711e-01,4.189879862366e-02,-1.130419730217e-02
"                 886",-2.528085136594e+01,3.211270382803e+00,-3.022788336336e+00,-2.581243075767e+01,3.253203556691e+00,-3.034051473654e+00,-5.315793917244e-01,4.193317388722e-02,-1.126313731786e-02
"                 887",-2.528207551644e+01,3.213790585466e+00,-3.013202294068e+00,-2.581352340056e+01,3.255739958098e+00,-3.024436560392e+00,-5.314478841187e-01,4.194937263220e-02,-1.123426632474e-02
"                 888",-2.528741087417e+01,3.217817436591e+00,-3.004815287959e+00,-2.581871934893e+01,3.259780462435e+00,-3.016040831807e+00,-5.313084747643e-01,4.196302584367e-02,-1.122554384872e-02
"                 889",-2.528818384533e+01,3.220184517540e+00,-2.994170609716e+00,-2.581937783102e+01,3.262138767908e+00,-3.005408158576e+00,-5.311939856864e-01,4.195425036809e-02,-1.123754886000e-02
"                 890",-2.529174077230e+01,3.222553194130e+00,-2.989293441992e+00,-2.582281578159e+01,3.264512347472e+00,-3.000533945534e+00,-5.310750092888e-01,4.195915334259e-02,-1.124050354212e-02
"                 891",-2.529092592742e+01,3.222997747553e+00,-2.983518016511e+00,-2.582190583871e+01,3.264956677300e+00,-2.994750445922e+00,-5.309799112889e-01,4.195892974779e-02,-1.123242941096e-02
"                 892",-2.529402289954e+01,3.223867210830e+00,-2.982283659832e+00,-2.582489543835e+01,3.265831707709e+00,-2.993515752020e+00,-5.308725388183e-01,4.196449687899e-02,-1.123209218790e-02
"                 893",-2.529267104278e+01,3.222065517832e+00,-2.980693806840e+00,-2.582345035462e+01,3.264010539687e+00,-2.991954719248e+00,-5.307793118445e-01,4.194502185572e-02,-1.126091240770e-02
"                 894",-2.529457228079e+01,3.219764852818e+00,-2.986441689060e+00,-2.582523722178e+01,3.261691096600e+00,-2.997749679904e+00,-5.306649409855e-01,4.192624378260e-02,-1.130799084342e-02
"                 895",-2.529206992810e+01,3.215956269646e+00,-2.990590403482e+00,-2.582262325207e+01,3.257852253354e+00,-3.001950378992e+00,-5.305533239681e-01,4.189598370724e-02,-1.135997551044e-02
"                 896",-2.529365071943e+01,3.214304861172e+00,-2.996536030539e+00,-2.582406878281e+01,3.256195654299e+00,-3.007922162822e+00,-5.304180633785e-01,4.189079312747e-02,-1.138613228315e-02
"                 897",-2.529136875048e+01,3.212296375823e+00,-2.997564381823e+00,-2.582165346255e+01,3.254184227192e+00,-3.008954416229e+00,-5.302847120687e-01,4.188785136835e-02,-1.139003440691e-02
"                 898",-2.529297545056e+01,3.211134179850e+00,-3.001910244385e+00,-2.582309328743e+01,3.253031119001e+00,-3.013297026447e+00,-5.301178368689e-01,4.189693915126e-02,-1.138678206200e-02
"                 899",-2.529055698328e+01,3.208293663589e+00,-3.002606007417e+00,-2.582052141052e+01,3.250182436737e+00,-3.013999363766e+00,-5.299644272413e-01,4.188877314845e-02,-1.139335634922e-02
"                 900",-2.529304741106e+01,3.206988789616e+00,-3.005048425600e+00,-2.582285988335e+01,3.248883801456e+00,-3.016433803644e+00,-5.298124722851e-01,4.189501184055e-02,-1.138537804415e-02
"                 901",-2.529290821786e+01,3.205513334058e+00,-3.002724017900e+00,-2.582259872110e+01,3.247403035290e+00,-3.014100068477e+00,-5.296905032399e-01,4.188970123236e-02,-1.137605057688e-02
"                 902",-2.529772425069e+01,3.206816134411e+00,-3.001377783883e+00,-2.582728892034e+01,3.248714038770e+00,-3.012734274617e+00,-5.295646696506e-01,4.189790435860e-02,-1.135649073352e-02
"                 903",-2.529876383516e+01,3.208446595783e+00,-2.993951863181e+00,-2.582822182375e+01,3.250338635506e+00,-3.005296395417e+00,-5.294579885942e-01,4.189203972255e-02,-1.134453223617e-02
"                 904",-2.530363556363e+01,3.212206833897e+00,-2.987111852589e+00,-2.583296838581e+01,3.254094770966e+00,-2.998457773514e+00,-5.293328221822e-01,4.188793706863e-02,-1.134592092506e-02
"                 905",-2.530423507612e+01,3.214255776871e+00,-2.977351202969e+00,-2.583345251073e+01,3.256121152410e+00,-2.988715266513e+00,-5.292174346060e-01,4.186537553928e-02,-1.136406354458e-02
"                 906",-2.530849787005e+01,3.216083418506e+00,-2.973384542610e+00,-2.583759821470e+01,3.257940628969e+00,-2.984761597542e+00,-5.291003446466e-01,4.185721046273e-02,-1.137705493171e-02
"                 907",-2.530849290744e+01,3.215660611854e+00,-2.968561187450e+00,-2.583751164742e+01,3.257508390856e+00,-2.979941081060e+00,-5.290187399785e-01,4.184777900191e-02,-1.137989360992e-02
"                 908",-2.531244541611e+01,3.216202452164e+00,-2.967516520582e+00,-2.584137615756e+01,3.258058735076e+00,-2.978888754923e+00,-5.289307414443e-01,4.185628291239e-02,-1.137223434036e-02
"                 909",-2.531238725788e+01,3.215307572708e+00,-2.964148665457e+00,-2.584123846667e+01,3.257159865479e+00,-2.975523653654e+00,-5.288512087959e-01,4.185229277029e-02,-1.137498819756e-02
"                 910",-2.531534343725e+01,3.213993871661e+00,-2.967101891899e+00,-2.584408462407e+01,3.255845582556e+00,-2.978493792173e+00,-5.287411868212e-01,4.185171089474e-02,-1.139190027439e-02
"                 911",-2.531307807040e+01,3.209749419911e+00,-2.970479626017e+00,-2.584170268064e+01,3.251587779882e+00,-2.981894362300e+00,-5.286246102402e-01,4.183835997095e-02,-1.141473628294e-02
"                 912",-2.531415277142e+01,3.206390690105e+00,-2.977348674087e+00,-2.584263300849e+01,3.248237837619e+00,-2.988760796784e+00,-5.284802370695e-01,4.184714751431e-02,-1.141212269754e-02
"                 913",-2.531132943854e+01,3.203185419698e+00,-2.978486171789e+00,-2.583968300016e+01,3.245040324532e+00,-2.989878889444e+00,-5.283535616151e-01,4.185490483398e-02,-1.139271765509e-02
"                 914",-2.531245599721e+01,3.202120138345e+00,-2.980839051691e+00,-2.584066625899e+01,3.243986123633e+00,-2.992220856138e+00,-5.282102617781e-01,4.186598528854e-02,-1.138180444686e-02
"                 915",-2.530939829743e+01,3.200318590842e+00,-2.979423005137e+00,-2.583747936009e+01,3.242170951170e+00,-2.990819370208e+00,-5.280810626629e-01,4.185236032773e-02,-1.139636507111e-02
"                 916",-2.531100519667e+01,3.200450521317e+00,-2.979499624018e+00,-2.583895890546e+01,3.242297916490e+00,-2.990910588735e+00,-5.279537087905e-01,4.184739517212e-02,-1.141096471710e-02
"                 917",-2.530993934168e+01,3.199674046055e+00,-2.975988022788e+00,-2.583779131527e+01,3.241501258928e+00,-2.987423764321e+00,-5.278519735875e-01,4.182721287366e-02,-1.143574153340e-02
"                 918",-2.531416768682e+01,3.200397614448e+00,-2.975392490944e+00,-2.584190412980e+01,3.242218311497e+00,-2.986842712501e+00,-5.277364429872e-01,4.182069704870e-02,-1.145022155703e-02
"                 919",-2.531506704489e+01,3.200629184202e+00,-2.970532833743e+00,-2.584270384470e+01,3.242432887026e+00,-2.981997225292e+00,-5.276367998106e-01,4.180370282334e-02,-1.146439154888e-02
"                 920",-2.532004880018e+01,3.203292797369e+00,-2.966537918653e+00,-2.584757746376e+01,3.245081831268e+00,-2.978028010809e+00,-5.275286635854e-01,4.178903389983e-02,-1.149009215632e-02
"                 921",-2.532061121379e+01,3.205221207459e+00,-2.958694600113e+00,-2.584804710002e+01,3.246977026537e+00,-2.970225235209e+00,-5.274358862315e-01,4.175581907732e-02,-1.153063509682e-02
"                 922",-2.532462767688e+01,3.207573249308e+00,-2.955888561085e+00,-2.585196662201e+01,3.249316347561e+00,-2.967438189696e+00,-5.273389451318e-01,4.174309825373e-02,-1.154962861148e-02
"                 923",-2.532443750200e+01,3.207662114538e+00,-2.951863807815e+00,-2.585170800036e+01,3.249397784055e+00,-2.963407938204e+00,-5.272704983597e-01,4.173566951684e-02,-1.154413038870e-02
"                 924",-2.532899422468e+01,3.208586445720e+00,-2.952252815534e+00,-2.585618617186e+01,3.250336579045e+00,-2.963769895692e+00,-5.271919471785e-01,4.175013332491e-02,-1.151708015795e-02
"                 925",-2.533008635749e+01,3.208522536518e+00,-2.949842489608e+00,-2.585720207311e+01,3.250280707146e+00,-2.961329106354e+00,-5.271157156172e-01,4.175817062782e-02,-1.148661674605e-02
"                 926",-2.533432577470e+01,3.208962986874e+00,-2.952570175126e+00,-2.586133932715e+01,3.250736432639e+00,-2.964030266324e+00,-5.270135524478e-01,4.177344576520e-02,-1.146009119750e-02
"                 927",-2.533252841824e+01,3.207069231763e+00,-2.953643745105e+00,-2.585944385949e+01,3.248844277421e+00,-2.965087080558e+00,-5.269154412461e-01,4.177504565741e-02,-1.144333545273e-02
"                 928",-2.533345881800e+01,3.205312812811e+00,-2.958518831982e+00,-2.586026222598e+01,3.247103188515e+00,-2.969936026735e+00,-5.268034079827e-01,4.179037570403e-02,-1.141719475252e-02
"                 929",-2.533008042846e+01,3.202169967303e+00,-2.959629996353e+00,-2.585678631337e+01,3.243963996485e+00,-2.971023790897e+00,-5.267058849156e-01,4.179402918210e-02,-1.139379454333e-02
"                 930",-2.533101548323e+01,3.200301038261e+00,-2.963647570011e+00,-2.585760173483e+01,3.242092547006e+00,-2.975042370077e+00,-5.265862516008e-01,4.179150874500e-02,-1.139480006565e-02
"                 931",-2.532806917064e+01,3.198185913524e+00,-2.962868877368e+00,-2.585454269055e+01,3.239951252903e+00,-2.974289106957e+00,-5.264735199174e-01,4.176533937892e-02,-1.142022958924e-02
"                 932",-2.532973426726e+01,3.199075546092e+00,-2.961720370767e+00,-2.585608701069e+01,3.240828725069e+00,-2.973152964246e+00,-5.263527434250e-01,4.175317897693e-02,-1.143259347912e-02
"                 933",-2.532808337870e+01,3.199825671268e+00,-2.955375371577e+00,-2.585433379935e+01,3.241554073191e+00,-2.966826773353e+00,-5.262504206542e-01,4.172840192314e-02,-1.145140177648e-02
"                 934",-2.533144067656e+01,3.201477001386e+00,-2.952777302488e+00,-2.585758063946e+01,3.243190429892e+00,-2.964246479740e+00,-5.261399629035e-01,4.171342850580e-02,-1.146917725191e-02
"                 935",-2.533161492478e+01,3.200736458019e+00,-2.949589395401e+00,-2.585765713294e+01,3.242420977886e+00,-2.961089897760e+00,-5.260422081565e-01,4.168451986683e-02,-1.150050235947e-02
"                 936",-2.533651492768e+01,3.200622451738e+00,-2.950698959392e+00,-2.586243988090e+01,3.242278515142e+00,-2.962250586556e+00,-5.259249532180e-01,4.165606340381e-02,-1.155162716419e-02
"                 937",-2.533743396876e+01,3.199557588107e+00,-2.949125713225e+00,-2.586324857937e+01,3.241176209945e+00,-2.960735795165e+00,-5.258146106160e-01,4.161862183761e-02,-1.161008194023e-02
"                 938",-2.534187482893e+01,3.200203562040e+00,-2.950264363876e+00,-2.586757205076e+01,3.241816650070e+00,-2.961894521464e+00,-5.256972218247e-01,4.161308803077e-02,-1.163015758827e-02
"                 939",-2.534177535902e+01,3.200154563538e+00,-2.947625148676e+00,-2.586738291223e+01,3.241777044023e+00,-2.959234675866e+00,-5.256075532097e-01,4.162248048518e-02,-1.160952719039e-02
"                 940",-2.534582904618e+01,3.201809160941e+00,-2.946484571683e+00,-2.587134967353e+01,3.243461530171e+00,-2.958052777635e+00,-5.255206273431e-01,4.165236922983e-02,-1.156820595203e-02
"                 941",-2.534607419708e+01,3.202111193479e+00,-2.942877710413e+00,-2.587153087487e+01,3.243779333321e+00,-2.954414105533e+00,-5.254566777902e-01,4.166813984248e-02,-1.153639512053e-02
"                 942",-2.534954448239e+01,3.202458801878e+00,-2.944993485146e+00,-2.587492708332e+01,3.244146065617e+00,-2.956504578624e+00,-5.253826009244e-01,4.168726373921e-02,-1.151109347755e-02
"                 943",-2.534744422610e+01,3.200385877769e+00,-2.946734316747e+00,-2.587276728365e+01,3.242082026934e+00,-2.958220251306e+00,-5.253230575455e-01,4.169614916538e-02,-1.148593455901e-02
"                 944",-2.534869897134e+01,3.199547219138e+00,-2.951448565142e+00,-2.587395091451e+01,3.241264572277e+00,-2.962899948017e+00,-5.252519431653e-01,4.171735313908e-02,-1.145138287437e-02
"                 945",-2.534574423103e+01,3.197667721786e+00,-2.952830298137e+00,-2.587092303535e+01,3.239385777280e+00,-2.964267000778e+00,-5.251788043271e-01,4.171805549479e-02,-1.143670264017e-02
"                 946",-2.534665817244e+01,3.196403414707e+00,-2.958009899718e+00,-2.587173250808e+01,3.238110949228e+00,-2.969464640636e+00,-5.250743356462e-01,4.170753452129e-02,-1.145474091747e-02
"                 947",-2.534339685321e+01,3.194048775813e+00,-2.958732518449e+00,-2.586837808878e+01,3.235724510558e+00,-2.970227145069e+00,-5.249812355740e-01,4.167573474443e-02,-1.149462661934e-02
"                 948",-2.534476421112e+01,3.194264008270e+00,-2.959227851782e+00,-2.586964591103e+01,3.235918581502e+00,-2.970756313922e+00,-5.248816999134e-01,4.165457323248e-02,-1.152846214033e-02
"                 949",-2.534300655779e+01,3.194467734848e+00,-2.954611213684e+00,-2.586779446771e+01,3.236092242878e+00,-2.966172435529e+00,-5.247879099225e-01,4.162450803000e-02,-1.156122184508e-02
"                 950",-2.534625216177e+01,3.196345267485e+00,-2.953488467914e+00,-2.587091376307e+01,3.237951307023e+00,-2.965076635611e+00,-5.246616012936e-01,4.160603953823e-02,-1.158816769682e-02
"                 951",-2.534605907229e+01,3.196704814909e+00,-2.950494405762e+00,-2.587058061278e+01,3.238274118555e+00,-2.962129141919e+00,-5.245215404852e-01,4.156930364614e-02,-1.163473615726e-02
"                 952",-2.535047149391e+01,3.197628658719e+00,-2.951547179347e+00,-2.587482127889e+01,3.239172678588e+00,-2.963224881311e+00,-5.243497849756e-01,4.154401986887e-02,-1.167770196374e-02
"                 953",-2.535101031829e+01,3.196671816941e+00,-2.950562930966e+00,-2.587520290626e+01,3.238194434205e+00,-2.962263476838e+00,-5.241925879690e-01,4.152261726442e-02,-1.170054587119e-02
"                 954",-2.535543457080e+01,3.196689367067e+00,-2.953717288733e+00,-2.587948388433e+01,3.238221212775e+00,-2.965404755924e+00,-5.240493135303e-01,4.153184570747e-02,-1.168746719066e-02
"                 955",-2.535531526809e+01,3.196329127224e+00,-2.952607703408e+00,-2.587926493604e+01,3.237873879760e+00,-2.964263342230e+00,-5.239496679476e-01,4.154475253584e-02,-1.165563882219e-02
"                 956",-2.535866336700e+01,3.197915027324e+00,-2.953037783577e+00,-2.588252169504e+01,3.239484519571e+00,-2.964657415728e+00,-5.238583280351e-01,4.156949224779e-02,-1.161963215125e-02
"                 957",-2.535695356909e+01,3.197919685792e+00,-2.950698048891e+00,-2.588074242228e+01,3.239494412835e+00,-2.962302192750e+00,-5.237888531851e-01,4.157472704299e-02,-1.160414385916e-02
"                 958",-2.535837099163e+01,3.197538925527e+00,-2.953910577955e+00,-2.588208724987e+01,3.239127722681e+00,-2.965496897197e+00,-5.237162582333e-01,4.158879715418e-02,-1.158631924210e-02
"                 959",-2.535533476044e+01,3.195308772735e+00,-2.954586628638e+00,-2.587900163871e+01,3.236908986720e+00,-2.966140186444e+00,-5.236668782774e-01,4.160021398498e-02,-1.155355780645e-02
"                 960",-2.535696924938e+01,3.195066120603e+00,-2.956201839497e+00,-2.588057452527e+01,3.236686342122e+00,-2.967717492767e+00,-5.236052758867e-01,4.162022151972e-02,-1.151565327080e-02
"                 961",-2.535463082344e+01,3.193914547412e+00,-2.954493924333e+00,-2.587818028119e+01,3.235527045284e+00,-2.966004384989e+00,-5.235494577519e-01,4.161249787174e-02,-1.151046065552e-02
"                 962",-2.535573099206e+01,3.193385663192e+00,-2.957110142071e+00,-2.587921113203e+01,3.234985707873e+00,-2.968636170781e+00,-5.234801399716e-01,4.160004468072e-02,-1.152602871038e-02
"                 963",-2.535219481074e+01,3.191056656881e+00,-2.957757433238e+00,-2.587561887318e+01,3.232631105967e+00,-2.969307214542e+00,-5.234240624413e-01,4.157444908647e-02,-1.154978130381e-02
"                 964",-2.535315368517e+01,3.189852623801e+00,-2.961206062169e+00,-2.587649824620e+01,3.231412704722e+00,-2.972775901197e+00,-5.233445610330e-01,4.156008092078e-02,-1.156983902794e-02
"                 965",-2.535140067424e+01,3.188505442256e+00,-2.960703758499e+00,-2.587465162824e+01,3.230043819497e+00,-2.972296350103e+00,-5.232509540000e-01,4.153837724143e-02,-1.159259160403e-02
"                 966",-2.535504761008e+01,3.189838740903e+00,-2.961456715112e+00,-2.587815568251e+01,3.231366900291e+00,-2.973069469739e+00,-5.231080724257e-01,4.152815938797e-02,-1.161275462716e-02
"                 967",-2.535547205390e+01,3.191632689707e+00,-2.957074022510e+00,-2.587842083032e+01,3.233138831081e+00,-2.968719116529e+00,-5.229487764186e-01,4.150614137408e-02,-1.164509401933e-02
"                 968",-2.535983347171e+01,3.195190796577e+00,-2.953821129513e+00,-2.588261036823e+01,3.236690439879e+00,-2.965489304891e+00,-5.227768965208e-01,4.149964330179e-02,-1.166817537797e-02
"                 969",-2.535934838842e+01,3.196813400990e+00,-2.949035814188e+00,-2.588198289764e+01,3.238310032784e+00,-2.960709682808e+00,-5.226345092195e-01,4.149663179350e-02,-1.167386862017e-02
"                 970",-2.536239735635e+01,3.198114054668e+00,-2.950007593582e+00,-2.588490126344e+01,3.239628350227e+00,-2.961664157485e+00,-5.225039070872e-01,4.151429555969e-02,-1.165656390288e-02
"                 971",-2.536178868742e+01,3.197424797007e+00,-2.950226803914e+00,-2.588419272671e+01,3.238944355596e+00,-2.961874602028e+00,-5.224040392967e-01,4.151955858947e-02,-1.164779811368e-02
"                 972",-2.536509621679e+01,3.197448803742e+00,-2.954066686638e+00,-2.588740128401e+01,3.238974486250e+00,-2.965717258705e+00,-5.223050672229e-01,4.152568250740e-02,-1.165057206712e-02
"                 973",-2.536310554087e+01,3.195960411405e+00,-2.955901855527e+00,-2.588533939474e+01,3.237481640988e+00,-2.967555510035e+00,-5.222338538658e-01,4.152122958315e-02,-1.165365450836e-02
"                 974",-2.536386792248e+01,3.195615972154e+00,-2.960558094361e+00,-2.588604406702e+01,3.237146141556e+00,-2.972205185965e+00,-5.221761445476e-01,4.153016940191e-02,-1.164709160464e-02
"                 975",-2.536036971202e+01,3.194558263722e+00,-2.960572263307e+00,-2.588252276289e+01,3.236088691008e+00,-2.972212165237e+00,-5.221530508656e-01,4.153042728599e-02,-1.163990192997e-02
"                 976",-2.536154568799e+01,3.194564361007e+00,-2.962503037964e+00,-2.588366704689e+01,3.236097933485e+00,-2.974146537976e+00,-5.221213588942e-01,4.153357247825e-02,-1.164350001259e-02
"                 977",-2.535875914915e+01,3.192393191903e+00,-2.962816104446e+00,-2.588085767860e+01,3.233906895189e+00,-2.974489319730e+00,-5.220985294520e-01,4.151370328648e-02,-1.167321528352e-02
"                 978",-2.536000910564e+01,3.190846480493e+00,-2.967936576637e+00,-2.588206686532e+01,3.232349202472e+00,-2.979639851252e+00,-5.220577596835e-01,4.150272197899e-02,-1.170327461518e-02
"                 979",-2.535785631430e+01,3.188851907452e+00,-2.969570758496e+00,-2.587986276245e+01,3.230340890274e+00,-2.981293076469e+00,-5.220064481515e-01,4.148898282121e-02,-1.172231797309e-02
"                 980",-2.536098564762e+01,3.189198758696e+00,-2.972050704406e+00,-2.588289530195e+01,3.230694464883e+00,-2.983770715240e+00,-5.219096543248e-01,4.149570618742e-02,-1.172001083465e-02
"                 981",-2.536092171987e+01,3.189150452716e+00,-2.969893040395e+00,-2.588271619835e+01,3.230641598392e+00,-2.981618234712e+00,-5.217944784797e-01,4.149114567607e-02,-1.172519431654e-02
"                 982",-2.536523508253e+01,3.190534811073e+00,-2.970029341580e+00,-2.588687674994e+01,3.232026729462e+00,-2.981769165912e+00,-5.216416674056e-01,4.149191838901e-02,-1.173982433220e-02
"                 983",-2.536534998128e+01,3.191466708982e+00,-2.965935954159e+00,-2.588684261298e+01,3.232949271413e+00,-2.977696141918e+00,-5.214926316991e-01,4.148256243037e-02,-1.176018775963e-02
"                 984",-2.536911360032e+01,3.193975930851e+00,-2.964469682910e+00,-2.589045481978e+01,3.235469238309e+00,-2.976233088443e+00,-5.213412194619e-01,4.149330745779e-02,-1.176340553275e-02
"                 985",-2.536829386098e+01,3.195518088219e+00,-2.960613539501e+00,-2.588951155138e+01,3.237019462408e+00,-2.972372543062e+00,-5.212176903986e-01,4.150137418953e-02,-1.175900356196e-02
"                 986",-2.537161615558e+01,3.198011748139e+00,-2.960607576646e+00,-2.589270793772e+01,3.239534279665e+00,-2.972354476825e+00,-5.210917821396e-01,4.152253152666e-02,-1.174690017953e-02
"                 987",-2.537083766441e+01,3.198406785509e+00,-2.959096601986e+00,-2.589182806836e+01,3.239929546863e+00,-2.970851920418e+00,-5.209904039587e-01,4.152276135399e-02,-1.175531843210e-02
"                 988",-2.537304229731e+01,3.198291053970e+00,-2.962454399143e+00,-2.589393726923e+01,3.239812778497e+00,-2.974234254633e+00,-5.208949719197e-01,4.152172452693e-02,-1.177985548933e-02
"                 989",-2.536959293016e+01,3.195736261964e+00,-2.964864791294e+00,-2.589043411763e+01,3.237241620754e+00,-2.976676620007e+00,-5.208411874746e-01,4.150535878967e-02,-1.181182871333e-02
"                 990",-2.536916181329e+01,3.194010925138e+00,-2.970895711197e+00,-2.588996139528e+01,3.235513407512e+00,-2.982726189268e+00,-5.207995819971e-01,4.150248237423e-02,-1.183047807133e-02
"                 991",-2.536490289166e+01,3.191563645606e+00,-2.973738581781e+00,-2.588568403503e+01,3.233049765977e+00,-2.985592247477e+00,-5.207811433668e-01,4.148612037090e-02,-1.185366569631e-02
"                 992",-2.536522477576e+01,3.190171393788e+00,-2.978947090106e+00,-2.588597018130e+01,3.231645789539e+00,-2.990829678902e+00,-5.207454055432e-01,4.147439575089e-02,-1.188258879552e-02
"                 993",-2.536208585888e+01,3.187405062266e+00,-2.981606875563e+00,-2.588280555469e+01,3.228861301100e+00,-2.993511054291e+00,-5.207196958059e-01,4.145623883386e-02,-1.190417872800e-02
"                 994",-2.536403003168e+01,3.186452546656e+00,-2.985629411281e+00,-2.588470094337e+01,3.227912344049e+00,-2.997532035149e+00,-5.206709116846e-01,4.145979739285e-02,-1.190262386792e-02
"                 995",-2.536339211403e+01,3.186058313013e+00,-2.984301717038e+00,-2.588401044731e+01,3.227520886315e+00,-2.996190864398e+00,-5.206183332813e-01,4.146257330152e-02,-1.188914736062e-02
"                 996",-2.536768185806e+01,3.188218210622e+00,-2.983291030312e+00,-2.588821568245e+01,3.229703988539e+00,-2.995150117254e+00,-5.205338243926e-01,4.148577791714e-02,-1.185908694172e-02
"                 997",-2.536823164164e+01,3.189936337100e+00,-2.978525422360e+00,-2.588866579514e+01,3.231432379443e+00,-2.990366486636e+00,-5.204341534981e-01,4.149604234268e-02,-1.184106427675e-02
"                 998",-2.537229349845e+01,3.192233058667e+00,-2.976991564253e+00,-2.589258812054e+01,3.233743968594e+00,-2.988826479885e+00,-5.202946220888e-01,4.151090992648e-02,-1.183491563261e-02
"                 999",-2.537180195193e+01,3.192597191634e+00,-2.974074492346e+00,-2.589196227030e+01,3.234108921647e+00,-2.985915571628e+00,-5.201603183678e-01,4.151173001267e-02,-1.184107928236e-02
"                1000",-2.537514854478e+01,3.193739055544e+00,-2.974334930619e+00,-2.589516864938e+01,3.235268968553e+00,-2.986165643502e+00,-5.200201046001e-01,4.152991300944e-02,-1.183071288255e-02
