Time (s),Ux,Uy,Uz,k,omega,p
1,1.0,0.999999999981,0.00228342236083,1.0
2,0.330738644747,0.0974539005756,0.356559420052,0.285190231128,0.00396127674005,0.776782792648
3,0.42950600018,0.430134335896,0.440042346113,0.175675645614,0.0047865760668,0.171237958657
4,0.269240018177,0.22468914832,0.295861981015,0.1182461542,0.00431570374032,0.116330398569
5,0.333139564721,0.065129946614,0.359459279509,0.0900759725197,0.00429959578903,0.349616142479
6,0.219438881915,0.29267672204,0.225337319128,0.0720831855534,0.00463111269067,0.203459210838
7,0.211798996281,0.19753519848,0.223364203405,0.0591433878816,0.00383030479007,0.233407486603
8,0.340421669477,0.103667149229,0.370010839976,0.0489780842973,0.00285973408418,0.253372599999
9,0.225932274871,0.150582398594,0.262367630142,0.0421832004836,0.00222330234084,0.180020467801
10,0.205013955952,0.0538752284497,0.254847028924,0.03787501017,0.00182639671146,0.306843569731
11,0.208944419812,0.0694918584086,0.234376271323,0.0347782839887,0.00163476805407,0.251689715966
12,0.123719000497,0.095641039315,0.134023831825,0.03071589061,0.00144188637697,0.201496948855
13,0.161275256743,0.0277913449329,0.1751418587,0.0270956197113,0.00125155709245,0.432089146318
14,0.184050368612,0.0541827297585,0.206440538409,0.0248377723847,0.00112636054519,0.262259450962
15,0.137762206042,0.0475894844638,0.167632034433,0.0232068537743,0.00101124557878,0.254659410061
16,0.143612924416,0.014374057802,0.167729701253,0.0216943479637,0.000919915200523,0.560893729601
17,0.126424544883,0.0358292101072,0.143683579225,0.0201813152912,0.000855469189982,0.284244493774
18,0.0990803069415,0.02747169987,0.109639857867,0.0188309026324,0.000794183577909,0.320337877463
19,0.1126775854,0.0155694008546,0.124161025397,0.0177770423481,0.000745179451641,0.457702017255
20,0.1108893092,0.0243113637755,0.127697102523,0.0169265723708,0.00071313798314,0.311734081231
21,0.108398875917,0.0153428440912,0.126687304168,0.0161336864221,0.000689323179559,0.394360490815
22,0.11117985376,0.0131561031977,0.126373321014,0.0153386571559,0.000674736689471,0.43647837666
23,0.0952546879773,0.0161599046558,0.109741070531,0.0145814346771,0.000667695581151,0.363178209147
24,0.0822307199824,0.0101445474816,0.0944330693459,0.0139295690104,0.00066283908888,0.487718973646
25,0.0823078303016,0.0111925249185,0.0939225519314,0.0133881364903,0.000662145274916,0.417765913186
26,0.0831551571108,0.0112907139287,0.100746186775,0.0129160277922,0.000664965061535,0.397744559308
27,0.0841887274413,0.00796011939478,0.104751740323,0.0124708976126,0.000667708263965,0.528679486825
28,0.0806881738645,0.00903635072133,0.100811453007,0.0120480515848,0.000669391232387,0.449464533871
29,0.0701568303461,0.00831153130108,0.0871527827483,0.0116636758159,0.000669738464202,0.468352718622
30,0.0641929108633,0.00718977986121,0.0784422859398,0.0113294612555,0.000668304026546,0.478835806433
31,0.0649780594387,0.00759008618573,0.0817195068525,0.0110361006926,0.000665912152152,0.41381451887
32,0.065541602807,0.00672052962004,0.0872686573641,0.0107749342191,0.000662565843131,0.443750719636
33,0.0625716632565,0.00646191712512,0.0861357028908,0.0105339557464,0.000657587217565,0.504238045057
34,0.0572606338537,0.00640949024974,0.077605192573,0.0103042237037,0.00065115401607,0.462565126385
35,0.0531549526428,0.00598222361341,0.0684052918578,0.010081186259,0.000643356041682,0.502246455958
36,0.0529427861421,0.00574876532196,0.0672459064526,0.00987029863519,0.00063476566524,0.431296662126
37,0.0543789514028,0.00554441104506,0.0696846542444,0.00967807816713,0.000625731355318,0.410131204836
38,0.0545957333385,0.00539175383924,0.0688926961035,0.0095017965516,0.000616330649968,0.436190155568
39,0.051848144642,0.00528909515185,0.0637223503393,0.00932763682267,0.000606329383945,0.472805196066
40,0.0486461941329,0.00508535835728,0.0570537191478,0.00915139887136,0.000595918026236,0.470849638861
41,0.0477136500534,0.00480489476905,0.0534206581864,0.00897910635318,0.000585397950169,0.431721358741
42,0.0487375114533,0.00459419805435,0.0542320177204,0.00881410034274,0.000574810179397,0.399260849388
43,0.0487740738723,0.00452405406466,0.0542400776641,0.00865843370563,0.000564259249316,0.397088043816
44,0.0470942678149,0.00444329625867,0.0511025300791,0.00850299994564,0.000553956603641,0.413998649261
45,0.0451914330546,0.00435127418108,0.0460100523209,0.0083465538986,0.000544059099401,0.426223467
46,0.0434779423319,0.00416891277039,0.0409746691676,0.00819234303811,0.000534614395121,0.415999309075
47,0.0414646139216,0.00396984939752,0.0386720066706,0.00804619986758,0.00052566165168,0.392909311035
48,0.0412911211057,0.00387110612668,0.0382288333031,0.00790943844456,0.00051693675364,0.376946793794
49,0.041596531313,0.00377349822829,0.0370665853468,0.00778159497291,0.000508180209047,0.377436290041
50,0.0405442449169,0.00368373408588,0.0348826382943,0.00765408949517,0.000499297476064,0.390565643602
51,0.0377586867542,0.00354761441535,0.0320746308866,0.00752397806692,0.00049042446574,0.397918781388
52,0.0361428859666,0.00341774194729,0.0294402466991,0.00739986903103,0.000481780504341,0.385560836152
53,0.0361566467248,0.00324991463684,0.0279092801654,0.00728726636559,0.000473308818854,0.360392210299
54,0.0351553235425,0.00309708283592,0.0261694993092,0.00718173589501,0.000464855865449,0.345631623847
55,0.0334283403904,0.00304661167504,0.0245228570551,0.00707934882051,0.000456363041813,0.348054559855
56,0.0321108074173,0.00298509192409,0.0230592945178,0.00697753654335,0.000447748840773,0.36409917383
57,0.0309297247684,0.00281573833951,0.0217826926642,0.00687898355661,0.0004391308218,0.364696740045
58,0.0293741981457,0.00268558579357,0.0205433952045,0.00678395372291,0.000430398899779,0.356922999726
59,0.0273262563312,0.00255439162857,0.0192274921524,0.00669381676794,0.000421661884681,0.350735613953
60,0.0267450187747,0.00246856202811,0.0183881846954,0.00660755750992,0.000412875211016,0.326735393879
61,0.0272124858307,0.00233573932394,0.0176976764209,0.00652370484669,0.000404143686377,0.303549356212
62,0.0265578160621,0.00223866105907,0.0165917029975,0.00644220839712,0.00039556085488,0.301770472576
63,0.0245250259244,0.00216759258002,0.0153621570072,0.00636371704042,0.000387127432325,0.315268811472
64,0.023080229526,0.0021478040106,0.0144804788667,0.00628780271555,0.000378937650865,0.300792451803
65,0.0220684917395,0.00197805127681,0.013565638242,0.00621437829774,0.00037097537309,0.281934938896
66,0.0208407509977,0.00187534150601,0.0125284043368,0.00614285628008,0.000363216144438,0.27238633985
67,0.0191706742396,0.00182092913493,0.0114709414145,0.00607295233003,0.000355571576113,0.279928119518
68,0.018371480392,0.00174443640244,0.0109373849219,0.00600380475424,0.000348032268212,0.276682422032
69,0.0185119235641,0.00164968095274,0.0107758869632,0.00593615631396,0.000340709838067,0.261028707243
70,0.0186223238105,0.00157287015456,0.0105620988287,0.00587096321303,0.000333628809314,0.246447195175
71,0.0175327604423,0.00153583134022,0.00978128280839,0.0058083454558,0.000326802548924,0.230355167125
72,0.0159506698813,0.00148254114605,0.00896623027584,0.00574816819424,0.000320205054623,0.213771642023
73,0.0149395045955,0.00146736495828,0.00828290209974,0.0056891956335,0.000313823416126,0.197765201367
74,0.0144205047542,0.00137321022312,0.00780748506525,0.00563034330501,0.000307551860413,0.188739758011
75,0.013507254066,0.00127096695778,0.00715288864236,0.00557161961998,0.000301338895666,0.178300634646
76,0.0126250943557,0.00124337490451,0.00660511430215,0.00551366535258,0.00029508399672,0.177209623935
77,0.0118793819418,0.00118237644818,0.00637145052042,0.00545664478557,0.000288846731048,0.173057461014
78,0.0117349364915,0.00112405306655,0.00642959148711,0.0054003902623,0.000282631372884,0.161313197192
79,0.0114406222613,0.00108358312994,0.0063159191039,0.00534507490003,0.000276467963851,0.14763776429
80,0.0108318470904,0.00105573285825,0.00597874247136,0.00529049536548,0.000270394045486,0.135412318126
81,0.00998348318102,0.001026203895,0.0054451026392,0.00523657432,0.000264437410067,0.128082612264
82,0.00938951372483,0.00098368299848,0.00498981176489,0.00518322331058,0.000258546079875,0.119126295405
83,0.00904703138162,0.000959380076782,0.00464086163639,0.00513041306528,0.000252789876947,0.109665926036
84,0.00870527986162,0.000906687954256,0.00437440872256,0.00507818109596,0.000247127814893,0.105190413645
85,0.00813802214444,0.000848758221757,0.00408917886491,0.00502645201504,0.000241543216915,0.0989139794136
86,0.00757850844833,0.000815414169022,0.00392692458856,0.00497553387912,0.000236035068707,0.0941135870263
87,0.00720251975273,0.000785363338066,0.00388405008334,0.00492558258356,0.000230561430688,0.0916815379217
88,0.00709155549794,0.000751665079519,0.0039179209434,0.00487681852275,0.000225136549504,0.0849571308066
89,0.00705517263017,0.000723352623119,0.00388111148089,0.00482919050189,0.000219824077022,0.0787681949736
90,0.00677335832011,0.000700952889187,0.00368974584612,0.00478247953706,0.000214635905463,0.0740480141902
91,0.00641042526444,0.000681470692289,0.00342771717343,0.00473660956448,0.000209636430702,0.0703406538809
92,0.00605843893039,0.000648525593414,0.00316480778032,0.0046915586954,0.000204764976967,0.067209196664
93,0.00577423968126,0.000627206685038,0.00296347733919,0.00464740466331,0.000199997359223,0.0627926597032
94,0.00554955947818,0.000600038451558,0.00281111303045,0.00460383032809,0.000195312199068,0.0591874454387
95,0.00536804136545,0.000568880487945,0.0027123499231,0.00456091674757,0.000190730597633,0.0571258992916
96,0.00526088961806,0.000542215572828,0.00267042418787,0.00451872919966,0.000186306163444,0.0544702284949
97,0.00522715568618,0.000518341497055,0.00265497795638,0.00447733228467,0.000182137753115,0.0517561640269
98,0.00522274751786,0.000499412005606,0.00262712712831,0.00443665356008,0.000178225596421,0.049872163524
99,0.00521299745568,0.000480908953629,0.00257757193356,0.00439675638075,0.000174589619956,0.0471685660068
100,0.00518060869147,0.000461185359591,0.00250320115989,0.00435772151192,0.000171261868452,0.0442470521977
101,0.00509167337752,0.000442084491487,0.0024063025639,0.0043196929322,0.000168288191257,0.0423360410173
102,0.00495940850825,0.000425093025291,0.00229664110626,0.00428298310935,0.000165690557446,0.0407795750493
103,0.00482401366368,0.000409433864484,0.00219304011236,0.004247667444,0.000163485044809,0.0391357526922
104,0.00472303344486,0.00039457047395,0.00210964853754,0.00421366570841,0.000161651071932,0.0374565745078
105,0.00466283413205,0.000379468668921,0.0020489954966,0.0041810752805,0.000160140315689,0.0359287322443
106,0.00463495739165,0.000364325289087,0.00200756587824,0.0041497377903,0.000158875495337,0.0347500217764
107,0.00462279891557,0.000349991733971,0.00198039510211,0.00411974817056,0.000157820368253,0.0336476787518
108,0.00461074218807,0.000336826850423,0.00195626814731,0.00409107424951,0.00015691813318,0.0324893201659
109,0.00458622118934,0.000324841860082,0.00192738210226,0.0040634615982,0.000156065072586,0.0313371305443
110,0.00454553273603,0.000313850605923,0.00189275644885,0.00403677920864,0.000155174666935,0.0301970659302
111,0.00449180393996,0.000303624261298,0.0018536622253,0.00401084966128,0.000154201818343,0.0290710498292
112,0.00442725369999,0.000293897807364,0.00181204921108,0.00398558524578,0.000153102697361,0.0280595269893
113,0.00435231100876,0.000284598076784,0.00177274091921,0.00396080892978,0.000151873882285,0.0271833878339
114,0.00427575136101,0.00027587389937,0.00173719723473,0.00393654396276,0.000150512706023,0.026379742614
115,0.00420730416743,0.000267693214265,0.00170631288787,0.00391279511489,0.000149050605113,0.0256125894245
116,0.00415144271305,0.000260042954138,0.00168159867067,0.00388952718043,0.000147460933319,0.0249034102843
117,0.00409492052525,0.000252594708522,0.00165924807488,0.00386664221536,0.00014577049428,0.0242909064656
118,0.00404102463695,0.000245444353689,0.0016402848012,0.00384418179495,0.0001439761815,0.0237526253782
119,0.00399923323728,0.000238817196467,0.0016264018825,0.00382207615169,0.000142084890306,0.0232680330577
120,0.00396305124125,0.000232779609661,0.00161520619574,0.00380039915946,0.000140094303947,0.0228326201336
121,0.0039243379274,0.000227145522511,0.00160548683142,0.00377928009426,0.000138027146093,0.0223972814156
122,0.00387735922736,0.000221857082469,0.00159577586855,0.00375865733116,0.000135878519375,0.0219852753568
123,0.00381414800777,0.000216756370944,0.00158213764103,0.00373840423327,0.000133678476098,0.0215671548018
124,0.00375349781261,0.000212025379709,0.00156963883708,0.00371848803733,0.00013141094693,0.0211518324372
125,0.00370204920243,0.000207706267759,0.00156014696408,0.00369880240896,0.000129127007317,0.0207561241153
126,0.00365387212866,0.000203610833342,0.00155215224376,0.00367936184403,0.000126827949383,0.0204070720775
127,0.00359909196631,0.000199589975517,0.00154280695408,0.003660159353,0.000124517843208,0.0200690778967
128,0.00354191601745,0.000195593811882,0.00153258086541,0.00364117388512,0.000122174357463,0.0197511149237
129,0.0034856251382,0.000191671420077,0.00152108626025,0.00362232402705,0.000119832566206,0.0194331461512
130,0.00342735257775,0.00018790697488,0.0015085969228,0.0036035156868,0.000117485916556,0.0191568051176
131,0.00337114926704,0.000184362121657,0.00149790971515,0.00358470552338,0.000115143938624,0.0188723558476
132,0.00331897093767,0.000181023970056,0.00148939773041,0.00356603923782,0.000112817704561,0.0185964793535
133,0.00327307570298,0.000177834371511,0.00148100211882,0.00354740659843,0.000110525421746,0.018318616959
134,0.00322666422921,0.000174760584932,0.001471384952,0.00352878788111,0.000108272705326,0.0180705316331
135,0.00317860238505,0.000171782505052,0.00146073092259,0.00351020797267,0.000106078843564,0.0178168883928
136,0.00312920177209,0.000168908765911,0.0014493866584,0.00349155358533,0.00010393700302,0.0175644914905
137,0.00309164708427,0.000166212508824,0.00144294914186,0.00347288673315,0.0001018395191,0.017292060772
138,0.00305576365032,0.000163561992535,0.0014360275678,0.00345420960929,9.97782366774e-05,0.0170592196519
139,0.00301325178034,0.000160927518961,0.00142555268735,0.00343550838475,9.77845217149e-05,0.0168459259203
140,0.00296472803893,0.000158341339473,0.00141220333825,0.00341677808168,9.58326910515e-05,0.0166433333249
141,0.00291360627399,0.000155919411449,0.00139928582101,0.00339802537129,9.39509309996e-05,0.0164246754784
142,0.00287806637899,0.000153722316072,0.00139201299123,0.00337924478297,9.21104471187e-05,0.0162105982308
143,0.00284634659791,0.000151596143434,0.00138549517424,0.00336041591888,9.03242629558e-05,0.0160227315537
144,0.00281190445715,0.000149451801313,0.00137716096015,0.00334154340558,8.85954461091e-05,0.0158626168083
145,0.00277260456386,0.000147284707883,0.00136582890241,0.0033226717856,8.6917080695e-05,0.0157166711201
146,0.00273102611568,0.00014520782434,0.00135382471338,0.00330373525886,8.52768282153e-05,0.0155682268977
147,0.00269434830321,0.000143234015057,0.00134242286596,0.00328466165533,8.36786904835e-05,0.0154172647092
148,0.00266481766261,0.000141314955452,0.00133251809311,0.00326541348955,8.21186440923e-05,0.015278873438
149,0.00263630290845,0.000139457849422,0.0013220535478,0.00324602323536,8.06123506901e-05,0.0151493714757
150,0.00260804928383,0.000137563080271,0.0013106086773,0.00322650430082,7.91353262534e-05,0.0150336636507
151,0.00257551523134,0.000135637527528,0.00129872208721,0.00320679386091,7.77012596447e-05,0.0149090030752
152,0.00254114140485,0.000133766615327,0.00128583997121,0.00318694483119,7.63106885425e-05,0.0147899239779
153,0.00250647427439,0.000131922442746,0.00127204652013,0.003166932545,7.49665591035e-05,0.0146604509389
154,0.00247471894569,0.000130125893073,0.00125808020117,0.00314673310757,7.36517488577e-05,0.0145448376273
155,0.00244460971526,0.000128336862909,0.00124375945592,0.0031263515773,7.23874045798e-05,0.0144497648575
156,0.00241666564936,0.00012656801987,0.00122937047965,0.00310579400246,7.11647788047e-05,0.0143526711456
157,0.00238744972658,0.000124814820329,0.00121501093231,0.00308508512527,6.99756767906e-05,0.0142687882967
158,0.00235819910539,0.000123066763627,0.00120061189648,0.00306424924142,6.8809206156e-05,0.0141945888914
159,0.00232752718906,0.000121286894222,0.00118581214029,0.00304324539463,6.76758770935e-05,0.0141101836464
160,0.00229583405112,0.000119518786179,0.00117078759046,0.0030221686408,6.65727464132e-05,0.014053140174
161,0.0022646451172,0.000117737356235,0.00115561337331,0.00300105704178,6.54905446633e-05,0.013997617311
162,0.00223400929108,0.000116003151037,0.00114102615982,0.00297989481356,6.44360131294e-05,0.0139238661447
163,0.00220338135026,0.000114297519193,0.00112619640664,0.00295861013131,6.341045345e-05,0.0138302790328
164,0.00217269029687,0.000112592276034,0.0011110821108,0.00293728127838,6.24043583974e-05,0.0137629319309
165,0.00214133536659,0.000110918534999,0.00109621432774,0.00291599233315,6.14240250205e-05,0.0137113656495
166,0.00211027467669,0.000109298291228,0.00108120767672,0.00289474067441,6.04713747848e-05,0.0136609833433
167,0.00208037054392,0.000107740336513,0.00106600178068,0.00287351424075,5.95436103487e-05,0.0136280192918
168,0.00205233933006,0.000106215563802,0.00105070795354,0.0028523375115,5.86543433907e-05,0.0136353557917
169,0.00202504067744,0.000104713840388,0.00103513528992,0.00283121730572,5.77847502148e-05,0.0136131218717
170,0.00199776409425,0.00010322616422,0.0010187534121,0.00281022033261,5.69295847051e-05,0.0135925545419
171,0.00196802343743,0.000101769710278,0.00100268512825,0.00278925682909,5.61083928905e-05,0.0135560393319
172,0.0019355527847,0.000100369310629,0.000987048704903,0.00276827887183,5.53079850879e-05,0.0135200824599
173,0.00190561490897,9.90074703711e-05,0.000971318734847,0.00274735082604,5.45237442578e-05,0.0135032219249
174,0.00187910874624,9.76272014808e-05,0.000955704106186,0.00272647758526,5.37521338395e-05,0.0134851555146
175,0.00185390318121,9.62520927257e-05,0.000941889949274,0.00270561246427,5.3007454372e-05,0.0134415450075
176,0.00182621986494,9.488384852e-05,0.000927970068997,0.00268474624711,5.22803977528e-05,0.0133983323251
177,0.00179804386351,9.35530505462e-05,0.00091374607621,0.0026638955851,5.15679507274e-05,0.0133580704344
178,0.00176948062497,9.22718226691e-05,0.000898393674951,0.00264312073058,5.08723975068e-05,0.0133197991453
179,0.00174277133945,9.10370427701e-05,0.000885244429729,0.00262244264233,5.01976682785e-05,0.0132780335472
180,0.00171706362831,8.98883252158e-05,0.000873911257089,0.00260185440913,4.95375488113e-05,0.0132128209674
181,0.00169227228998,8.87937540637e-05,0.00086242619829,0.00258132714665,4.88940646035e-05,0.0131355799633
182,0.00166890858699,8.77194766671e-05,0.000851469778517,0.00256087674452,4.82627580088e-05,0.0130643216878
183,0.00164584441652,8.66214150303e-05,0.000841352075595,0.00254052486606,4.76601883555e-05,0.0130177909115
184,0.00162243800688,8.55430124837e-05,0.000831969936206,0.00252026571024,4.70686192995e-05,0.0130109334772
185,0.00159858254125,8.44772515092e-05,0.000822900481446,0.00250003978823,4.64872277193e-05,0.0129981832791
186,0.00157500975742,8.34472421923e-05,0.000813852473961,0.00247989445179,4.59134508782e-05,0.0129543792168
187,0.00155207442379,8.24406020688e-05,0.000804327591493,0.00245985997162,4.53574332886e-05,0.0128938942361
188,0.0015301229578,8.14644950147e-05,0.000795079987101,0.0024399630186,4.48070688585e-05,0.0128205246715
189,0.00151094662854,8.05186608653e-05,0.000786910433964,0.00242014440784,4.42683813417e-05,0.0127769497742
190,0.00149298511359,7.95839199786e-05,0.000778368767707,0.0024004253321,4.3738802315e-05,0.0127627823533
191,0.00147562463444,7.86753679451e-05,0.000770810860233,0.00238086494212,4.3221621907e-05,0.0127273671899
192,0.00145770674718,7.77806910335e-05,0.000762850811602,0.0023614605447,4.27045750448e-05,0.0126821496641
193,0.00143998958714,7.69096349069e-05,0.000754944347924,0.0023422125288,4.21966283629e-05,0.0126104826244
194,0.00142197108628,7.60583218555e-05,0.000747559427529,0.00232306276688,4.1693753915e-05,0.0125849095582
195,0.00140564337189,7.52710306111e-05,0.000740564267039,0.00230405682832,4.11988393331e-05,0.0125683707863
196,0.0013907877483,7.44851387823e-05,0.000733122902537,0.0022852500301,4.07173895405e-05,0.0125459898736
197,0.00137727777363,7.37139633376e-05,0.000726279156086,0.00226665582779,4.02504283018e-05,0.0125227567316
198,0.00136338908114,7.29597712184e-05,0.000720165980671,0.00224822544195,3.97913399033e-05,0.0125224772244
199,0.00135066180423,7.22264967256e-05,0.000714013589117,0.00222997611126,3.93379654749e-05,0.0125178307778
200,0.00133917322218,7.15331317457e-05,0.000708166777767,0.0022119032983,3.88932914557e-05,0.0125165105015
201,0.00132735471436,7.08416698554e-05,0.000702783412619,0.00219396026858,3.84616679174e-05,0.0124929734847
202,0.00131842004022,7.01516361262e-05,0.000697364770912,0.00217609875318,3.8037388941e-05,0.012481551288
203,0.00131249474229,6.94745866383e-05,0.000691931197221,0.00215840196109,3.76183682183e-05,0.0124647315502
204,0.00130591099734,6.88413901868e-05,0.000686477098067,0.0021408430088,3.72066853517e-05,0.0124327471952
205,0.0012981802436,6.82272476903e-05,0.000682526352647,0.00212336064174,3.68043313902e-05,0.0124213983583
206,0.00129170242296,6.76267789623e-05,0.000678739799516,0.00210604943777,3.64014006129e-05,0.0124084115561
207,0.00128813876995,6.70636558423e-05,0.000675070666817,0.00208888893294,3.60098652741e-05,0.0123903393445
208,0.00128640955561,6.65046601658e-05,0.000671934397087,0.00207190426423,3.56210507513e-05,0.0124124098823
209,0.00128333792898,6.59303635118e-05,0.000668964975075,0.0020550503956,3.52432366969e-05,0.0123918079256
210,0.00127966561861,6.53153809614e-05,0.000666107233041,0.00203836317875,3.48684942903e-05,0.0123659717004
211,0.00127668673745,6.4703739834e-05,0.000663765691083,0.00202178954511,3.44940411893e-05,0.012280919985
212,0.00127296676857,6.4094702527e-05,0.000661050853475,0.00200534615696,3.41188403227e-05,0.0121982861981
213,0.00127079998936,6.35062904859e-05,0.000658519512837,0.00198908967977,3.37436163521e-05,0.0121248256153
214,0.00126814246068,6.29273596594e-05,0.000656347731589,0.0019730368021,3.33698373379e-05,0.0120604609477
215,0.00126589044532,6.2381261472e-05,0.000654430983169,0.00195715672259,3.3003356136e-05,0.0119835029913
216,0.00126162511186,6.18429894025e-05,0.000652425265752,0.00194148072903,3.26427507174e-05,0.0119049173542
217,0.00125633186395,6.1302989048e-05,0.000650582176933,0.00192594180331,3.22937011609e-05,0.0118304960585
218,0.00125071898535,6.07428225813e-05,0.000648350111153,0.00191062501168,3.1952413566e-05,0.0117860448051
219,0.00124495764262,6.01962764385e-05,0.000647283578984,0.00189556707274,3.16192927727e-05,0.0117210020726
220,0.00124012653001,5.966046761e-05,0.000646957871024,0.00188076804651,3.12823518086e-05,0.0116618916448
221,0.00123559719824,5.91227013826e-05,0.000647268703491,0.00186621685408,3.09477264452e-05,0.0116007643062
222,0.00122952979332,5.85545789392e-05,0.000647913550819,0.00185190093166,3.06177846028e-05,0.0115568306613
223,0.00122142603571,5.79888531324e-05,0.000650185594284,0.00183773575145,3.0296095737e-05,0.0115118453753
224,0.00121285042625,5.74124699709e-05,0.000652448312964,0.00182377829353,2.9978115002e-05,0.011465028464
225,0.00120320448617,5.68273636675e-05,0.000655189116862,0.00180989548915,2.96637215859e-05,0.0113886551591
226,0.00119191961113,5.62473192999e-05,0.000657950494085,0.00179613554782,2.93514332813e-05,0.0113242039642
227,0.00117932744929,5.57172660042e-05,0.000661331174129,0.00178252604588,2.90458428785e-05,0.0112638613503
228,0.001166102016,5.52166580617e-05,0.000665064517562,0.00176911175365,2.87436336654e-05,0.0112214880423
229,0.0011515074971,5.47521067027e-05,0.000669093056737,0.00175592254105,2.84494992414e-05,0.0111641837778
230,0.00113439417996,5.42904285084e-05,0.000673107741621,0.00174294269756,2.81625070838e-05,0.0111149553629
231,0.00111696645753,5.38360136114e-05,0.000677585599277,0.00173014451218,2.78851580683e-05,0.0110500739393
232,0.00109949716843,5.33560315275e-05,0.000683158790591,0.00171751797934,2.76114874052e-05,0.0109919413116
233,0.00108473985455,5.28633679976e-05,0.000690105292112,0.00170502710813,2.73465902095e-05,0.0109410841175
234,0.00106713035711,5.23649618756e-05,0.000697164070996,0.00169273619573,2.70897237884e-05,0.0108985256763
235,0.00104942589775,5.18889284461e-05,0.000704462003833,0.00168044410247,2.6834813485e-05,0.0108496508047
236,0.0010295202819,5.1401391686e-05,0.000711011912308,0.00166830686616,2.65844119705e-05,0.0108057593326
237,0.001010815653,5.09225110238e-05,0.000718060817578,0.00165626771525,2.63355846192e-05,0.0107679374422
238,0.000992928092303,5.04118891177e-05,0.000725093169656,0.00164448033259,2.6099631581e-05,0.0107261582739
239,0.000976741536259,4.9907970954e-05,0.000733128770141,0.00163278344735,2.58664116098e-05,0.0106831409771
240,0.000960553234681,4.93834763698e-05,0.000741150475629,0.00162116972555,2.56350599472e-05,0.010639229266
241,0.0009441948784,4.88637728558e-05,0.000750370485358,0.00160968116977,2.54087284289e-05,0.010594106085
242,0.000925887611926,4.83613016996e-05,0.000759111002703,0.0015983575711,2.51856454933e-05,0.0105647303124
243,0.000907728964714,4.78356575928e-05,0.000768715123884,0.00158713993282,2.49658290308e-05,0.0105415986748
244,0.000890437845802,4.72772156643e-05,0.00077931363607,0.00157605609441,2.47499462806e-05,0.0105062788731
245,0.000874466133714,4.67261709892e-05,0.000790772913148,0.00156512993375,2.45363587804e-05,0.0104771942196
246,0.000859175661212,4.61993427973e-05,0.000802153874679,0.0015543758425,2.43271795907e-05,0.0104614860591
247,0.000844931354133,4.57083692831e-05,0.000813641278064,0.0015437356208,2.41185264186e-05,0.0104495204119
248,0.000832117608586,4.52324835692e-05,0.000825559425289,0.00153320445359,2.39102864939e-05,0.0104478054113
249,0.000820529721297,4.47956556185e-05,0.000837814427305,0.00152279263071,2.37037007617e-05,0.0104633769675
250,0.000810459950164,4.43870542034e-05,0.000850372751479,0.00151254742719,2.34963314356e-05,0.0104740222666
251,0.000801484429404,4.40229956279e-05,0.000864358098966,0.00150246897026,2.32962071571e-05,0.0104928590193
252,0.000793570473843,4.36503170973e-05,0.000878534637536,0.00149263771585,2.30924359955e-05,0.0105085003043
253,0.000786277808413,4.330396039e-05,0.000893404073049,0.00148302096107,2.28953893902e-05,0.0105267417235
254,0.000781137020591,4.29827318488e-05,0.000909004622716,0.00147357297297,2.26988487451e-05,0.0105487149123
255,0.000777021709998,4.27013775339e-05,0.000924578777421,0.00146426643201,2.25060022119e-05,0.0105617944518
256,0.000773414183789,4.24460993948e-05,0.0009394682502,0.00145500921308,2.23170399667e-05,0.0105780292919
257,0.00076958174461,4.22201157801e-05,0.000954036699463,0.00144579399733,2.21321258893e-05,0.0106056969258
258,0.000765507562646,4.19813839918e-05,0.000967136709945,0.00143666329589,2.19485966126e-05,0.0106345331017
259,0.000762236390977,4.17476522373e-05,0.000980335619874,0.00142760030231,2.17694850579e-05,0.010643210183
260,0.000759004174718,4.15324436584e-05,0.000993086159874,0.00141861836687,2.15901414806e-05,0.010643587616
261,0.000756460273105,4.13480808641e-05,0.00100539033837,0.00140967170739,2.14121586602e-05,0.0106683366799
262,0.000755123722594,4.11728206256e-05,0.00101744227623,0.00140084505509,2.12390834561e-05,0.0107029025355
263,0.000755188450793,4.10009060218e-05,0.0010286431863,0.00139208672492,2.10763287616e-05,0.0107544076601
264,0.000755787776673,4.08168920581e-05,0.00104009572351,0.00138346331882,2.09098996476e-05,0.0108079175756
265,0.000756745828466,4.06212991324e-05,0.0010513745458,0.0013748852436,2.07527746612e-05,0.0108292900231
266,0.000757117975886,4.04106776254e-05,0.00106097545677,0.00136643115359,2.05959934112e-05,0.0108443258073
267,0.000757327056,4.02326201695e-05,0.00106983331759,0.00135808145107,2.04427110646e-05,0.0108516959446
268,0.000757192436991,4.00248066298e-05,0.00107675156544,0.00134989515843,2.02886747512e-05,0.0108761947871
269,0.000756165206813,3.98140214265e-05,0.00108287979511,0.00134195829105,2.01434412906e-05,0.0108943951737
270,0.00075557699119,3.95972232191e-05,0.00108820952146,0.00133421471844,1.99986061753e-05,0.0109092870824
271,0.000754986920354,3.93897953364e-05,0.00109285158743,0.00132660660421,1.98594620616e-05,0.0109202436189
272,0.000755138846122,3.91572125261e-05,0.00109793327404,0.00131924297285,1.97175925046e-05,0.0109286335433
273,0.000754425497714,3.89219586999e-05,0.00110275278058,0.00131206047572,1.95807496481e-05,0.0109142928739
274,0.000752387754953,3.87273684543e-05,0.00110597952709,0.0013050038902,1.94453753002e-05,0.0109126510573
275,0.000748924846687,3.85278663493e-05,0.00110695268635,0.00129820136629,1.93146814659e-05,0.0109149285935
276,0.000744725309087,3.83098788501e-05,0.00110640477077,0.00129160360943,1.91942478235e-05,0.0109197036144
277,0.000739327424879,3.80966806861e-05,0.00110445630331,0.00128521542051,1.90818215119e-05,0.0109155781403
278,0.000732860350938,3.78935167501e-05,0.00110016767067,0.00127896957018,1.89695716747e-05,0.0108804456003
279,0.0007253395959,3.76979510241e-05,0.0010939598526,0.00127288918704,1.88571850404e-05,0.0108443254757
280,0.000717965608679,3.7485342546e-05,0.00108592621449,0.00126686519267,1.87419011051e-05,0.0108204962622
281,0.000709692820716,3.72211745435e-05,0.0010774551137,0.0012609903196,1.86254480466e-05,0.0107802677536
282,0.0006991355927,3.69006383181e-05,0.00106693400857,0.00125522869415,1.85081957099e-05,0.0107373149864
283,0.000687040524996,3.65780875395e-05,0.00105453129676,0.00124954470284,1.83930819579e-05,0.0106906535757
284,0.000674834320814,3.62301418805e-05,0.00104069817048,0.00124394056021,1.8274555834e-05,0.0106488632082
285,0.000663566366393,3.58782252274e-05,0.00102787913606,0.00123843934844,1.81577788405e-05,0.0106016782643
286,0.00065256789838,3.55407382315e-05,0.00101463647009,0.00123308285704,1.8041536163e-05,0.010576434165
287,0.000641889571498,3.52339062553e-05,0.00100148470327,0.00122785400961,1.79288206963e-05,0.0105523470519
288,0.000631512861881,3.4929541973e-05,0.000987641710088,0.00122281276677,1.78110260139e-05,0.0105191633731
289,0.000621641473958,3.46850871044e-05,0.000973624680936,0.00121792376894,1.76993931366e-05,0.010493450871
290,0.000612503766296,3.44386228943e-05,0.000960007875841,0.00121322907752,1.75864747364e-05,0.0104648300419
291,0.000603808303592,3.42079036988e-05,0.000947278268938,0.00120862403395,1.74802152616e-05,0.010430107581
292,0.000595625595963,3.39819801056e-05,0.000935574438627,0.00120408730442,1.7371748559e-05,0.010386514911
293,0.000587748670749,3.37782890075e-05,0.000925916958686,0.00119966404203,1.72667563672e-05,0.0103442161096
294,0.000579510832184,3.36005603099e-05,0.000916568636192,0.0011953770491,1.71627111303e-05,0.0102990908147
295,0.000571915814449,3.3453811167e-05,0.000909136285761,0.0011912524395,1.70590385845e-05,0.0102437193471
296,0.000565538112254,3.32915191401e-05,0.000903053684585,0.00118728844607,1.6955386132e-05,0.0101913587248
297,0.00056023525395,3.31281387529e-05,0.000898040914059,0.00118354587225,1.68544052143e-05,0.010140778483
298,0.000555339632945,3.29724011043e-05,0.000893156001002,0.00117995037938,1.67574398705e-05,0.0101105435795
299,0.000551025817539,3.28554610424e-05,0.000889547754179,0.00117647270884,1.66570480915e-05,0.0100714869115
300,0.000546953535569,3.27425811924e-05,0.000886759670951,0.00117315289534,1.65575023109e-05,0.0100131069085
301,0.000543442534032,3.26541563622e-05,0.00088483540661,0.0011699962064,1.64605653479e-05,0.00995452377328
302,0.000541277130774,3.25527220354e-05,0.000883213142006,0.00116693692078,1.63672748015e-05,0.00992707514696
303,0.000539336136943,3.24599233112e-05,0.000882783527764,0.00116394332867,1.62719479543e-05,0.009893601821
304,0.000538068626249,3.23682625141e-05,0.000881562300376,0.00116109688388,1.61777079793e-05,0.00985257277484
305,0.000537381061911,3.23014023564e-05,0.000880251334503,0.0011583874757,1.60803386539e-05,0.00981326584712
306,0.00053657402352,3.22077270872e-05,0.000879339403134,0.00115575226118,1.59848031644e-05,0.00975735611291
307,0.000535888529794,3.20996316298e-05,0.000878910174342,0.00115320007735,1.58894500001e-05,0.00970242631639
308,0.000534639509124,3.1977112714e-05,0.000878878159132,0.00115065269917,1.57940349947e-05,0.00964605132988
309,0.000533104574615,3.18411197478e-05,0.000878783356327,0.00114815725862,1.56963557434e-05,0.00958258228094
310,0.000531412835447,3.16857328417e-05,0.000878107159295,0.0011456729117,1.55940707201e-05,0.00953213116375
311,0.000529965531966,3.15233910884e-05,0.000877543819997,0.00114315915269,1.54991976185e-05,0.00947338590468
312,0.000528379404205,3.13395610136e-05,0.000876221307992,0.00114059470141,1.53999681899e-05,0.0094321620678
313,0.000526502251499,3.11327708007e-05,0.000873574742849,0.00113804722613,1.53056650169e-05,0.0094059213657
314,0.000524164253071,3.09017888922e-05,0.000869527259869,0.0011355479983,1.52069227538e-05,0.00936197503813
315,0.000522048373512,3.06740342901e-05,0.000864920863053,0.00113307357609,1.51069950762e-05,0.00931961983444
316,0.000520281774302,3.04296043001e-05,0.000859910646262,0.00113067814516,1.50082935793e-05,0.00928455555868
317,0.000519065434061,3.01857882622e-05,0.000855514535108,0.00112835699902,1.49089108895e-05,0.00924245168992
318,0.000518673893737,2.99451599749e-05,0.000851376271666,0.00112598951234,1.48080586133e-05,0.00921018997662
319,0.000518847514995,2.9717378667e-05,0.000847923757731,0.00112363923971,1.4705767442e-05,0.00918132000447
320,0.000519381219761,2.94985816932e-05,0.000844629727158,0.00112135009549,1.46072383904e-05,0.00916022404791
321,0.000520401461747,2.92985670558e-05,0.000841908877738,0.00111911431698,1.45087109599e-05,0.00914365524775
322,0.000521353699134,2.9103443882e-05,0.000839833418466,0.0011170059088,1.44100458675e-05,0.00911902823845
323,0.000522717749231,2.89234099446e-05,0.000839000453929,0.00111497436189,1.43122517706e-05,0.00908021873844
324,0.000524543446235,2.87446475644e-05,0.000837618297896,0.00111294912656,1.42176157121e-05,0.00906097532781
325,0.000526442796645,2.85825081948e-05,0.000836847462197,0.00111106366555,1.4127973326e-05,0.00904248109144
326,0.000528384786116,2.83914962049e-05,0.000836233939823,0.00110925058018,1.40416710125e-05,0.00903809378508
327,0.000529900169041,2.82159413226e-05,0.000835847183649,0.00110762095089,1.39613347376e-05,0.00904192983707
328,0.000530965805628,2.80427828744e-05,0.000834552990133,0.00110614518804,1.38852744133e-05,0.00902947166039
329,0.000532235131433,2.78481128268e-05,0.000833806372896,0.00110479684588,1.38035855015e-05,0.00900719945148
330,0.000533618831498,2.76599714109e-05,0.00083386362578,0.0011035323787,1.37270532366e-05,0.00899155388131
331,0.000534780661335,2.75168824368e-05,0.000833535483512,0.00110234486126,1.36537572875e-05,0.00898034021818
332,0.000535060540707,2.73818434017e-05,0.000832942503636,0.0011012932101,1.35825714261e-05,0.0089540142943
333,0.00053454570438,2.72541121473e-05,0.000831668559843,0.00110050995492,1.35133497098e-05,0.00892196695418
334,0.000533464071044,2.71186818524e-05,0.000830546293494,0.00109983466993,1.3443913332e-05,0.0089099265382
335,0.000532419142376,2.70043180787e-05,0.000829143219643,0.00109934137593,1.33770394441e-05,0.00890109228566
336,0.000531096844305,2.6904120926e-05,0.000826743957214,0.00109900216888,1.33107972505e-05,0.00888721094927
337,0.0005299858544,2.68048975447e-05,0.000824464860781,0.00109888367704,1.32511581106e-05,0.00888462971637
338,0.000527990506541,2.67004303016e-05,0.000821804704433,0.00109895754877,1.31917724979e-05,0.0088718372331
339,0.000525521142873,2.66142957875e-05,0.000818436299958,0.00109917646506,1.31369002586e-05,0.00884829742733
340,0.000522155280737,2.65172135181e-05,0.000813947766612,0.00109950977297,1.30791526416e-05,0.00882168805929
341,0.000518478262368,2.64186627232e-05,0.000809785279286,0.00109992798583,1.302461813e-05,0.00879844698566
342,0.000514330688282,2.63126610348e-05,0.000805137040485,0.00110053565583,1.29735983908e-05,0.00877535831181
343,0.000510388605728,2.62071175959e-05,0.00080052589191,0.00110128554981,1.29221890137e-05,0.00874102073548
344,0.000506862265608,2.61052588048e-05,0.000796187955667,0.00110215744936,1.28724824982e-05,0.00870033426278
345,0.000503634220976,2.60192829452e-05,0.000792742983319,0.00110315572341,1.28299514159e-05,0.00868164969498
346,0.000500097549679,2.59247884467e-05,0.000789408673676,0.00110429488523,1.27895160189e-05,0.00868024359125
347,0.000497230162833,2.58343860895e-05,0.000787495217467,0.00110559518087,1.27551233117e-05,0.00867729941869
348,0.000494017492621,2.57263093272e-05,0.00078625908218,0.00110704318801,1.27188511436e-05,0.00867048921616
349,0.000491557552956,2.56119301207e-05,0.000785786862215,0.00110855374548,1.26870199272e-05,0.00865091029448
350,0.000489160381371,2.54990669864e-05,0.000786605120712,0.0011101705099,1.26542574756e-05,0.00863299776387
351,0.000487426964998,2.540773454e-05,0.00078709180886,0.00111187265451,1.26261130905e-05,0.00862775761088
352,0.000485833215759,2.53380515648e-05,0.000788326106445,0.00111371742658,1.25971564801e-05,0.00861747622956
353,0.000484758674911,2.52811143376e-05,0.000790234197862,0.00111562624021,1.25754049307e-05,0.00860685342537
354,0.000484133961918,2.52149996166e-05,0.000793148752151,0.00111762231455,1.25546785584e-05,0.00860027938404
355,0.000484037155248,2.5145331921e-05,0.000797170065357,0.00111976000455,1.25381079408e-05,0.00860542865869
356,0.000484652743247,2.50996394171e-05,0.000801941374855,0.00112204740714,1.25223698537e-05,0.00861755102352
357,0.000486043566508,2.50702613656e-05,0.000807243149437,0.00112442655684,1.25109855722e-05,0.00863050437116
358,0.000487460776294,2.50468494338e-05,0.000814032634294,0.00112680638453,1.24963149039e-05,0.00863904135812
359,0.000489198766384,2.50276018312e-05,0.000821968008887,0.00112923404954,1.24833824656e-05,0.00865661439729
360,0.000491199618766,2.50127185521e-05,0.000829891627821,0.00113174163079,1.24715385979e-05,0.00867592564588
361,0.000493926227046,2.49906089853e-05,0.000838083938039,0.00113434318114,1.24591873194e-05,0.00870467710541
362,0.000496225108935,2.49895934484e-05,0.000846187768676,0.00113702437808,1.24505626431e-05,0.00873558965567
363,0.000498804590354,2.50003794006e-05,0.000853345935885,0.00113980508648,1.24419617228e-05,0.00874771122234
364,0.000502057480487,2.50125810147e-05,0.000860319880125,0.00114274193135,1.24334819554e-05,0.00876101687207
365,0.000505447664216,2.5032551186e-05,0.000867257088301,0.00114571685693,1.24228727304e-05,0.00877548455653
366,0.000509566222346,2.50876189921e-05,0.00087421089334,0.00114883029595,1.24148482555e-05,0.00879121096415
367,0.00051338320625,2.5141468063e-05,0.000880886255135,0.0011520557925,1.2405385645e-05,0.00880281655729
368,0.000517147716493,2.51884084802e-05,0.000887085106052,0.00115537631926,1.23983426122e-05,0.0088168094293
369,0.000521459023967,2.52348080585e-05,0.000892179528389,0.00115871679846,1.23914012989e-05,0.00883886103519
370,0.000525620797828,2.52734763351e-05,0.000897088475195,0.00116219923129,1.23828234832e-05,0.00887598337693
371,0.000530044641423,2.53220435406e-05,0.000901362840679,0.00116584164282,1.23773989249e-05,0.00892162202711
372,0.000534023041443,2.5354503141e-05,0.000905414110595,0.00116965292852,1.23747618996e-05,0.00894744849102
373,0.00053802879915,2.5406313123e-05,0.000909121772601,0.00117362253792,1.23714844619e-05,0.00895334887352
374,0.000541285692955,2.54639733432e-05,0.000911572964734,0.00117786782285,1.23667974888e-05,0.00896664416897
375,0.000544914372493,2.55200837651e-05,0.000914685571498,0.00118232439711,1.23622099235e-05,0.00898811810167
376,0.000548039395289,2.55918999988e-05,0.000917994754866,0.00118695930172,1.23586164026e-05,0.00902349284926
377,0.000550561034219,2.56716032769e-05,0.000920423395258,0.00119169271121,1.23492955999e-05,0.00904027116015
378,0.000551992067678,2.57647885162e-05,0.000922115429237,0.00119652368152,1.23361160096e-05,0.00904017781072
379,0.000553945908489,2.58601867568e-05,0.000924234447973,0.00120136495732,1.23170087342e-05,0.00905221165925
380,0.000555274994857,2.59535327794e-05,0.000925380664216,0.00120625376685,1.22948613679e-05,0.00904836795985
381,0.000556509525029,2.60292524127e-05,0.000925605721472,0.00121115535674,1.22725534129e-05,0.00905702263114
382,0.00055701976836,2.60869385461e-05,0.000926113897017,0.00121614014745,1.22462861043e-05,0.00906333940067
383,0.000556450470892,2.61350733314e-05,0.000925604611434,0.00122123171633,1.22189148721e-05,0.0090553033226
384,0.000555729279786,2.61598895419e-05,0.00092517539653,0.00122640786674,1.21911698547e-05,0.00905557087069
385,0.000555015750234,2.61895439636e-05,0.000924550468606,0.00123155962064,1.21584928065e-05,0.00906864669751
386,0.000553780827274,2.61942515329e-05,0.000924418501869,0.00123661127223,1.2119890387e-05,0.00908713296767
387,0.000551680057626,2.6210350954e-05,0.000924030070734,0.00124150366388,1.20784928475e-05,0.00909381622809
388,0.000548861056272,2.62106079586e-05,0.00092308041993,0.0012463472801,1.20330464594e-05,0.00909598468391
389,0.00054443724193,2.62105645485e-05,0.000920919849242,0.00125099063588,1.19841365738e-05,0.00911205668817
390,0.000539604362457,2.61811761798e-05,0.000917966284933,0.00125544829852,1.1932183242e-05,0.00912817330294
391,0.000535099750645,2.61460959354e-05,0.000915557472902,0.00125971982244,1.187698434e-05,0.00912210430917
392,0.000529994310239,2.61111236032e-05,0.000911627044215,0.00126409421059,1.18211471223e-05,0.00912747468679
393,0.000525037924173,2.6072710725e-05,0.000906809899372,0.00126867808408,1.17583617573e-05,0.00914227981399
394,0.000520166386698,2.6038845657e-05,0.000902626330268,0.0012732623193,1.16927757087e-05,0.00913466167347
395,0.000516025270306,2.602602942e-05,0.000898227944195,0.001277795325,1.16206119011e-05,0.00911546180054
396,0.000511960937125,2.60083040824e-05,0.000894318069836,0.00128234930726,1.15504196464e-05,0.00908156413766
397,0.000508272336596,2.60018598587e-05,0.000890373838288,0.00128699107821,1.14747617737e-05,0.00905161375021
398,0.000504010460398,2.59677420189e-05,0.000884644972305,0.0012916559501,1.13993104471e-05,0.00901510837797
399,0.0004994452509,2.59334842094e-05,0.000878529238763,0.0012962911664,1.13176787363e-05,0.00895595158792
400,0.000495219111405,2.58831782488e-05,0.000872889672349,0.00130089901477,1.12373804882e-05,0.00889577683686
401,0.000491189187773,2.58197520943e-05,0.000867341514597,0.00130540951854,1.11594926834e-05,0.00884448367106
402,0.000488319442483,2.57713696822e-05,0.000862237647239,0.00131006351992,1.10783948855e-05,0.00880100918808
403,0.000486520931819,2.57562783943e-05,0.000858787886369,0.00131472327227,1.10028885749e-05,0.00874871188153
404,0.000485088276556,2.57461613179e-05,0.000856713798439,0.00131935774631,1.09271824628e-05,0.00869238519261
405,0.000483583554486,2.57467657129e-05,0.000856261850785,0.001323804558,1.08542784169e-05,0.00864291044488
406,0.000481046598425,2.57089843814e-05,0.000856025921249,0.00132813624105,1.07841186194e-05,0.00860632832205
407,0.000477791229823,2.56547422685e-05,0.000855104256776,0.00133241591437,1.07211554346e-05,0.00855749892333
408,0.000474100672807,2.55887300123e-05,0.00085440817953,0.00133666236768,1.06586812639e-05,0.00849435070636
409,0.000470306473427,2.55249707618e-05,0.000853041935626,0.00134093651824,1.06000405643e-05,0.00843127592841
410,0.000466802703437,2.54266744469e-05,0.000851050474925,0.00134520269575,1.0538292708e-05,0.00839046951324
411,0.00046343375624,2.53167421543e-05,0.00084854144556,0.00134920559965,1.04816065416e-05,0.00833999597251
412,0.000459822974598,2.518023194e-05,0.000845799743718,0.00135323039652,1.04299012845e-05,0.00827824921117
413,0.000455605550913,2.50232957486e-05,0.000842135561892,0.00135711124601,1.03822622701e-05,0.00821364033046
414,0.000451272454528,2.48639072705e-05,0.000837817651763,0.00136082184595,1.03370847156e-05,0.00817986729313
415,0.000447638035781,2.46962299831e-05,0.000834122384279,0.00136429070695,1.02930228392e-05,0.00812766035667
416,0.000443887602164,2.45512956999e-05,0.000829268599051,0.001367619677,1.02486212201e-05,0.00805798271831
417,0.000440264354226,2.44179291206e-05,0.000823819138848,0.00137100408138,1.02079854501e-05,0.00799835083182
418,0.000436179760969,2.42806733435e-05,0.000817755838204,0.00137421700015,1.01659416157e-05,0.00796805837355
419,0.000432379149577,2.41390496695e-05,0.000811933728921,0.00137722789205,1.01259079443e-05,0.00795519825491
420,0.000428482685244,2.39962102649e-05,0.000806179533716,0.00138007279244,1.0085409538e-05,0.00793195834151
421,0.000424840144876,2.38727455382e-05,0.000800551271039,0.00138271530948,1.00457960366e-05,0.00790743242628
422,0.00042096446302,2.37300126995e-05,0.000794898719223,0.0013851585517,1.00045237254e-05,0.00790691548879
423,0.000417240694427,2.3590675917e-05,0.000788984165185,0.00138754673673,9.96564646971e-06,0.00790568387117
424,0.000414043880894,2.34619395566e-05,0.000783700441528,0.0013897447356,9.92720690365e-06,0.00789162522618
425,0.00041149836943,2.33525656846e-05,0.000778781465424,0.0013918903584,9.88964213331e-06,0.00787937798499
426,0.00040899751369,2.32438215131e-05,0.000774197345466,0.00139394444541,9.8486401106e-06,0.00788249318377
427,0.000406365760315,2.31521481486e-05,0.000769016458385,0.00139589560144,9.80793045444e-06,0.00788352604688
428,0.000403704613425,2.30687248415e-05,0.000764228851078,0.00139791916426,9.76632699795e-06,0.00787965238116
429,0.000401749193164,2.30047962886e-05,0.000760208544126,0.00139987192097,9.72352212989e-06,0.00786486784501
430,0.000400383566672,2.29412942223e-05,0.00075699140513,0.00140171614749,9.67827121427e-06,0.00785228277921
431,0.00039933969493,2.28941409776e-05,0.00075465210014,0.00140355892575,9.63459589472e-06,0.00785946144551
432,0.000397974709327,2.2842482538e-05,0.000752505514933,0.00140530328869,9.58905850329e-06,0.00787724750881
433,0.000396912185193,2.28028985836e-05,0.000750421984603,0.00140690933303,9.54693116152e-06,0.00790362350294
434,0.000395811123757,2.2757620995e-05,0.000747945802761,0.0014083355473,9.5034217003e-06,0.00793700225273
435,0.000394332224054,2.271385085e-05,0.000745141512492,0.00140942284169,9.45837353702e-06,0.00797519659486
436,0.000392285594438,2.26489020543e-05,0.000741993334399,0.00141037279923,9.41372585487e-06,0.00799182287452
437,0.000389999417135,2.25792131793e-05,0.0007385307614,0.00141100304825,9.36992216324e-06,0.00799042903653
438,0.000387381486083,2.25007294214e-05,0.000734238768349,0.00141137001475,9.32400251604e-06,0.00799046609266
439,0.000384479881288,2.2419601363e-05,0.000729080533466,0.00141139980621,9.27847008813e-06,0.00801897385676
440,0.000380964110794,2.23157934223e-05,0.000723139584428,0.00141115611248,9.23132612478e-06,0.00804820235853
441,0.000377861069486,2.22111103883e-05,0.000716486408404,0.00141057398206,9.18837514764e-06,0.00806047279631
442,0.000374667113531,2.20701227112e-05,0.00070953728156,0.00140976234924,9.14075761514e-06,0.00803719617088
443,0.000371464211507,2.19303080804e-05,0.000702192808088,0.0014087285494,9.09454922155e-06,0.00802658987163
444,0.000367580074287,2.17903184426e-05,0.000694684916521,0.00140740376501,9.04744860575e-06,0.00801204347757
445,0.000363709431658,2.16647545605e-05,0.000687305635348,0.00140578574053,9.00047905093e-06,0.00799843963607
446,0.000359835088748,2.15409612693e-05,0.000679942144238,0.0014039045127,8.95302907497e-06,0.00799644347035
447,0.000356329051737,2.14218274492e-05,0.000672838395186,0.00140173571253,8.90430001655e-06,0.00799660010443
448,0.000352774748374,2.13039036202e-05,0.000665539554622,0.00139945972079,8.85557040336e-06,0.00797672806526
449,0.000349821307156,2.11933879929e-05,0.000658842707397,0.00139701368359,8.81120935028e-06,0.0079560429893
450,0.000347311136628,2.10908416297e-05,0.000653067168911,0.00139450240096,8.76964291029e-06,0.00792857739239
451,0.000345403375709,2.10088935952e-05,0.000648155061107,0.00139189071039,8.72694430745e-06,0.00790399728909
452,0.000343856693998,2.09347902851e-05,0.000644277024534,0.00138910326143,8.68452169734e-06,0.00789287783067
453,0.000342862666769,2.08575415962e-05,0.000641303574891,0.00138618189212,8.64005432178e-06,0.00789780122884
454,0.000342280285609,2.07932990333e-05,0.000638419279609,0.00138319330825,8.59751622076e-06,0.00790673627362
455,0.000342352365252,2.07667605719e-05,0.000636424084727,0.00138014437131,8.55682203557e-06,0.00789292905416
456,0.000342390518285,2.07298777568e-05,0.00063480256279,0.00137717543445,8.51465571701e-06,0.00788310289371
457,0.000342817978713,2.0685633607e-05,0.000633453315444,0.00137411987286,8.47727481805e-06,0.00788288366252
458,0.000343815023395,2.06170119952e-05,0.000631867815703,0.00137105823116,8.43510091629e-06,0.00790019106292
459,0.000344586019555,2.05369508843e-05,0.000629551351228,0.00136801394525,8.39823213009e-06,0.00792635619436
460,0.000345144229917,2.04443670851e-05,0.000626016447163,0.00136486496937,8.35610240291e-06,0.00794980152792
461,0.000345554376842,2.03492807355e-05,0.000622462516539,0.00136162734923,8.31981769954e-06,0.00797934730956
462,0.000345865783741,2.02421649994e-05,0.000618914068433,0.00135829891054,8.28039185606e-06,0.00800171531867
463,0.000346260869008,2.01446347052e-05,0.000614988319374,0.00135487701738,8.23769289119e-06,0.00803859846036
464,0.000346983295574,2.00311819735e-05,0.000611176197778,0.00135135304349,8.19640922952e-06,0.00809561240767
465,0.000348176286551,1.99115836992e-05,0.000607451721908,0.00134773336245,8.15781559079e-06,0.00816474508506
466,0.000349204531085,1.97915317228e-05,0.000603451069539,0.00134402237403,8.11980051802e-06,0.00821238764103
467,0.000350382055614,1.96826759802e-05,0.000599727802921,0.00134022591658,8.08934884055e-06,0.00822506727072
468,0.000351945183226,1.95746901405e-05,0.000595959834141,0.00133646378402,8.04975858361e-06,0.00822088992304
469,0.000353894661862,1.94738872398e-05,0.00059227288326,0.00133257210342,8.01254996793e-06,0.00825394774386
470,0.000355795713094,1.93770313878e-05,0.000588734206478,0.00132865052562,7.9707622093e-06,0.00829858647518
471,0.000357839434163,1.92916131754e-05,0.000585199053774,0.00132456906575,7.93099844388e-06,0.00832749080811
472,0.000360044148231,1.92164761583e-05,0.000582062085427,0.00132045110398,7.88903224268e-06,0.00834293802322
473,0.000362485750014,1.91419850265e-05,0.000579333986054,0.00131625543824,7.85150450949e-06,0.00838160719845
474,0.000364402182609,1.90676747987e-05,0.000576176470801,0.00131184713828,7.81036160963e-06,0.00842520495696
475,0.000366323627568,1.90166989362e-05,0.000573064614481,0.00130726609248,7.77146262727e-06,0.00844396735983
476,0.000368118102012,1.89615194201e-05,0.000569434450297,0.00130252995086,7.72918689844e-06,0.00844611343347
477,0.000370191880043,1.89121980952e-05,0.000565994501891,0.0012976863779,7.69007873424e-06,0.00846962569349
478,0.000372611122469,1.88626884829e-05,0.000562572910442,0.00129264194309,7.65071206758e-06,0.00849158723815
479,0.000375233653967,1.88265680867e-05,0.000559435285475,0.00128742784645,7.60950033918e-06,0.00850983415812
480,0.000377982684212,1.87891068541e-05,0.000556386760768,0.00128202212532,7.57197349895e-06,0.00850065763966
481,0.00038063218114,1.87611013078e-05,0.000553875697774,0.00127649059475,7.53358120512e-06,0.00850680702117
482,0.000383409024066,1.87380877317e-05,0.000551367892385,0.00127090365597,7.49470232241e-06,0.0085363538211
483,0.000386402412896,1.87244469754e-05,0.000549199395241,0.00126510104963,7.45981301579e-06,0.00858547391386
484,0.00038969905369,1.8722140602e-05,0.00054726713589,0.00125921260668,7.42256899565e-06,0.00858357831159
485,0.000393778574289,1.87198726675e-05,0.000545534574568,0.00125328979996,7.38720904556e-06,0.00856446060722
486,0.000398120636739,1.87253478405e-05,0.000544464286954,0.00124731432815,7.35420616353e-06,0.00855475358528
487,0.000403127792541,1.87653317207e-05,0.000543356439825,0.00124130260251,7.32275899404e-06,0.00856643751841
488,0.000408294135175,1.88245882652e-05,0.000542184947591,0.00123510833486,7.28789097105e-06,0.00859734161905
489,0.000413731531015,1.8904518659e-05,0.000541647170348,0.00122893947951,7.25575957252e-06,0.00863082762696
490,0.000419156963929,1.89835937781e-05,0.000541290135773,0.00122276416521,7.22585427016e-06,0.00863900300393
491,0.00042534468264,1.90632785939e-05,0.000540715560881,0.00121651771271,7.1969817088e-06,0.0086391274728
492,0.000431997756025,1.91706518187e-05,0.000540066222582,0.00121033381854,7.17178318924e-06,0.00861197728883
493,0.000438980446951,1.92892639347e-05,0.000539586486109,0.00120413135481,7.15125612293e-06,0.00855563223175
494,0.000445851403347,1.94105032185e-05,0.000539169557402,0.00119792451569,7.13319751947e-06,0.00858858815277
495,0.000452676085122,1.95198848107e-05,0.000538974605115,0.00119164667463,7.11407623509e-06,0.00862141047998
496,0.000459771062332,1.96177887402e-05,0.000538799856291,0.00118566688014,7.09848287052e-06,0.0086417854079
497,0.000467206965653,1.97106366777e-05,0.0005384306855,0.00117991559908,7.08514434074e-06,0.00865195573993
498,0.000474688935391,1.9794459137e-05,0.00053809274459,0.00117438503412,7.07371767018e-06,0.00867129744111
499,0.000482445989151,1.9875388433e-05,0.000537546464033,0.00116896446706,7.06211740102e-06,0.00870377653308
500,0.000490077104647,1.99333357775e-05,0.000536872062226,0.00116352854729,7.04858226236e-06,0.008740679841
501,0.000498179835054,1.99944072035e-05,0.000536183614626,0.00115819371647,7.03608455011e-06,0.00877561330445
502,0.000506022282699,2.00503171109e-05,0.000535551445047,0.00115283295745,7.02512911519e-06,0.00877278926149
503,0.000514107747107,2.01036878669e-05,0.000535082166854,0.00114752275291,7.02192411471e-06,0.00878739921718
504,0.000521910297514,2.01496570359e-05,0.000533800536749,0.00114243136927,7.02194233838e-06,0.00882776775137
505,0.000529381793211,2.02062060723e-05,0.000532217888971,0.00113732177727,7.02325269607e-06,0.00884992636899
506,0.000536146341567,2.02639071545e-05,0.000529767227774,0.00113215182712,7.01865404281e-06,0.00887015142393
507,0.000542811062113,2.03277261712e-05,0.000526747393079,0.0011268194307,7.01506347857e-06,0.00888074449585
508,0.000549344315288,2.03906551361e-05,0.000523691181953,0.0011213442941,7.01776026097e-06,0.00888392836278
509,0.000556304715895,2.04218362211e-05,0.000520680223238,0.0011158517992,7.0174119858e-06,0.00889913866939
510,0.000562428287161,2.04481284085e-05,0.000517984001097,0.00111045493508,7.01977066656e-06,0.00889887390272
511,0.000568102661167,2.04923891647e-05,0.000515060029938,0.00110485673007,7.02377546604e-06,0.00892192143041
512,0.000573283462848,2.05455361645e-05,0.00051191735539,0.00109912501207,7.02195603431e-06,0.00894805562029
513,0.0005785533939,2.06012668304e-05,0.000509841927838,0.00109317150679,7.02258362256e-06,0.00897999383083
514,0.000583101295834,2.06522068465e-05,0.000507535035756,0.0010870804303,7.01937307554e-06,0.00897549594092
515,0.000587626081233,2.07153185864e-05,0.00050508979104,0.0010808095905,7.02093763786e-06,0.00895453444517
516,0.000591193952856,2.07628648463e-05,0.000502700366926,0.00107430673963,7.02276712039e-06,0.00895019071803
517,0.000594563512826,2.08119783098e-05,0.000500038411027,0.0010676027191,7.02457232222e-06,0.0089295151888
518,0.000596044024827,2.08216869e-05,0.00049734246593,0.00106076322263,7.02059805416e-06,0.00885751723575
519,0.000596198654893,2.08516553435e-05,0.000494309888941,0.00105387239561,7.01246540313e-06,0.00878364205116
520,0.000595274094962,2.08772757916e-05,0.000491410530443,0.00104663427508,7.00169136946e-06,0.00872805599004
521,0.000593243371984,2.08702379334e-05,0.000488353950758,0.00103925402718,6.99203566341e-06,0.00870610539026
522,0.000589448543497,2.08173890661e-05,0.000485118469916,0.00103161896713,6.98008079895e-06,0.00868797575868
523,0.000584900509704,2.07388700832e-05,0.000481681090969,0.00102378414404,6.96397118019e-06,0.00867928278613
524,0.000578829721251,2.06636213971e-05,0.000478081823238,0.00101562753126,6.94808674049e-06,0.00865221143142
525,0.00057172870053,2.05729720623e-05,0.000474588633487,0.00100716037102,6.93322529723e-06,0.00859928981435
526,0.000564149615379,2.04474136057e-05,0.000471094913207,0.000998563180294,6.91447677513e-06,0.00854269899886
527,0.00055656649084,2.03239774484e-05,0.000467762009517,0.000989866067352,6.89569696127e-06,0.00852639252462
528,0.000549028684058,2.01851636323e-05,0.000464022966271,0.000981198311632,6.88157074102e-06,0.00852584041308
529,0.000541952182611,2.00519737908e-05,0.000460667148291,0.000972344552197,6.8648469873e-06,0.00853229342519
530,0.000534663300255,1.99346189779e-05,0.000457663072782,0.000963550630885,6.85163456425e-06,0.00849582713683
531,0.0005275801928,1.98527212928e-05,0.000454594606047,0.000954697693835,6.83890508841e-06,0.00846474095736
532,0.000520353272147,1.97684504227e-05,0.00045139759271,0.000945864163249,6.82327714379e-06,0.00844330000406
533,0.000513608367339,1.96905079144e-05,0.000448308437077,0.000937071822452,6.8085149974e-06,0.00843937584808
534,0.000507376851047,1.96076534071e-05,0.000445709956297,0.000928333049067,6.79179029344e-06,0.00845262782631
535,0.000501313388125,1.95342625688e-05,0.000443103555264,0.000919638776642,6.78198983457e-06,0.00844933583271
536,0.000495108673157,1.94701441365e-05,0.000440350800756,0.000910953010185,6.76970804383e-06,0.00842598284723
537,0.000489481418354,1.94157077821e-05,0.000437858593765,0.000902336488738,6.75983310384e-06,0.00839034141341
538,0.000483952001608,1.93808139127e-05,0.000435381556664,0.000893650391266,6.7411277457e-06,0.00837267773372
539,0.000478882996548,1.93577549226e-05,0.000434049383577,0.000885173160452,6.72272218958e-06,0.00835299652756
540,0.000475024497427,1.93467042087e-05,0.000433382811701,0.000876742253148,6.70615257179e-06,0.00832100414907
541,0.000470981409068,1.93437690512e-05,0.000432700074883,0.00086828248045,6.69395148085e-06,0.00829694600968
542,0.000466386386649,1.93531020097e-05,0.000432102230398,0.00085996568008,6.68263743834e-06,0.00826891756895
543,0.000462106347263,1.93891292654e-05,0.000431867879928,0.000851771698193,6.66881151561e-06,0.00824568672303
544,0.000458387672297,1.94320311849e-05,0.000431949381699,0.000843784836485,6.65601506706e-06,0.00820776970942
545,0.0004550648567,1.94705249261e-05,0.000432730806517,0.000835840024106,6.6446762297e-06,0.00816739858251
546,0.000451224261117,1.94761444223e-05,0.000433154760287,0.000827965369305,6.6339337717e-06,0.00814055752056
547,0.000446970612923,1.94790831551e-05,0.000433136451801,0.000819987824308,6.62170542504e-06,0.00811572763663
548,0.000442331532823,1.94810115269e-05,0.00043289370297,0.00081196330198,6.61097610362e-06,0.00808832868069
549,0.000438070953637,1.94431478951e-05,0.000432682096411,0.000803934221741,6.59887401654e-06,0.00806936067866
550,0.000433454921296,1.93772738836e-05,0.000432297707257,0.00079590167773,6.58746839027e-06,0.008035053807
551,0.000428774801578,1.93029846452e-05,0.000431794336761,0.000787796369453,6.57588296354e-06,0.00801145635854
552,0.000424422646492,1.92287681938e-05,0.000431386037457,0.000779583305483,6.56445548589e-06,0.00797368705545
553,0.000420380696361,1.91499577071e-05,0.000431068276657,0.000771359889957,6.55427189892e-06,0.00792607288123
554,0.000416793268077,1.90576108058e-05,0.000430977031787,0.000763110188744,6.54052412085e-06,0.00786580334235
555,0.000413841608555,1.89647517702e-05,0.000431247022205,0.000754574011184,6.52663442106e-06,0.00780394534887
556,0.000410863658758,1.88706575156e-05,0.000431947178076,0.000745883558732,6.51202434502e-06,0.00776538885118
557,0.000408077063317,1.87848345381e-05,0.000432708732065,0.00073689203489,6.4956517704e-06,0.00773027642214
558,0.000404989217046,1.87019840251e-05,0.000432994796221,0.000727903872017,6.48010260794e-06,0.00770175540546
559,0.000401571560242,1.86206919069e-05,0.000433454639318,0.000718942656244,6.46496990181e-06,0.00766060487156
560,0.000398291513916,1.85488218055e-05,0.000434135970522,0.000710017212244,6.44881732713e-06,0.0076438919037
561,0.000395334841158,1.84732628833e-05,0.000434976177332,0.000701163830944,6.43072569382e-06,0.00764007922172
562,0.000392495818894,1.84001635029e-05,0.00043556280834,0.00069229758216,6.41041653154e-06,0.00764227512332
563,0.000389979307683,1.8327278141e-05,0.000435986920031,0.000683509333221,6.39073901541e-06,0.00763424939062
564,0.000387479189373,1.82411176436e-05,0.000436477763876,0.000674787626334,6.36660357804e-06,0.00762350435561
565,0.000384918404623,1.81584771145e-05,0.000436949664913,0.000665988608842,6.34144432302e-06,0.00760831095123
566,0.000381987987623,1.80617888889e-05,0.000437077159745,0.000657183671738,6.31612760586e-06,0.00760319526788
567,0.000379400759016,1.79735346811e-05,0.000436999360634,0.000648395298558,6.28791487416e-06,0.00760945367811
568,0.000376553286318,1.78835396991e-05,0.000436919864347,0.000639709287108,6.25824173898e-06,0.00760658471382
569,0.000373764506568,1.77942600223e-05,0.00043680331346,0.000631118482639,6.22905734947e-06,0.00759364350337
570,0.000370655390616,1.76820417291e-05,0.000436497828798,0.000622548883953,6.20006396499e-06,0.00758027902702
571,0.000367668534732,1.75749370506e-05,0.000435997350653,0.000614071310301,6.17009352038e-06,0.00757364051167
572,0.000365074178099,1.74616740053e-05,0.000435429714608,0.000605638247943,6.14184780441e-06,0.00755442067241
573,0.000362942081412,1.73428290447e-05,0.000435167136896,0.000597296577103,6.11430067424e-06,0.00753676723625
574,0.00036093365411,1.72300514223e-05,0.00043509100451,0.000589075512246,6.08657956536e-06,0.00751871669055
575,0.000359481473566,1.71294544545e-05,0.00043520165588,0.000580987109465,6.0554271842e-06,0.0075046609991
576,0.000358284208,1.7023799384e-05,0.00043526516969,0.000573071230955,6.02732936904e-06,0.00748581939155
577,0.000357450271032,1.69208348308e-05,0.000435328117157,0.000565256045629,5.99680011335e-06,0.00748092153225
578,0.000356276111807,1.68111748954e-05,0.000435294039498,0.000557570933143,5.9694567538e-06,0.00749636385766
579,0.000355513358539,1.67136083726e-05,0.000435423410148,0.000550039042998,5.94099513321e-06,0.00748822902315
580,0.000354855132402,1.66180254654e-05,0.000435580049961,0.00054266299044,5.91212408543e-06,0.00748085174215
581,0.00035473563754,1.65246703617e-05,0.000436118437474,0.000535375623361,5.87905062397e-06,0.00747664093754
582,0.000355187787426,1.64446661873e-05,0.000436499552372,0.000528179428008,5.8514648077e-06,0.00748298808249
583,0.000356022044628,1.63819242934e-05,0.000437135785067,0.000521073462467,5.82238439865e-06,0.00750281361669
584,0.000356728899741,1.63188347155e-05,0.000438368368877,0.000514148291436,5.79445766739e-06,0.00751836234509
585,0.000357747946309,1.62715286985e-05,0.000440163397843,0.000507342569941,5.76464475285e-06,0.00753553269256
586,0.000358922167135,1.62295012201e-05,0.00044215504651,0.00050064048184,5.7369655506e-06,0.00754918045388
587,0.000360082493474,1.61994169923e-05,0.00044413725534,0.000494100696305,5.70782475126e-06,0.00754816312451
588,0.00036130376062,1.61451287147e-05,0.00044582936375,0.000487718518795,5.67991142569e-06,0.00753785527505
589,0.000362405963112,1.61149109518e-05,0.000447558385977,0.000481468635597,5.65080873233e-06,0.00753832054796
590,0.000363455020485,1.60827281501e-05,0.000449503342167,0.000475288154203,5.62082483439e-06,0.00753978103568
591,0.00036456878458,1.60536173111e-05,0.000451591082567,0.000469189452745,5.59095276343e-06,0.00753093474635
592,0.000365301598568,1.60221653826e-05,0.000453657410946,0.000463231068361,5.55723015194e-06,0.00750673901823
593,0.000366314580888,1.59917904947e-05,0.000455944130542,0.000457408163634,5.52353227906e-06,0.00747887870898
594,0.000367337354869,1.59585317383e-05,0.000458229284943,0.000451742000709,5.48336105845e-06,0.00745440657818
595,0.000368490083466,1.59328084183e-05,0.000460737495514,0.000446277737621,5.44317898518e-06,0.00743094883447
596,0.000369731793938,1.58828590423e-05,0.000463135553636,0.000440979098613,5.40141558351e-06,0.00739896101064
597,0.000370694388254,1.58272045651e-05,0.000465491270977,0.000435766343083,5.35969382093e-06,0.00736602452015
598,0.000371700848126,1.57701331752e-05,0.000468036093882,0.000430737555738,5.31732268469e-06,0.00733969328293
599,0.000373169085054,1.57336029212e-05,0.000470580042926,0.000425734457869,5.27526484649e-06,0.00730825420784
600,0.000374782113756,1.56846925758e-05,0.000472633705052,0.000420883715434,5.23635661311e-06,0.00727941874593
601,0.000376751962248,1.56531618209e-05,0.000474549767355,0.000416167306201,5.19893411337e-06,0.00722923253924
602,0.000378655449884,1.56072393828e-05,0.000476525462502,0.000411563432739,5.16281021731e-06,0.00716800886763
603,0.000381370318397,1.55803755834e-05,0.000478794772324,0.000407103017835,5.13191361018e-06,0.00712115135731
604,0.000383775237633,1.55517329205e-05,0.000480775539181,0.000402760905561,5.1028468579e-06,0.00708673774596
605,0.000386463399665,1.55159252103e-05,0.000483029861832,0.0003985001868,5.07720647806e-06,0.0070490975849
606,0.000388656581337,1.54860869541e-05,0.000485028281695,0.00039438155179,5.05162377739e-06,0.00700144239703
607,0.000390556941118,1.54621735653e-05,0.000486768097327,0.000390371985479,5.0292145323e-06,0.00694915739297
608,0.00039211767382,1.54415587624e-05,0.000488209366348,0.000386496241662,5.00808110891e-06,0.00690466950331
609,0.000394344329594,1.54333174832e-05,0.000490082430378,0.000382749452887,4.98988383357e-06,0.00686737270621
610,0.000396303135003,1.54284862502e-05,0.000492068060967,0.000379144644286,4.97114509588e-06,0.00683175363468
611,0.000398412962993,1.54254672784e-05,0.000494246950003,0.000375664701193,4.95176979283e-06,0.00679680183282
612,0.000400473270837,1.54187660597e-05,0.000496206185783,0.000372323257733,4.93297321674e-06,0.0067541308466
613,0.000402711500837,1.54227462271e-05,0.000498199339505,0.000369102614198,4.91448761222e-06,0.00671807348294
614,0.00040466912731,1.54229402161e-05,0.000500178981677,0.000366020995543,4.89806393211e-06,0.00669323722326
615,0.000406789179016,1.54320407097e-05,0.00050220422045,0.000363070580413,4.88157211203e-06,0.0066597678885
616,0.0004089189336,1.54381653395e-05,0.00050453857676,0.000360235256831,4.86588402982e-06,0.00661941069872
617,0.000411211255607,1.54510670095e-05,0.000507046967661,0.000357462293033,4.85107667364e-06,0.00657817321941
618,0.00041317081568,1.54541326685e-05,0.000509381110042,0.000354812206029,4.8379809281e-06,0.00654053172232
619,0.00041521344915,1.54683060242e-05,0.000511646022228,0.000352284812952,4.82470760499e-06,0.00651863555343
620,0.000416953103526,1.5481480298e-05,0.000513881493268,0.000349839746916,4.81234686043e-06,0.00649409222037
621,0.000418525703152,1.55057602122e-05,0.000516512173811,0.000347488564195,4.80259237604e-06,0.00647681071661
622,0.000419917314232,1.55347716752e-05,0.000518965318448,0.000345230374825,4.79076795867e-06,0.00646409731204
623,0.000421338270611,1.55737797577e-05,0.000521144429043,0.000343060019895,4.77846077075e-06,0.0064544042451
624,0.000422561481005,1.56068329579e-05,0.000523109249131,0.000340984944784,4.76724782249e-06,0.00643830431512
625,0.000423526320786,1.56379701697e-05,0.000524450461873,0.000338995111843,4.75829070947e-06,0.00640490647915
626,0.000424391861853,1.56640607152e-05,0.000525579081133,0.000337078151707,4.74998371484e-06,0.00635174418536
627,0.000425072467117,1.57077076492e-05,0.000526731058231,0.000335245975954,4.74481510358e-06,0.0063127888538
628,0.000425434920905,1.57493265997e-05,0.000527677181083,0.000333487535195,4.73859773881e-06,0.00629146930133
629,0.00042551580594,1.57922246603e-05,0.000528393238999,0.0003317963141,4.73502517697e-06,0.00627609577432
630,0.000425196748345,1.58318273634e-05,0.000528760639731,0.000330140857817,4.72856621373e-06,0.00626535138
631,0.000424932657387,1.58672599767e-05,0.000528930610551,0.000328475922709,4.72285265203e-06,0.00626177469191
632,0.00042463579353,1.59004623927e-05,0.000528884328221,0.000326853339057,4.7183399474e-06,0.00625364763645
633,0.000424344747094,1.5929276026e-05,0.000528992120822,0.000325250523456,4.71270230128e-06,0.00623944637961
634,0.00042368144213,1.59478113739e-05,0.000528690807038,0.000323676766627,4.70811816229e-06,0.00623710776802
635,0.000422706659523,1.59596569959e-05,0.000528081948775,0.000322118125233,4.70376396675e-06,0.00623259596995
636,0.000421588798492,1.59692444099e-05,0.000527356294527,0.000320545377422,4.69770358534e-06,0.00621805217732
637,0.000420751610987,1.5978055109e-05,0.000526896120555,0.000318936769497,4.69202579533e-06,0.00620643717408
638,0.000419537099127,1.59702840411e-05,0.000525896079019,0.000317333254093,4.68694623706e-06,0.0062071629671
639,0.000418289753129,1.59518328713e-05,0.000524711131122,0.00031568618926,4.68053289244e-06,0.00619155323334
640,0.000416890789863,1.59180951305e-05,0.000523182190514,0.000314017089527,4.6727136724e-06,0.00616727783858
641,0.000415665890172,1.58789417413e-05,0.000521224783383,0.000312324129399,4.6649165886e-06,0.00612515505017
642,0.000414348350318,1.58344416998e-05,0.000519368215642,0.000310626644835,4.6555145097e-06,0.00606147310275
643,0.000413241890317,1.57886669277e-05,0.000517558100964,0.000308891690037,4.64663101945e-06,0.00601028518553
644,0.000411840983004,1.57440472904e-05,0.000515627842693,0.000307156618345,4.63535762077e-06,0.00595877150894
645,0.000410663584219,1.5695654493e-05,0.000513580189136,0.000305390738077,4.62624502655e-06,0.0059150280297
646,0.0004087166713,1.5622296425e-05,0.000511156392497,0.000303607652241,4.61869795906e-06,0.0058742935862
647,0.000406580689259,1.55399515943e-05,0.000508348280341,0.000301789310572,4.61075928531e-06,0.00582776628877
648,0.000404113105466,1.54598603109e-05,0.000505147721457,0.00029992225495,4.60112793845e-06,0.00577918178299
649,0.000401909466882,1.53923653642e-05,0.00050187948547,0.000298035609462,4.58881130979e-06,0.00574150390328
650,0.000399713430987,1.5300517106e-05,0.000499039465321,0.000296121039954,4.57582351558e-06,0.00571010981669
651,0.000397565093224,1.52104405769e-05,0.000496588759911,0.000294180332424,4.56458604047e-06,0.00568273090251
652,0.000395038256726,1.51106917621e-05,0.000493929574823,0.000292222221257,4.5531603868e-06,0.00565761846475
653,0.000392545659677,1.50193235834e-05,0.000491146363557,0.000290233335367,4.54119392274e-06,0.00564309602919
654,0.000390066579839,1.49344385337e-05,0.000488731294847,0.000288232267049,4.53048318358e-06,0.00564053500424
655,0.000387856097381,1.48671879135e-05,0.000486559692215,0.00028621881878,4.51996897661e-06,0.00564323274839
656,0.000385659028454,1.48005039607e-05,0.000484438803627,0.000284205705959,4.51053542396e-06,0.00564755956517
657,0.000384136100899,1.47345475668e-05,0.000483058371151,0.00028216210468,4.49974335663e-06,0.00565358820228
658,0.000382528687996,1.46728496723e-05,0.000481618693627,0.000280112808236,4.49238881022e-06,0.00567697469349
659,0.000381185657504,1.4643611723e-05,0.000480262463438,0.000278102546775,4.48467032028e-06,0.00570709459624
660,0.000379933106956,1.46252451181e-05,0.00047898968195,0.000276104787266,4.47590133327e-06,0.00572642895201
661,0.000378935634107,1.46186936029e-05,0.000478010796303,0.000274108172921,4.46804224062e-06,0.00574405371806
662,0.000377713779918,1.46177630323e-05,0.000477637853575,0.000272162251134,4.45892415407e-06,0.00575978846604
663,0.000376844449783,1.46234175169e-05,0.000477823421976,0.000270228199104,4.45033695844e-06,0.00579742090727
664,0.000376141008753,1.46230889212e-05,0.000478144909257,0.000268308064203,4.4427917251e-06,0.00583754543028
665,0.000376006198528,1.46386741061e-05,0.000478798428615,0.000266430979756,4.43594114603e-06,0.00588905306507
666,0.000376302144674,1.46674183963e-05,0.000479608460004,0.000264581359693,4.42719695808e-06,0.00591573941601
667,0.00037686263807,1.47139330295e-05,0.000480507324869,0.000262761496283,4.41973718437e-06,0.00593015867121
668,0.00037731479443,1.47696653094e-05,0.00048136813926,0.000260986274901,4.41225218177e-06,0.00594771730832
669,0.000377961489806,1.48415884269e-05,0.000482457417892,0.00025925850448,4.40450206051e-06,0.00597042917866
670,0.000378181567263,1.49131366254e-05,0.000483891462552,0.000257589054631,4.39678530049e-06,0.00600062267586
671,0.000378773817456,1.4989027751e-05,0.000485587633863,0.000255965586182,4.38496282803e-06,0.00601024140914
672,0.00037935924857,1.50564481339e-05,0.000486766398891,0.000254366552568,4.37501933777e-06,0.0060196569644
673,0.00038004964219,1.51284586236e-05,0.0004879347819,0.000252835647572,4.36357024759e-06,0.00601628060546
674,0.00038001389571,1.51950990324e-05,0.000488632752653,0.000251319711358,4.34967597736e-06,0.00601183258341
675,0.000379687169496,1.52767755563e-05,0.000489501501889,0.000249798507424,4.33497411218e-06,0.00600284437503
676,0.000379037853457,1.53324821724e-05,0.000489829254677,0.000248285975088,4.32011294939e-06,0.0060004540455
677,0.000378322951116,1.53690852801e-05,0.000489951947068,0.000246777154576,4.30458360182e-06,0.00599363700544
678,0.000376672935688,1.53793914942e-05,0.000489707228541,0.000245284737038,4.28973630914e-06,0.00598524649257
679,0.000374987489864,1.53842388061e-05,0.000488822599213,0.000243783944495,4.27551389118e-06,0.00597533927328
680,0.000372898389892,1.53743385014e-05,0.000487538069226,0.000242275381776,4.2615385175e-06,0.00595572894713
681,0.000370686172108,1.53577137635e-05,0.000486043841964,0.000240754388065,4.24578483421e-06,0.00591928686189
682,0.000367789667307,1.53156175826e-05,0.00048386961115,0.000239223792039,4.22759346585e-06,0.00587585614135
683,0.000364596351093,1.52571385216e-05,0.000481338645873,0.000237685967381,4.20704061629e-06,0.00583507216406
684,0.000361362017259,1.51649143778e-05,0.000478447037689,0.000236097212901,4.18676522024e-06,0.00578034163713
685,0.000357839733137,1.50745296008e-05,0.00047494551818,0.000234489694311,4.16560376412e-06,0.00572048566951
686,0.000353261930407,1.49569326682e-05,0.000471190146908,0.000232868665101,4.14562593308e-06,0.00565233233028
687,0.000348247953845,1.48353742273e-05,0.000466561016927,0.000231218685811,4.12515601995e-06,0.00559327950355
688,0.000342881130502,1.46849102262e-05,0.000461696594718,0.000229556974492,4.10296009435e-06,0.00553891333226
689,0.000337791073019,1.45387680985e-05,0.000456863077204,0.000227864897052,4.08228486855e-06,0.00547882257617
690,0.000332858703527,1.43857428906e-05,0.000451965779948,0.000226169131727,4.06080720956e-06,0.00542597557639
691,0.000328227593698,1.42409486322e-05,0.000447024203547,0.00022443672071,4.04002599918e-06,0.0053714472637
692,0.000323247048071,1.40939129152e-05,0.000442212575815,0.000222677754737,4.01749430339e-06,0.00531890565876
693,0.000318458567007,1.39379063974e-05,0.000437239261311,0.000220904326557,3.99618099847e-06,0.00526217461323
694,0.000313472282141,1.37706866618e-05,0.000432184693744,0.000219143601876,3.97263272637e-06,0.00521421388082
695,0.000308750106857,1.36156357796e-05,0.000426946748846,0.000217380381221,3.95153113381e-06,0.00517230041285
696,0.000304216810038,1.34638151764e-05,0.000421603068839,0.000215630150801,3.93325457574e-06,0.00512435013476
697,0.00030049367769,1.33247690354e-05,0.000416525396294,0.000213863705662,3.91568433081e-06,0.00508192835294
698,0.000296865023423,1.31929470075e-05,0.000411923958039,0.000212104926606,3.89728207428e-06,0.00504797777308
699,0.000293565088381,1.30784962144e-05,0.000407584118349,0.000210339948818,3.87775933737e-06,0.00501067837473
700,0.000290247350568,1.29694880227e-05,0.000403458241975,0.000208572942776,3.85811305557e-06,0.00498408886388
701,0.000287160538936,1.28728221791e-05,0.000399394036563,0.00020682722063,3.84030850598e-06,0.00496702931845
702,0.00028421344624,1.27807411614e-05,0.000395623834921,0.000205086457807,3.82173694668e-06,0.00494890169557
703,0.000281762336762,1.27042141215e-05,0.000392019708352,0.000203352737644,3.80493330358e-06,0.00493216264738
704,0.000279919726301,1.2628887184e-05,0.000388611249446,0.000201635956414,3.78961381862e-06,0.00492099976173
705,0.000278628795075,1.25521521584e-05,0.000385403438073,0.000199944326639,3.77497062859e-06,0.00489545089881
706,0.000277070995309,1.24808088703e-05,0.000382145807929,0.000198296106938,3.76005287715e-06,0.0048804616761
707,0.000275616978158,1.24258462693e-05,0.000379071728062,0.00019669074628,3.74518189661e-06,0.00486776945283
708,0.000274535609995,1.2378856474e-05,0.000376274489358,0.000195118043467,3.72975130356e-06,0.00485459698274
709,0.000273785786303,1.23478127735e-05,0.000373761364683,0.000193579764137,3.71456885656e-06,0.00484080262707
710,0.000272826205714,1.23186904265e-05,0.00037149698102,0.000192073540367,3.7008524596e-06,0.00483226485045
711,0.000272285022144,1.22937022655e-05,0.000369600278827,0.000190609991217,3.69007168237e-06,0.00482393633899
712,0.000271683933095,1.2277251511e-05,0.000367789490539,0.000189195378757,3.67904041331e-06,0.00481301411524
713,0.000271480698738,1.22751134731e-05,0.000366050500985,0.000187820020082,3.6718952354e-06,0.00480401406633
714,0.000271372822334,1.22732088425e-05,0.000364295392651,0.000186483515552,3.66504272568e-06,0.00480133040007
715,0.000271583683947,1.22806907192e-05,0.000362731318357,0.000185187176637,3.6578655325e-06,0.00479990841054
716,0.000271998553071,1.22808095503e-05,0.000361326122213,0.000183930032069,3.64942477562e-06,0.00478759164495
717,0.000273061032271,1.2282144831e-05,0.000360038078014,0.000182707729561,3.64570592353e-06,0.00478722548209
718,0.000274226463006,1.22840252084e-05,0.00035898427402,0.000181532301116,3.64048481824e-06,0.0047867265567
719,0.000275769935992,1.23004088439e-05,0.000357925352519,0.00018040617148,3.63669719396e-06,0.00477716000739
720,0.000277373650255,1.23230142984e-05,0.000357154849877,0.000179323498804,3.63432558862e-06,0.00477681771398
721,0.00027924315663,1.23546602859e-05,0.000356529011737,0.000178300310586,3.63157314781e-06,0.00478022530017
722,0.000281235153127,1.23874920322e-05,0.000356326193854,0.000177328498755,3.63239503056e-06,0.00478492697607
723,0.000283555977309,1.24291470478e-05,0.000356438011086,0.00017640079424,3.63164292412e-06,0.00478815253799
724,0.000286065082921,1.24767561584e-05,0.000356468013107,0.000175548572432,3.63180479808e-06,0.0047754286604
725,0.00028895151995,1.25360052785e-05,0.00035649099844,0.000174753012656,3.63170060381e-06,0.00477587673368
726,0.000291646650947,1.26004309954e-05,0.000356395547054,0.000174028464538,3.63127754693e-06,0.00477468020652
727,0.00029438122727,1.26846709928e-05,0.000356631342047,0.000173348091,3.63152194845e-06,0.00476862881083
728,0.000297108562131,1.27717122839e-05,0.000357024245882,0.000172702686936,3.6314264444e-06,0.00475224681991
729,0.000300141013407,1.28656137686e-05,0.000357639142774,0.000172127758122,3.63438780413e-06,0.00472450057185
730,0.000303306482545,1.29612451863e-05,0.000358167717695,0.000171605378844,3.6372197912e-06,0.00470491989546
731,0.000306873439297,1.30601213315e-05,0.000358701941172,0.000171125178665,3.64083668459e-06,0.00469539629832
732,0.000310305747909,1.31592860625e-05,0.000359194346621,0.000170683285168,3.64483818287e-06,0.00469207393034
733,0.000313849834342,1.32638960587e-05,0.000359868741697,0.000170275515334,3.64702577391e-06,0.004703733881
734,0.000317380420709,1.33669028226e-05,0.000360621146072,0.000169904383024,3.65007632891e-06,0.0047087749291
735,0.000321319909187,1.34767506692e-05,0.000361601197215,0.000169593869124,3.65498370493e-06,0.004702191527
736,0.000325498171189,1.35817429793e-05,0.000362592090849,0.000169356269845,3.66055280277e-06,0.00469331141044
737,0.000329777020188,1.36837933455e-05,0.00036391404509,0.000169183301061,3.66871287079e-06,0.00468230354904
738,0.000333757162579,1.37707967168e-05,0.00036490670436,0.00016904245345,3.6756426436e-06,0.0046748183389
739,0.000337760565036,1.3860806258e-05,0.000365989555707,0.000168951149207,3.68317115983e-06,0.00468510111241
740,0.000341569503994,1.39392902325e-05,0.000367010694484,0.000168902660195,3.69033563378e-06,0.00469503764275
741,0.00034522405259,1.40202802422e-05,0.000368126247835,0.000168889271565,3.69794674612e-06,0.00471581071062
742,0.000348740230115,1.40936926899e-05,0.000369216231763,0.000168895597502,3.7060224073e-06,0.00473815874356
743,0.000352195850231,1.41662984439e-05,0.000370184864486,0.000168918070118,3.71615567637e-06,0.00475127007829
744,0.000355525714901,1.42239518003e-05,0.000371224910139,0.000168954961244,3.72970466161e-06,0.00475764880889
745,0.000358850817082,1.42837409426e-05,0.000372350167424,0.000168963539191,3.74322813979e-06,0.00476078610061
746,0.000361978497886,1.43266323103e-05,0.000373361180345,0.000168983090711,3.75689876862e-06,0.00476943244555
747,0.000365100562826,1.43772740354e-05,0.000374557095696,0.000169003817506,3.77197325996e-06,0.00478707480124
748,0.00036792918499,1.44184940571e-05,0.00037556637587,0.000169015053744,3.7868556758e-06,0.00480974157452
749,0.000370926295587,1.44539468731e-05,0.000376380386663,0.000169050567079,3.80285192794e-06,0.00482813601024
750,0.000373638687952,1.44846799013e-05,0.000377207044,0.000169093552911,3.81876438259e-06,0.0048377156954
751,0.000376387935041,1.45169592871e-05,0.000377972576877,0.000169105654508,3.83548553669e-06,0.00484004759482
752,0.000378599224572,1.45403470356e-05,0.000378497342819,0.000169098476007,3.85323683629e-06,0.00483443585767
753,0.000380986787879,1.45607053722e-05,0.000379002483194,0.000169074977632,3.87257710995e-06,0.00482613447511
754,0.000383181864571,1.45728523195e-05,0.000379267262716,0.00016901726252,3.88683445762e-06,0.00482605409369
755,0.000385348036967,1.45828966189e-05,0.000379397761387,0.000168964956556,3.90043237641e-06,0.00482010269989
756,0.000386827802959,1.45918985998e-05,0.000379203035888,0.00016890079976,3.91209286731e-06,0.0048071163881
757,0.000387999922175,1.4603389563e-05,0.000378750923154,0.000168816103839,3.92624029384e-06,0.00479891675787
758,0.000388631275273,1.46073157843e-05,0.000377852204996,0.000168710891241,3.93856538647e-06,0.00479788731527
759,0.0003889384416,1.46137775775e-05,0.000377024743941,0.000168554289783,3.95255039717e-06,0.00479428978416
760,0.000388851094657,1.46094363637e-05,0.000375867699342,0.000168354315804,3.96516481408e-06,0.00479109143618
761,0.000388688237824,1.4601665411e-05,0.00037495860174,0.000168106166291,3.97793838474e-06,0.00479514121916
762,0.000387465238856,1.45720468703e-05,0.00037371863762,0.000167796422327,3.98829934657e-06,0.0048005585212
763,0.000385363272382,1.45354096261e-05,0.000372369016786,0.000167459320831,3.99837406472e-06,0.00481219189644
764,0.000382759949743,1.44942029493e-05,0.000370648993119,0.000167040347092,4.00909299892e-06,0.00481986622855
765,0.000380540958348,1.44499172292e-05,0.000368792092051,0.000166567620992,4.01920748136e-06,0.00481845432962
766,0.000377170731621,1.43915454976e-05,0.000366917539624,0.000166042076284,4.03012617899e-06,0.0048169964717
767,0.000374008472907,1.43390885491e-05,0.000365107419195,0.000165465376142,4.04017519153e-06,0.00480851653792
768,0.00037084835745,1.42767162454e-05,0.000363037032852,0.000164834340647,4.05127994084e-06,0.00479757085508
769,0.000367823293376,1.42180277585e-05,0.000361169620715,0.000164136005765,4.06060721211e-06,0.0048025296572
770,0.000364251656137,1.41542416503e-05,0.000358734156584,0.000163402475611,4.06709319521e-06,0.00479869614507
771,0.000360299099203,1.40875028378e-05,0.000356146708304,0.000162628133027,4.071811098e-06,0.0047823469882
772,0.000355999829055,1.40058912632e-05,0.000353318045022,0.000161810158792,4.07712327986e-06,0.00476856063696
773,0.000351332264204,1.39293222288e-05,0.000350280834581,0.000160955789323,4.08006011384e-06,0.00476639470537
774,0.000346596017542,1.38486343491e-05,0.000347058017026,0.000160045630253,4.08155799307e-06,0.00476843896085
775,0.000341486683459,1.37783896618e-05,0.000344109257489,0.000159095524975,4.08559714064e-06,0.00476612556288
776,0.000336599585947,1.37020670144e-05,0.000340802740789,0.000158096261326,4.087113188e-06,0.00475947454811
777,0.000331921745264,1.36242783709e-05,0.000337336172573,0.000157073580058,4.08642301834e-06,0.00474298760471
778,0.000327126447655,1.35384968692e-05,0.000333622136813,0.000156070915441,4.08557588137e-06,0.00472701692132
779,0.000322771782955,1.34587178247e-05,0.000330163267268,0.000155039986982,4.0819700918e-06,0.00470802503416
780,0.000318485879703,1.33792590998e-05,0.000326660176349,0.00015397633628,4.0807130295e-06,0.00468325826145
781,0.000314377873937,1.33039817114e-05,0.000323510737118,0.000152888378456,4.07452079259e-06,0.0046727648241
782,0.000310165116467,1.32210096192e-05,0.000320110578579,0.000151795897624,4.07112339754e-06,0.00466605641331
783,0.000305815525958,1.31387896166e-05,0.000317015437236,0.000150706026914,4.06638961274e-06,0.00465259441611
784,0.000301657138308,1.30574740108e-05,0.000313986427715,0.000149614415777,4.05929391805e-06,0.00462791317093
785,0.000297738075164,1.29862376962e-05,0.00031138661695,0.000148516943587,4.05209380966e-06,0.00461199154311
786,0.000293999782824,1.29079714637e-05,0.000308875729038,0.000147426037723,4.04432316205e-06,0.00459962606334
787,0.000291035052059,1.28401854476e-05,0.000306738914536,0.000146375065917,4.03834123871e-06,0.00458944394688
788,0.000288571694806,1.27652852934e-05,0.000304791953291,0.000145323856353,4.03013692958e-06,0.00457377110132
789,0.000286509133292,1.2699277314e-05,0.000303160507184,0.000144280373033,4.01959318729e-06,0.00455574135182
790,0.000284331840727,1.26429202927e-05,0.000301598781458,0.000143234360737,4.01076326913e-06,0.00454186506354
791,0.000282621025655,1.25925289648e-05,0.000300403801088,0.000142202313869,4.00467142997e-06,0.00452081975898
792,0.000280948992265,1.2544912024e-05,0.000299688188344,0.000141180738713,3.99897892457e-06,0.00450125593546
793,0.000279594531316,1.2500670696e-05,0.000299302359429,0.000140155665012,3.99387564562e-06,0.00449652499856
794,0.000278608590662,1.24506787034e-05,0.000299294968677,0.000139149247347,3.98777005356e-06,0.00449286137163
795,0.000278015469784,1.24135787766e-05,0.000299316461075,0.00013818388202,3.97852221528e-06,0.00448416330691
796,0.000277548783538,1.23702738785e-05,0.000299874051413,0.000137259472575,3.96794468667e-06,0.00448051627846
797,0.000277583010995,1.23356285119e-05,0.000300867037359,0.000136362163784,3.95914381262e-06,0.00447992201776
798,0.00027767760982,1.23044546971e-05,0.000302170425428,0.000135488599058,3.95028875116e-06,0.00448690173029
799,0.000278418552183,1.22798626173e-05,0.000304355547666,0.000134638247509,3.94064388573e-06,0.00450319291935
800,0.000279364030012,1.22466526516e-05,0.000306933239502,0.000133854694094,3.93412184115e-06,0.00451306939898
801,0.000280405936888,1.22065361403e-05,0.000309730364053,0.000133093748377,3.92768427715e-06,0.00452747777446
802,0.000281031136808,1.21617890286e-05,0.000312639395776,0.000132365022825,3.91864167994e-06,0.00455751087945
803,0.000281605368161,1.21110548463e-05,0.000315485959217,0.000131643863009,3.90880727813e-06,0.00458760907453
804,0.000281955180823,1.20510507504e-05,0.000318484904583,0.000130945219371,3.90057495329e-06,0.00460609935911
805,0.000282388143016,1.19951981501e-05,0.000321650237542,0.000130282583065,3.88914838177e-06,0.00462464778744
806,0.000282708119048,1.19404844519e-05,0.000324766308005,0.000129676648647,3.88038505732e-06,0.00466349449527
807,0.000282688463902,1.18943480494e-05,0.000327665235501,0.000129087285749,3.8699814117e-06,0.00470213446612
808,0.000282609685278,1.18419855004e-05,0.000330262328307,0.000128544483399,3.85964377421e-06,0.00472878400848
809,0.000282592290183,1.17892719802e-05,0.000332782158893,0.000128014094179,3.84632873111e-06,0.00474298911457
810,0.00028230502568,1.17204104571e-05,0.000334971745309,0.000127511518666,3.83271569506e-06,0.00475648660254
811,0.000281646707025,1.16674403453e-05,0.000337029870057,0.000126992531657,3.81902549652e-06,0.0047578293908
812,0.000280754140987,1.16050608087e-05,0.000338673819367,0.000126490474118,3.80891094195e-06,0.00475913757325
813,0.000279540783202,1.15492965442e-05,0.000339779092245,0.000125978261719,3.79404551139e-06,0.00476778620973
814,0.00027815226618,1.14832840771e-05,0.000340644269068,0.000125419010376,3.77897293489e-06,0.00477054361033
815,0.000276713086186,1.14206610726e-05,0.000341754027164,0.000124863826802,3.76486410483e-06,0.00478113080484
816,0.00027515010608,1.13612653367e-05,0.000342517909003,0.000124305139482,3.7518183457e-06,0.00478295671207
817,0.000273333522951,1.12945593185e-05,0.000342716415935,0.000123740418586,3.7361737007e-06,0.00475807537869
818,0.000270946414954,1.12198796297e-05,0.000342044912675,0.000123170199266,3.71984189035e-06,0.00472591496749
819,0.000268299141911,1.11550388425e-05,0.000341333691303,0.000122562127286,3.70382491829e-06,0.00470149670165
820,0.000265993655781,1.10846765773e-05,0.000340159738851,0.000121921356023,3.6861447088e-06,0.00468269765271
821,0.000263531124989,1.10122044395e-05,0.000338882784135,0.000121251628533,3.66694014984e-06,0.00466696098354
822,0.000261048711474,1.09199101149e-05,0.000337531793492,0.000120557875402,3.65090674708e-06,0.00463554154839
823,0.000258580795032,1.08369321044e-05,0.000336197135682,0.000119835523953,3.63221882892e-06,0.00459052828167
824,0.00025580271115,1.07431166451e-05,0.000334856169316,0.000119072389524,3.61263613693e-06,0.004542631153
825,0.000253446535493,1.06608937638e-05,0.000333159479032,0.000118294942188,3.59253918007e-06,0.00449581500484
826,0.000250960499652,1.05639088445e-05,0.000330914162264,0.000117512864444,3.57501795833e-06,0.0044465814494
827,0.000248521398025,1.04685132465e-05,0.000328535252104,0.000116714780145,3.55776481519e-06,0.00439033942985
828,0.000245560815328,1.03701510795e-05,0.000325835798463,0.000115923964789,3.53750211641e-06,0.00434096547593
829,0.000242392084717,1.0261165959e-05,0.000323024896609,0.000115111316149,3.51397967963e-06,0.0042953127467
830,0.000239232981269,1.01450940165e-05,0.000320347069404,0.000114287729756,3.49028053761e-06,0.0042474136215
831,0.000236346136457,1.00404556179e-05,0.00031794516941,0.000113459660388,3.46727764202e-06,0.0041977267498
832,0.000233681763394,9.94339820993e-06,0.000315364676448,0.000112628009642,3.4402352093e-06,0.00414811255956
833,0.000230999329438,9.84634448034e-06,0.000312578633416,0.000111797549965,3.41532456714e-06,0.0040951598841
834,0.00022815439255,9.74402462679e-06,0.000309485612264,0.00011096242784,3.39479793237e-06,0.00403737470703
835,0.000225567595287,9.65023180291e-06,0.000306784455483,0.000110114084167,3.37451985315e-06,0.0039826927193
836,0.000222887739917,9.55451304274e-06,0.000304143675703,0.000109255196179,3.35677751737e-06,0.00393976097361
837,0.000220781782721,9.46737136881e-06,0.000301980971827,0.00010840047493,3.33734749205e-06,0.00390367841083
838,0.000218685901889,9.38067518029e-06,0.000299960889932,0.000107537978803,3.31886369931e-06,0.00387401728844
839,0.000216795265565,9.30623988217e-06,0.000298148999684,0.000106683618201,3.29869155471e-06,0.00383413479047
840,0.000214847263066,9.23124841382e-06,0.00029636857829,0.000105842784739,3.27973221754e-06,0.00379887325531
841,0.000213109730906,9.16350434831e-06,0.000294827397096,0.00010500154977,3.26154063411e-06,0.00376121423412
842,0.000211368181478,9.09776509132e-06,0.000293076140866,0.000104165267061,3.24495387968e-06,0.0037206000804
843,0.000209950894899,9.03879480723e-06,0.000291581244575,0.000103342420797,3.22857104951e-06,0.00368991281449
844,0.000208518496154,8.98562417935e-06,0.00029032942447,0.000102530218696,3.21081636051e-06,0.00366913273925
845,0.000207109356621,8.93370116241e-06,0.000289408468642,0.000101738413515,3.19137834711e-06,0.00365609538813
846,0.000205431512853,8.88519549194e-06,0.000288186586373,0.000100956053642,3.17509474838e-06,0.00364047774897
847,0.000203881768356,8.83580772628e-06,0.00028712730689,0.000100180401177,3.15764323545e-06,0.00360446824778
848,0.000202619309551,8.77785900956e-06,0.000286230659147,9.94133648715e-05,3.13731843124e-06,0.00357263574112
849,0.000201512966333,8.717898894e-06,0.000285426754448,9.8657233012e-05,3.11978265326e-06,0.00355531731005
850,0.000200435219041,8.65751983977e-06,0.000284628833511,9.79120425905e-05,3.10168132369e-06,0.00354113986675
851,0.000199281422095,8.60563170602e-06,0.000283907375171,9.71677698224e-05,3.07996262424e-06,0.00352754100604
852,0.000198005178742,8.54901553636e-06,0.000283012010778,9.64384432619e-05,3.05722555322e-06,0.00351957119058
853,0.000196866376696,8.50308867885e-06,0.000282043489715,9.57254174904e-05,3.03745549363e-06,0.00351192106047
854,0.000195686390379,8.45100719005e-06,0.000280794666213,9.5032783499e-05,3.01620314387e-06,0.00350014047761
855,0.000194435623148,8.40433201259e-06,0.000279639140781,9.43538711247e-05,2.9973979426e-06,0.0034903882779
856,0.000193238349101,8.34859316118e-06,0.000278232093477,9.36820990935e-05,2.97692553533e-06,0.00347291761259
857,0.000192402129472,8.29745076251e-06,0.000277082779861,9.30069896259e-05,2.95650000297e-06,0.0034663475065
858,0.000191353376764,8.24682962975e-06,0.000275706864037,9.23419728856e-05,2.93637313503e-06,0.00346233719785
859,0.000190130370443,8.20367727316e-06,0.000274076606651,9.16841070196e-05,2.9189999252e-06,0.00344771548991
860,0.000188905653942,8.16135890491e-06,0.000272010976401,9.10343489416e-05,2.89983395661e-06,0.00344230022714
861,0.000187615049856,8.12624002144e-06,0.000269844631021,9.03875983877e-05,2.88315054309e-06,0.0034478354692
862,0.000186323936232,8.08128343535e-06,0.000267578640133,8.97365931884e-05,2.86692651247e-06,0.00344920801241
863,0.000185116995857,8.04602128802e-06,0.000265687007178,8.90821207249e-05,2.84863034985e-06,0.0034421251585
864,0.000184051677169,8.00051456574e-06,0.000263754210444,8.84239663063e-05,2.83165462762e-06,0.00343985099025
865,0.000183007909942,7.96030612461e-06,0.000261923636252,8.77633447308e-05,2.81604209301e-06,0.00343304653599
866,0.000181852293779,7.91783872677e-06,0.000259840979676,8.71000541722e-05,2.80479478788e-06,0.00342319087228
867,0.00018080261685,7.8917496516e-06,0.000258022045943,8.6439361153e-05,2.79534138333e-06,0.00341495005866
868,0.000179864435299,7.8552021564e-06,0.000256207764065,8.57778142816e-05,2.78632262342e-06,0.00340600936588
869,0.00017917250186,7.8275598369e-06,0.000254703376472,8.51098765666e-05,2.77471175133e-06,0.00340601649456
870,0.000178393087907,7.78909797946e-06,0.000253285650075,8.44389112158e-05,2.76385765439e-06,0.00341150752023
871,0.000177645435336,7.7589300431e-06,0.000252134227753,8.37676287799e-05,2.75205469537e-06,0.00342170212094
872,0.000176960011024,7.72884752313e-06,0.000251110517824,8.30962494622e-05,2.73740217315e-06,0.00342998285142
873,0.000176358007254,7.69709149772e-06,0.000250109702495,8.24209754883e-05,2.72485805468e-06,0.00343567239966
874,0.000175629485119,7.66519361794e-06,0.000248939007901,8.17509265249e-05,2.7125505228e-06,0.00342691994352
875,0.000174874277898,7.63840489607e-06,0.000247990867109,8.1081277819e-05,2.70087298437e-06,0.00342834416158
876,0.000174385887838,7.61139624251e-06,0.000247211711999,8.04164969916e-05,2.69107958989e-06,0.00341688599514
877,0.000173948176752,7.58826039881e-06,0.000246646251251,7.97508651552e-05,2.68044712862e-06,0.00340487560044
878,0.000173441413244,7.55710597136e-06,0.00024619394373,7.90784556258e-05,2.66723218767e-06,0.00340426079576
879,0.000173080576619,7.53723209551e-06,0.000245857535007,7.84111189931e-05,2.65410514396e-06,0.00341052363505
880,0.000172783059654,7.50666650209e-06,0.000245737903988,7.77508705934e-05,2.64296409415e-06,0.00341597405457
881,0.000172750739062,7.48227619198e-06,0.000245869355233,7.70936580692e-05,2.63225616855e-06,0.00341577962337
882,0.000172772219606,7.45136082197e-06,0.000246148942861,7.64509153188e-05,2.62041233329e-06,0.00341124449359
883,0.000173044879096,7.43261861527e-06,0.000246352260343,7.58174067513e-05,2.60888984719e-06,0.00340790735581
884,0.000173350575169,7.41295901859e-06,0.000246603798887,7.52021443868e-05,2.59665158811e-06,0.0034121709147
885,0.000173802604232,7.40173267145e-06,0.000246993639234,7.4597693287e-05,2.58726031509e-06,0.00341321839625
886,0.000174370169421,7.38594842071e-06,0.000247566685619,7.40097662805e-05,2.57719250718e-06,0.00342419276178
887,0.000174857219207,7.37843628247e-06,0.000248196282064,7.34333654395e-05,2.57059234213e-06,0.00343216882903
888,0.000175268175512,7.36354345901e-06,0.000248733324567,7.28687724682e-05,2.56412524665e-06,0.00344048356321
889,0.000175833057518,7.35775903251e-06,0.000249290502725,7.23126022784e-05,2.55938927337e-06,0.00344712205165
890,0.000176222147067,7.34620836893e-06,0.000249712221078,7.17598804401e-05,2.55306676524e-06,0.00344861025148
891,0.000176636481606,7.34773773713e-06,0.000250354364172,7.12125457064e-05,2.54889635759e-06,0.00345189455598
892,0.00017695055462,7.3473627649e-06,0.000250947509615,7.06775602871e-05,2.5430702142e-06,0.0034499799769
893,0.000177458789738,7.35914038163e-06,0.000251485253091,7.01473327938e-05,2.53680950508e-06,0.00344544474447
894,0.000177859042942,7.36723454296e-06,0.000252085429265,6.96271008013e-05,2.53200830779e-06,0.00344375451469
895,0.000178296718076,7.38525024155e-06,0.000252460322253,6.91140395607e-05,2.5259134636e-06,0.00344074753809
896,0.000178554999768,7.40177878596e-06,0.000252510630421,6.86156804223e-05,2.52059052418e-06,0.00344697410765
897,0.000179017467678,7.42558267837e-06,0.000252689994262,6.81268020639e-05,2.51332030408e-06,0.00344254586858
898,0.000179290956816,7.44152422683e-06,0.000252672745678,6.76522576471e-05,2.50783355134e-06,0.00343395124469
899,0.000179494073906,7.46555333898e-06,0.00025254295367,6.72025562293e-05,2.50318691544e-06,0.00341154349678
900,0.000179730987596,7.47964269831e-06,0.000252441542824,6.6773402508e-05,2.49858503704e-06,0.00338652240072
901,0.000180010126231,7.50282996413e-06,0.000252208845409,6.63643463457e-05,2.49435085847e-06,0.00335886617313
902,0.000180053664425,7.5086398237e-06,0.000251767261847,6.59746917679e-05,2.48796363402e-06,0.00333072203703
903,0.000180249047879,7.52523238797e-06,0.000251380020053,6.56099851399e-05,2.4823578192e-06,0.00331135438421
904,0.000180338222328,7.53862737097e-06,0.00025098623463,6.5273879404e-05,2.47469287122e-06,0.00328558560934
905,0.000180551206365,7.5618088568e-06,0.000250694388198,6.49574544219e-05,2.46819013539e-06,0.00326244236891
906,0.000180515561411,7.57668950591e-06,0.000250363304801,6.46524628042e-05,2.46278793075e-06,0.00325828095554
907,0.000180527767614,7.59392641018e-06,0.000249997033767,6.43591260434e-05,2.45919277196e-06,0.00325057655018
908,0.00018056953718,7.59979134186e-06,0.000249647182725,6.40718929541e-05,2.45429739311e-06,0.00322412977058
909,0.000180712259462,7.6047786966e-06,0.000249502507072,6.37957978403e-05,2.44865574727e-06,0.00320359626334
910,0.000180634716362,7.59727861972e-06,0.000249518534069,6.35374420206e-05,2.44269634407e-06,0.00319305861971
911,0.000180400027883,7.59059580916e-06,0.000249616181489,6.32976363841e-05,2.44069440248e-06,0.00318451204959
912,0.00018001494672,7.58239959292e-06,0.000249871991886,6.30684122229e-05,2.43679402793e-06,0.00316946898253
913,0.000179581467154,7.57633354816e-06,0.000250099484876,6.28465645664e-05,2.43272748051e-06,0.00314767607197
914,0.000179059788545,7.55616533555e-06,0.000250174440288,6.26304826627e-05,2.42746818949e-06,0.00313025867158
915,0.000178464614124,7.5376573582e-06,0.000250421574674,6.24247562276e-05,2.42362976417e-06,0.00310992010106
916,0.000177771004846,7.51018475914e-06,0.000250493049876,6.22240455458e-05,2.41811465415e-06,0.00309153975873
917,0.000177033248344,7.48930784738e-06,0.000250703257197,6.20259109948e-05,2.40969817009e-06,0.0030772174712
918,0.000176143437502,7.45471447007e-06,0.000250646179519,6.18318508386e-05,2.40226862288e-06,0.00306828653817
919,0.000175303044082,7.42487644837e-06,0.000250739566957,6.1636444012e-05,2.3947342747e-06,0.00306367374601
920,0.000174245400062,7.38866628816e-06,0.000250754095149,6.14445302589e-05,2.38666487151e-06,0.00305241445971
921,0.000173202767793,7.36130407285e-06,0.000250827996053,6.12592018501e-05,2.37873824143e-06,0.00303737134313
922,0.000172003449204,7.31910810551e-06,0.000250917511093,6.10729826451e-05,2.37030147569e-06,0.00302785579761
923,0.000170723588553,7.28473598271e-06,0.000250954442543,6.08895933558e-05,2.36225106538e-06,0.00302236985345
924,0.000169457062895,7.23895901128e-06,0.000250905155081,6.0709485725e-05,2.35366642495e-06,0.00301125973307
925,0.000168332879505,7.19829039025e-06,0.000250978167596,6.05244956457e-05,2.34445785213e-06,0.00299122250342
926,0.000167158978488,7.14660564618e-06,0.000250793346137,6.03365256903e-05,2.33431517732e-06,0.00296617948007
927,0.000166126828761,7.11033823566e-06,0.000250704299541,6.0148163e-05,2.32644844982e-06,0.00295282804816
928,0.000165133306517,7.06978086864e-06,0.000250560360515,5.99615861874e-05,2.31901238142e-06,0.00294942794051
929,0.000164370762911,7.03730495717e-06,0.000250670121818,5.9774164422e-05,2.31119476884e-06,0.00294582398742
930,0.000163428479517,6.99121000739e-06,0.000250735236927,5.95817944411e-05,2.30379094914e-06,0.00293952382173
931,0.000162570806091,6.95268086555e-06,0.000251041656311,5.9382158985e-05,2.29673547116e-06,0.00292820571967
932,0.000161797863656,6.91068438755e-06,0.0002511086011,5.91796598204e-05,2.28780043987e-06,0.00292354667005
933,0.000161243986627,6.87570697277e-06,0.000251264723517,5.89769115669e-05,2.27911197518e-06,0.00292185260171
934,0.000160316706714,6.83750120195e-06,0.000251114889569,5.87728776388e-05,2.2703966971e-06,0.00292244868153
935,0.000159566528144,6.81429578262e-06,0.000251245189366,5.85659412135e-05,2.26235545891e-06,0.00292136290446
936,0.000158813690166,6.78552806511e-06,0.000251253920117,5.83531527412e-05,2.25429111883e-06,0.00292528177953
937,0.000158374248257,6.76311513661e-06,0.00025145901335,5.81375564662e-05,2.24697827146e-06,0.00293693207895
938,0.000157728787123,6.73346697782e-06,0.000251323131106,5.79133382727e-05,2.23956180442e-06,0.00294240875249
939,0.000157171037597,6.71451199425e-06,0.000251423046668,5.76839056288e-05,2.23212409862e-06,0.00295136371334
940,0.000156485666981,6.68514135488e-06,0.000251192357853,5.74412542072e-05,2.22516608106e-06,0.00295421085136
941,0.000155897901714,6.65654767065e-06,0.000251175449105,5.71877573731e-05,2.21772711545e-06,0.00296083783237
942,0.000155131934474,6.61540583494e-06,0.000250763511727,5.69257412079e-05,2.21198202667e-06,0.00295906641
943,0.000154473671179,6.58465730776e-06,0.00025075984925,5.66613428344e-05,2.20624770812e-06,0.00295719868628
944,0.00015359476716,6.54699183801e-06,0.000250576610006,5.63937346773e-05,2.19944575354e-06,0.00295688284149
945,0.000152774000723,6.51464601357e-06,0.000250580966043,5.61206005682e-05,2.19248101432e-06,0.00295950174336
946,0.000151729502102,6.4682979132e-06,0.000250293434571,5.58355558895e-05,2.18734414577e-06,0.0029725537935
947,0.000150808580949,6.43206981685e-06,0.000250272560084,5.55446245795e-05,2.18278908261e-06,0.00299129092069
948,0.000149700546293,6.38702624616e-06,0.000250101190652,5.52415995532e-05,2.17830288377e-06,0.00300009944511
949,0.00014872779658,6.34537785699e-06,0.000250133086465,5.49350959116e-05,2.17489195333e-06,0.00300441728944
950,0.000147457388003,6.28898463624e-06,0.000249922823975,5.46206471522e-05,2.17151142166e-06,0.00300271140548
951,0.000146324218072,6.25142373585e-06,0.000249868305708,5.4301452415e-05,2.16894511624e-06,0.00299764918687
952,0.000145091818826,6.20994686756e-06,0.000249534353376,5.39832628322e-05,2.16648807608e-06,0.00298389368419
953,0.000144172443153,6.17769992866e-06,0.000249316931984,5.36699038011e-05,2.16481722477e-06,0.0029760679043
954,0.000143021819129,6.130701356e-06,0.000248838572112,5.33595160306e-05,2.16393648417e-06,0.00297341472019
955,0.000142117892747,6.09655075897e-06,0.000248673922443,5.305600545e-05,2.16185432245e-06,0.00296836463607
956,0.000141173548326,6.05865993639e-06,0.000248212084008,5.27480052772e-05,2.15970332189e-06,0.00295610996915
957,0.000140572188832,6.02941110582e-06,0.00024781294798,5.24432916984e-05,2.15713761755e-06,0.00294338608816
958,0.000139728693876,5.98893183152e-06,0.000247166507418,5.21521429882e-05,2.15379645549e-06,0.0029280095569
959,0.000139165095535,5.96208228741e-06,0.000246629597222,5.1863155475e-05,2.14992743361e-06,0.00291228043468
960,0.000138498625186,5.93291028575e-06,0.000245702989264,5.15722081858e-05,2.14571571373e-06,0.00289183892043
961,0.000138158970005,5.91699470422e-06,0.000245018253057,5.12771171477e-05,2.14318869914e-06,0.00288173682333
962,0.000137646043129,5.89457434257e-06,0.000243972199693,5.0975292838e-05,2.13979997679e-06,0.00288216316762
963,0.000137392873848,5.88285021551e-06,0.00024314997086,5.06814059511e-05,2.1377805896e-06,0.00288384857398
964,0.000136946587827,5.86824311702e-06,0.000242118156306,5.03920015839e-05,2.13348274141e-06,0.00288839669355
965,0.000136650012592,5.86208948598e-06,0.000241240642722,5.01122789058e-05,2.12945768059e-06,0.0028915558385
966,0.000136204231137,5.84708610006e-06,0.000240130470416,4.98378930591e-05,2.12561912586e-06,0.00288403136054
967,0.000135856589686,5.8387484898e-06,0.000239375726053,4.95720859759e-05,2.12023749246e-06,0.00287858812239
968,0.000135532305107,5.82765455536e-06,0.000238436136392,4.93019889928e-05,2.11375651675e-06,0.00287786446191
969,0.000135496278052,5.82732216415e-06,0.000237710322938,4.90323592366e-05,2.10559021148e-06,0.00288405329055
970,0.000135356700589,5.82001271913e-06,0.000236601661247,4.87665803371e-05,2.09948588008e-06,0.00289341173885
971,0.00013532433831,5.82430162054e-06,0.000235781578962,4.85052499229e-05,2.09240646012e-06,0.00289853770769
972,0.000135263867847,5.82540986048e-06,0.000234795882006,4.82469262545e-05,2.0861816256e-06,0.00289800159287
973,0.000135243376868,5.83385101406e-06,0.000234120844082,4.79909276215e-05,2.0778734897e-06,0.00289768166995
974,0.000135109080891,5.83186727355e-06,0.000233386260583,4.77320964732e-05,2.06933165767e-06,0.00289500100377
975,0.000134976460656,5.83409542441e-06,0.000232943944373,4.74798264036e-05,2.06024149597e-06,0.00290119685219
976,0.000134835343923,5.83278589108e-06,0.000232206392646,4.72283419432e-05,2.05087813409e-06,0.00290616513237
977,0.0001348739723,5.84025653172e-06,0.000231745635463,4.69797491887e-05,2.04175016511e-06,0.00291083158569
978,0.000134849176328,5.84337037842e-06,0.00023103644071,4.67324179882e-05,2.03356483141e-06,0.00290566028467
979,0.000134898730624,5.85406301488e-06,0.000230528632754,4.6488469933e-05,2.02642191964e-06,0.00290006440799
980,0.00013491336685,5.86198111618e-06,0.000229801194971,4.624420437e-05,2.0188781707e-06,0.00290643107177
981,0.000135049339875,5.87225095066e-06,0.000229397961631,4.59981253488e-05,2.01081901315e-06,0.00291235812831
982,0.000135157263157,5.87790148496e-06,0.000228839419338,4.57487877243e-05,2.00157287707e-06,0.00291205775283
983,0.000135473037115,5.8946746648e-06,0.000228705146792,4.55041643352e-05,1.99367163045e-06,0.0029135386294
984,0.000135815239771,5.91036358307e-06,0.000228659134172,4.52608368948e-05,1.98455496329e-06,0.00292019463087
985,0.000136351886665,5.92672164855e-06,0.000228742946269,4.50165833426e-05,1.97591774825e-06,0.00293026451292
986,0.000136825048226,5.93948189901e-06,0.000228602405564,4.4772854469e-05,1.96704301541e-06,0.00293166136408
987,0.000137360241413,5.96000687217e-06,0.000228662119091,4.45306927677e-05,1.95773530991e-06,0.00294489369396
988,0.000137963325455,5.98022964003e-06,0.000228630246808,4.42924174218e-05,1.95020067589e-06,0.00295659239369
989,0.000138745758701,6.01031218254e-06,0.000228879435336,4.40559178437e-05,1.94343374121e-06,0.00296554980609
990,0.000139482288052,6.03302097974e-06,0.000228978621486,4.38259165933e-05,1.93570101703e-06,0.00297874752681
991,0.000140400640833,6.06292088082e-06,0.000229335556472,4.36011314715e-05,1.92780094466e-06,0.00300141429812
992,0.000141244515335,6.08333227868e-06,0.000229478072898,4.33814855943e-05,1.91958079079e-06,0.00301043572648
993,0.000142062427176,6.10684581802e-06,0.000229621223634,4.31670895511e-05,1.9126133359e-06,0.00301398426583
994,0.00014281584476,6.12103965246e-06,0.000229302748119,4.29562369011e-05,1.90466499022e-06,0.00301594363318
995,0.000143544120792,6.139736409e-06,0.000229029044631,4.27508863168e-05,1.89763612163e-06,0.00303674750353
996,0.000144109564697,6.14993369697e-06,0.000228684861604,4.2550810203e-05,1.8895708474e-06,0.00304595907647
997,0.000144709289004,6.16122880554e-06,0.000228335775659,4.23509773193e-05,1.88434196931e-06,0.00305225742734
998,0.000145169341013,6.16304533739e-06,0.00022782495887,4.21468705355e-05,1.87756571293e-06,0.00306309053407
999,0.000145441284058,6.17238372107e-06,0.000227547900535,4.19495474592e-05,1.87273509192e-06,0.003064395239
1000,0.000145505293976,6.17124661832e-06,0.000227040040245,4.17543922819e-05,1.86723484432e-06,0.00305569637815
